================================================================
[17:27:57] Attention(R1/R2) + LDL 골연령 - v10 (전처리 없음 / raw crop_data) 시작
[17:27:57] PyTorch 2.6.0+cu124 | torchvision 0.21.0+cu124 | timm 1.0.28
[17:27:57] device cuda | CUDA True
[GPU-GUARD] 작업이 대기열에 등록되었습니다.
- 내 티켓 번호: 140번
- 현재 상태: 대기중
- 작업 종류: 추론
- 내 앞 대기 작업: 0개
- 현재 내 순번: 1번째
- 예상 시작 시각: 2026-08-07 17:32:58
- 제출 시각: 2026-08-07 17:27:58
- 명령어: attention_ldl_boneage_v10_raw.py

[GPU-GUARD] 아직 대기 중입니다. 상태를 갱신합니다.
- 내 티켓 번호: 140번
- 현재 상태: 대기중
- 작업 종류: 추론
- 내 앞 대기 작업: 0개
- 현재 내 순번: 1번째
- 예상 시작 시각: 2026-08-07 17:33:29
- 명령어: attention_ldl_boneage_v10_raw.py

[GPU-GUARD] 아직 대기 중입니다. 상태를 갱신합니다.
- 내 티켓 번호: 140번
- 현재 상태: 대기중
- 작업 종류: 추론
- 내 앞 대기 작업: 0개
- 현재 내 순번: 1번째
- 예상 시작 시각: 2026-08-07 17:34:00
- 명령어: attention_ldl_boneage_v10_raw.py

[GPU-GUARD] 아직 대기 중입니다. 상태를 갱신합니다.
- 내 티켓 번호: 140번
- 현재 상태: 대기중
- 작업 종류: 추론
- 내 앞 대기 작업: 0개
- 현재 내 순번: 1번째
- 예상 시작 시각: 2026-08-07 17:34:31
- 명령어: attention_ldl_boneage_v10_raw.py

[GPU-GUARD] 아직 대기 중입니다. 상태를 갱신합니다.
- 내 티켓 번호: 140번
- 현재 상태: 대기중
- 작업 종류: 추론
- 내 앞 대기 작업: 0개
- 현재 내 순번: 1번째
- 예상 시작 시각: 2026-08-07 17:35:03
- 명령어: attention_ldl_boneage_v10_raw.py

[GPU-GUARD] 아직 대기 중입니다. 상태를 갱신합니다.
- 내 티켓 번호: 140번
- 현재 상태: 대기중
- 작업 종류: 추론
- 내 앞 대기 작업: 0개
- 현재 내 순번: 1번째
- 예상 시작 시각: 2026-08-07 17:35:34
- 명령어: attention_ldl_boneage_v10_raw.py

[GPU-GUARD] 아직 대기 중입니다. 상태를 갱신합니다.
- 내 티켓 번호: 140번
- 현재 상태: 대기중
- 작업 종류: 추론
- 내 앞 대기 작업: 0개
- 현재 내 순번: 1번째
- 예상 시작 시각: 2026-08-07 17:36:05
- 명령어: attention_ldl_boneage_v10_raw.py

[GPU-GUARD] 아직 대기 중입니다. 상태를 갱신합니다.
- 내 티켓 번호: 140번
- 현재 상태: 대기중
- 작업 종류: 추론
- 내 앞 대기 작업: 0개
- 현재 내 순번: 1번째
- 예상 시작 시각: 2026-08-07 17:36:36
- 명령어: attention_ldl_boneage_v10_raw.py

[GPU-GUARD] 아직 대기 중입니다. 상태를 갱신합니다.
- 내 티켓 번호: 140번
- 현재 상태: 대기중
- 작업 종류: 추론
- 내 앞 대기 작업: 0개
- 현재 내 순번: 1번째
- 예상 시작 시각: 2026-08-07 17:37:07
- 명령어: attention_ldl_boneage_v10_raw.py

[GPU-GUARD] 아직 대기 중입니다. 상태를 갱신합니다.
- 내 티켓 번호: 140번
- 현재 상태: 대기중
- 작업 종류: 추론
- 내 앞 대기 작업: 0개
- 현재 내 순번: 1번째
- 예상 시작 시각: 2026-08-07 17:37:39
- 명령어: attention_ldl_boneage_v10_raw.py

[GPU-GUARD] 아직 대기 중입니다. 상태를 갱신합니다.
- 내 티켓 번호: 140번
- 현재 상태: 대기중
- 작업 종류: 추론
- 내 앞 대기 작업: 0개
- 현재 내 순번: 1번째
- 예상 시작 시각: 2026-08-07 17:38:10
- 명령어: attention_ldl_boneage_v10_raw.py

[GPU-GUARD] 아직 대기 중입니다. 상태를 갱신합니다.
- 내 티켓 번호: 140번
- 현재 상태: 대기중
- 작업 종류: 추론
- 내 앞 대기 작업: 0개
- 현재 내 순번: 1번째
- 예상 시작 시각: 2026-08-07 17:38:41
- 명령어: attention_ldl_boneage_v10_raw.py

[GPU-GUARD] 아직 대기 중입니다. 상태를 갱신합니다.
- 내 티켓 번호: 140번
- 현재 상태: 대기중
- 작업 종류: 추론
- 내 앞 대기 작업: 0개
- 현재 내 순번: 1번째
- 예상 시작 시각: 2026-08-07 17:39:12
- 명령어: attention_ldl_boneage_v10_raw.py

[GPU-GUARD] 아직 대기 중입니다. 상태를 갱신합니다.
- 내 티켓 번호: 140번
- 현재 상태: 대기중
- 작업 종류: 추론
- 내 앞 대기 작업: 0개
- 현재 내 순번: 1번째
- 예상 시작 시각: 2026-08-07 17:39:43
- 명령어: attention_ldl_boneage_v10_raw.py

[GPU-GUARD] 아직 대기 중입니다. 상태를 갱신합니다.
- 내 티켓 번호: 140번
- 현재 상태: 대기중
- 작업 종류: 추론
- 내 앞 대기 작업: 0개
- 현재 내 순번: 1번째
- 예상 시작 시각: 2026-08-07 17:40:15
- 명령어: attention_ldl_boneage_v10_raw.py

[GPU-GUARD] 아직 대기 중입니다. 상태를 갱신합니다.
- 내 티켓 번호: 140번
- 현재 상태: 대기중
- 작업 종류: 추론
- 내 앞 대기 작업: 0개
- 현재 내 순번: 1번째
- 예상 시작 시각: 2026-08-07 17:40:46
- 명령어: attention_ldl_boneage_v10_raw.py

[GPU-GUARD] 아직 대기 중입니다. 상태를 갱신합니다.
- 내 티켓 번호: 140번
- 현재 상태: 대기중
- 작업 종류: 추론
- 내 앞 대기 작업: 0개
- 현재 내 순번: 1번째
- 예상 시작 시각: 2026-08-07 17:41:17
- 명령어: attention_ldl_boneage_v10_raw.py

[GPU-GUARD] 아직 대기 중입니다. 상태를 갱신합니다.
- 내 티켓 번호: 140번
- 현재 상태: 대기중
- 작업 종류: 추론
- 내 앞 대기 작업: 0개
- 현재 내 순번: 1번째
- 예상 시작 시각: 2026-08-07 17:41:48
- 명령어: attention_ldl_boneage_v10_raw.py

[GPU-GUARD] 아직 대기 중입니다. 상태를 갱신합니다.
- 내 티켓 번호: 140번
- 현재 상태: 대기중
- 작업 종류: 추론
- 내 앞 대기 작업: 0개
- 현재 내 순번: 1번째
- 예상 시작 시각: 2026-08-07 17:42:19
- 명령어: attention_ldl_boneage_v10_raw.py

[GPU-GUARD] 아직 대기 중입니다. 상태를 갱신합니다.
- 내 티켓 번호: 140번
- 현재 상태: 대기중
- 작업 종류: 추론
- 내 앞 대기 작업: 0개
- 현재 내 순번: 1번째
- 예상 시작 시각: 2026-08-07 17:42:50
- 명령어: attention_ldl_boneage_v10_raw.py

[GPU-GUARD] 아직 대기 중입니다. 상태를 갱신합니다.
- 내 티켓 번호: 140번
- 현재 상태: 대기중
- 작업 종류: 추론
- 내 앞 대기 작업: 0개
- 현재 내 순번: 1번째
- 예상 시작 시각: 2026-08-07 17:43:21
- 명령어: attention_ldl_boneage_v10_raw.py

[GPU-GUARD] 아직 대기 중입니다. 상태를 갱신합니다.
- 내 티켓 번호: 140번
- 현재 상태: 대기중
- 작업 종류: 추론
- 내 앞 대기 작업: 0개
- 현재 내 순번: 1번째
- 예상 시작 시각: 2026-08-07 17:43:52
- 명령어: attention_ldl_boneage_v10_raw.py

[GPU-GUARD] 아직 대기 중입니다. 상태를 갱신합니다.
- 내 티켓 번호: 140번
- 현재 상태: 대기중
- 작업 종류: 추론
- 내 앞 대기 작업: 0개
- 현재 내 순번: 1번째
- 예상 시작 시각: 2026-08-07 17:44:24
- 명령어: attention_ldl_boneage_v10_raw.py

[GPU-GUARD] 아직 대기 중입니다. 상태를 갱신합니다.
- 내 티켓 번호: 140번
- 현재 상태: 대기중
- 작업 종류: 추론
- 내 앞 대기 작업: 0개
- 현재 내 순번: 1번째
- 예상 시작 시각: 2026-08-07 17:44:55
- 명령어: attention_ldl_boneage_v10_raw.py

[GPU-GUARD] 아직 대기 중입니다. 상태를 갱신합니다.
- 내 티켓 번호: 140번
- 현재 상태: 대기중
- 작업 종류: 추론
- 내 앞 대기 작업: 0개
- 현재 내 순번: 1번째
- 예상 시작 시각: 2026-08-07 17:45:26
- 명령어: attention_ldl_boneage_v10_raw.py

[GPU-GUARD] 아직 대기 중입니다. 상태를 갱신합니다.
- 내 티켓 번호: 140번
- 현재 상태: 대기중
- 작업 종류: 추론
- 내 앞 대기 작업: 0개
- 현재 내 순번: 1번째
- 예상 시작 시각: 2026-08-07 17:45:57
- 명령어: attention_ldl_boneage_v10_raw.py

[GPU-GUARD] 아직 대기 중입니다. 상태를 갱신합니다.
- 내 티켓 번호: 140번
- 현재 상태: 대기중
- 작업 종류: 추론
- 내 앞 대기 작업: 0개
- 현재 내 순번: 1번째
- 예상 시작 시각: 2026-08-07 17:46:28
- 명령어: attention_ldl_boneage_v10_raw.py

[GPU-GUARD] 아직 대기 중입니다. 상태를 갱신합니다.
- 내 티켓 번호: 140번
- 현재 상태: 대기중
- 작업 종류: 추론
- 내 앞 대기 작업: 0개
- 현재 내 순번: 1번째
- 예상 시작 시각: 2026-08-07 17:46:59
- 명령어: attention_ldl_boneage_v10_raw.py

[GPU-GUARD] 아직 대기 중입니다. 상태를 갱신합니다.
- 내 티켓 번호: 140번
- 현재 상태: 대기중
- 작업 종류: 추론
- 내 앞 대기 작업: 0개
- 현재 내 순번: 1번째
- 예상 시작 시각: 2026-08-07 17:47:31
- 명령어: attention_ldl_boneage_v10_raw.py

[GPU-GUARD] 아직 대기 중입니다. 상태를 갱신합니다.
- 내 티켓 번호: 140번
- 현재 상태: 대기중
- 작업 종류: 추론
- 내 앞 대기 작업: 0개
- 현재 내 순번: 1번째
- 예상 시작 시각: 2026-08-07 17:48:02
- 명령어: attention_ldl_boneage_v10_raw.py

[GPU-GUARD] 아직 대기 중입니다. 상태를 갱신합니다.
- 내 티켓 번호: 140번
- 현재 상태: 대기중
- 작업 종류: 추론
- 내 앞 대기 작업: 0개
- 현재 내 순번: 1번째
- 예상 시작 시각: 2026-08-07 17:48:33
- 명령어: attention_ldl_boneage_v10_raw.py

[GPU-GUARD] 아직 대기 중입니다. 상태를 갱신합니다.
- 내 티켓 번호: 140번
- 현재 상태: 대기중
- 작업 종류: 추론
- 내 앞 대기 작업: 0개
- 현재 내 순번: 1번째
- 예상 시작 시각: 2026-08-07 17:49:04
- 명령어: attention_ldl_boneage_v10_raw.py

[GPU-GUARD] 아직 대기 중입니다. 상태를 갱신합니다.
- 내 티켓 번호: 140번
- 현재 상태: 대기중
- 작업 종류: 추론
- 내 앞 대기 작업: 0개
- 현재 내 순번: 1번째
- 예상 시작 시각: 2026-08-07 17:49:35
- 명령어: attention_ldl_boneage_v10_raw.py

[GPU-GUARD] 아직 대기 중입니다. 상태를 갱신합니다.
- 내 티켓 번호: 140번
- 현재 상태: 대기중
- 작업 종류: 추론
- 내 앞 대기 작업: 0개
- 현재 내 순번: 1번째
- 예상 시작 시각: 2026-08-07 17:50:06
- 명령어: attention_ldl_boneage_v10_raw.py

[GPU-GUARD] 아직 대기 중입니다. 상태를 갱신합니다.
- 내 티켓 번호: 140번
- 현재 상태: 대기중
- 작업 종류: 추론
- 내 앞 대기 작업: 0개
- 현재 내 순번: 1번째
- 예상 시작 시각: 2026-08-07 17:50:37
- 명령어: attention_ldl_boneage_v10_raw.py

[GPU-GUARD] 아직 대기 중입니다. 상태를 갱신합니다.
- 내 티켓 번호: 140번
- 현재 상태: 대기중
- 작업 종류: 추론
- 내 앞 대기 작업: 0개
- 현재 내 순번: 1번째
- 예상 시작 시각: 2026-08-07 17:51:08
- 명령어: attention_ldl_boneage_v10_raw.py

[GPU-GUARD] 아직 대기 중입니다. 상태를 갱신합니다.
- 내 티켓 번호: 140번
- 현재 상태: 대기중
- 작업 종류: 추론
- 내 앞 대기 작업: 0개
- 현재 내 순번: 1번째
- 예상 시작 시각: 2026-08-07 17:51:39
- 명령어: attention_ldl_boneage_v10_raw.py

[GPU-GUARD] 아직 대기 중입니다. 상태를 갱신합니다.
- 내 티켓 번호: 140번
- 현재 상태: 대기중
- 작업 종류: 추론
- 내 앞 대기 작업: 0개
- 현재 내 순번: 1번째
- 예상 시작 시각: 2026-08-07 17:52:10
- 명령어: attention_ldl_boneage_v10_raw.py

[GPU-GUARD] 아직 대기 중입니다. 상태를 갱신합니다.
- 내 티켓 번호: 140번
- 현재 상태: 대기중
- 작업 종류: 추론
- 내 앞 대기 작업: 0개
- 현재 내 순번: 1번째
- 예상 시작 시각: 2026-08-07 17:52:42
- 명령어: attention_ldl_boneage_v10_raw.py

[GPU-GUARD] 아직 대기 중입니다. 상태를 갱신합니다.
- 내 티켓 번호: 140번
- 현재 상태: 대기중
- 작업 종류: 추론
- 내 앞 대기 작업: 0개
- 현재 내 순번: 1번째
- 예상 시작 시각: 2026-08-07 17:53:13
- 명령어: attention_ldl_boneage_v10_raw.py

[GPU-GUARD] 아직 대기 중입니다. 상태를 갱신합니다.
- 내 티켓 번호: 140번
- 현재 상태: 대기중
- 작업 종류: 추론
- 내 앞 대기 작업: 0개
- 현재 내 순번: 1번째
- 예상 시작 시각: 2026-08-07 17:53:44
- 명령어: attention_ldl_boneage_v10_raw.py

[GPU-GUARD] 아직 대기 중입니다. 상태를 갱신합니다.
- 내 티켓 번호: 140번
- 현재 상태: 대기중
- 작업 종류: 추론
- 내 앞 대기 작업: 0개
- 현재 내 순번: 1번째
- 예상 시작 시각: 2026-08-07 17:54:15
- 명령어: attention_ldl_boneage_v10_raw.py

[GPU-GUARD] 아직 대기 중입니다. 상태를 갱신합니다.
- 내 티켓 번호: 140번
- 현재 상태: 대기중
- 작업 종류: 추론
- 내 앞 대기 작업: 0개
- 현재 내 순번: 1번째
- 예상 시작 시각: 2026-08-07 17:54:46
- 명령어: attention_ldl_boneage_v10_raw.py

[GPU-GUARD] 아직 대기 중입니다. 상태를 갱신합니다.
- 내 티켓 번호: 140번
- 현재 상태: 대기중
- 작업 종류: 추론
- 내 앞 대기 작업: 0개
- 현재 내 순번: 1번째
- 예상 시작 시각: 2026-08-07 17:55:17
- 명령어: attention_ldl_boneage_v10_raw.py

[GPU-GUARD] 아직 대기 중입니다. 상태를 갱신합니다.
- 내 티켓 번호: 140번
- 현재 상태: 대기중
- 작업 종류: 추론
- 내 앞 대기 작업: 0개
- 현재 내 순번: 1번째
- 예상 시작 시각: 2026-08-07 17:55:49
- 명령어: attention_ldl_boneage_v10_raw.py

[GPU-GUARD] 아직 대기 중입니다. 상태를 갱신합니다.
- 내 티켓 번호: 140번
- 현재 상태: 대기중
- 작업 종류: 추론
- 내 앞 대기 작업: 0개
- 현재 내 순번: 1번째
- 예상 시작 시각: 2026-08-07 17:56:20
- 명령어: attention_ldl_boneage_v10_raw.py

[GPU-GUARD] 아직 대기 중입니다. 상태를 갱신합니다.
- 내 티켓 번호: 140번
- 현재 상태: 대기중
- 작업 종류: 추론
- 내 앞 대기 작업: 0개
- 현재 내 순번: 1번째
- 예상 시작 시각: 2026-08-07 17:56:51
- 명령어: attention_ldl_boneage_v10_raw.py

[GPU-GUARD] 아직 대기 중입니다. 상태를 갱신합니다.
- 내 티켓 번호: 140번
- 현재 상태: 대기중
- 작업 종류: 추론
- 내 앞 대기 작업: 0개
- 현재 내 순번: 1번째
- 예상 시작 시각: 2026-08-07 17:57:22
- 명령어: attention_ldl_boneage_v10_raw.py

[GPU-GUARD] 아직 대기 중입니다. 상태를 갱신합니다.
- 내 티켓 번호: 140번
- 현재 상태: 대기중
- 작업 종류: 추론
- 내 앞 대기 작업: 0개
- 현재 내 순번: 1번째
- 예상 시작 시각: 2026-08-07 17:57:53
- 명령어: attention_ldl_boneage_v10_raw.py

[GPU-GUARD] 아직 대기 중입니다. 상태를 갱신합니다.
- 내 티켓 번호: 140번
- 현재 상태: 대기중
- 작업 종류: 추론
- 내 앞 대기 작업: 0개
- 현재 내 순번: 1번째
- 예상 시작 시각: 2026-08-07 17:58:24
- 명령어: attention_ldl_boneage_v10_raw.py

[GPU-GUARD] 아직 대기 중입니다. 상태를 갱신합니다.
- 내 티켓 번호: 140번
- 현재 상태: 대기중
- 작업 종류: 추론
- 내 앞 대기 작업: 0개
- 현재 내 순번: 1번째
- 예상 시작 시각: 2026-08-07 17:58:55
- 명령어: attention_ldl_boneage_v10_raw.py

[GPU-GUARD] 아직 대기 중입니다. 상태를 갱신합니다.
- 내 티켓 번호: 140번
- 현재 상태: 대기중
- 작업 종류: 추론
- 내 앞 대기 작업: 0개
- 현재 내 순번: 1번째
- 예상 시작 시각: 2026-08-07 17:59:26
- 명령어: attention_ldl_boneage_v10_raw.py

[GPU-GUARD] 아직 대기 중입니다. 상태를 갱신합니다.
- 내 티켓 번호: 140번
- 현재 상태: 대기중
- 작업 종류: 추론
- 내 앞 대기 작업: 0개
- 현재 내 순번: 1번째
- 예상 시작 시각: 2026-08-07 17:59:57
- 명령어: attention_ldl_boneage_v10_raw.py

[GPU-GUARD] 아직 대기 중입니다. 상태를 갱신합니다.
- 내 티켓 번호: 140번
- 현재 상태: 대기중
- 작업 종류: 추론
- 내 앞 대기 작업: 0개
- 현재 내 순번: 1번째
- 예상 시작 시각: 2026-08-07 18:00:28
- 명령어: attention_ldl_boneage_v10_raw.py

[GPU-GUARD] 아직 대기 중입니다. 상태를 갱신합니다.
- 내 티켓 번호: 140번
- 현재 상태: 대기중
- 작업 종류: 추론
- 내 앞 대기 작업: 0개
- 현재 내 순번: 1번째
- 예상 시작 시각: 2026-08-07 18:00:59
- 명령어: attention_ldl_boneage_v10_raw.py

[GPU-GUARD] 아직 대기 중입니다. 상태를 갱신합니다.
- 내 티켓 번호: 140번
- 현재 상태: 대기중
- 작업 종류: 추론
- 내 앞 대기 작업: 0개
- 현재 내 순번: 1번째
- 예상 시작 시각: 2026-08-07 18:01:30
- 명령어: attention_ldl_boneage_v10_raw.py

[GPU-GUARD] 아직 대기 중입니다. 상태를 갱신합니다.
- 내 티켓 번호: 140번
- 현재 상태: 대기중
- 작업 종류: 추론
- 내 앞 대기 작업: 0개
- 현재 내 순번: 1번째
- 예상 시작 시각: 2026-08-07 18:02:01
- 명령어: attention_ldl_boneage_v10_raw.py

[GPU-GUARD] 아직 대기 중입니다. 상태를 갱신합니다.
- 내 티켓 번호: 140번
- 현재 상태: 대기중
- 작업 종류: 추론
- 내 앞 대기 작업: 0개
- 현재 내 순번: 1번째
- 예상 시작 시각: 2026-08-07 18:02:32
- 명령어: attention_ldl_boneage_v10_raw.py

[GPU-GUARD] 아직 대기 중입니다. 상태를 갱신합니다.
- 내 티켓 번호: 140번
- 현재 상태: 대기중
- 작업 종류: 추론
- 내 앞 대기 작업: 0개
- 현재 내 순번: 1번째
- 예상 시작 시각: 2026-08-07 18:03:03
- 명령어: attention_ldl_boneage_v10_raw.py

[GPU-GUARD] 아직 대기 중입니다. 상태를 갱신합니다.
- 내 티켓 번호: 140번
- 현재 상태: 대기중
- 작업 종류: 추론
- 내 앞 대기 작업: 0개
- 현재 내 순번: 1번째
- 예상 시작 시각: 2026-08-07 18:03:34
- 명령어: attention_ldl_boneage_v10_raw.py

[GPU-GUARD] 아직 대기 중입니다. 상태를 갱신합니다.
- 내 티켓 번호: 140번
- 현재 상태: 대기중
- 작업 종류: 추론
- 내 앞 대기 작업: 0개
- 현재 내 순번: 1번째
- 예상 시작 시각: 2026-08-07 18:04:05
- 명령어: attention_ldl_boneage_v10_raw.py

[GPU-GUARD] 아직 대기 중입니다. 상태를 갱신합니다.
- 내 티켓 번호: 140번
- 현재 상태: 대기중
- 작업 종류: 추론
- 내 앞 대기 작업: 0개
- 현재 내 순번: 1번째
- 예상 시작 시각: 2026-08-07 18:04:36
- 명령어: attention_ldl_boneage_v10_raw.py

[GPU-GUARD] 아직 대기 중입니다. 상태를 갱신합니다.
- 내 티켓 번호: 140번
- 현재 상태: 대기중
- 작업 종류: 추론
- 내 앞 대기 작업: 0개
- 현재 내 순번: 1번째
- 예상 시작 시각: 2026-08-07 18:05:07
- 명령어: attention_ldl_boneage_v10_raw.py

[GPU-GUARD] 아직 대기 중입니다. 상태를 갱신합니다.
- 내 티켓 번호: 140번
- 현재 상태: 대기중
- 작업 종류: 추론
- 내 앞 대기 작업: 0개
- 현재 내 순번: 1번째
- 예상 시작 시각: 2026-08-07 18:05:38
- 명령어: attention_ldl_boneage_v10_raw.py

[GPU-GUARD] 아직 대기 중입니다. 상태를 갱신합니다.
- 내 티켓 번호: 140번
- 현재 상태: 대기중
- 작업 종류: 추론
- 내 앞 대기 작업: 0개
- 현재 내 순번: 1번째
- 예상 시작 시각: 2026-08-07 18:05:09
- 명령어: attention_ldl_boneage_v10_raw.py

[GPU-GUARD] 아직 대기 중입니다. 상태를 갱신합니다.
- 내 티켓 번호: 140번
- 현재 상태: 대기중
- 작업 종류: 추론
- 내 앞 대기 작업: 0개
- 현재 내 순번: 1번째
- 예상 시작 시각: 2026-08-07 18:05:40
- 명령어: attention_ldl_boneage_v10_raw.py

[GPU-GUARD] 아직 대기 중입니다. 상태를 갱신합니다.
- 내 티켓 번호: 140번
- 현재 상태: 대기중
- 작업 종류: 추론
- 내 앞 대기 작업: 0개
- 현재 내 순번: 1번째
- 예상 시작 시각: 2026-08-07 18:06:11
- 명령어: attention_ldl_boneage_v10_raw.py

[GPU-GUARD] 아직 대기 중입니다. 상태를 갱신합니다.
- 내 티켓 번호: 140번
- 현재 상태: 대기중
- 작업 종류: 추론
- 내 앞 대기 작업: 0개
- 현재 내 순번: 1번째
- 예상 시작 시각: 2026-08-07 18:06:42
- 명령어: attention_ldl_boneage_v10_raw.py

[GPU-GUARD] 아직 대기 중입니다. 상태를 갱신합니다.
- 내 티켓 번호: 140번
- 현재 상태: 대기중
- 작업 종류: 추론
- 내 앞 대기 작업: 0개
- 현재 내 순번: 1번째
- 예상 시작 시각: 2026-08-07 18:07:12
- 명령어: attention_ldl_boneage_v10_raw.py

[GPU-GUARD] 아직 대기 중입니다. 상태를 갱신합니다.
- 내 티켓 번호: 140번
- 현재 상태: 대기중
- 작업 종류: 추론
- 내 앞 대기 작업: 0개
- 현재 내 순번: 1번째
- 예상 시작 시각: 2026-08-07 18:07:44
- 명령어: attention_ldl_boneage_v10_raw.py

[GPU-GUARD] 아직 대기 중입니다. 상태를 갱신합니다.
- 내 티켓 번호: 140번
- 현재 상태: 대기중
- 작업 종류: 추론
- 내 앞 대기 작업: 0개
- 현재 내 순번: 1번째
- 예상 시작 시각: 2026-08-07 18:08:14
- 명령어: attention_ldl_boneage_v10_raw.py

[GPU-GUARD] (inproc) 차례 도착 — 티켓 140번 실행 시작
[18:04:30] GPU NVIDIA A100 80GB PCIe | CUDA 12.4
[18:04:30] BASE_DIR       G:\Project\sinra_cho
[18:04:30] HAND_CROP_DIR  G:\Project\sinra_cho\crop_data
[18:04:30] 이미지 준비    전처리 없음 | letterbox -> 512px | pad 0
[18:04:30] 채널 ('hand', 'r1', 'r2') | tau(R1/R2) 30/50 | 정규화 div255 | 증강 True
================================================================
[18:04:30]   TRAIN_CSV OK  G:\Project\sinra_cho\crop_data_csv\training.csv
[18:04:30]   VAL_CSV   OK  G:\Project\sinra_cho\crop_data_csv\validation.csv
[18:04:30]   TEST_CSV  OK  G:\Project\sinra_cho\crop_data_csv\test.csv
[18:04:30]   손크롭 train OK  G:\Project\sinra_cho\crop_data\training  (파일 11,643장)
[18:04:30]   손크롭 val   OK  G:\Project\sinra_cho\crop_data\validation  (파일 1,324장)
[18:04:30]   손크롭 test  OK  G:\Project\sinra_cho\crop_data\test  (파일 167장)
[18:04:30]   · train: 라벨 11,643 -> 사용 11,643 (제외/미크롭 0)
[18:04:30]   · val: 라벨 1,324 -> 사용 1,324 (제외/미크롭 0)
[18:04:30]   · test: 라벨 167 -> 사용 167 (제외/미크롭 0)
[18:04:30] 최종 | train 11,643 | val 1,324 | test 167 | 나이 128.4±39.5개월 | 남 54.5%
[18:04:30] hand 캐시 유효 - 스킵
[18:04:31] 캐시 확인 후 | train 11,643 | val 1,324 | test 167
[18:04:31] ### Phase I-a : R1(수근골) 국소화 + Erased 생성 ###
[18:04:31]   R1 밴드 {'x0': 0.12, 'y0': 0.52, 'x1': 0.88, 'y1': 0.98} | clamp True | tau 30
[18:04:31] [cls-r1] 학습 완료 상태 - 로드만 수행 (cls_r1_best.pt)
[18:04:33] [backbone] timm 'inception_v3' 로드 완료 (pretrained=False)
[18:04:33] [cls-gmp] feat (2048, 14, 14) -> FC 2048->240
[18:04:37] [r1:train] CAM 0 | 밴드폴백 0 | 파일없음 0
[18:04:37] [r1:val] CAM 0 | 밴드폴백 0 | 파일없음 0
[18:04:37] [r1:test] CAM 0 | 밴드폴백 0 | 파일없음 0
[18:04:37] ### Phase I-b : R2(중수골) 국소화 - 논문 방식(erase 재학습) ###
[18:04:37]   E 이미지로 cls-r2 재학습 -> CAM tau=50 | 밴드 제약 없음 | 박스 확대 없음 | 최대연결성분 True
[18:04:37] [cls-r2] 분류 모델 학습 | pool=gmp src=erased size=512 epochs=100
[18:04:38] [backbone] timm 'inception_v3' 로드 완료 (pretrained=True)
[18:04:38] [cls-gmp] feat (2048, 14, 14) -> FC 2048->240
[18:04:45] [cls-r2] 이어서 학습: epoch 27 부터 (best 8.69, 정체 3)
[18:05:13]   [cls-r2] ep27 100/1455 loss 0.0203 lr 3e-04 (29s)
[18:05:26]   [cls-r2] ep27 200/1455 loss 0.0212 lr 3e-04 (41s)
[18:05:39]   [cls-r2] ep27 300/1455 loss 0.0204 lr 3e-04 (54s)
[18:05:55]   [cls-r2] ep27 400/1455 loss 0.0202 lr 3e-04 (70s)
[18:06:10]   [cls-r2] ep27 500/1455 loss 0.0200 lr 3e-04 (85s)
[18:06:25]   [cls-r2] ep27 600/1455 loss 0.0200 lr 3e-04 (100s)
[18:06:39]   [cls-r2] ep27 700/1455 loss 0.0200 lr 3e-04 (114s)
[18:06:53]   [cls-r2] ep27 800/1455 loss 0.0200 lr 3e-04 (128s)
[18:07:06]   [cls-r2] ep27 900/1455 loss 0.0203 lr 3e-04 (141s)
[18:07:20]   [cls-r2] ep27 1000/1455 loss 0.0203 lr 3e-04 (155s)
[18:07:34]   [cls-r2] ep27 1100/1455 loss 0.0203 lr 3e-04 (169s)
[18:07:48]   [cls-r2] ep27 1200/1455 loss 0.0203 lr 3e-04 (183s)
[18:08:03]   [cls-r2] ep27 1300/1455 loss 0.0202 lr 3e-04 (198s)
[18:08:17]   [cls-r2] ep27 1400/1455 loss 0.0202 lr 3e-04 (212s)
[18:08:25]   [cls-r2] ep27 1455/1455 loss 0.0202 lr 3e-04 (220s)
[18:08:35]   [cls-r2] Epoch 27 완료 | train L1 0.0202 | val argmax-MAE 8.85 | 개선없음 4/10
[18:08:50]   [cls-r2] ep28 100/1455 loss 0.0180 lr 3e-04 (14s)
[18:09:03]   [cls-r2] ep28 200/1455 loss 0.0191 lr 3e-04 (27s)
[18:09:18]   [cls-r2] ep28 300/1455 loss 0.0192 lr 3e-04 (42s)
[18:09:29]   [cls-r2] ep28 400/1455 loss 0.0194 lr 3e-04 (54s)
[18:09:41]   [cls-r2] ep28 500/1455 loss 0.0191 lr 3e-04 (66s)
[18:09:53]   [cls-r2] ep28 600/1455 loss 0.0192 lr 3e-04 (78s)
[18:10:05]   [cls-r2] ep28 700/1455 loss 0.0191 lr 3e-04 (89s)
[18:10:17]   [cls-r2] ep28 800/1455 loss 0.0192 lr 3e-04 (101s)
[18:10:29]   [cls-r2] ep28 900/1455 loss 0.0192 lr 3e-04 (113s)
[18:10:40]   [cls-r2] ep28 1000/1455 loss 0.0192 lr 3e-04 (124s)
[18:10:52]   [cls-r2] ep28 1100/1455 loss 0.0192 lr 3e-04 (136s)
[18:11:04]   [cls-r2] ep28 1200/1455 loss 0.0193 lr 3e-04 (149s)
[18:11:17]   [cls-r2] ep28 1300/1455 loss 0.0195 lr 3e-04 (162s)
[18:11:30]   [cls-r2] ep28 1400/1455 loss 0.0195 lr 3e-04 (174s)
[18:11:36]   [cls-r2] ep28 1455/1455 loss 0.0196 lr 3e-04 (181s)
[18:11:45]   [cls-r2] Epoch 28 완료 | train L1 0.0196 | val argmax-MAE 9.14 | 개선없음 5/10
[18:11:56]   [cls-r2] ep29 100/1455 loss 0.0212 lr 3e-04 (11s)
[18:12:08]   [cls-r2] ep29 200/1455 loss 0.0198 lr 3e-04 (23s)
[18:12:20]   [cls-r2] ep29 300/1455 loss 0.0197 lr 3e-04 (35s)
[18:12:32]   [cls-r2] ep29 400/1455 loss 0.0196 lr 3e-04 (47s)
[18:12:44]   [cls-r2] ep29 500/1455 loss 0.0198 lr 3e-04 (59s)
[18:12:56]   [cls-r2] ep29 600/1455 loss 0.0198 lr 3e-04 (71s)
[18:13:07]   [cls-r2] ep29 700/1455 loss 0.0196 lr 3e-04 (82s)
[18:13:19]   [cls-r2] ep29 800/1455 loss 0.0195 lr 3e-04 (94s)
[18:13:31]   [cls-r2] ep29 900/1455 loss 0.0193 lr 3e-04 (106s)
[18:13:43]   [cls-r2] ep29 1000/1455 loss 0.0195 lr 3e-04 (118s)
[18:13:57]   [cls-r2] ep29 1100/1455 loss 0.0194 lr 3e-04 (132s)
[18:14:11]   [cls-r2] ep29 1200/1455 loss 0.0194 lr 3e-04 (146s)
[18:14:25]   [cls-r2] ep29 1300/1455 loss 0.0192 lr 3e-04 (160s)
[18:14:39]   [cls-r2] ep29 1400/1455 loss 0.0193 lr 3e-04 (174s)
[18:14:47]   [cls-r2] ep29 1455/1455 loss 0.0194 lr 3e-04 (182s)
[18:14:56]   [cls-r2] Epoch 29 완료 | train L1 0.0194 | val argmax-MAE 9.06 | 개선없음 6/10
[18:15:11]   [cls-r2] ep30 100/1455 loss 0.0197 lr 3e-04 (14s)
[18:15:26]   [cls-r2] ep30 200/1455 loss 0.0197 lr 3e-04 (29s)
[18:15:40]   [cls-r2] ep30 300/1455 loss 0.0193 lr 3e-04 (43s)
[18:15:54]   [cls-r2] ep30 400/1455 loss 0.0191 lr 3e-04 (57s)
[18:16:07]   [cls-r2] ep30 500/1455 loss 0.0189 lr 3e-04 (70s)
[18:16:22]   [cls-r2] ep30 600/1455 loss 0.0188 lr 3e-04 (85s)
[18:16:37]   [cls-r2] ep30 700/1455 loss 0.0189 lr 3e-04 (100s)
[18:16:52]   [cls-r2] ep30 800/1455 loss 0.0188 lr 3e-04 (115s)
[18:17:07]   [cls-r2] ep30 900/1455 loss 0.0188 lr 3e-04 (130s)
[18:17:18]   [cls-r2] ep30 1000/1455 loss 0.0188 lr 3e-04 (141s)
[18:17:30]   [cls-r2] ep30 1100/1455 loss 0.0188 lr 3e-04 (153s)
[18:17:43]   [cls-r2] ep30 1200/1455 loss 0.0187 lr 3e-04 (166s)
[18:17:55]   [cls-r2] ep30 1300/1455 loss 0.0186 lr 3e-04 (178s)
[18:18:07]   [cls-r2] ep30 1400/1455 loss 0.0186 lr 3e-04 (190s)
[18:18:13]   [cls-r2] ep30 1455/1455 loss 0.0186 lr 3e-04 (196s)
[18:18:22]   [cls-r2] Epoch 30 완료 | train L1 0.0186 | val argmax-MAE 8.98 | 개선없음 7/10
[18:18:34]   [cls-r2] ep31 100/1455 loss 0.0181 lr 3e-04 (12s)
[18:18:45]   [cls-r2] ep31 200/1455 loss 0.0179 lr 3e-04 (23s)
[18:18:57]   [cls-r2] ep31 300/1455 loss 0.0180 lr 3e-04 (35s)
[18:19:09]   [cls-r2] ep31 400/1455 loss 0.0181 lr 3e-04 (47s)
[18:19:21]   [cls-r2] ep31 500/1455 loss 0.0182 lr 3e-04 (59s)
[18:19:34]   [cls-r2] ep31 600/1455 loss 0.0183 lr 3e-04 (72s)
[18:19:46]   [cls-r2] ep31 700/1455 loss 0.0183 lr 3e-04 (84s)
[18:19:58]   [cls-r2] ep31 800/1455 loss 0.0181 lr 3e-04 (96s)
[18:20:09]   [cls-r2] ep31 900/1455 loss 0.0182 lr 3e-04 (107s)
[18:20:21]   [cls-r2] ep31 1000/1455 loss 0.0180 lr 3e-04 (119s)
[18:20:34]   [cls-r2] ep31 1100/1455 loss 0.0181 lr 3e-04 (132s)
[18:20:46]   [cls-r2] ep31 1200/1455 loss 0.0181 lr 3e-04 (144s)
[18:20:58]   [cls-r2] ep31 1300/1455 loss 0.0184 lr 3e-04 (156s)
[18:21:09]   [cls-r2] ep31 1400/1455 loss 0.0183 lr 3e-04 (167s)
[18:21:16]   [cls-r2] ep31 1455/1455 loss 0.0183 lr 3e-04 (174s)
[18:21:25]   [cls-r2] Epoch 31 완료 | train L1 0.0183 | val argmax-MAE 8.50 | * best 저장 (8.50)
[18:21:36]   [cls-r2] ep32 100/1455 loss 0.0190 lr 3e-04 (11s)
[18:21:48]   [cls-r2] ep32 200/1455 loss 0.0189 lr 3e-04 (23s)
[18:22:00]   [cls-r2] ep32 300/1455 loss 0.0186 lr 3e-04 (35s)
[18:22:11]   [cls-r2] ep32 400/1455 loss 0.0182 lr 3e-04 (46s)
[18:22:26]   [cls-r2] ep32 500/1455 loss 0.0181 lr 3e-04 (61s)
[18:22:40]   [cls-r2] ep32 600/1455 loss 0.0178 lr 3e-04 (75s)
[18:22:54]   [cls-r2] ep32 700/1455 loss 0.0179 lr 3e-04 (89s)
[18:23:08]   [cls-r2] ep32 800/1455 loss 0.0180 lr 3e-04 (103s)
[18:23:22]   [cls-r2] ep32 900/1455 loss 0.0180 lr 3e-04 (117s)
[18:23:37]   [cls-r2] ep32 1000/1455 loss 0.0179 lr 3e-04 (132s)
[18:23:51]   [cls-r2] ep32 1100/1455 loss 0.0179 lr 3e-04 (146s)
[18:24:06]   [cls-r2] ep32 1200/1455 loss 0.0179 lr 3e-04 (161s)
[18:24:20]   [cls-r2] ep32 1300/1455 loss 0.0181 lr 3e-04 (175s)
[18:24:34]   [cls-r2] ep32 1400/1455 loss 0.0181 lr 3e-04 (189s)
[18:24:42]   [cls-r2] ep32 1455/1455 loss 0.0181 lr 3e-04 (197s)
[18:24:51]   [cls-r2] Epoch 32 완료 | train L1 0.0181 | val argmax-MAE 8.93 | 개선없음 1/10
[18:25:06]   [cls-r2] ep33 100/1455 loss 0.0159 lr 3e-04 (14s)
[18:25:20]   [cls-r2] ep33 200/1455 loss 0.0176 lr 3e-04 (28s)
[18:25:34]   [cls-r2] ep33 300/1455 loss 0.0173 lr 3e-04 (42s)
[18:25:46]   [cls-r2] ep33 400/1455 loss 0.0171 lr 3e-04 (54s)
[18:25:58]   [cls-r2] ep33 500/1455 loss 0.0170 lr 3e-04 (66s)
[18:26:10]   [cls-r2] ep33 600/1455 loss 0.0173 lr 3e-04 (78s)
[18:26:22]   [cls-r2] ep33 700/1455 loss 0.0176 lr 3e-04 (90s)
[18:26:34]   [cls-r2] ep33 800/1455 loss 0.0175 lr 3e-04 (102s)
[18:26:46]   [cls-r2] ep33 900/1455 loss 0.0176 lr 3e-04 (114s)
[18:26:58]   [cls-r2] ep33 1000/1455 loss 0.0177 lr 3e-04 (126s)
[18:27:10]   [cls-r2] ep33 1100/1455 loss 0.0178 lr 3e-04 (138s)
[18:27:22]   [cls-r2] ep33 1200/1455 loss 0.0176 lr 3e-04 (150s)
[18:27:34]   [cls-r2] ep33 1300/1455 loss 0.0176 lr 3e-04 (162s)
[18:27:46]   [cls-r2] ep33 1400/1455 loss 0.0177 lr 3e-04 (174s)
[18:27:53]   [cls-r2] ep33 1455/1455 loss 0.0178 lr 3e-04 (181s)
[18:28:02]   [cls-r2] Epoch 33 완료 | train L1 0.0178 | val argmax-MAE 8.87 | 개선없음 2/10
[18:28:15]   [cls-r2] ep34 100/1455 loss 0.0181 lr 3e-04 (12s)
[18:28:26]   [cls-r2] ep34 200/1455 loss 0.0179 lr 3e-04 (23s)
[18:28:38]   [cls-r2] ep34 300/1455 loss 0.0175 lr 3e-04 (36s)
[18:28:50]   [cls-r2] ep34 400/1455 loss 0.0174 lr 3e-04 (47s)
[18:29:02]   [cls-r2] ep34 500/1455 loss 0.0172 lr 3e-04 (60s)
[18:29:14]   [cls-r2] ep34 600/1455 loss 0.0174 lr 3e-04 (71s)
[18:29:27]   [cls-r2] ep34 700/1455 loss 0.0173 lr 3e-04 (84s)
[18:29:39]   [cls-r2] ep34 800/1455 loss 0.0172 lr 3e-04 (96s)
[18:29:51]   [cls-r2] ep34 900/1455 loss 0.0171 lr 3e-04 (108s)
[18:30:03]   [cls-r2] ep34 1000/1455 loss 0.0170 lr 3e-04 (120s)
[18:30:14]   [cls-r2] ep34 1100/1455 loss 0.0168 lr 3e-04 (132s)
[18:30:26]   [cls-r2] ep34 1200/1455 loss 0.0168 lr 3e-04 (144s)
[18:30:38]   [cls-r2] ep34 1300/1455 loss 0.0169 lr 3e-04 (155s)
[18:30:50]   [cls-r2] ep34 1400/1455 loss 0.0169 lr 3e-04 (167s)
[18:30:57]   [cls-r2] ep34 1455/1455 loss 0.0170 lr 3e-04 (174s)
[18:31:06]   [cls-r2] Epoch 34 완료 | train L1 0.0170 | val argmax-MAE 8.77 | 개선없음 3/10
[18:31:21]   [cls-r2] ep35 100/1455 loss 0.0170 lr 3e-04 (15s)
[18:31:35]   [cls-r2] ep35 200/1455 loss 0.0166 lr 3e-04 (28s)
[18:31:49]   [cls-r2] ep35 300/1455 loss 0.0165 lr 3e-04 (42s)
[18:32:04]   [cls-r2] ep35 400/1455 loss 0.0167 lr 3e-04 (57s)
[18:32:18]   [cls-r2] ep35 500/1455 loss 0.0170 lr 3e-04 (71s)
[18:32:33]   [cls-r2] ep35 600/1455 loss 0.0169 lr 3e-04 (86s)
[18:32:47]   [cls-r2] ep35 700/1455 loss 0.0170 lr 3e-04 (100s)
[18:33:01]   [cls-r2] ep35 800/1455 loss 0.0168 lr 3e-04 (114s)
[18:33:15]   [cls-r2] ep35 900/1455 loss 0.0171 lr 3e-04 (128s)
[18:33:30]   [cls-r2] ep35 1000/1455 loss 0.0171 lr 3e-04 (143s)
[18:33:44]   [cls-r2] ep35 1100/1455 loss 0.0173 lr 3e-04 (157s)
[18:33:59]   [cls-r2] ep35 1200/1455 loss 0.0173 lr 3e-04 (172s)
[18:34:12]   [cls-r2] ep35 1300/1455 loss 0.0173 lr 3e-04 (185s)
[18:34:26]   [cls-r2] ep35 1400/1455 loss 0.0174 lr 3e-04 (199s)
[18:34:33]   [cls-r2] ep35 1455/1455 loss 0.0173 lr 3e-04 (206s)
[18:34:40]   [cls-r2] Epoch 35 완료 | train L1 0.0173 | val argmax-MAE 8.66 | 개선없음 4/10
[18:34:52]   [cls-r2] ep36 100/1455 loss 0.0163 lr 3e-04 (12s)
[18:35:04]   [cls-r2] ep36 200/1455 loss 0.0166 lr 3e-04 (24s)
[18:35:16]   [cls-r2] ep36 300/1455 loss 0.0163 lr 3e-04 (36s)
[18:35:28]   [cls-r2] ep36 400/1455 loss 0.0170 lr 3e-04 (47s)
[18:35:40]   [cls-r2] ep36 500/1455 loss 0.0171 lr 3e-04 (60s)
[18:35:52]   [cls-r2] ep36 600/1455 loss 0.0170 lr 3e-04 (71s)
[18:36:04]   [cls-r2] ep36 700/1455 loss 0.0168 lr 3e-04 (83s)
[18:36:15]   [cls-r2] ep36 800/1455 loss 0.0167 lr 3e-04 (94s)
[18:36:27]   [cls-r2] ep36 900/1455 loss 0.0166 lr 3e-04 (106s)
[18:36:40]   [cls-r2] ep36 1000/1455 loss 0.0164 lr 3e-04 (120s)
[18:36:54]   [cls-r2] ep36 1100/1455 loss 0.0165 lr 3e-04 (133s)
[18:37:06]   [cls-r2] ep36 1200/1455 loss 0.0166 lr 3e-04 (145s)
[18:37:16]   [cls-r2] ep36 1300/1455 loss 0.0166 lr 3e-04 (155s)
[18:37:26]   [cls-r2] ep36 1400/1455 loss 0.0166 lr 3e-04 (165s)
[18:37:32]   [cls-r2] ep36 1455/1455 loss 0.0166 lr 3e-04 (172s)
[18:37:40]   [cls-r2] Epoch 36 완료 | train L1 0.0166 | val argmax-MAE 8.67 | 개선없음 5/10
[18:37:53]   [cls-r2] ep37 100/1455 loss 0.0155 lr 3e-04 (12s)
[18:38:05]   [cls-r2] ep37 200/1455 loss 0.0151 lr 3e-04 (24s)
[18:38:17]   [cls-r2] ep37 300/1455 loss 0.0148 lr 3e-04 (36s)
[18:38:29]   [cls-r2] ep37 400/1455 loss 0.0150 lr 3e-04 (48s)
[18:38:41]   [cls-r2] ep37 500/1455 loss 0.0154 lr 3e-04 (60s)
[18:38:54]   [cls-r2] ep37 600/1455 loss 0.0154 lr 3e-04 (73s)
[18:39:05]   [cls-r2] ep37 700/1455 loss 0.0154 lr 3e-04 (84s)
[18:39:17]   [cls-r2] ep37 800/1455 loss 0.0154 lr 3e-04 (96s)
[18:39:30]   [cls-r2] ep37 900/1455 loss 0.0155 lr 3e-04 (110s)
[18:39:44]   [cls-r2] ep37 1000/1455 loss 0.0157 lr 3e-04 (123s)
[18:39:59]   [cls-r2] ep37 1100/1455 loss 0.0158 lr 3e-04 (138s)
[18:40:13]   [cls-r2] ep37 1200/1455 loss 0.0158 lr 3e-04 (152s)
[18:40:27]   [cls-r2] ep37 1300/1455 loss 0.0158 lr 3e-04 (166s)
[18:40:42]   [cls-r2] ep37 1400/1455 loss 0.0158 lr 3e-04 (181s)
[18:40:50]   [cls-r2] ep37 1455/1455 loss 0.0157 lr 3e-04 (189s)
[18:40:59]   [cls-r2] Epoch 37 완료 | train L1 0.0157 | val argmax-MAE 8.65 | 개선없음 6/10
[18:41:14]   [cls-r2] ep38 100/1455 loss 0.0155 lr 3e-04 (14s)
[18:41:29]   [cls-r2] ep38 200/1455 loss 0.0149 lr 3e-04 (29s)
[18:41:43]   [cls-r2] ep38 300/1455 loss 0.0154 lr 3e-04 (43s)
[18:41:57]   [cls-r2] ep38 400/1455 loss 0.0156 lr 3e-04 (57s)
[18:42:12]   [cls-r2] ep38 500/1455 loss 0.0154 lr 3e-04 (72s)
[18:42:27]   [cls-r2] ep38 600/1455 loss 0.0155 lr 3e-04 (87s)
[18:42:39]   [cls-r2] ep38 700/1455 loss 0.0156 lr 3e-04 (99s)
[18:42:52]   [cls-r2] ep38 800/1455 loss 0.0154 lr 3e-04 (113s)
[18:43:05]   [cls-r2] ep38 900/1455 loss 0.0154 lr 3e-04 (125s)
[18:43:17]   [cls-r2] ep38 1000/1455 loss 0.0156 lr 3e-04 (137s)
[18:43:29]   [cls-r2] ep38 1100/1455 loss 0.0157 lr 3e-04 (149s)
[18:43:41]   [cls-r2] ep38 1200/1455 loss 0.0157 lr 3e-04 (161s)
[18:43:53]   [cls-r2] ep38 1300/1455 loss 0.0156 lr 3e-04 (173s)
[18:44:04]   [cls-r2] ep38 1400/1455 loss 0.0156 lr 3e-04 (185s)
[18:44:11]   [cls-r2] ep38 1455/1455 loss 0.0157 lr 3e-04 (191s)
[18:44:19]   [cls-r2] Epoch 38 완료 | train L1 0.0157 | val argmax-MAE 8.69 | 개선없음 7/10
[18:44:31]   [cls-r2] ep39 100/1455 loss 0.0163 lr 3e-04 (12s)
[18:44:43]   [cls-r2] ep39 200/1455 loss 0.0157 lr 3e-04 (23s)
[18:44:55]   [cls-r2] ep39 300/1455 loss 0.0154 lr 3e-04 (36s)
[18:45:07]   [cls-r2] ep39 400/1455 loss 0.0152 lr 3e-04 (47s)
[18:45:19]   [cls-r2] ep39 500/1455 loss 0.0153 lr 3e-04 (59s)
[18:45:32]   [cls-r2] ep39 600/1455 loss 0.0153 lr 3e-04 (72s)
[18:45:44]   [cls-r2] ep39 700/1455 loss 0.0153 lr 3e-04 (85s)
[18:45:56]   [cls-r2] ep39 800/1455 loss 0.0155 lr 3e-04 (97s)
[18:46:09]   [cls-r2] ep39 900/1455 loss 0.0156 lr 3e-04 (109s)
[18:46:20]   [cls-r2] ep39 1000/1455 loss 0.0157 lr 3e-04 (121s)
[18:46:32]   [cls-r2] ep39 1100/1455 loss 0.0157 lr 3e-04 (133s)
[18:46:44]   [cls-r2] ep39 1200/1455 loss 0.0158 lr 3e-04 (144s)
[18:46:56]   [cls-r2] ep39 1300/1455 loss 0.0158 lr 3e-04 (157s)
[18:47:08]   [cls-r2] ep39 1400/1455 loss 0.0157 lr 3e-04 (168s)
[18:47:14]   [cls-r2] ep39 1455/1455 loss 0.0157 lr 3e-04 (175s)
[18:47:22]   [cls-r2] Epoch 39 완료 | train L1 0.0157 | val argmax-MAE 8.85 | 개선없음 8/10
[18:47:34]   [cls-r2] ep40 100/1455 loss 0.0150 lr 3e-04 (11s)
[18:47:46]   [cls-r2] ep40 200/1455 loss 0.0141 lr 3e-04 (23s)
[18:47:58]   [cls-r2] ep40 300/1455 loss 0.0144 lr 3e-04 (35s)
[18:48:11]   [cls-r2] ep40 400/1455 loss 0.0144 lr 3e-04 (49s)
[18:48:25]   [cls-r2] ep40 500/1455 loss 0.0145 lr 3e-04 (62s)
[18:48:38]   [cls-r2] ep40 600/1455 loss 0.0148 lr 3e-04 (75s)
[18:48:52]   [cls-r2] ep40 700/1455 loss 0.0148 lr 3e-04 (89s)
[18:49:06]   [cls-r2] ep40 800/1455 loss 0.0148 lr 3e-04 (104s)
[18:49:21]   [cls-r2] ep40 900/1455 loss 0.0148 lr 3e-04 (119s)
[18:49:36]   [cls-r2] ep40 1000/1455 loss 0.0149 lr 3e-04 (134s)
[18:49:50]   [cls-r2] ep40 1100/1455 loss 0.0149 lr 3e-04 (148s)
[18:50:04]   [cls-r2] ep40 1200/1455 loss 0.0150 lr 3e-04 (161s)
[18:50:19]   [cls-r2] ep40 1300/1455 loss 0.0150 lr 3e-04 (176s)
[18:50:34]   [cls-r2] ep40 1400/1455 loss 0.0152 lr 3e-04 (191s)
[18:50:42]   [cls-r2] ep40 1455/1455 loss 0.0153 lr 3e-04 (200s)
[18:50:52]   [cls-r2] Epoch 40 완료 | train L1 0.0153 | val argmax-MAE 8.81 | 개선없음 9/10
[18:51:06]   [cls-r2] ep41 100/1455 loss 0.0144 lr 3e-04 (14s)
[18:51:20]   [cls-r2] ep41 200/1455 loss 0.0145 lr 3e-04 (27s)
[18:51:33]   [cls-r2] ep41 300/1455 loss 0.0146 lr 3e-04 (41s)
[18:51:45]   [cls-r2] ep41 400/1455 loss 0.0147 lr 3e-04 (53s)
[18:51:57]   [cls-r2] ep41 500/1455 loss 0.0148 lr 3e-04 (64s)
[18:52:09]   [cls-r2] ep41 600/1455 loss 0.0148 lr 3e-04 (76s)
[18:52:21]   [cls-r2] ep41 700/1455 loss 0.0146 lr 3e-04 (88s)
[18:52:32]   [cls-r2] ep41 800/1455 loss 0.0147 lr 3e-04 (100s)
[18:52:45]   [cls-r2] ep41 900/1455 loss 0.0145 lr 3e-04 (113s)
[18:52:56]   [cls-r2] ep41 1000/1455 loss 0.0147 lr 3e-04 (124s)
[18:53:08]   [cls-r2] ep41 1100/1455 loss 0.0146 lr 3e-04 (136s)
[18:53:20]   [cls-r2] ep41 1200/1455 loss 0.0146 lr 3e-04 (148s)
[18:53:33]   [cls-r2] ep41 1300/1455 loss 0.0146 lr 3e-04 (161s)
[18:53:45]   [cls-r2] ep41 1400/1455 loss 0.0147 lr 3e-04 (172s)
[18:53:51]   [cls-r2] ep41 1455/1455 loss 0.0147 lr 3e-04 (178s)
[18:53:59]   [cls-r2] Epoch 41 완료 | train L1 0.0147 | val argmax-MAE 8.67 | 개선없음 10/10
[18:54:00]   [cls-r2] 조기종료 | best argmax-MAE 8.50 @ epoch 31
[18:54:50]   [r2] train 1000/11643
[18:55:32]   [r2] train 2000/11643
[18:56:19]   [r2] train 3000/11643
[18:57:07]   [r2] train 4000/11643
[18:58:02]   [r2] train 5000/11643
[18:58:57]   [r2] train 6000/11643
[18:59:52]   [r2] train 7000/11643
[19:00:44]   [r2] train 8000/11643
[19:01:32]   [r2] train 9000/11643
[19:02:22]   [r2] train 10000/11643
[19:03:10]   [r2] train 11000/11643
[19:03:41] [r2:train] CAM 11643 | 마스크실패 0 | 파일없음 0
[19:04:32]   [r2] val 1000/1324
[19:04:47] [r2:val] CAM 1324 | 마스크실패 0 | 파일없음 0
[19:04:56] [r2:test] CAM 167 | 마스크실패 0 | 파일없음 0
[19:04:56] bbox 로그 저장: G:\Project\sinra_cho\checkpoints_attention_v10\roi_bboxes.csv
[19:04:56]   [r2] 박스 폭 중앙값 142px (28%) | 높이 중앙값 138px (27%)
[19:04:56] R1/R2/E 캐시 완료
[19:04:57] [backbone] timm 'inception_v3' 로드 완료 (pretrained=False)
[19:04:57] [cls-gmp] feat (2048, 14, 14) -> FC 2048->240
[19:04:58] [backbone] timm 'inception_v3' 로드 완료 (pretrained=False)
[19:04:58] [cls-gmp] feat (2048, 14, 14) -> FC 2048->240
[19:05:03] QC 시트 저장: G:\Project\sinra_cho\checkpoints_attention_v10\qc_roi.png
[19:05:03]   1열=원본 크롭 / 2열=캔버스+R1밴드(회색)+R1박스(빨강) / 4열=E+R2박스(파랑)
[19:05:03]   ※ 1열과 2열의 밝기·대비가 같아야 정상입니다(전처리 없음 확인).
[19:05:03] Phase II 정규화 div255 | 증강 ON
[19:05:03] Phase II 설정: {'BACKBONE': 'convnext_tiny.fb_in22k_ft_in1k', 'IMG_SIZE': 512, 'AGE_BINS': 240, 'GENDER_EMB_DIM': 32, 'HEAD_RELU': True, 'GENDER_RELU': True, 'LDL_DELTA': 15.0, 'LDL_LAMBDA': 0.5, 'AGG_CHANNELS': ['hand', 'r1', 'r2'], 'NORMALIZE': 'div255', 'USE_AUG': True, 'TAU_R1': 30, 'TAU_R2': 50, 'R2_METHOD': 'paper_erase', 'CLS_SIZE_REGION': 512, 'PRE': {'PREPROCESS': 'none', 'IMG_SIZE': 512, 'RESIZE_MODE': 'letterbox', 'PAD_VALUE': 0, 'PAD_ANCHOR': 'center'}, 'PRE_TAG': 'raw512_letterbox_pad0_center', 'HAND_SOURCE': 'G:\\Project\\sinra_cho\\crop_data', 'BOX_CFG': {'r1': {'pad_x': 0.1, 'pad_y': 0.12, 'min_w': 0.48, 'min_h': 0.34}}, 'MERGE_COMPONENTS': True, 'BANDS': {'r1': {'x0': 0.12, 'y0': 0.52, 'x1': 0.88, 'y1': 0.98}}, 'CLAMP_TO_BAND': True, 'RESIZE_MODE': 'letterbox'}
[19:05:03] 조기종료 | Phase I patience 10 | Phase II patience 15 (최소 65에폭 이후)
[19:05:03] 배치 수 | train 1455 | val 166 | test 21
[19:05:04] [backbone] timm 'convnext_tiny.fb_in22k_ft_in1k' 로드 완료 (pretrained=True)
[19:05:04] [reg] backbone out (768, 16, 16) -> z 4,096 | params 30.6M
[19:05:04] [LDL] loss = l_MAE + 0.5 * D_KL(G||p) | bins 240 | delta 15.0
[19:05:04] Phase II 새로 학습 시작
[19:05:39]   Epoch 001 100/1455 train_mae 30.62 kl 1.281 lr 1e-04 (35s)
[19:06:12]   Epoch 001 200/1455 train_mae 26.68 kl 1.227 lr 1e-04 (69s)
[19:06:47]   Epoch 001 300/1455 train_mae 24.02 kl 1.160 lr 1e-04 (103s)
[19:07:21]   Epoch 001 400/1455 train_mae 22.46 kl 1.115 lr 1e-04 (137s)
[19:07:57]   Epoch 001 500/1455 train_mae 20.56 kl 1.039 lr 1e-04 (173s)
[19:08:33]   Epoch 001 600/1455 train_mae 19.09 kl 0.967 lr 1e-04 (210s)
[19:09:11]   Epoch 001 700/1455 train_mae 17.99 kl 0.919 lr 1e-04 (247s)
[19:09:49]   Epoch 001 800/1455 train_mae 17.08 kl 0.877 lr 1e-04 (285s)
[19:10:26]   Epoch 001 900/1455 train_mae 16.30 kl 0.840 lr 1e-04 (323s)
[19:11:01]   Epoch 001 1000/1455 train_mae 15.54 kl 0.806 lr 1e-04 (357s)
[19:11:37]   Epoch 001 1100/1455 train_mae 14.92 kl 0.780 lr 1e-04 (393s)
[19:12:13]   Epoch 001 1200/1455 train_mae 14.39 kl 0.761 lr 1e-04 (430s)
[19:12:50]   Epoch 001 1300/1455 train_mae 13.92 kl 0.742 lr 1e-04 (466s)
[19:13:26]   Epoch 001 1400/1455 train_mae 13.51 kl 0.723 lr 1e-04 (502s)
[19:13:47]   Epoch 001 1455/1455 train_mae 13.30 kl 0.712 lr 1e-04 (524s)
[19:14:35] [Epoch 001 완료] train MAE 13.30 | val MAE 10.63 | val RMSE 13.75 | lr 1e-04 | * best 저장 (val MAE 10.63)
[19:14:54]   Epoch 002 100/1455 train_mae 7.68 kl 0.469 lr 1e-04 (18s)
[19:15:13]   Epoch 002 200/1455 train_mae 7.42 kl 0.430 lr 1e-04 (37s)
[19:15:31]   Epoch 002 300/1455 train_mae 7.23 kl 0.406 lr 1e-04 (55s)
[19:15:49]   Epoch 002 400/1455 train_mae 7.16 kl 0.403 lr 1e-04 (73s)
[19:16:11]   Epoch 002 500/1455 train_mae 7.11 kl 0.402 lr 1e-04 (95s)
[19:16:33]   Epoch 002 600/1455 train_mae 7.10 kl 0.401 lr 1e-04 (117s)
[19:16:54]   Epoch 002 700/1455 train_mae 7.12 kl 0.398 lr 1e-04 (138s)
[19:17:17]   Epoch 002 800/1455 train_mae 7.15 kl 0.400 lr 1e-04 (161s)
[19:17:38]   Epoch 002 900/1455 train_mae 7.11 kl 0.393 lr 1e-04 (182s)
[19:18:00]   Epoch 002 1000/1455 train_mae 7.02 kl 0.386 lr 1e-04 (205s)
[19:18:23]   Epoch 002 1100/1455 train_mae 7.00 kl 0.382 lr 1e-04 (227s)
[19:18:44]   Epoch 002 1200/1455 train_mae 6.96 kl 0.377 lr 1e-04 (248s)
[19:19:04]   Epoch 002 1300/1455 train_mae 6.92 kl 0.374 lr 1e-04 (268s)
[19:19:25]   Epoch 002 1400/1455 train_mae 6.87 kl 0.369 lr 1e-04 (289s)
[19:19:35]   Epoch 002 1455/1455 train_mae 6.84 kl 0.366 lr 1e-04 (300s)
[19:19:54] [Epoch 002 완료] train MAE 6.84 | val MAE 9.53 | val RMSE 12.60 | lr 1e-04 | * best 저장 (val MAE 9.53)
[19:20:13]   Epoch 003 100/1455 train_mae 6.65 kl 0.316 lr 1e-04 (19s)
[19:20:32]   Epoch 003 200/1455 train_mae 6.34 kl 0.306 lr 1e-04 (37s)
[19:20:49]   Epoch 003 300/1455 train_mae 6.27 kl 0.301 lr 1e-04 (55s)
[19:21:08]   Epoch 003 400/1455 train_mae 6.11 kl 0.298 lr 1e-04 (74s)
[19:21:26]   Epoch 003 500/1455 train_mae 6.05 kl 0.293 lr 1e-04 (92s)
[19:21:46]   Epoch 003 600/1455 train_mae 6.05 kl 0.293 lr 1e-04 (112s)
[19:22:05]   Epoch 003 700/1455 train_mae 6.04 kl 0.295 lr 1e-04 (131s)
[19:22:23]   Epoch 003 800/1455 train_mae 6.02 kl 0.292 lr 1e-04 (149s)
[19:22:42]   Epoch 003 900/1455 train_mae 6.01 kl 0.290 lr 1e-04 (167s)
[19:23:01]   Epoch 003 1000/1455 train_mae 5.99 kl 0.288 lr 1e-04 (186s)
[19:23:20]   Epoch 003 1100/1455 train_mae 6.00 kl 0.287 lr 1e-04 (206s)
[19:23:38]   Epoch 003 1200/1455 train_mae 5.99 kl 0.285 lr 1e-04 (224s)
[19:23:57]   Epoch 003 1300/1455 train_mae 6.03 kl 0.286 lr 1e-04 (243s)
[19:24:17]   Epoch 003 1400/1455 train_mae 6.02 kl 0.284 lr 1e-04 (262s)
[19:24:29]   Epoch 003 1455/1455 train_mae 6.00 kl 0.283 lr 1e-04 (275s)
[19:24:50] [Epoch 003 완료] train MAE 6.00 | val MAE 9.35 | val RMSE 12.32 | lr 1e-04 | * best 저장 (val MAE 9.35)
[19:25:12]   Epoch 004 100/1455 train_mae 5.79 kl 0.246 lr 1e-04 (22s)
[19:25:34]   Epoch 004 200/1455 train_mae 5.62 kl 0.248 lr 1e-04 (43s)
[19:25:55]   Epoch 004 300/1455 train_mae 5.58 kl 0.250 lr 1e-04 (64s)
[19:26:17]   Epoch 004 400/1455 train_mae 5.59 kl 0.248 lr 1e-04 (86s)
[19:26:39]   Epoch 004 500/1455 train_mae 5.57 kl 0.248 lr 1e-04 (108s)
[19:27:01]   Epoch 004 600/1455 train_mae 5.63 kl 0.252 lr 1e-04 (130s)
[19:27:23]   Epoch 004 700/1455 train_mae 5.67 kl 0.253 lr 1e-04 (153s)
[19:27:42]   Epoch 004 800/1455 train_mae 5.66 kl 0.251 lr 1e-04 (171s)
[19:28:01]   Epoch 004 900/1455 train_mae 5.64 kl 0.248 lr 1e-04 (190s)
[19:28:20]   Epoch 004 1000/1455 train_mae 5.66 kl 0.247 lr 1e-04 (209s)
[19:28:39]   Epoch 004 1100/1455 train_mae 5.68 kl 0.251 lr 1e-04 (228s)
[19:28:57]   Epoch 004 1200/1455 train_mae 5.67 kl 0.252 lr 1e-04 (247s)
[19:29:15]   Epoch 004 1300/1455 train_mae 5.65 kl 0.251 lr 1e-04 (264s)
[19:29:34]   Epoch 004 1400/1455 train_mae 5.64 kl 0.251 lr 1e-04 (283s)
[19:29:45]   Epoch 004 1455/1455 train_mae 5.62 kl 0.250 lr 1e-04 (294s)
[19:30:04] [Epoch 004 완료] train MAE 5.62 | val MAE 8.94 | val RMSE 11.79 | lr 1e-04 | * best 저장 (val MAE 8.94)
[19:30:22]   Epoch 005 100/1455 train_mae 5.28 kl 0.235 lr 1e-04 (17s)
[19:30:41]   Epoch 005 200/1455 train_mae 5.40 kl 0.236 lr 1e-04 (36s)
[19:31:00]   Epoch 005 300/1455 train_mae 5.43 kl 0.232 lr 1e-04 (55s)
[19:31:19]   Epoch 005 400/1455 train_mae 5.33 kl 0.231 lr 1e-04 (74s)
[19:31:37]   Epoch 005 500/1455 train_mae 5.30 kl 0.229 lr 1e-04 (92s)
[19:31:56]   Epoch 005 600/1455 train_mae 5.31 kl 0.229 lr 1e-04 (111s)
[19:32:15]   Epoch 005 700/1455 train_mae 5.36 kl 0.232 lr 1e-04 (130s)
[19:32:33]   Epoch 005 800/1455 train_mae 5.34 kl 0.230 lr 1e-04 (148s)
[19:32:53]   Epoch 005 900/1455 train_mae 5.33 kl 0.230 lr 1e-04 (168s)
[19:33:15]   Epoch 005 1000/1455 train_mae 5.32 kl 0.229 lr 1e-04 (190s)
[19:33:36]   Epoch 005 1100/1455 train_mae 5.32 kl 0.230 lr 1e-04 (211s)
[19:33:59]   Epoch 005 1200/1455 train_mae 5.31 kl 0.229 lr 1e-04 (234s)
[19:34:20]   Epoch 005 1300/1455 train_mae 5.27 kl 0.230 lr 1e-04 (255s)
[19:34:43]   Epoch 005 1400/1455 train_mae 5.28 kl 0.228 lr 1e-04 (278s)
[19:34:55]   Epoch 005 1455/1455 train_mae 5.29 kl 0.228 lr 1e-04 (290s)
[19:35:17] [Epoch 005 완료] train MAE 5.29 | val MAE 8.84 | val RMSE 11.84 | lr 1e-04 | * best 저장 (val MAE 8.84)
[19:35:40]   Epoch 006 100/1455 train_mae 4.71 kl 0.198 lr 1e-04 (23s)
[19:36:02]   Epoch 006 200/1455 train_mae 4.74 kl 0.198 lr 1e-04 (44s)
[19:36:21]   Epoch 006 300/1455 train_mae 4.93 kl 0.201 lr 1e-04 (64s)
[19:36:39]   Epoch 006 400/1455 train_mae 4.97 kl 0.204 lr 1e-04 (82s)
[19:36:57]   Epoch 006 500/1455 train_mae 4.97 kl 0.205 lr 1e-04 (100s)
[19:37:16]   Epoch 006 600/1455 train_mae 5.03 kl 0.208 lr 1e-04 (119s)
[19:37:35]   Epoch 006 700/1455 train_mae 5.05 kl 0.209 lr 1e-04 (137s)
[19:37:53]   Epoch 006 800/1455 train_mae 5.07 kl 0.209 lr 1e-04 (155s)
[19:38:11]   Epoch 006 900/1455 train_mae 5.09 kl 0.211 lr 1e-04 (174s)
[19:38:31]   Epoch 006 1000/1455 train_mae 5.10 kl 0.213 lr 1e-04 (194s)
[19:38:51]   Epoch 006 1100/1455 train_mae 5.08 kl 0.214 lr 1e-04 (214s)
[19:39:09]   Epoch 006 1200/1455 train_mae 5.09 kl 0.215 lr 1e-04 (232s)
[19:39:28]   Epoch 006 1300/1455 train_mae 5.10 kl 0.216 lr 1e-04 (251s)
[19:39:47]   Epoch 006 1400/1455 train_mae 5.09 kl 0.215 lr 1e-04 (269s)
[19:39:57]   Epoch 006 1455/1455 train_mae 5.08 kl 0.215 lr 1e-04 (280s)
[19:40:16] [Epoch 006 완료] train MAE 5.08 | val MAE 8.66 | val RMSE 11.36 | lr 1e-04 | * best 저장 (val MAE 8.66)
[19:40:35]   Epoch 007 100/1455 train_mae 4.52 kl 0.198 lr 1e-04 (18s)
[19:40:54]   Epoch 007 200/1455 train_mae 4.80 kl 0.207 lr 1e-04 (38s)
[19:41:16]   Epoch 007 300/1455 train_mae 4.79 kl 0.211 lr 1e-04 (59s)
[19:41:38]   Epoch 007 400/1455 train_mae 4.75 kl 0.210 lr 1e-04 (81s)
[19:42:00]   Epoch 007 500/1455 train_mae 4.72 kl 0.206 lr 1e-04 (104s)
[19:42:22]   Epoch 007 600/1455 train_mae 4.74 kl 0.206 lr 1e-04 (126s)
[19:42:44]   Epoch 007 700/1455 train_mae 4.77 kl 0.204 lr 1e-04 (148s)
[19:43:05]   Epoch 007 800/1455 train_mae 4.80 kl 0.205 lr 1e-04 (169s)
[19:43:28]   Epoch 007 900/1455 train_mae 4.80 kl 0.205 lr 1e-04 (192s)
[19:43:50]   Epoch 007 1000/1455 train_mae 4.78 kl 0.204 lr 1e-04 (214s)
[19:44:11]   Epoch 007 1100/1455 train_mae 4.79 kl 0.204 lr 1e-04 (235s)
[19:44:30]   Epoch 007 1200/1455 train_mae 4.80 kl 0.205 lr 1e-04 (253s)
[19:44:48]   Epoch 007 1300/1455 train_mae 4.81 kl 0.205 lr 1e-04 (272s)
[19:45:06]   Epoch 007 1400/1455 train_mae 4.82 kl 0.206 lr 1e-04 (290s)
[19:45:16]   Epoch 007 1455/1455 train_mae 4.82 kl 0.206 lr 1e-04 (300s)
[19:45:34] [Epoch 007 완료] train MAE 4.82 | val MAE 8.94 | val RMSE 11.97 | lr 1e-04 | 개선없음 1/15
[19:45:53]   Epoch 008 100/1455 train_mae 4.62 kl 0.195 lr 1e-04 (18s)
[19:46:12]   Epoch 008 200/1455 train_mae 4.53 kl 0.190 lr 1e-04 (37s)
[19:46:32]   Epoch 008 300/1455 train_mae 4.49 kl 0.189 lr 1e-04 (57s)
[19:46:51]   Epoch 008 400/1455 train_mae 4.52 kl 0.191 lr 1e-04 (77s)
[19:47:09]   Epoch 008 500/1455 train_mae 4.59 kl 0.195 lr 1e-04 (95s)
[19:47:29]   Epoch 008 600/1455 train_mae 4.63 kl 0.196 lr 1e-04 (114s)
[19:47:47]   Epoch 008 700/1455 train_mae 4.65 kl 0.196 lr 1e-04 (132s)
[19:48:05]   Epoch 008 800/1455 train_mae 4.66 kl 0.196 lr 1e-04 (150s)
[19:48:23]   Epoch 008 900/1455 train_mae 4.68 kl 0.196 lr 1e-04 (169s)
[19:48:42]   Epoch 008 1000/1455 train_mae 4.68 kl 0.196 lr 1e-04 (188s)
[19:49:00]   Epoch 008 1100/1455 train_mae 4.66 kl 0.195 lr 1e-04 (206s)
[19:49:21]   Epoch 008 1200/1455 train_mae 4.69 kl 0.198 lr 1e-04 (226s)
[19:49:44]   Epoch 008 1300/1455 train_mae 4.70 kl 0.198 lr 1e-04 (249s)
[19:50:06]   Epoch 008 1400/1455 train_mae 4.67 kl 0.198 lr 1e-04 (271s)
[19:50:18]   Epoch 008 1455/1455 train_mae 4.67 kl 0.197 lr 1e-04 (284s)
[19:50:39] [Epoch 008 완료] train MAE 4.67 | val MAE 8.95 | val RMSE 11.86 | lr 1e-04 | 개선없음 2/15
[19:51:01]   Epoch 009 100/1455 train_mae 4.40 kl 0.181 lr 1e-04 (22s)
[19:51:24]   Epoch 009 200/1455 train_mae 4.43 kl 0.184 lr 1e-04 (45s)
[19:51:46]   Epoch 009 300/1455 train_mae 4.39 kl 0.187 lr 1e-04 (66s)
[19:52:06]   Epoch 009 400/1455 train_mae 4.38 kl 0.183 lr 1e-04 (87s)
[19:52:29]   Epoch 009 500/1455 train_mae 4.41 kl 0.186 lr 1e-04 (110s)
[19:52:49]   Epoch 009 600/1455 train_mae 4.44 kl 0.186 lr 1e-04 (130s)
[19:53:07]   Epoch 009 700/1455 train_mae 4.43 kl 0.186 lr 1e-04 (148s)
[19:53:26]   Epoch 009 800/1455 train_mae 4.41 kl 0.186 lr 1e-04 (166s)
[19:53:45]   Epoch 009 900/1455 train_mae 4.44 kl 0.186 lr 1e-04 (186s)
[19:54:04]   Epoch 009 1000/1455 train_mae 4.46 kl 0.187 lr 1e-04 (205s)
[19:54:22]   Epoch 009 1100/1455 train_mae 4.48 kl 0.187 lr 1e-04 (223s)
[19:54:40]   Epoch 009 1200/1455 train_mae 4.48 kl 0.188 lr 1e-04 (241s)
[19:55:00]   Epoch 009 1300/1455 train_mae 4.47 kl 0.189 lr 1e-04 (261s)
[19:55:20]   Epoch 009 1400/1455 train_mae 4.46 kl 0.188 lr 1e-04 (281s)
[19:55:30]   Epoch 009 1455/1455 train_mae 4.46 kl 0.188 lr 1e-04 (291s)
[19:55:48] [Epoch 009 완료] train MAE 4.46 | val MAE 8.63 | val RMSE 11.40 | lr 1e-04 | * best 저장 (val MAE 8.63)
[19:56:08]   Epoch 010 100/1455 train_mae 4.18 kl 0.176 lr 1e-04 (19s)
[19:56:26]   Epoch 010 200/1455 train_mae 4.22 kl 0.192 lr 1e-04 (37s)
[19:56:44]   Epoch 010 300/1455 train_mae 4.19 kl 0.191 lr 1e-04 (55s)
[19:57:03]   Epoch 010 400/1455 train_mae 4.22 kl 0.191 lr 1e-04 (74s)
[19:57:21]   Epoch 010 500/1455 train_mae 4.20 kl 0.189 lr 1e-04 (92s)
[19:57:42]   Epoch 010 600/1455 train_mae 4.22 kl 0.186 lr 1e-04 (113s)
[19:58:04]   Epoch 010 700/1455 train_mae 4.23 kl 0.185 lr 1e-04 (135s)
[19:58:25]   Epoch 010 800/1455 train_mae 4.21 kl 0.184 lr 1e-04 (156s)
[19:58:48]   Epoch 010 900/1455 train_mae 4.23 kl 0.185 lr 1e-04 (179s)
[19:59:10]   Epoch 010 1000/1455 train_mae 4.24 kl 0.184 lr 1e-04 (202s)
[19:59:32]   Epoch 010 1100/1455 train_mae 4.26 kl 0.185 lr 1e-04 (223s)
[19:59:54]   Epoch 010 1200/1455 train_mae 4.27 kl 0.184 lr 1e-04 (245s)
[20:00:17]   Epoch 010 1300/1455 train_mae 4.28 kl 0.184 lr 1e-04 (268s)
[20:00:38]   Epoch 010 1400/1455 train_mae 4.29 kl 0.184 lr 1e-04 (289s)
[20:00:49]   Epoch 010 1455/1455 train_mae 4.29 kl 0.184 lr 1e-04 (300s)
[20:01:07] [Epoch 010 완료] train MAE 4.29 | val MAE 8.40 | val RMSE 11.18 | lr 1e-04 | * best 저장 (val MAE 8.40)
[20:01:25]   Epoch 011 100/1455 train_mae 4.06 kl 0.182 lr 1e-04 (18s)
[20:01:44]   Epoch 011 200/1455 train_mae 4.00 kl 0.172 lr 1e-04 (37s)
[20:02:03]   Epoch 011 300/1455 train_mae 4.07 kl 0.173 lr 1e-04 (56s)
[20:02:22]   Epoch 011 400/1455 train_mae 4.01 kl 0.169 lr 1e-04 (75s)
[20:02:41]   Epoch 011 500/1455 train_mae 4.04 kl 0.171 lr 1e-04 (93s)
[20:02:59]   Epoch 011 600/1455 train_mae 4.02 kl 0.170 lr 1e-04 (112s)
[20:03:18]   Epoch 011 700/1455 train_mae 4.06 kl 0.172 lr 1e-04 (131s)
[20:03:38]   Epoch 011 800/1455 train_mae 4.07 kl 0.172 lr 1e-04 (150s)
[20:03:58]   Epoch 011 900/1455 train_mae 4.06 kl 0.172 lr 1e-04 (170s)
[20:04:15]   Epoch 011 1000/1455 train_mae 4.07 kl 0.174 lr 1e-04 (188s)
[20:04:33]   Epoch 011 1100/1455 train_mae 4.09 kl 0.174 lr 1e-04 (206s)
[20:04:52]   Epoch 011 1200/1455 train_mae 4.08 kl 0.174 lr 1e-04 (225s)
[20:05:11]   Epoch 011 1300/1455 train_mae 4.09 kl 0.175 lr 1e-04 (244s)
[20:05:30]   Epoch 011 1400/1455 train_mae 4.09 kl 0.175 lr 1e-04 (262s)
[20:05:40]   Epoch 011 1455/1455 train_mae 4.09 kl 0.175 lr 1e-04 (273s)
[20:05:58] [Epoch 011 완료] train MAE 4.09 | val MAE 8.72 | val RMSE 11.85 | lr 1e-04 | 개선없음 1/15
[20:06:18]   Epoch 012 100/1455 train_mae 4.18 kl 0.177 lr 1e-04 (19s)
[20:06:37]   Epoch 012 200/1455 train_mae 3.88 kl 0.165 lr 1e-04 (38s)
[20:06:57]   Epoch 012 300/1455 train_mae 3.81 kl 0.167 lr 1e-04 (58s)
[20:07:19]   Epoch 012 400/1455 train_mae 3.82 kl 0.176 lr 1e-04 (80s)
[20:07:40]   Epoch 012 500/1455 train_mae 3.87 kl 0.180 lr 1e-04 (101s)
[20:08:02]   Epoch 012 600/1455 train_mae 3.90 kl 0.181 lr 1e-04 (123s)
[20:08:25]   Epoch 012 700/1455 train_mae 3.88 kl 0.180 lr 1e-04 (146s)
[20:08:48]   Epoch 012 800/1455 train_mae 3.90 kl 0.178 lr 1e-04 (168s)
[20:09:08]   Epoch 012 900/1455 train_mae 3.89 kl 0.177 lr 1e-04 (189s)
[20:09:29]   Epoch 012 1000/1455 train_mae 3.92 kl 0.177 lr 1e-04 (209s)
[20:09:51]   Epoch 012 1100/1455 train_mae 3.93 kl 0.179 lr 1e-04 (232s)
[20:10:12]   Epoch 012 1200/1455 train_mae 3.96 kl 0.179 lr 1e-04 (253s)
[20:10:31]   Epoch 012 1300/1455 train_mae 3.97 kl 0.178 lr 1e-04 (271s)
[20:10:53]   Epoch 012 1400/1455 train_mae 3.97 kl 0.177 lr 1e-04 (293s)
[20:11:06]   Epoch 012 1455/1455 train_mae 3.99 kl 0.176 lr 1e-04 (307s)
[20:11:27] [Epoch 012 완료] train MAE 3.99 | val MAE 8.95 | val RMSE 11.92 | lr 1e-04 | 개선없음 2/15
[20:11:51]   Epoch 013 100/1455 train_mae 3.78 kl 0.169 lr 1e-04 (24s)
[20:12:16]   Epoch 013 200/1455 train_mae 3.87 kl 0.173 lr 1e-04 (48s)
[20:12:42]   Epoch 013 300/1455 train_mae 3.81 kl 0.171 lr 1e-04 (75s)
[20:13:09]   Epoch 013 400/1455 train_mae 3.81 kl 0.171 lr 1e-04 (101s)
[20:13:33]   Epoch 013 500/1455 train_mae 3.78 kl 0.174 lr 1e-04 (125s)
[20:13:53]   Epoch 013 600/1455 train_mae 3.83 kl 0.179 lr 1e-04 (145s)
[20:14:14]   Epoch 013 700/1455 train_mae 3.83 kl 0.180 lr 1e-04 (166s)
[20:14:38]   Epoch 013 800/1455 train_mae 3.84 kl 0.178 lr 1e-04 (190s)
[20:15:02]   Epoch 013 900/1455 train_mae 3.85 kl 0.179 lr 1e-04 (215s)
[20:15:30]   Epoch 013 1000/1455 train_mae 3.84 kl 0.177 lr 1e-04 (242s)
[20:15:59]   Epoch 013 1100/1455 train_mae 3.82 kl 0.176 lr 1e-04 (272s)
[20:16:29]   Epoch 013 1200/1455 train_mae 3.84 kl 0.177 lr 1e-04 (301s)
[20:16:58]   Epoch 013 1300/1455 train_mae 3.83 kl 0.176 lr 1e-04 (330s)
[20:17:25]   Epoch 013 1400/1455 train_mae 3.84 kl 0.174 lr 1e-04 (358s)
[20:17:41]   Epoch 013 1455/1455 train_mae 3.84 kl 0.174 lr 1e-04 (374s)
[20:18:06] [Epoch 013 완료] train MAE 3.84 | val MAE 8.91 | val RMSE 11.83 | lr 1e-04 | 개선없음 3/15
[20:18:36]   Epoch 014 100/1455 train_mae 3.57 kl 0.149 lr 1e-04 (30s)
[20:19:02]   Epoch 014 200/1455 train_mae 3.72 kl 0.154 lr 1e-04 (56s)
[20:19:27]   Epoch 014 300/1455 train_mae 3.77 kl 0.157 lr 1e-04 (81s)
[20:19:51]   Epoch 014 400/1455 train_mae 3.71 kl 0.154 lr 1e-04 (105s)
[20:20:16]   Epoch 014 500/1455 train_mae 3.66 kl 0.155 lr 1e-04 (130s)
[20:20:45]   Epoch 014 600/1455 train_mae 3.70 kl 0.159 lr 1e-04 (159s)
[20:21:14]   Epoch 014 700/1455 train_mae 3.70 kl 0.160 lr 1e-04 (187s)
[20:21:41]   Epoch 014 800/1455 train_mae 3.71 kl 0.163 lr 1e-04 (214s)
[20:22:06]   Epoch 014 900/1455 train_mae 3.72 kl 0.164 lr 1e-04 (239s)
[20:22:30]   Epoch 014 1000/1455 train_mae 3.72 kl 0.165 lr 1e-04 (263s)
[20:22:56]   Epoch 014 1100/1455 train_mae 3.72 kl 0.165 lr 1e-04 (289s)
[20:23:21]   Epoch 014 1200/1455 train_mae 3.73 kl 0.167 lr 1e-04 (315s)
[20:23:55]   Epoch 014 1300/1455 train_mae 3.73 kl 0.167 lr 1e-04 (348s)
[20:24:27]   Epoch 014 1400/1455 train_mae 3.71 kl 0.168 lr 1e-04 (381s)
[20:24:45]   Epoch 014 1455/1455 train_mae 3.71 kl 0.167 lr 1e-04 (399s)
[20:25:10] [Epoch 014 완료] train MAE 3.71 | val MAE 8.67 | val RMSE 11.58 | lr 1e-04 | 개선없음 4/15
[20:25:40]   Epoch 015 100/1455 train_mae 3.56 kl 0.153 lr 1e-04 (30s)
[20:26:12]   Epoch 015 200/1455 train_mae 3.52 kl 0.161 lr 1e-04 (62s)
[20:26:44]   Epoch 015 300/1455 train_mae 3.49 kl 0.160 lr 1e-04 (94s)
[20:27:09]   Epoch 015 400/1455 train_mae 3.51 kl 0.160 lr 1e-04 (119s)
[20:27:35]   Epoch 015 500/1455 train_mae 3.50 kl 0.158 lr 1e-04 (144s)
[20:27:58]   Epoch 015 600/1455 train_mae 3.54 kl 0.159 lr 1e-04 (168s)
[20:28:24]   Epoch 015 700/1455 train_mae 3.55 kl 0.160 lr 1e-04 (193s)
[20:28:50]   Epoch 015 800/1455 train_mae 3.55 kl 0.162 lr 1e-04 (220s)
[20:29:20]   Epoch 015 900/1455 train_mae 3.57 kl 0.163 lr 1e-04 (250s)
[20:29:49]   Epoch 015 1000/1455 train_mae 3.56 kl 0.162 lr 1e-04 (278s)
[20:30:14]   Epoch 015 1100/1455 train_mae 3.56 kl 0.161 lr 1e-04 (303s)
[20:30:38]   Epoch 015 1200/1455 train_mae 3.56 kl 0.161 lr 1e-04 (328s)
[20:31:03]   Epoch 015 1300/1455 train_mae 3.55 kl 0.163 lr 1e-04 (353s)
[20:31:31]   Epoch 015 1400/1455 train_mae 3.55 kl 0.163 lr 1e-04 (380s)
[20:31:50]   Epoch 015 1455/1455 train_mae 3.55 kl 0.163 lr 1e-04 (399s)
[20:32:15] [Epoch 015 완료] train MAE 3.55 | val MAE 8.44 | val RMSE 11.21 | lr 1e-04 | 개선없음 5/15
[20:32:48]   Epoch 016 100/1455 train_mae 3.44 kl 0.147 lr 1e-04 (32s)
[20:33:19]   Epoch 016 200/1455 train_mae 3.36 kl 0.146 lr 1e-04 (63s)
[20:33:51]   Epoch 016 300/1455 train_mae 3.31 kl 0.149 lr 1e-04 (95s)
[20:34:23]   Epoch 016 400/1455 train_mae 3.36 kl 0.152 lr 1e-04 (128s)
[20:34:52]   Epoch 016 500/1455 train_mae 3.36 kl 0.154 lr 1e-04 (156s)
[20:35:17]   Epoch 016 600/1455 train_mae 3.37 kl 0.155 lr 1e-04 (181s)
[20:35:42]   Epoch 016 700/1455 train_mae 3.36 kl 0.154 lr 1e-04 (206s)
[20:36:07]   Epoch 016 800/1455 train_mae 3.42 kl 0.158 lr 1e-04 (231s)
[20:36:33]   Epoch 016 900/1455 train_mae 3.40 kl 0.157 lr 1e-04 (257s)
[20:37:02]   Epoch 016 1000/1455 train_mae 3.41 kl 0.156 lr 1e-04 (286s)
[20:37:31]   Epoch 016 1100/1455 train_mae 3.40 kl 0.156 lr 1e-04 (315s)
[20:37:56]   Epoch 016 1200/1455 train_mae 3.42 kl 0.155 lr 1e-04 (341s)
[20:38:20]   Epoch 016 1300/1455 train_mae 3.41 kl 0.155 lr 1e-04 (364s)
[20:38:45]   Epoch 016 1400/1455 train_mae 3.43 kl 0.157 lr 1e-04 (389s)
[20:38:59]   Epoch 016 1455/1455 train_mae 3.43 kl 0.157 lr 1e-04 (403s)
[20:39:20] [Epoch 016 완료] train MAE 3.43 | val MAE 8.81 | val RMSE 11.86 | lr 1e-04 | 개선없음 6/15
[20:39:44]   Epoch 017 100/1455 train_mae 3.13 kl 0.154 lr 1e-04 (24s)
[20:40:09]   Epoch 017 200/1455 train_mae 3.20 kl 0.153 lr 1e-04 (49s)
[20:40:33]   Epoch 017 300/1455 train_mae 3.27 kl 0.151 lr 1e-04 (72s)
[20:40:58]   Epoch 017 400/1455 train_mae 3.31 kl 0.154 lr 1e-04 (97s)
[20:41:23]   Epoch 017 500/1455 train_mae 3.29 kl 0.154 lr 1e-04 (123s)
[20:41:48]   Epoch 017 600/1455 train_mae 3.28 kl 0.153 lr 1e-04 (148s)
[20:42:14]   Epoch 017 700/1455 train_mae 3.26 kl 0.151 lr 1e-04 (173s)
[20:42:39]   Epoch 017 800/1455 train_mae 3.26 kl 0.151 lr 1e-04 (199s)
[20:43:04]   Epoch 017 900/1455 train_mae 3.28 kl 0.151 lr 1e-04 (223s)
[20:43:29]   Epoch 017 1000/1455 train_mae 3.30 kl 0.152 lr 1e-04 (249s)
[20:43:54]   Epoch 017 1100/1455 train_mae 3.30 kl 0.152 lr 1e-04 (274s)
[20:44:19]   Epoch 017 1200/1455 train_mae 3.31 kl 0.151 lr 1e-04 (299s)
[20:44:45]   Epoch 017 1300/1455 train_mae 3.31 kl 0.151 lr 1e-04 (324s)
[20:45:10]   Epoch 017 1400/1455 train_mae 3.30 kl 0.151 lr 1e-04 (350s)
[20:45:24]   Epoch 017 1455/1455 train_mae 3.31 kl 0.151 lr 1e-04 (363s)
[20:45:46] [Epoch 017 완료] train MAE 3.31 | val MAE 8.41 | val RMSE 11.22 | lr 1e-04 | 개선없음 7/15
[20:46:11]   Epoch 018 100/1455 train_mae 3.25 kl 0.158 lr 1e-04 (24s)
[20:46:36]   Epoch 018 200/1455 train_mae 3.21 kl 0.154 lr 1e-04 (50s)
[20:47:01]   Epoch 018 300/1455 train_mae 3.22 kl 0.156 lr 1e-04 (75s)
[20:47:26]   Epoch 018 400/1455 train_mae 3.25 kl 0.157 lr 1e-04 (99s)
[20:47:50]   Epoch 018 500/1455 train_mae 3.21 kl 0.151 lr 1e-04 (124s)
[20:48:15]   Epoch 018 600/1455 train_mae 3.20 kl 0.149 lr 1e-04 (148s)
[20:48:40]   Epoch 018 700/1455 train_mae 3.21 kl 0.151 lr 1e-04 (174s)
[20:49:05]   Epoch 018 800/1455 train_mae 3.19 kl 0.149 lr 1e-04 (199s)
[20:49:31]   Epoch 018 900/1455 train_mae 3.18 kl 0.148 lr 1e-04 (224s)
[20:49:55]   Epoch 018 1000/1455 train_mae 3.20 kl 0.150 lr 1e-04 (248s)
[20:50:20]   Epoch 018 1100/1455 train_mae 3.19 kl 0.150 lr 1e-04 (274s)
[20:50:45]   Epoch 018 1200/1455 train_mae 3.19 kl 0.150 lr 1e-04 (299s)
[20:51:11]   Epoch 018 1300/1455 train_mae 3.19 kl 0.150 lr 1e-04 (324s)
[20:51:36]   Epoch 018 1400/1455 train_mae 3.19 kl 0.148 lr 1e-04 (349s)
[20:51:49]   Epoch 018 1455/1455 train_mae 3.19 kl 0.148 lr 1e-04 (362s)
[20:52:11] [Epoch 018 완료] train MAE 3.19 | val MAE 8.67 | val RMSE 11.50 | lr 1e-04 | 개선없음 8/15
[20:52:35]   Epoch 019 100/1455 train_mae 3.08 kl 0.131 lr 1e-04 (23s)
[20:53:00]   Epoch 019 200/1455 train_mae 2.95 kl 0.132 lr 1e-04 (48s)
[20:53:25]   Epoch 019 300/1455 train_mae 3.03 kl 0.138 lr 1e-04 (74s)
[20:53:50]   Epoch 019 400/1455 train_mae 3.00 kl 0.138 lr 1e-04 (98s)
[20:54:15]   Epoch 019 500/1455 train_mae 3.02 kl 0.139 lr 1e-04 (124s)
[20:54:40]   Epoch 019 600/1455 train_mae 3.07 kl 0.142 lr 1e-04 (148s)
[20:55:05]   Epoch 019 700/1455 train_mae 3.05 kl 0.140 lr 1e-04 (174s)
[20:55:30]   Epoch 019 800/1455 train_mae 3.04 kl 0.141 lr 1e-04 (199s)
[20:55:56]   Epoch 019 900/1455 train_mae 3.05 kl 0.143 lr 1e-04 (224s)
[20:56:21]   Epoch 019 1000/1455 train_mae 3.05 kl 0.143 lr 1e-04 (250s)
[20:56:46]   Epoch 019 1100/1455 train_mae 3.04 kl 0.142 lr 1e-04 (274s)
[20:57:10]   Epoch 019 1200/1455 train_mae 3.05 kl 0.142 lr 1e-04 (299s)
[20:57:35]   Epoch 019 1300/1455 train_mae 3.05 kl 0.141 lr 1e-04 (324s)
[20:58:00]   Epoch 019 1400/1455 train_mae 3.07 kl 0.142 lr 1e-04 (349s)
[20:58:14]   Epoch 019 1455/1455 train_mae 3.08 kl 0.142 lr 1e-04 (362s)
[20:58:35] [Epoch 019 완료] train MAE 3.08 | val MAE 8.53 | val RMSE 11.36 | lr 1e-04 | 개선없음 9/15
[20:58:59]   Epoch 020 100/1455 train_mae 3.00 kl 0.141 lr 1e-04 (24s)
[20:59:24]   Epoch 020 200/1455 train_mae 2.99 kl 0.138 lr 1e-04 (48s)
[20:59:48]   Epoch 020 300/1455 train_mae 2.96 kl 0.139 lr 1e-04 (73s)
[21:00:13]   Epoch 020 400/1455 train_mae 2.99 kl 0.138 lr 1e-04 (98s)
[21:00:39]   Epoch 020 500/1455 train_mae 3.00 kl 0.138 lr 1e-04 (123s)
[21:01:04]   Epoch 020 600/1455 train_mae 3.00 kl 0.139 lr 1e-04 (148s)
[21:01:29]   Epoch 020 700/1455 train_mae 3.02 kl 0.140 lr 1e-04 (174s)
[21:01:53]   Epoch 020 800/1455 train_mae 3.02 kl 0.138 lr 1e-04 (198s)
[21:02:19]   Epoch 020 900/1455 train_mae 3.02 kl 0.136 lr 1e-04 (224s)
[21:02:44]   Epoch 020 1000/1455 train_mae 3.03 kl 0.136 lr 1e-04 (249s)
[21:03:09]   Epoch 020 1100/1455 train_mae 3.02 kl 0.137 lr 1e-04 (274s)
[21:03:34]   Epoch 020 1200/1455 train_mae 3.02 kl 0.137 lr 1e-04 (299s)
[21:03:58]   Epoch 020 1300/1455 train_mae 3.02 kl 0.137 lr 1e-04 (323s)
[21:04:24]   Epoch 020 1400/1455 train_mae 3.02 kl 0.137 lr 1e-04 (348s)
[21:04:37]   Epoch 020 1455/1455 train_mae 3.02 kl 0.138 lr 1e-04 (362s)
[21:04:58] [Epoch 020 완료] train MAE 3.02 | val MAE 8.68 | val RMSE 11.57 | lr 1e-04 | 개선없음 10/15
[21:05:23]   Epoch 021 100/1455 train_mae 2.85 kl 0.148 lr 1e-04 (24s)
[21:05:48]   Epoch 021 200/1455 train_mae 2.80 kl 0.137 lr 1e-04 (49s)
[21:06:13]   Epoch 021 300/1455 train_mae 2.86 kl 0.136 lr 1e-04 (74s)
[21:06:38]   Epoch 021 400/1455 train_mae 2.87 kl 0.139 lr 1e-04 (99s)
[21:07:03]   Epoch 021 500/1455 train_mae 2.87 kl 0.142 lr 1e-04 (124s)
[21:07:28]   Epoch 021 600/1455 train_mae 2.86 kl 0.141 lr 1e-04 (149s)
[21:07:52]   Epoch 021 700/1455 train_mae 2.88 kl 0.143 lr 1e-04 (174s)
[21:08:18]   Epoch 021 800/1455 train_mae 2.91 kl 0.144 lr 1e-04 (199s)
[21:09:01]   Epoch 021 900/1455 train_mae 2.91 kl 0.144 lr 1e-04 (242s)
[21:09:55]   Epoch 021 1000/1455 train_mae 2.93 kl 0.143 lr 1e-04 (296s)
[21:10:46]   Epoch 021 1100/1455 train_mae 2.94 kl 0.144 lr 1e-04 (348s)
[21:11:38]   Epoch 021 1200/1455 train_mae 2.94 kl 0.145 lr 1e-04 (400s)
[21:12:31]   Epoch 021 1300/1455 train_mae 2.94 kl 0.145 lr 1e-04 (453s)
[21:13:25]   Epoch 021 1400/1455 train_mae 2.95 kl 0.145 lr 1e-04 (506s)
[21:13:54]   Epoch 021 1455/1455 train_mae 2.95 kl 0.145 lr 1e-04 (536s)
[21:15:05] [Epoch 021 완료] train MAE 2.95 | val MAE 8.62 | val RMSE 11.54 | lr 1e-04 | 개선없음 11/15
[21:15:47]   Epoch 022 100/1455 train_mae 2.80 kl 0.151 lr 1e-04 (42s)
[21:16:30]   Epoch 022 200/1455 train_mae 2.83 kl 0.143 lr 1e-04 (84s)
[21:17:11]   Epoch 022 300/1455 train_mae 2.82 kl 0.133 lr 1e-04 (125s)
[21:17:53]   Epoch 022 400/1455 train_mae 2.82 kl 0.130 lr 1e-04 (168s)
[21:18:34]   Epoch 022 500/1455 train_mae 2.81 kl 0.129 lr 1e-04 (209s)
[21:19:16]   Epoch 022 600/1455 train_mae 2.81 kl 0.130 lr 1e-04 (250s)
[21:19:57]   Epoch 022 700/1455 train_mae 2.81 kl 0.128 lr 1e-04 (292s)
[21:20:35]   Epoch 022 800/1455 train_mae 2.83 kl 0.129 lr 1e-04 (329s)
[21:21:10]   Epoch 022 900/1455 train_mae 2.83 kl 0.129 lr 1e-04 (365s)
[21:21:46]   Epoch 022 1000/1455 train_mae 2.82 kl 0.130 lr 1e-04 (400s)
[21:22:21]   Epoch 022 1100/1455 train_mae 2.82 kl 0.132 lr 1e-04 (435s)
[21:22:57]   Epoch 022 1200/1455 train_mae 2.83 kl 0.132 lr 1e-04 (471s)
[21:23:31]   Epoch 022 1300/1455 train_mae 2.82 kl 0.131 lr 1e-04 (506s)
[21:24:06]   Epoch 022 1400/1455 train_mae 2.82 kl 0.131 lr 1e-04 (541s)
[21:24:26]   Epoch 022 1455/1455 train_mae 2.82 kl 0.131 lr 1e-04 (560s)
[21:24:44] [Epoch 022 완료] train MAE 2.82 | val MAE 8.73 | val RMSE 11.62 | lr 1e-04 | 개선없음 12/15
[21:25:03]   Epoch 023 100/1455 train_mae 2.62 kl 0.122 lr 1e-04 (19s)
[21:25:21]   Epoch 023 200/1455 train_mae 2.64 kl 0.129 lr 1e-04 (37s)
[21:25:40]   Epoch 023 300/1455 train_mae 2.65 kl 0.127 lr 1e-04 (55s)
[21:25:58]   Epoch 023 400/1455 train_mae 2.67 kl 0.125 lr 1e-04 (74s)
[21:26:17]   Epoch 023 500/1455 train_mae 2.69 kl 0.124 lr 1e-04 (93s)
[21:26:36]   Epoch 023 600/1455 train_mae 2.68 kl 0.124 lr 1e-04 (111s)
[21:26:53]   Epoch 023 700/1455 train_mae 2.71 kl 0.126 lr 1e-04 (129s)
[21:27:12]   Epoch 023 800/1455 train_mae 2.74 kl 0.126 lr 1e-04 (147s)
[21:27:31]   Epoch 023 900/1455 train_mae 2.75 kl 0.128 lr 1e-04 (167s)
[21:27:50]   Epoch 023 1000/1455 train_mae 2.76 kl 0.128 lr 1e-04 (185s)
[21:28:08]   Epoch 023 1100/1455 train_mae 2.76 kl 0.128 lr 1e-04 (204s)
[21:28:27]   Epoch 023 1200/1455 train_mae 2.75 kl 0.129 lr 1e-04 (223s)
[21:28:46]   Epoch 023 1300/1455 train_mae 2.76 kl 0.129 lr 1e-04 (241s)
[21:29:05]   Epoch 023 1400/1455 train_mae 2.76 kl 0.131 lr 1e-04 (260s)
[21:29:15]   Epoch 023 1455/1455 train_mae 2.76 kl 0.131 lr 1e-04 (271s)
[21:29:33] [Epoch 023 완료] train MAE 2.76 | val MAE 8.68 | val RMSE 11.56 | lr 1e-04 | 개선없음 13/15
[21:29:53]   Epoch 024 100/1455 train_mae 2.57 kl 0.116 lr 1e-04 (19s)
[21:30:11]   Epoch 024 200/1455 train_mae 2.69 kl 0.130 lr 1e-04 (37s)
[21:30:30]   Epoch 024 300/1455 train_mae 2.67 kl 0.128 lr 1e-04 (56s)
[21:30:51]   Epoch 024 400/1455 train_mae 2.68 kl 0.126 lr 1e-04 (77s)
[21:31:16]   Epoch 024 500/1455 train_mae 2.70 kl 0.128 lr 1e-04 (102s)
[21:31:41]   Epoch 024 600/1455 train_mae 2.69 kl 0.133 lr 1e-04 (126s)
[21:32:06]   Epoch 024 700/1455 train_mae 2.68 kl 0.133 lr 1e-04 (152s)
[21:32:31]   Epoch 024 800/1455 train_mae 2.70 kl 0.133 lr 1e-04 (177s)
[21:32:56]   Epoch 024 900/1455 train_mae 2.68 kl 0.131 lr 1e-04 (202s)
[21:33:21]   Epoch 024 1000/1455 train_mae 2.68 kl 0.130 lr 1e-04 (227s)
[21:33:43]   Epoch 024 1100/1455 train_mae 2.70 kl 0.129 lr 1e-04 (249s)
[21:34:00]   Epoch 024 1200/1455 train_mae 2.70 kl 0.128 lr 1e-04 (266s)
[21:34:20]   Epoch 024 1300/1455 train_mae 2.69 kl 0.128 lr 1e-04 (286s)
[21:34:41]   Epoch 024 1400/1455 train_mae 2.70 kl 0.129 lr 1e-04 (307s)
[21:34:51]   Epoch 024 1455/1455 train_mae 2.70 kl 0.129 lr 1e-04 (317s)
[21:35:11] [Epoch 024 완료] train MAE 2.70 | val MAE 8.60 | val RMSE 11.48 | lr 1e-04 | 개선없음 14/15
[21:35:32]   Epoch 025 100/1455 train_mae 2.75 kl 0.139 lr 1e-04 (20s)
[21:35:52]   Epoch 025 200/1455 train_mae 2.68 kl 0.136 lr 1e-04 (41s)
[21:36:11]   Epoch 025 300/1455 train_mae 2.64 kl 0.132 lr 1e-04 (59s)
[21:36:31]   Epoch 025 400/1455 train_mae 2.64 kl 0.129 lr 1e-04 (79s)
[21:36:51]   Epoch 025 500/1455 train_mae 2.64 kl 0.125 lr 1e-04 (99s)
[21:37:11]   Epoch 025 600/1455 train_mae 2.62 kl 0.124 lr 1e-04 (119s)
[21:37:32]   Epoch 025 700/1455 train_mae 2.63 kl 0.124 lr 1e-04 (140s)
[21:37:53]   Epoch 025 800/1455 train_mae 2.63 kl 0.124 lr 1e-04 (161s)
[21:38:12]   Epoch 025 900/1455 train_mae 2.64 kl 0.126 lr 1e-04 (180s)
[21:38:32]   Epoch 025 1000/1455 train_mae 2.62 kl 0.126 lr 1e-04 (200s)
[21:38:53]   Epoch 025 1100/1455 train_mae 2.63 kl 0.126 lr 1e-04 (221s)
[21:39:12]   Epoch 025 1200/1455 train_mae 2.63 kl 0.128 lr 1e-04 (241s)
[21:39:34]   Epoch 025 1300/1455 train_mae 2.62 kl 0.128 lr 1e-04 (262s)
[21:39:54]   Epoch 025 1400/1455 train_mae 2.63 kl 0.130 lr 1e-04 (282s)
[21:40:05]   Epoch 025 1455/1455 train_mae 2.63 kl 0.131 lr 1e-04 (293s)
[21:40:25] [Epoch 025 완료] train MAE 2.63 | val MAE 8.67 | val RMSE 11.52 | lr 1e-04 | 개선없음 15/15
[21:40:45]   Epoch 026 100/1455 train_mae 2.55 kl 0.132 lr 1e-04 (20s)
[21:41:06]   Epoch 026 200/1455 train_mae 2.55 kl 0.132 lr 1e-04 (41s)
[21:41:27]   Epoch 026 300/1455 train_mae 2.58 kl 0.133 lr 1e-04 (61s)
[21:41:47]   Epoch 026 400/1455 train_mae 2.61 kl 0.129 lr 1e-04 (81s)
[21:42:06]   Epoch 026 500/1455 train_mae 2.60 kl 0.129 lr 1e-04 (101s)
[21:42:26]   Epoch 026 600/1455 train_mae 2.58 kl 0.128 lr 1e-04 (121s)
[21:42:46]   Epoch 026 700/1455 train_mae 2.60 kl 0.130 lr 1e-04 (141s)
[21:43:07]   Epoch 026 800/1455 train_mae 2.60 kl 0.129 lr 1e-04 (162s)
[21:43:28]   Epoch 026 900/1455 train_mae 2.59 kl 0.130 lr 1e-04 (183s)
[21:43:48]   Epoch 026 1000/1455 train_mae 2.61 kl 0.130 lr 1e-04 (202s)
[21:44:08]   Epoch 026 1100/1455 train_mae 2.61 kl 0.130 lr 1e-04 (223s)
[21:44:29]   Epoch 026 1200/1455 train_mae 2.60 kl 0.131 lr 1e-04 (244s)
[21:44:48]   Epoch 026 1300/1455 train_mae 2.60 kl 0.132 lr 1e-04 (263s)
[21:45:09]   Epoch 026 1400/1455 train_mae 2.60 kl 0.132 lr 1e-04 (283s)
[21:45:20]   Epoch 026 1455/1455 train_mae 2.59 kl 0.131 lr 1e-04 (295s)
[21:45:39] [Epoch 026 완료] train MAE 2.59 | val MAE 8.62 | val RMSE 11.54 | lr 1e-04 | 개선없음 16/15
[21:46:00]   Epoch 027 100/1455 train_mae 2.48 kl 0.131 lr 1e-04 (20s)
[21:46:19]   Epoch 027 200/1455 train_mae 2.52 kl 0.136 lr 1e-04 (39s)
[21:46:39]   Epoch 027 300/1455 train_mae 2.52 kl 0.133 lr 1e-04 (59s)
[21:46:59]   Epoch 027 400/1455 train_mae 2.52 kl 0.132 lr 1e-04 (79s)
[21:47:20]   Epoch 027 500/1455 train_mae 2.54 kl 0.129 lr 1e-04 (100s)
[21:47:39]   Epoch 027 600/1455 train_mae 2.56 kl 0.128 lr 1e-04 (119s)
[21:47:59]   Epoch 027 700/1455 train_mae 2.55 kl 0.127 lr 1e-04 (139s)
[21:48:19]   Epoch 027 800/1455 train_mae 2.54 kl 0.127 lr 1e-04 (159s)
[21:48:40]   Epoch 027 900/1455 train_mae 2.54 kl 0.127 lr 1e-04 (180s)
[21:49:00]   Epoch 027 1000/1455 train_mae 2.55 kl 0.126 lr 1e-04 (200s)
[21:49:21]   Epoch 027 1100/1455 train_mae 2.55 kl 0.127 lr 1e-04 (221s)
[21:49:40]   Epoch 027 1200/1455 train_mae 2.55 kl 0.127 lr 1e-04 (240s)
[21:50:00]   Epoch 027 1300/1455 train_mae 2.56 kl 0.126 lr 1e-04 (260s)
[21:50:20]   Epoch 027 1400/1455 train_mae 2.57 kl 0.126 lr 1e-04 (280s)
[21:50:32]   Epoch 027 1455/1455 train_mae 2.57 kl 0.127 lr 1e-04 (292s)
[21:50:51] [Epoch 027 완료] train MAE 2.57 | val MAE 8.74 | val RMSE 11.61 | lr 1e-04 | 개선없음 17/15
[21:51:11]   Epoch 028 100/1455 train_mae 2.45 kl 0.113 lr 1e-04 (19s)
[21:51:29]   Epoch 028 200/1455 train_mae 2.39 kl 0.119 lr 1e-04 (37s)
[21:51:48]   Epoch 028 300/1455 train_mae 2.40 kl 0.119 lr 1e-04 (57s)
[21:52:08]   Epoch 028 400/1455 train_mae 2.41 kl 0.122 lr 1e-04 (77s)
[21:52:28]   Epoch 028 500/1455 train_mae 2.42 kl 0.123 lr 1e-04 (96s)
[21:52:45]   Epoch 028 600/1455 train_mae 2.43 kl 0.123 lr 1e-04 (114s)
[21:53:06]   Epoch 028 700/1455 train_mae 2.44 kl 0.124 lr 1e-04 (134s)
[21:53:27]   Epoch 028 800/1455 train_mae 2.47 kl 0.125 lr 1e-04 (156s)
[21:53:48]   Epoch 028 900/1455 train_mae 2.47 kl 0.126 lr 1e-04 (177s)
[21:54:10]   Epoch 028 1000/1455 train_mae 2.47 kl 0.127 lr 1e-04 (198s)
[21:54:29]   Epoch 028 1100/1455 train_mae 2.47 kl 0.128 lr 1e-04 (218s)
[21:54:50]   Epoch 028 1200/1455 train_mae 2.47 kl 0.129 lr 1e-04 (239s)
[21:55:10]   Epoch 028 1300/1455 train_mae 2.47 kl 0.129 lr 1e-04 (259s)
[21:55:31]   Epoch 028 1400/1455 train_mae 2.48 kl 0.129 lr 1e-04 (280s)
[21:55:42]   Epoch 028 1455/1455 train_mae 2.48 kl 0.129 lr 1e-04 (291s)
[21:56:01] [Epoch 028 완료] train MAE 2.48 | val MAE 8.62 | val RMSE 11.44 | lr 1e-04 | 개선없음 18/15
[21:56:21]   Epoch 029 100/1455 train_mae 2.58 kl 0.130 lr 1e-04 (19s)
[21:56:40]   Epoch 029 200/1455 train_mae 2.48 kl 0.121 lr 1e-04 (38s)
[21:57:00]   Epoch 029 300/1455 train_mae 2.44 kl 0.121 lr 1e-04 (58s)
[21:57:20]   Epoch 029 400/1455 train_mae 2.46 kl 0.122 lr 1e-04 (78s)
[21:57:41]   Epoch 029 500/1455 train_mae 2.44 kl 0.122 lr 1e-04 (99s)
[21:58:01]   Epoch 029 600/1455 train_mae 2.45 kl 0.122 lr 1e-04 (119s)
[21:58:20]   Epoch 029 700/1455 train_mae 2.42 kl 0.122 lr 1e-04 (138s)
[21:58:40]   Epoch 029 800/1455 train_mae 2.44 kl 0.123 lr 1e-04 (159s)
[21:59:01]   Epoch 029 900/1455 train_mae 2.43 kl 0.124 lr 1e-04 (179s)
[21:59:22]   Epoch 029 1000/1455 train_mae 2.44 kl 0.124 lr 1e-04 (200s)
[21:59:42]   Epoch 029 1100/1455 train_mae 2.44 kl 0.123 lr 1e-04 (221s)
[22:00:03]   Epoch 029 1200/1455 train_mae 2.44 kl 0.122 lr 1e-04 (242s)
[22:00:22]   Epoch 029 1300/1455 train_mae 2.43 kl 0.123 lr 1e-04 (260s)
[22:00:43]   Epoch 029 1400/1455 train_mae 2.44 kl 0.123 lr 1e-04 (281s)
[22:00:54]   Epoch 029 1455/1455 train_mae 2.44 kl 0.123 lr 1e-04 (292s)
[22:01:13] [Epoch 029 완료] train MAE 2.44 | val MAE 8.64 | val RMSE 11.46 | lr 1e-04 | 개선없음 19/15
[22:01:34]   Epoch 030 100/1455 train_mae 2.37 kl 0.133 lr 1e-04 (21s)
[22:01:54]   Epoch 030 200/1455 train_mae 2.37 kl 0.126 lr 1e-04 (40s)
[22:02:12]   Epoch 030 300/1455 train_mae 2.38 kl 0.126 lr 1e-04 (59s)
[22:02:32]   Epoch 030 400/1455 train_mae 2.40 kl 0.128 lr 1e-04 (78s)
[22:02:52]   Epoch 030 500/1455 train_mae 2.39 kl 0.128 lr 1e-04 (99s)
[22:03:13]   Epoch 030 600/1455 train_mae 2.39 kl 0.125 lr 1e-04 (120s)
[22:03:33]   Epoch 030 700/1455 train_mae 2.39 kl 0.124 lr 1e-04 (140s)
[22:03:53]   Epoch 030 800/1455 train_mae 2.38 kl 0.125 lr 1e-04 (160s)
[22:04:12]   Epoch 030 900/1455 train_mae 2.37 kl 0.124 lr 1e-04 (179s)
[22:04:33]   Epoch 030 1000/1455 train_mae 2.37 kl 0.124 lr 1e-04 (199s)
[22:04:53]   Epoch 030 1100/1455 train_mae 2.38 kl 0.125 lr 1e-04 (219s)
[22:05:13]   Epoch 030 1200/1455 train_mae 2.38 kl 0.125 lr 1e-04 (239s)
[22:05:34]   Epoch 030 1300/1455 train_mae 2.38 kl 0.124 lr 1e-04 (261s)
[22:05:53]   Epoch 030 1400/1455 train_mae 2.39 kl 0.124 lr 1e-04 (280s)
[22:06:04]   Epoch 030 1455/1455 train_mae 2.38 kl 0.124 lr 1e-04 (291s)
[22:06:23] [Epoch 030 완료] train MAE 2.38 | val MAE 8.77 | val RMSE 11.53 | lr 1e-04 | 개선없음 20/15
[22:06:44]   Epoch 031 100/1455 train_mae 2.36 kl 0.124 lr 1e-04 (20s)
[22:07:03]   Epoch 031 200/1455 train_mae 2.32 kl 0.128 lr 1e-04 (39s)
[22:07:23]   Epoch 031 300/1455 train_mae 2.33 kl 0.128 lr 1e-04 (59s)
[22:07:42]   Epoch 031 400/1455 train_mae 2.32 kl 0.126 lr 1e-04 (78s)
[22:08:01]   Epoch 031 500/1455 train_mae 2.32 kl 0.127 lr 1e-04 (97s)
[22:08:21]   Epoch 031 600/1455 train_mae 2.33 kl 0.126 lr 1e-04 (117s)
[22:08:42]   Epoch 031 700/1455 train_mae 2.33 kl 0.127 lr 1e-04 (138s)
[22:09:02]   Epoch 031 800/1455 train_mae 2.32 kl 0.127 lr 1e-04 (158s)
[22:09:23]   Epoch 031 900/1455 train_mae 2.33 kl 0.126 lr 1e-04 (179s)
[22:09:43]   Epoch 031 1000/1455 train_mae 2.33 kl 0.125 lr 1e-04 (199s)
[22:10:02]   Epoch 031 1100/1455 train_mae 2.34 kl 0.123 lr 1e-04 (217s)
[22:10:22]   Epoch 031 1200/1455 train_mae 2.35 kl 0.123 lr 1e-04 (238s)
[22:10:43]   Epoch 031 1300/1455 train_mae 2.36 kl 0.122 lr 1e-04 (259s)
[22:11:04]   Epoch 031 1400/1455 train_mae 2.37 kl 0.122 lr 1e-04 (280s)
[22:11:15]   Epoch 031 1455/1455 train_mae 2.37 kl 0.122 lr 1e-04 (291s)
[22:11:33] [Epoch 031 완료] train MAE 2.37 | val MAE 8.53 | val RMSE 11.33 | lr 1e-04 | 개선없음 21/15
[22:11:53]   Epoch 032 100/1455 train_mae 2.51 kl 0.140 lr 1e-04 (20s)
[22:12:12]   Epoch 032 200/1455 train_mae 2.31 kl 0.136 lr 1e-04 (39s)
[22:12:32]   Epoch 032 300/1455 train_mae 2.31 kl 0.129 lr 1e-04 (58s)
[22:12:50]   Epoch 032 400/1455 train_mae 2.30 kl 0.123 lr 1e-04 (77s)
[22:13:09]   Epoch 032 500/1455 train_mae 2.29 kl 0.124 lr 1e-04 (95s)
[22:13:29]   Epoch 032 600/1455 train_mae 2.29 kl 0.122 lr 1e-04 (116s)
[22:13:48]   Epoch 032 700/1455 train_mae 2.28 kl 0.121 lr 1e-04 (135s)
[22:14:07]   Epoch 032 800/1455 train_mae 2.30 kl 0.121 lr 1e-04 (154s)
[22:14:25]   Epoch 032 900/1455 train_mae 2.30 kl 0.122 lr 1e-04 (172s)
[22:14:45]   Epoch 032 1000/1455 train_mae 2.29 kl 0.123 lr 1e-04 (192s)
[22:15:04]   Epoch 032 1100/1455 train_mae 2.30 kl 0.122 lr 1e-04 (211s)
[22:15:24]   Epoch 032 1200/1455 train_mae 2.30 kl 0.122 lr 1e-04 (231s)
[22:15:41]   Epoch 032 1300/1455 train_mae 2.30 kl 0.121 lr 1e-04 (248s)
[22:16:01]   Epoch 032 1400/1455 train_mae 2.31 kl 0.121 lr 1e-04 (268s)
[22:16:12]   Epoch 032 1455/1455 train_mae 2.30 kl 0.121 lr 1e-04 (279s)
[22:16:32] [Epoch 032 완료] train MAE 2.30 | val MAE 8.72 | val RMSE 11.65 | lr 1e-04 | 개선없음 22/15
[22:16:53]   Epoch 033 100/1455 train_mae 2.23 kl 0.125 lr 1e-04 (20s)
[22:17:10]   Epoch 033 200/1455 train_mae 2.22 kl 0.130 lr 1e-04 (38s)
[22:17:30]   Epoch 033 300/1455 train_mae 2.24 kl 0.127 lr 1e-04 (57s)
[22:17:48]   Epoch 033 400/1455 train_mae 2.23 kl 0.125 lr 1e-04 (75s)
[22:18:08]   Epoch 033 500/1455 train_mae 2.26 kl 0.126 lr 1e-04 (95s)
[22:18:28]   Epoch 033 600/1455 train_mae 2.25 kl 0.124 lr 1e-04 (115s)
[22:18:46]   Epoch 033 700/1455 train_mae 2.27 kl 0.126 lr 1e-04 (133s)
[22:19:05]   Epoch 033 800/1455 train_mae 2.26 kl 0.125 lr 1e-04 (152s)
[22:19:26]   Epoch 033 900/1455 train_mae 2.27 kl 0.124 lr 1e-04 (173s)
[22:19:46]   Epoch 033 1000/1455 train_mae 2.28 kl 0.123 lr 1e-04 (193s)
[22:20:04]   Epoch 033 1100/1455 train_mae 2.28 kl 0.124 lr 1e-04 (211s)
[22:20:24]   Epoch 033 1200/1455 train_mae 2.28 kl 0.124 lr 1e-04 (231s)
[22:20:43]   Epoch 033 1300/1455 train_mae 2.28 kl 0.123 lr 1e-04 (250s)
[22:21:03]   Epoch 033 1400/1455 train_mae 2.28 kl 0.123 lr 1e-04 (270s)
[22:21:14]   Epoch 033 1455/1455 train_mae 2.28 kl 0.123 lr 1e-04 (281s)
[22:21:32] [Epoch 033 완료] train MAE 2.28 | val MAE 8.66 | val RMSE 11.56 | lr 1e-04 | 개선없음 23/15
[22:21:52]   Epoch 034 100/1455 train_mae 2.37 kl 0.133 lr 1e-04 (20s)
[22:22:11]   Epoch 034 200/1455 train_mae 2.31 kl 0.129 lr 1e-04 (39s)
[22:22:31]   Epoch 034 300/1455 train_mae 2.32 kl 0.128 lr 1e-04 (59s)
[22:22:48]   Epoch 034 400/1455 train_mae 2.31 kl 0.130 lr 1e-04 (76s)
[22:23:08]   Epoch 034 500/1455 train_mae 2.30 kl 0.128 lr 1e-04 (96s)
[22:23:28]   Epoch 034 600/1455 train_mae 2.28 kl 0.130 lr 1e-04 (116s)
[22:23:48]   Epoch 034 700/1455 train_mae 2.28 kl 0.129 lr 1e-04 (136s)
[22:24:07]   Epoch 034 800/1455 train_mae 2.29 kl 0.127 lr 1e-04 (155s)
[22:24:23]   Epoch 034 900/1455 train_mae 2.29 kl 0.126 lr 1e-04 (171s)
[22:24:39]   Epoch 034 1000/1455 train_mae 2.28 kl 0.124 lr 1e-04 (186s)
[22:24:54]   Epoch 034 1100/1455 train_mae 2.28 kl 0.123 lr 1e-04 (202s)
[22:25:10]   Epoch 034 1200/1455 train_mae 2.28 kl 0.124 lr 1e-04 (218s)
[22:25:25]   Epoch 034 1300/1455 train_mae 2.27 kl 0.125 lr 1e-04 (233s)
[22:25:41]   Epoch 034 1400/1455 train_mae 2.27 kl 0.125 lr 1e-04 (249s)
[22:25:50]   Epoch 034 1455/1455 train_mae 2.27 kl 0.125 lr 1e-04 (258s)
[22:26:06] [Epoch 034 완료] train MAE 2.27 | val MAE 8.66 | val RMSE 11.67 | lr 1e-04 | 개선없음 24/15
[22:26:21]   Epoch 035 100/1455 train_mae 2.29 kl 0.115 lr 1e-04 (15s)
[22:26:37]   Epoch 035 200/1455 train_mae 2.29 kl 0.127 lr 1e-04 (31s)
[22:26:52]   Epoch 035 300/1455 train_mae 2.26 kl 0.127 lr 1e-04 (46s)
[22:27:07]   Epoch 035 400/1455 train_mae 2.24 kl 0.125 lr 1e-04 (61s)
[22:27:22]   Epoch 035 500/1455 train_mae 2.26 kl 0.125 lr 1e-04 (76s)
[22:27:40]   Epoch 035 600/1455 train_mae 2.25 kl 0.127 lr 1e-04 (94s)
[22:27:59]   Epoch 035 700/1455 train_mae 2.24 kl 0.125 lr 1e-04 (113s)
[22:28:18]   Epoch 035 800/1455 train_mae 2.24 kl 0.125 lr 1e-04 (132s)
[22:28:37]   Epoch 035 900/1455 train_mae 2.24 kl 0.125 lr 1e-04 (151s)
[22:28:57]   Epoch 035 1000/1455 train_mae 2.25 kl 0.124 lr 1e-04 (171s)
[22:29:14]   Epoch 035 1100/1455 train_mae 2.25 kl 0.123 lr 1e-04 (188s)
[22:29:29]   Epoch 035 1200/1455 train_mae 2.25 kl 0.123 lr 1e-04 (202s)
[22:29:47]   Epoch 035 1300/1455 train_mae 2.24 kl 0.124 lr 1e-04 (221s)
[22:30:06]   Epoch 035 1400/1455 train_mae 2.24 kl 0.125 lr 1e-04 (240s)
[22:30:16]   Epoch 035 1455/1455 train_mae 2.24 kl 0.125 lr 1e-04 (250s)
[22:30:32] [Epoch 035 완료] train MAE 2.24 | val MAE 8.55 | val RMSE 11.40 | lr 1e-04 | 개선없음 25/15
[22:30:52]   Epoch 036 100/1455 train_mae 2.07 kl 0.129 lr 1e-04 (20s)
[22:31:10]   Epoch 036 200/1455 train_mae 2.15 kl 0.125 lr 1e-04 (37s)
[22:31:30]   Epoch 036 300/1455 train_mae 2.10 kl 0.123 lr 1e-04 (57s)
[22:31:49]   Epoch 036 400/1455 train_mae 2.12 kl 0.123 lr 1e-04 (76s)
[22:32:08]   Epoch 036 500/1455 train_mae 2.14 kl 0.122 lr 1e-04 (95s)
[22:32:27]   Epoch 036 600/1455 train_mae 2.15 kl 0.120 lr 1e-04 (114s)
[22:32:44]   Epoch 036 700/1455 train_mae 2.15 kl 0.122 lr 1e-04 (131s)
[22:33:03]   Epoch 036 800/1455 train_mae 2.15 kl 0.123 lr 1e-04 (150s)
[22:33:23]   Epoch 036 900/1455 train_mae 2.15 kl 0.123 lr 1e-04 (170s)
[22:33:42]   Epoch 036 1000/1455 train_mae 2.16 kl 0.122 lr 1e-04 (189s)
[22:33:59]   Epoch 036 1100/1455 train_mae 2.16 kl 0.121 lr 1e-04 (206s)
[22:34:18]   Epoch 036 1200/1455 train_mae 2.17 kl 0.122 lr 1e-04 (225s)
[22:34:37]   Epoch 036 1300/1455 train_mae 2.15 kl 0.121 lr 1e-04 (244s)
[22:34:55]   Epoch 036 1400/1455 train_mae 2.15 kl 0.120 lr 1e-04 (262s)
[22:35:06]   Epoch 036 1455/1455 train_mae 2.15 kl 0.120 lr 1e-04 (273s)
[22:35:24] [Epoch 036 완료] train MAE 2.15 | val MAE 8.53 | val RMSE 11.39 | lr 1e-04 | 개선없음 26/15
[22:35:43]   Epoch 037 100/1455 train_mae 2.18 kl 0.109 lr 1e-04 (19s)
[22:36:03]   Epoch 037 200/1455 train_mae 2.17 kl 0.121 lr 1e-04 (38s)
[22:36:21]   Epoch 037 300/1455 train_mae 2.14 kl 0.118 lr 1e-04 (57s)
[22:36:40]   Epoch 037 400/1455 train_mae 2.14 kl 0.118 lr 1e-04 (75s)
[22:36:57]   Epoch 037 500/1455 train_mae 2.12 kl 0.117 lr 1e-04 (93s)
[22:37:17]   Epoch 037 600/1455 train_mae 2.15 kl 0.117 lr 1e-04 (112s)
[22:37:36]   Epoch 037 700/1455 train_mae 2.15 kl 0.116 lr 1e-04 (132s)
[22:37:54]   Epoch 037 800/1455 train_mae 2.14 kl 0.115 lr 1e-04 (150s)
[22:38:13]   Epoch 037 900/1455 train_mae 2.14 kl 0.115 lr 1e-04 (168s)
[22:38:30]   Epoch 037 1000/1455 train_mae 2.13 kl 0.114 lr 1e-04 (186s)
[22:38:47]   Epoch 037 1100/1455 train_mae 2.14 kl 0.115 lr 1e-04 (203s)
[22:39:06]   Epoch 037 1200/1455 train_mae 2.15 kl 0.116 lr 1e-04 (221s)
[22:39:25]   Epoch 037 1300/1455 train_mae 2.15 kl 0.117 lr 1e-04 (241s)
[22:39:45]   Epoch 037 1400/1455 train_mae 2.15 kl 0.116 lr 1e-04 (260s)
[22:39:54]   Epoch 037 1455/1455 train_mae 2.15 kl 0.116 lr 1e-04 (269s)
[22:40:11] [Epoch 037 완료] train MAE 2.15 | val MAE 8.60 | val RMSE 11.41 | lr 1e-04 | 개선없음 27/15
[22:40:31]   Epoch 038 100/1455 train_mae 2.30 kl 0.138 lr 1e-04 (19s)
[22:40:51]   Epoch 038 200/1455 train_mae 2.26 kl 0.134 lr 1e-04 (39s)
[22:41:09]   Epoch 038 300/1455 train_mae 2.22 kl 0.131 lr 1e-04 (58s)
[22:41:28]   Epoch 038 400/1455 train_mae 2.19 kl 0.126 lr 1e-04 (76s)
[22:41:47]   Epoch 038 500/1455 train_mae 2.16 kl 0.125 lr 1e-04 (96s)
[22:42:08]   Epoch 038 600/1455 train_mae 2.15 kl 0.124 lr 1e-04 (116s)
[22:42:28]   Epoch 038 700/1455 train_mae 2.15 kl 0.126 lr 1e-04 (136s)
[22:42:45]   Epoch 038 800/1455 train_mae 2.16 kl 0.125 lr 1e-04 (154s)
[22:43:04]   Epoch 038 900/1455 train_mae 2.16 kl 0.124 lr 1e-04 (173s)
[22:43:22]   Epoch 038 1000/1455 train_mae 2.16 kl 0.124 lr 1e-04 (191s)
[22:43:42]   Epoch 038 1100/1455 train_mae 2.15 kl 0.123 lr 1e-04 (210s)
[22:44:01]   Epoch 038 1200/1455 train_mae 2.16 kl 0.124 lr 1e-04 (230s)
[22:44:19]   Epoch 038 1300/1455 train_mae 2.15 kl 0.124 lr 1e-04 (247s)
[22:44:39]   Epoch 038 1400/1455 train_mae 2.15 kl 0.126 lr 1e-04 (267s)
[22:44:50]   Epoch 038 1455/1455 train_mae 2.14 kl 0.126 lr 1e-04 (278s)
[22:45:06] [Epoch 038 완료] train MAE 2.14 | val MAE 8.49 | val RMSE 11.24 | lr 1e-04 | 개선없음 28/15
[22:45:26]   Epoch 039 100/1455 train_mae 2.07 kl 0.138 lr 1e-04 (19s)
[22:45:44]   Epoch 039 200/1455 train_mae 2.08 kl 0.125 lr 1e-04 (37s)
[22:46:03]   Epoch 039 300/1455 train_mae 2.12 kl 0.121 lr 1e-04 (57s)
[22:46:22]   Epoch 039 400/1455 train_mae 2.10 kl 0.119 lr 1e-04 (76s)
[22:46:42]   Epoch 039 500/1455 train_mae 2.07 kl 0.118 lr 1e-04 (95s)
[22:46:59]   Epoch 039 600/1455 train_mae 2.07 kl 0.120 lr 1e-04 (113s)
[22:47:17]   Epoch 039 700/1455 train_mae 2.07 kl 0.121 lr 1e-04 (130s)
[22:47:36]   Epoch 039 800/1455 train_mae 2.08 kl 0.122 lr 1e-04 (150s)
[22:47:56]   Epoch 039 900/1455 train_mae 2.08 kl 0.120 lr 1e-04 (170s)
[22:48:16]   Epoch 039 1000/1455 train_mae 2.08 kl 0.121 lr 1e-04 (189s)
[22:48:34]   Epoch 039 1100/1455 train_mae 2.08 kl 0.120 lr 1e-04 (207s)
[22:48:53]   Epoch 039 1200/1455 train_mae 2.10 kl 0.120 lr 1e-04 (227s)
[22:49:14]   Epoch 039 1300/1455 train_mae 2.10 kl 0.121 lr 1e-04 (247s)
[22:49:34]   Epoch 039 1400/1455 train_mae 2.10 kl 0.121 lr 1e-04 (268s)
[22:49:45]   Epoch 039 1455/1455 train_mae 2.10 kl 0.120 lr 1e-04 (278s)
[22:50:01] [Epoch 039 완료] train MAE 2.10 | val MAE 8.63 | val RMSE 11.52 | lr 1e-04 | 개선없음 29/15
[22:50:20]   Epoch 040 100/1455 train_mae 2.03 kl 0.115 lr 1e-04 (19s)
[22:50:40]   Epoch 040 200/1455 train_mae 2.02 kl 0.109 lr 1e-04 (39s)
[22:50:58]   Epoch 040 300/1455 train_mae 2.05 kl 0.113 lr 1e-04 (57s)
[22:51:16]   Epoch 040 400/1455 train_mae 2.05 kl 0.114 lr 1e-04 (75s)
[22:51:33]   Epoch 040 500/1455 train_mae 2.06 kl 0.113 lr 1e-04 (92s)
[22:51:51]   Epoch 040 600/1455 train_mae 2.07 kl 0.111 lr 1e-04 (110s)
[22:52:09]   Epoch 040 700/1455 train_mae 2.07 kl 0.111 lr 1e-04 (128s)
[22:52:28]   Epoch 040 800/1455 train_mae 2.05 kl 0.110 lr 1e-04 (147s)
[22:52:47]   Epoch 040 900/1455 train_mae 2.07 kl 0.111 lr 1e-04 (166s)
[22:53:05]   Epoch 040 1000/1455 train_mae 2.06 kl 0.110 lr 1e-04 (184s)
[22:53:26]   Epoch 040 1100/1455 train_mae 2.06 kl 0.110 lr 1e-04 (205s)
[22:53:45]   Epoch 040 1200/1455 train_mae 2.07 kl 0.112 lr 1e-04 (224s)
[22:54:04]   Epoch 040 1300/1455 train_mae 2.08 kl 0.114 lr 1e-04 (243s)
[22:54:24]   Epoch 040 1400/1455 train_mae 2.08 kl 0.115 lr 1e-04 (263s)
[22:54:33]   Epoch 040 1455/1455 train_mae 2.08 kl 0.115 lr 1e-04 (272s)
[22:54:51] [Epoch 040 완료] train MAE 2.08 | val MAE 8.60 | val RMSE 11.46 | lr 1e-04 | 개선없음 30/15
[22:55:11]   Epoch 041 100/1455 train_mae 2.04 kl 0.107 lr 1e-04 (19s)
[22:55:31]   Epoch 041 200/1455 train_mae 2.03 kl 0.114 lr 1e-04 (39s)
[22:55:49]   Epoch 041 300/1455 train_mae 2.10 kl 0.117 lr 1e-04 (58s)
[22:56:08]   Epoch 041 400/1455 train_mae 2.11 kl 0.120 lr 1e-04 (76s)
[22:56:35]   Epoch 041 500/1455 train_mae 2.11 kl 0.117 lr 1e-04 (104s)
[22:57:13]   Epoch 041 600/1455 train_mae 2.09 kl 0.118 lr 1e-04 (141s)
[22:57:53]   Epoch 041 700/1455 train_mae 2.09 kl 0.118 lr 1e-04 (181s)
[22:58:34]   Epoch 041 800/1455 train_mae 2.09 kl 0.116 lr 1e-04 (222s)
[22:59:15]   Epoch 041 900/1455 train_mae 2.07 kl 0.114 lr 1e-04 (263s)
[22:59:59]   Epoch 041 1000/1455 train_mae 2.07 kl 0.115 lr 1e-04 (307s)
[23:00:41]   Epoch 041 1100/1455 train_mae 2.07 kl 0.116 lr 1e-04 (349s)
[23:01:23]   Epoch 041 1200/1455 train_mae 2.07 kl 0.116 lr 1e-04 (392s)
[23:02:06]   Epoch 041 1300/1455 train_mae 2.08 kl 0.117 lr 1e-04 (435s)
[23:02:49]   Epoch 041 1400/1455 train_mae 2.07 kl 0.118 lr 1e-04 (477s)
[23:03:14]   Epoch 041 1455/1455 train_mae 2.07 kl 0.118 lr 1e-04 (502s)
[23:04:12] [Epoch 041 완료] train MAE 2.07 | val MAE 8.70 | val RMSE 11.60 | lr 1e-04 | 개선없음 31/15
[23:04:40]   Epoch 042 100/1455 train_mae 2.17 kl 0.107 lr 1e-04 (28s)
[23:05:08]   Epoch 042 200/1455 train_mae 2.07 kl 0.114 lr 1e-04 (55s)
[23:05:36]   Epoch 042 300/1455 train_mae 2.08 kl 0.113 lr 1e-04 (84s)
[23:06:04]   Epoch 042 400/1455 train_mae 2.05 kl 0.112 lr 1e-04 (111s)
[23:06:30]   Epoch 042 500/1455 train_mae 2.05 kl 0.114 lr 1e-04 (138s)
[23:06:58]   Epoch 042 600/1455 train_mae 2.04 kl 0.113 lr 1e-04 (166s)
[23:07:26]   Epoch 042 700/1455 train_mae 2.04 kl 0.116 lr 1e-04 (194s)
[23:07:52]   Epoch 042 800/1455 train_mae 2.05 kl 0.117 lr 1e-04 (219s)
[23:08:20]   Epoch 042 900/1455 train_mae 2.04 kl 0.116 lr 1e-04 (247s)
[23:08:48]   Epoch 042 1000/1455 train_mae 2.05 kl 0.115 lr 1e-04 (275s)
[23:09:13]   Epoch 042 1100/1455 train_mae 2.04 kl 0.116 lr 1e-04 (301s)
[23:09:39]   Epoch 042 1200/1455 train_mae 2.04 kl 0.116 lr 1e-04 (327s)
[23:10:07]   Epoch 042 1300/1455 train_mae 2.04 kl 0.117 lr 1e-04 (355s)
[23:10:53]   Epoch 042 1400/1455 train_mae 2.03 kl 0.119 lr 1e-04 (400s)
[23:11:05]   Epoch 042 1455/1455 train_mae 2.03 kl 0.118 lr 1e-04 (412s)
[23:11:19] [Epoch 042 완료] train MAE 2.03 | val MAE 8.59 | val RMSE 11.49 | lr 1e-04 | 개선없음 32/15
[23:11:34]   Epoch 043 100/1455 train_mae 1.96 kl 0.128 lr 1e-04 (15s)
[23:11:49]   Epoch 043 200/1455 train_mae 1.99 kl 0.120 lr 1e-04 (30s)
[23:12:06]   Epoch 043 300/1455 train_mae 2.00 kl 0.123 lr 1e-04 (47s)
[23:12:21]   Epoch 043 400/1455 train_mae 2.01 kl 0.120 lr 1e-04 (62s)
[23:12:36]   Epoch 043 500/1455 train_mae 2.00 kl 0.121 lr 1e-04 (77s)
[23:12:52]   Epoch 043 600/1455 train_mae 2.00 kl 0.120 lr 1e-04 (93s)
[23:13:07]   Epoch 043 700/1455 train_mae 2.01 kl 0.122 lr 1e-04 (108s)
[23:13:22]   Epoch 043 800/1455 train_mae 1.99 kl 0.122 lr 1e-04 (122s)
[23:13:36]   Epoch 043 900/1455 train_mae 1.99 kl 0.121 lr 1e-04 (137s)
[23:13:52]   Epoch 043 1000/1455 train_mae 2.00 kl 0.120 lr 1e-04 (153s)
[23:14:08]   Epoch 043 1100/1455 train_mae 2.02 kl 0.122 lr 1e-04 (169s)
[23:14:23]   Epoch 043 1200/1455 train_mae 2.01 kl 0.121 lr 1e-04 (184s)
[23:14:38]   Epoch 043 1300/1455 train_mae 2.02 kl 0.121 lr 1e-04 (199s)
[23:14:53]   Epoch 043 1400/1455 train_mae 2.02 kl 0.120 lr 1e-04 (214s)
[23:15:01]   Epoch 043 1455/1455 train_mae 2.01 kl 0.120 lr 1e-04 (222s)
[23:15:16] [Epoch 043 완료] train MAE 2.01 | val MAE 8.57 | val RMSE 11.44 | lr 1e-04 | 개선없음 33/15
[23:15:32]   Epoch 044 100/1455 train_mae 1.94 kl 0.098 lr 1e-04 (15s)
[23:15:48]   Epoch 044 200/1455 train_mae 1.90 kl 0.103 lr 1e-04 (31s)
[23:16:03]   Epoch 044 300/1455 train_mae 1.96 kl 0.110 lr 1e-04 (47s)
[23:16:19]   Epoch 044 400/1455 train_mae 1.97 kl 0.112 lr 1e-04 (62s)
[23:16:35]   Epoch 044 500/1455 train_mae 1.97 kl 0.114 lr 1e-04 (78s)
[23:16:50]   Epoch 044 600/1455 train_mae 1.96 kl 0.114 lr 1e-04 (93s)
[23:17:05]   Epoch 044 700/1455 train_mae 1.97 kl 0.115 lr 1e-04 (108s)
[23:17:21]   Epoch 044 800/1455 train_mae 1.98 kl 0.117 lr 1e-04 (124s)
[23:17:36]   Epoch 044 900/1455 train_mae 2.00 kl 0.117 lr 1e-04 (140s)
[23:17:52]   Epoch 044 1000/1455 train_mae 2.00 kl 0.117 lr 1e-04 (155s)
[23:18:08]   Epoch 044 1100/1455 train_mae 2.00 kl 0.117 lr 1e-04 (171s)
[23:18:23]   Epoch 044 1200/1455 train_mae 1.99 kl 0.118 lr 1e-04 (186s)
[23:18:38]   Epoch 044 1300/1455 train_mae 1.99 kl 0.119 lr 1e-04 (202s)
[23:18:53]   Epoch 044 1400/1455 train_mae 1.99 kl 0.119 lr 1e-04 (217s)
[23:19:02]   Epoch 044 1455/1455 train_mae 2.00 kl 0.118 lr 1e-04 (225s)
[23:19:20] [Epoch 044 완료] train MAE 2.00 | val MAE 8.64 | val RMSE 11.50 | lr 1e-04 | 개선없음 34/15
[23:19:36]   Epoch 045 100/1455 train_mae 2.05 kl 0.114 lr 1e-04 (15s)
[23:19:51]   Epoch 045 200/1455 train_mae 2.05 kl 0.121 lr 1e-04 (31s)
[23:20:06]   Epoch 045 300/1455 train_mae 2.04 kl 0.119 lr 1e-04 (46s)
[23:20:21]   Epoch 045 400/1455 train_mae 2.02 kl 0.119 lr 1e-04 (61s)
[23:20:37]   Epoch 045 500/1455 train_mae 1.98 kl 0.119 lr 1e-04 (77s)
[23:20:52]   Epoch 045 600/1455 train_mae 1.99 kl 0.117 lr 1e-04 (92s)
[23:21:07]   Epoch 045 700/1455 train_mae 1.99 kl 0.115 lr 1e-04 (107s)
[23:21:22]   Epoch 045 800/1455 train_mae 1.98 kl 0.115 lr 1e-04 (122s)
[23:21:38]   Epoch 045 900/1455 train_mae 1.97 kl 0.115 lr 1e-04 (138s)
[23:21:53]   Epoch 045 1000/1455 train_mae 1.96 kl 0.116 lr 1e-04 (153s)
[23:22:08]   Epoch 045 1100/1455 train_mae 1.96 kl 0.116 lr 1e-04 (168s)
[23:22:24]   Epoch 045 1200/1455 train_mae 1.96 kl 0.114 lr 1e-04 (184s)
[23:22:39]   Epoch 045 1300/1455 train_mae 1.95 kl 0.114 lr 1e-04 (199s)
[23:22:55]   Epoch 045 1400/1455 train_mae 1.95 kl 0.114 lr 1e-04 (215s)
[23:23:04]   Epoch 045 1455/1455 train_mae 1.95 kl 0.114 lr 1e-04 (224s)
[23:23:19] [Epoch 045 완료] train MAE 1.95 | val MAE 8.55 | val RMSE 11.34 | lr 1e-04 | 개선없음 35/15
[23:23:35]   Epoch 046 100/1455 train_mae 1.89 kl 0.115 lr 1e-04 (16s)
[23:23:51]   Epoch 046 200/1455 train_mae 1.90 kl 0.114 lr 1e-04 (31s)
[23:24:06]   Epoch 046 300/1455 train_mae 1.93 kl 0.117 lr 1e-04 (47s)
[23:24:22]   Epoch 046 400/1455 train_mae 1.94 kl 0.118 lr 1e-04 (62s)
[23:24:37]   Epoch 046 500/1455 train_mae 1.95 kl 0.118 lr 1e-04 (77s)
[23:24:53]   Epoch 046 600/1455 train_mae 1.96 kl 0.118 lr 1e-04 (93s)
[23:25:08]   Epoch 046 700/1455 train_mae 1.95 kl 0.117 lr 1e-04 (108s)
[23:25:24]   Epoch 046 800/1455 train_mae 1.94 kl 0.116 lr 1e-04 (124s)
[23:25:39]   Epoch 046 900/1455 train_mae 1.94 kl 0.116 lr 1e-04 (139s)
[23:25:54]   Epoch 046 1000/1455 train_mae 1.94 kl 0.119 lr 1e-04 (154s)
[23:26:10]   Epoch 046 1100/1455 train_mae 1.94 kl 0.119 lr 1e-04 (170s)
[23:26:25]   Epoch 046 1200/1455 train_mae 1.94 kl 0.120 lr 1e-04 (186s)
[23:26:41]   Epoch 046 1300/1455 train_mae 1.94 kl 0.119 lr 1e-04 (201s)
[23:26:55]   Epoch 046 1400/1455 train_mae 1.94 kl 0.119 lr 1e-04 (216s)
[23:27:04]   Epoch 046 1455/1455 train_mae 1.95 kl 0.119 lr 1e-04 (224s)
[23:27:21] [Epoch 046 완료] train MAE 1.95 | val MAE 8.58 | val RMSE 11.46 | lr 1e-04 | 개선없음 36/15
[23:27:36]   Epoch 047 100/1455 train_mae 2.02 kl 0.125 lr 1e-04 (15s)
[23:27:51]   Epoch 047 200/1455 train_mae 2.03 kl 0.133 lr 1e-04 (30s)
[23:28:07]   Epoch 047 300/1455 train_mae 1.99 kl 0.136 lr 1e-04 (46s)
[23:28:22]   Epoch 047 400/1455 train_mae 1.98 kl 0.132 lr 1e-04 (61s)
[23:28:38]   Epoch 047 500/1455 train_mae 1.94 kl 0.134 lr 1e-04 (77s)
[23:28:53]   Epoch 047 600/1455 train_mae 1.94 kl 0.132 lr 1e-04 (92s)
[23:29:09]   Epoch 047 700/1455 train_mae 1.96 kl 0.128 lr 1e-04 (108s)
[23:29:24]   Epoch 047 800/1455 train_mae 1.94 kl 0.126 lr 1e-04 (123s)
[23:29:40]   Epoch 047 900/1455 train_mae 1.93 kl 0.125 lr 1e-04 (138s)
[23:29:55]   Epoch 047 1000/1455 train_mae 1.93 kl 0.124 lr 1e-04 (154s)
[23:30:10]   Epoch 047 1100/1455 train_mae 1.93 kl 0.123 lr 1e-04 (169s)
[23:30:26]   Epoch 047 1200/1455 train_mae 1.93 kl 0.122 lr 1e-04 (185s)
[23:30:41]   Epoch 047 1300/1455 train_mae 1.93 kl 0.121 lr 1e-04 (200s)
[23:30:57]   Epoch 047 1400/1455 train_mae 1.93 kl 0.120 lr 1e-04 (216s)
[23:31:05]   Epoch 047 1455/1455 train_mae 1.93 kl 0.120 lr 1e-04 (224s)
[23:31:20] [Epoch 047 완료] train MAE 1.93 | val MAE 8.48 | val RMSE 11.32 | lr 1e-04 | 개선없음 37/15
[23:31:36]   Epoch 048 100/1455 train_mae 1.78 kl 0.140 lr 1e-04 (15s)
[23:31:51]   Epoch 048 200/1455 train_mae 1.79 kl 0.135 lr 1e-04 (30s)
[23:32:06]   Epoch 048 300/1455 train_mae 1.83 kl 0.130 lr 1e-04 (46s)
[23:32:22]   Epoch 048 400/1455 train_mae 1.83 kl 0.126 lr 1e-04 (61s)
[23:32:37]   Epoch 048 500/1455 train_mae 1.86 kl 0.124 lr 1e-04 (77s)
[23:32:52]   Epoch 048 600/1455 train_mae 1.90 kl 0.120 lr 1e-04 (92s)
[23:33:08]   Epoch 048 700/1455 train_mae 1.91 kl 0.120 lr 1e-04 (107s)
[23:33:23]   Epoch 048 800/1455 train_mae 1.91 kl 0.121 lr 1e-04 (123s)
[23:33:39]   Epoch 048 900/1455 train_mae 1.91 kl 0.122 lr 1e-04 (138s)
[23:33:54]   Epoch 048 1000/1455 train_mae 1.91 kl 0.122 lr 1e-04 (153s)
[23:34:09]   Epoch 048 1100/1455 train_mae 1.92 kl 0.122 lr 1e-04 (169s)
[23:34:25]   Epoch 048 1200/1455 train_mae 1.93 kl 0.121 lr 1e-04 (185s)
[23:34:41]   Epoch 048 1300/1455 train_mae 1.93 kl 0.120 lr 1e-04 (200s)
[23:34:56]   Epoch 048 1400/1455 train_mae 1.92 kl 0.121 lr 1e-04 (216s)
[23:35:05]   Epoch 048 1455/1455 train_mae 1.92 kl 0.121 lr 1e-04 (224s)
[23:35:20] [Epoch 048 완료] train MAE 1.92 | val MAE 8.51 | val RMSE 11.32 | lr 1e-04 | 개선없음 38/15
[23:35:36]   Epoch 049 100/1455 train_mae 1.93 kl 0.129 lr 1e-04 (15s)
[23:35:51]   Epoch 049 200/1455 train_mae 1.90 kl 0.118 lr 1e-04 (31s)
[23:36:07]   Epoch 049 300/1455 train_mae 1.89 kl 0.120 lr 1e-04 (46s)
[23:36:22]   Epoch 049 400/1455 train_mae 1.91 kl 0.115 lr 1e-04 (62s)
[23:36:38]   Epoch 049 500/1455 train_mae 1.90 kl 0.116 lr 1e-04 (77s)
[23:36:53]   Epoch 049 600/1455 train_mae 1.91 kl 0.117 lr 1e-04 (92s)
[23:37:08]   Epoch 049 700/1455 train_mae 1.91 kl 0.121 lr 1e-04 (108s)
[23:37:23]   Epoch 049 800/1455 train_mae 1.90 kl 0.121 lr 1e-04 (123s)
[23:37:39]   Epoch 049 900/1455 train_mae 1.90 kl 0.121 lr 1e-04 (139s)
[23:37:55]   Epoch 049 1000/1455 train_mae 1.91 kl 0.119 lr 1e-04 (154s)
[23:38:10]   Epoch 049 1100/1455 train_mae 1.90 kl 0.120 lr 1e-04 (170s)
[23:38:26]   Epoch 049 1200/1455 train_mae 1.89 kl 0.120 lr 1e-04 (185s)
[23:38:42]   Epoch 049 1300/1455 train_mae 1.90 kl 0.120 lr 1e-04 (202s)
[23:38:58]   Epoch 049 1400/1455 train_mae 1.89 kl 0.121 lr 1e-04 (217s)
[23:39:07]   Epoch 049 1455/1455 train_mae 1.89 kl 0.120 lr 1e-04 (226s)
[23:39:24] [Epoch 049 완료] train MAE 1.89 | val MAE 8.52 | val RMSE 11.32 | lr 1e-04 | 개선없음 39/15
[23:39:40]   Epoch 050 100/1455 train_mae 2.01 kl 0.141 lr 1e-04 (15s)
[23:39:55]   Epoch 050 200/1455 train_mae 1.95 kl 0.131 lr 1e-04 (31s)
[23:40:10]   Epoch 050 300/1455 train_mae 1.94 kl 0.124 lr 1e-04 (46s)
[23:40:26]   Epoch 050 400/1455 train_mae 1.92 kl 0.121 lr 1e-04 (62s)
[23:40:42]   Epoch 050 500/1455 train_mae 1.90 kl 0.123 lr 1e-04 (77s)
[23:40:57]   Epoch 050 600/1455 train_mae 1.92 kl 0.122 lr 1e-04 (93s)
[23:41:13]   Epoch 050 700/1455 train_mae 1.91 kl 0.121 lr 1e-04 (108s)
[23:41:28]   Epoch 050 800/1455 train_mae 1.90 kl 0.119 lr 1e-04 (124s)
[23:41:43]   Epoch 050 900/1455 train_mae 1.90 kl 0.117 lr 1e-04 (139s)
[23:41:59]   Epoch 050 1000/1455 train_mae 1.90 kl 0.116 lr 1e-04 (154s)
[23:42:14]   Epoch 050 1100/1455 train_mae 1.91 kl 0.117 lr 1e-04 (170s)
[23:42:29]   Epoch 050 1200/1455 train_mae 1.90 kl 0.118 lr 1e-04 (185s)
[23:42:45]   Epoch 050 1300/1455 train_mae 1.90 kl 0.119 lr 1e-04 (201s)
[23:43:00]   Epoch 050 1400/1455 train_mae 1.91 kl 0.118 lr 1e-04 (216s)
[23:43:09]   Epoch 050 1455/1455 train_mae 1.90 kl 0.118 lr 1e-04 (224s)
[23:43:25] [Epoch 050 완료] train MAE 1.90 | val MAE 8.56 | val RMSE 11.32 | lr 1e-04 | 개선없음 40/15
[23:43:41]   Epoch 051 100/1455 train_mae 1.92 kl 0.118 lr 1e-04 (15s)
[23:43:56]   Epoch 051 200/1455 train_mae 1.85 kl 0.127 lr 1e-04 (31s)
[23:44:11]   Epoch 051 300/1455 train_mae 1.85 kl 0.120 lr 1e-04 (46s)
[23:44:27]   Epoch 051 400/1455 train_mae 1.85 kl 0.124 lr 1e-04 (62s)
[23:44:42]   Epoch 051 500/1455 train_mae 1.85 kl 0.128 lr 1e-04 (77s)
[23:44:58]   Epoch 051 600/1455 train_mae 1.84 kl 0.129 lr 1e-04 (92s)
[23:45:12]   Epoch 051 700/1455 train_mae 1.85 kl 0.124 lr 1e-04 (107s)
[23:45:28]   Epoch 051 800/1455 train_mae 1.85 kl 0.125 lr 1e-04 (122s)
[23:45:44]   Epoch 051 900/1455 train_mae 1.85 kl 0.125 lr 1e-04 (139s)
[23:46:00]   Epoch 051 1000/1455 train_mae 1.87 kl 0.126 lr 1e-04 (155s)
[23:46:15]   Epoch 051 1100/1455 train_mae 1.87 kl 0.126 lr 1e-04 (170s)
[23:46:31]   Epoch 051 1200/1455 train_mae 1.87 kl 0.127 lr 1e-04 (185s)
[23:46:46]   Epoch 051 1300/1455 train_mae 1.86 kl 0.127 lr 1e-04 (201s)
[23:47:02]   Epoch 051 1400/1455 train_mae 1.86 kl 0.126 lr 1e-04 (216s)
[23:47:10]   Epoch 051 1455/1455 train_mae 1.86 kl 0.126 lr 1e-04 (225s)
[23:47:25] [Epoch 051 완료] train MAE 1.86 | val MAE 8.66 | val RMSE 11.50 | lr 1e-04 | 개선없음 41/15
[23:47:40]   Epoch 052 100/1455 train_mae 2.00 kl 0.118 lr 1e-04 (15s)
[23:47:55]   Epoch 052 200/1455 train_mae 1.90 kl 0.120 lr 1e-04 (30s)
[23:48:11]   Epoch 052 300/1455 train_mae 1.85 kl 0.123 lr 1e-04 (46s)
[23:48:26]   Epoch 052 400/1455 train_mae 1.81 kl 0.123 lr 1e-04 (61s)
[23:48:41]   Epoch 052 500/1455 train_mae 1.80 kl 0.125 lr 1e-04 (76s)
[23:48:56]   Epoch 052 600/1455 train_mae 1.81 kl 0.124 lr 1e-04 (91s)
[23:49:12]   Epoch 052 700/1455 train_mae 1.83 kl 0.125 lr 1e-04 (106s)
[23:49:28]   Epoch 052 800/1455 train_mae 1.83 kl 0.124 lr 1e-04 (122s)
[23:49:44]   Epoch 052 900/1455 train_mae 1.82 kl 0.122 lr 1e-04 (138s)
[23:49:59]   Epoch 052 1000/1455 train_mae 1.83 kl 0.121 lr 1e-04 (154s)
[23:50:14]   Epoch 052 1100/1455 train_mae 1.83 kl 0.123 lr 1e-04 (169s)
[23:50:30]   Epoch 052 1200/1455 train_mae 1.84 kl 0.121 lr 1e-04 (185s)
[23:50:45]   Epoch 052 1300/1455 train_mae 1.84 kl 0.120 lr 1e-04 (200s)
[23:51:00]   Epoch 052 1400/1455 train_mae 1.84 kl 0.119 lr 1e-04 (215s)
[23:51:09]   Epoch 052 1455/1455 train_mae 1.85 kl 0.120 lr 1e-04 (224s)
[23:51:26] [Epoch 052 완료] train MAE 1.85 | val MAE 8.58 | val RMSE 11.48 | lr 1e-04 | 개선없음 42/15
[23:51:42]   Epoch 053 100/1455 train_mae 1.75 kl 0.112 lr 1e-04 (16s)
[23:51:57]   Epoch 053 200/1455 train_mae 1.78 kl 0.107 lr 1e-04 (31s)
[23:52:12]   Epoch 053 300/1455 train_mae 1.81 kl 0.107 lr 1e-04 (46s)
[23:52:28]   Epoch 053 400/1455 train_mae 1.79 kl 0.110 lr 1e-04 (61s)
[23:52:43]   Epoch 053 500/1455 train_mae 1.82 kl 0.115 lr 1e-04 (77s)
[23:52:58]   Epoch 053 600/1455 train_mae 1.80 kl 0.117 lr 1e-04 (92s)
[23:53:14]   Epoch 053 700/1455 train_mae 1.79 kl 0.117 lr 1e-04 (107s)
[23:53:30]   Epoch 053 800/1455 train_mae 1.80 kl 0.115 lr 1e-04 (124s)
[23:53:46]   Epoch 053 900/1455 train_mae 1.79 kl 0.116 lr 1e-04 (140s)
[23:54:01]   Epoch 053 1000/1455 train_mae 1.78 kl 0.115 lr 1e-04 (155s)
[23:54:17]   Epoch 053 1100/1455 train_mae 1.79 kl 0.114 lr 1e-04 (171s)
[23:54:33]   Epoch 053 1200/1455 train_mae 1.80 kl 0.115 lr 1e-04 (186s)
[23:54:48]   Epoch 053 1300/1455 train_mae 1.80 kl 0.116 lr 1e-04 (202s)
[23:55:03]   Epoch 053 1400/1455 train_mae 1.80 kl 0.116 lr 1e-04 (217s)
[23:55:12]   Epoch 053 1455/1455 train_mae 1.81 kl 0.115 lr 1e-04 (225s)
[23:55:28] [Epoch 053 완료] train MAE 1.81 | val MAE 8.51 | val RMSE 11.38 | lr 1e-04 | 개선없음 43/15
[23:55:44]   Epoch 054 100/1455 train_mae 1.86 kl 0.123 lr 1e-04 (15s)
[23:55:59]   Epoch 054 200/1455 train_mae 1.85 kl 0.124 lr 1e-04 (31s)
[23:56:15]   Epoch 054 300/1455 train_mae 1.85 kl 0.119 lr 1e-04 (47s)
[23:56:31]   Epoch 054 400/1455 train_mae 1.85 kl 0.119 lr 1e-04 (62s)
[23:56:46]   Epoch 054 500/1455 train_mae 1.83 kl 0.124 lr 1e-04 (78s)
[23:57:02]   Epoch 054 600/1455 train_mae 1.83 kl 0.121 lr 1e-04 (93s)
[23:57:17]   Epoch 054 700/1455 train_mae 1.84 kl 0.122 lr 1e-04 (108s)
[23:57:32]   Epoch 054 800/1455 train_mae 1.84 kl 0.123 lr 1e-04 (124s)
[23:57:48]   Epoch 054 900/1455 train_mae 1.83 kl 0.124 lr 1e-04 (139s)
[23:58:03]   Epoch 054 1000/1455 train_mae 1.85 kl 0.126 lr 1e-04 (155s)
[23:58:19]   Epoch 054 1100/1455 train_mae 1.85 kl 0.126 lr 1e-04 (170s)
[23:58:34]   Epoch 054 1200/1455 train_mae 1.85 kl 0.126 lr 1e-04 (185s)
[23:58:49]   Epoch 054 1300/1455 train_mae 1.85 kl 0.125 lr 1e-04 (201s)
[23:59:05]   Epoch 054 1400/1455 train_mae 1.85 kl 0.125 lr 1e-04 (216s)
[23:59:13]   Epoch 054 1455/1455 train_mae 1.85 kl 0.125 lr 1e-04 (225s)
[23:59:30] [Epoch 054 완료] train MAE 1.85 | val MAE 8.66 | val RMSE 11.58 | lr 1e-04 | 개선없음 44/15
[23:59:46]   Epoch 055 100/1455 train_mae 1.82 kl 0.116 lr 1e-04 (15s)
[00:00:01]   Epoch 055 200/1455 train_mae 1.76 kl 0.124 lr 1e-04 (31s)
[00:00:16]   Epoch 055 300/1455 train_mae 1.78 kl 0.124 lr 1e-04 (46s)
[00:00:32]   Epoch 055 400/1455 train_mae 1.79 kl 0.125 lr 1e-04 (62s)
[00:00:48]   Epoch 055 500/1455 train_mae 1.78 kl 0.123 lr 1e-04 (77s)
[00:01:03]   Epoch 055 600/1455 train_mae 1.78 kl 0.124 lr 1e-04 (92s)
[00:01:18]   Epoch 055 700/1455 train_mae 1.76 kl 0.123 lr 1e-04 (108s)
[00:01:33]   Epoch 055 800/1455 train_mae 1.77 kl 0.124 lr 1e-04 (123s)
[00:01:49]   Epoch 055 900/1455 train_mae 1.77 kl 0.125 lr 1e-04 (138s)
[00:02:04]   Epoch 055 1000/1455 train_mae 1.77 kl 0.125 lr 1e-04 (154s)
[00:02:19]   Epoch 055 1100/1455 train_mae 1.78 kl 0.123 lr 1e-04 (169s)
[00:02:35]   Epoch 055 1200/1455 train_mae 1.78 kl 0.123 lr 1e-04 (185s)
[00:02:51]   Epoch 055 1300/1455 train_mae 1.78 kl 0.123 lr 1e-04 (201s)
[00:03:07]   Epoch 055 1400/1455 train_mae 1.79 kl 0.124 lr 1e-04 (216s)
[00:03:15]   Epoch 055 1455/1455 train_mae 1.79 kl 0.124 lr 1e-04 (225s)
[00:03:31] [Epoch 055 완료] train MAE 1.79 | val MAE 8.49 | val RMSE 11.24 | lr 1e-04 | 개선없음 45/15
[00:03:47]   Epoch 056 100/1455 train_mae 1.83 kl 0.118 lr 1e-04 (16s)
[00:04:03]   Epoch 056 200/1455 train_mae 1.79 kl 0.120 lr 1e-04 (31s)
[00:04:18]   Epoch 056 300/1455 train_mae 1.75 kl 0.121 lr 1e-04 (47s)
[00:04:34]   Epoch 056 400/1455 train_mae 1.76 kl 0.120 lr 1e-04 (62s)
[00:04:49]   Epoch 056 500/1455 train_mae 1.77 kl 0.121 lr 1e-04 (77s)
[00:05:04]   Epoch 056 600/1455 train_mae 1.78 kl 0.124 lr 1e-04 (93s)
[00:05:19]   Epoch 056 700/1455 train_mae 1.80 kl 0.122 lr 1e-04 (108s)
[00:05:35]   Epoch 056 800/1455 train_mae 1.79 kl 0.125 lr 1e-04 (123s)
[00:05:50]   Epoch 056 900/1455 train_mae 1.79 kl 0.123 lr 1e-04 (138s)
[00:06:06]   Epoch 056 1000/1455 train_mae 1.77 kl 0.123 lr 1e-04 (154s)
[00:06:22]   Epoch 056 1100/1455 train_mae 1.77 kl 0.122 lr 1e-04 (170s)
[00:06:37]   Epoch 056 1200/1455 train_mae 1.77 kl 0.122 lr 1e-04 (185s)
[00:06:52]   Epoch 056 1300/1455 train_mae 1.78 kl 0.121 lr 1e-04 (201s)
[00:07:08]   Epoch 056 1400/1455 train_mae 1.79 kl 0.121 lr 1e-04 (216s)
[00:07:17]   Epoch 056 1455/1455 train_mae 1.78 kl 0.121 lr 1e-04 (225s)
[00:07:31] [Epoch 056 완료] train MAE 1.78 | val MAE 8.74 | val RMSE 11.67 | lr 1e-04 | 개선없음 46/15
[00:07:46]   Epoch 057 100/1455 train_mae 1.85 kl 0.113 lr 1e-04 (15s)
[00:08:02]   Epoch 057 200/1455 train_mae 1.82 kl 0.125 lr 1e-04 (30s)
[00:08:17]   Epoch 057 300/1455 train_mae 1.81 kl 0.122 lr 1e-04 (46s)
[00:08:33]   Epoch 057 400/1455 train_mae 1.77 kl 0.123 lr 1e-04 (61s)
[00:08:48]   Epoch 057 500/1455 train_mae 1.76 kl 0.124 lr 1e-04 (76s)
[00:09:03]   Epoch 057 600/1455 train_mae 1.74 kl 0.124 lr 1e-04 (92s)
[00:09:19]   Epoch 057 700/1455 train_mae 1.76 kl 0.121 lr 1e-04 (107s)
[00:09:34]   Epoch 057 800/1455 train_mae 1.76 kl 0.121 lr 1e-04 (122s)
[00:09:50]   Epoch 057 900/1455 train_mae 1.76 kl 0.120 lr 1e-04 (138s)
[00:10:05]   Epoch 057 1000/1455 train_mae 1.75 kl 0.121 lr 1e-04 (153s)
[00:10:20]   Epoch 057 1100/1455 train_mae 1.75 kl 0.119 lr 1e-04 (168s)
[00:10:36]   Epoch 057 1200/1455 train_mae 1.75 kl 0.119 lr 1e-04 (185s)
[00:10:52]   Epoch 057 1300/1455 train_mae 1.75 kl 0.120 lr 1e-04 (200s)
[00:11:07]   Epoch 057 1400/1455 train_mae 1.76 kl 0.120 lr 1e-04 (215s)
[00:11:16]   Epoch 057 1455/1455 train_mae 1.76 kl 0.122 lr 1e-04 (224s)
[00:11:32] [Epoch 057 완료] train MAE 1.76 | val MAE 8.58 | val RMSE 11.38 | lr 1e-04 | 개선없음 47/15
[00:11:48]   Epoch 058 100/1455 train_mae 1.72 kl 0.122 lr 1e-04 (16s)
[00:12:03]   Epoch 058 200/1455 train_mae 1.77 kl 0.124 lr 1e-04 (31s)
[00:12:18]   Epoch 058 300/1455 train_mae 1.79 kl 0.130 lr 1e-04 (46s)
[00:12:34]   Epoch 058 400/1455 train_mae 1.79 kl 0.127 lr 1e-04 (62s)
[00:12:49]   Epoch 058 500/1455 train_mae 1.77 kl 0.123 lr 1e-04 (76s)
[00:13:04]   Epoch 058 600/1455 train_mae 1.77 kl 0.122 lr 1e-04 (92s)
[00:13:20]   Epoch 058 700/1455 train_mae 1.74 kl 0.123 lr 1e-04 (108s)
[00:13:35]   Epoch 058 800/1455 train_mae 1.75 kl 0.121 lr 1e-04 (123s)
[00:13:51]   Epoch 058 900/1455 train_mae 1.76 kl 0.123 lr 1e-04 (139s)
[00:14:06]   Epoch 058 1000/1455 train_mae 1.76 kl 0.123 lr 1e-04 (154s)
[00:14:22]   Epoch 058 1100/1455 train_mae 1.76 kl 0.122 lr 1e-04 (169s)
[00:14:37]   Epoch 058 1200/1455 train_mae 1.75 kl 0.121 lr 1e-04 (185s)
[00:14:53]   Epoch 058 1300/1455 train_mae 1.76 kl 0.121 lr 1e-04 (201s)
[00:15:09]   Epoch 058 1400/1455 train_mae 1.75 kl 0.122 lr 1e-04 (217s)
[00:15:17]   Epoch 058 1455/1455 train_mae 1.75 kl 0.123 lr 1e-04 (225s)
[00:15:34] [Epoch 058 완료] train MAE 1.75 | val MAE 8.53 | val RMSE 11.42 | lr 1e-04 | 개선없음 48/15
[00:15:49]   Epoch 059 100/1455 train_mae 1.70 kl 0.120 lr 1e-04 (15s)
[00:16:04]   Epoch 059 200/1455 train_mae 1.72 kl 0.117 lr 1e-04 (30s)
[00:16:20]   Epoch 059 300/1455 train_mae 1.70 kl 0.119 lr 1e-04 (46s)
[00:16:35]   Epoch 059 400/1455 train_mae 1.69 kl 0.118 lr 1e-04 (61s)
[00:16:51]   Epoch 059 500/1455 train_mae 1.71 kl 0.121 lr 1e-04 (77s)
[00:17:06]   Epoch 059 600/1455 train_mae 1.71 kl 0.122 lr 1e-04 (92s)
[00:17:21]   Epoch 059 700/1455 train_mae 1.70 kl 0.125 lr 1e-04 (107s)
[00:17:37]   Epoch 059 800/1455 train_mae 1.73 kl 0.126 lr 1e-04 (123s)
[00:17:52]   Epoch 059 900/1455 train_mae 1.73 kl 0.131 lr 1e-04 (138s)
[00:18:08]   Epoch 059 1000/1455 train_mae 1.74 kl 0.132 lr 1e-04 (154s)
[00:18:23]   Epoch 059 1100/1455 train_mae 1.75 kl 0.134 lr 1e-04 (169s)
[00:18:39]   Epoch 059 1200/1455 train_mae 1.75 kl 0.133 lr 1e-04 (184s)
[00:18:54]   Epoch 059 1300/1455 train_mae 1.74 kl 0.133 lr 1e-04 (200s)
[00:19:09]   Epoch 059 1400/1455 train_mae 1.75 kl 0.133 lr 1e-04 (215s)
[00:19:18]   Epoch 059 1455/1455 train_mae 1.74 kl 0.133 lr 1e-04 (224s)
[00:19:34] [Epoch 059 완료] train MAE 1.74 | val MAE 8.54 | val RMSE 11.32 | lr 1e-04 | 개선없음 49/15
[00:19:50]   Epoch 060 100/1455 train_mae 1.77 kl 0.117 lr 1e-04 (16s)
[00:20:05]   Epoch 060 200/1455 train_mae 1.81 kl 0.119 lr 1e-04 (30s)
[00:20:20]   Epoch 060 300/1455 train_mae 1.78 kl 0.123 lr 1e-04 (46s)
[00:20:36]   Epoch 060 400/1455 train_mae 1.79 kl 0.121 lr 1e-04 (61s)
[00:20:51]   Epoch 060 500/1455 train_mae 1.76 kl 0.125 lr 1e-04 (77s)
[00:21:06]   Epoch 060 600/1455 train_mae 1.76 kl 0.124 lr 1e-04 (92s)
[00:21:22]   Epoch 060 700/1455 train_mae 1.76 kl 0.121 lr 1e-04 (107s)
[00:21:37]   Epoch 060 800/1455 train_mae 1.76 kl 0.122 lr 1e-04 (122s)
[00:21:52]   Epoch 060 900/1455 train_mae 1.75 kl 0.121 lr 1e-04 (138s)
[00:22:07]   Epoch 060 1000/1455 train_mae 1.75 kl 0.121 lr 1e-04 (153s)
[00:22:23]   Epoch 060 1100/1455 train_mae 1.75 kl 0.120 lr 1e-04 (168s)
[00:22:38]   Epoch 060 1200/1455 train_mae 1.75 kl 0.120 lr 1e-04 (184s)
[00:22:54]   Epoch 060 1300/1455 train_mae 1.75 kl 0.122 lr 1e-04 (200s)
[00:23:09]   Epoch 060 1400/1455 train_mae 1.75 kl 0.122 lr 1e-04 (215s)
[00:23:18]   Epoch 060 1455/1455 train_mae 1.75 kl 0.122 lr 1e-04 (223s)
[00:23:34] [Epoch 060 완료] train MAE 1.75 | val MAE 8.34 | val RMSE 11.18 | lr 1e-04 | * best 저장 (val MAE 8.34)
[00:23:50]   Epoch 061 100/1455 train_mae 1.67 kl 0.125 lr 3e-05 (15s)
[00:24:05]   Epoch 061 200/1455 train_mae 1.57 kl 0.126 lr 3e-05 (30s)
[00:24:21]   Epoch 061 300/1455 train_mae 1.53 kl 0.126 lr 3e-05 (46s)
[00:24:36]   Epoch 061 400/1455 train_mae 1.48 kl 0.125 lr 3e-05 (61s)
[00:24:52]   Epoch 061 500/1455 train_mae 1.46 kl 0.128 lr 3e-05 (77s)
[00:25:07]   Epoch 061 600/1455 train_mae 1.46 kl 0.128 lr 3e-05 (93s)
[00:25:23]   Epoch 061 700/1455 train_mae 1.44 kl 0.125 lr 3e-05 (108s)
[00:25:39]   Epoch 061 800/1455 train_mae 1.45 kl 0.125 lr 3e-05 (124s)
[00:25:54]   Epoch 061 900/1455 train_mae 1.43 kl 0.124 lr 3e-05 (139s)
[00:26:09]   Epoch 061 1000/1455 train_mae 1.43 kl 0.123 lr 3e-05 (155s)
[00:26:25]   Epoch 061 1100/1455 train_mae 1.42 kl 0.121 lr 3e-05 (170s)
[00:26:40]   Epoch 061 1200/1455 train_mae 1.41 kl 0.120 lr 3e-05 (186s)
[00:26:56]   Epoch 061 1300/1455 train_mae 1.41 kl 0.120 lr 3e-05 (201s)
[00:27:11]   Epoch 061 1400/1455 train_mae 1.40 kl 0.120 lr 3e-05 (217s)
[00:27:20]   Epoch 061 1455/1455 train_mae 1.40 kl 0.120 lr 3e-05 (225s)
[00:27:36] [Epoch 061 완료] train MAE 1.40 | val MAE 8.42 | val RMSE 11.25 | lr 3e-05 | 개선없음 1/15
[00:27:52]   Epoch 062 100/1455 train_mae 1.22 kl 0.130 lr 3e-05 (15s)
[00:28:08]   Epoch 062 200/1455 train_mae 1.18 kl 0.121 lr 3e-05 (31s)
[00:28:23]   Epoch 062 300/1455 train_mae 1.19 kl 0.114 lr 3e-05 (46s)
[00:28:39]   Epoch 062 400/1455 train_mae 1.18 kl 0.111 lr 3e-05 (62s)
[00:28:54]   Epoch 062 500/1455 train_mae 1.18 kl 0.110 lr 3e-05 (78s)
[00:29:10]   Epoch 062 600/1455 train_mae 1.17 kl 0.112 lr 3e-05 (93s)
[00:29:25]   Epoch 062 700/1455 train_mae 1.17 kl 0.111 lr 3e-05 (108s)
[00:29:40]   Epoch 062 800/1455 train_mae 1.17 kl 0.111 lr 3e-05 (123s)
[00:29:55]   Epoch 062 900/1455 train_mae 1.19 kl 0.110 lr 3e-05 (138s)
[00:30:10]   Epoch 062 1000/1455 train_mae 1.18 kl 0.110 lr 3e-05 (153s)
[00:30:26]   Epoch 062 1100/1455 train_mae 1.18 kl 0.109 lr 3e-05 (169s)
[00:30:41]   Epoch 062 1200/1455 train_mae 1.18 kl 0.109 lr 3e-05 (184s)
[00:30:56]   Epoch 062 1300/1455 train_mae 1.18 kl 0.109 lr 3e-05 (199s)
[00:31:11]   Epoch 062 1400/1455 train_mae 1.18 kl 0.108 lr 3e-05 (214s)
[00:31:19]   Epoch 062 1455/1455 train_mae 1.18 kl 0.108 lr 3e-05 (222s)
[00:31:36] [Epoch 062 완료] train MAE 1.18 | val MAE 8.35 | val RMSE 11.17 | lr 3e-05 | 개선없음 2/15
[00:31:52]   Epoch 063 100/1455 train_mae 1.12 kl 0.105 lr 3e-05 (16s)
[00:32:07]   Epoch 063 200/1455 train_mae 1.07 kl 0.102 lr 3e-05 (31s)
[00:32:22]   Epoch 063 300/1455 train_mae 1.08 kl 0.100 lr 3e-05 (46s)
[00:32:38]   Epoch 063 400/1455 train_mae 1.08 kl 0.099 lr 3e-05 (62s)
[00:32:54]   Epoch 063 500/1455 train_mae 1.08 kl 0.103 lr 3e-05 (77s)
[00:33:09]   Epoch 063 600/1455 train_mae 1.07 kl 0.104 lr 3e-05 (93s)
[00:33:24]   Epoch 063 700/1455 train_mae 1.08 kl 0.103 lr 3e-05 (108s)
[00:33:40]   Epoch 063 800/1455 train_mae 1.08 kl 0.103 lr 3e-05 (123s)
[00:33:55]   Epoch 063 900/1455 train_mae 1.08 kl 0.104 lr 3e-05 (139s)
[00:34:10]   Epoch 063 1000/1455 train_mae 1.08 kl 0.104 lr 3e-05 (154s)
[00:34:27]   Epoch 063 1100/1455 train_mae 1.08 kl 0.104 lr 3e-05 (170s)
[00:34:44]   Epoch 063 1200/1455 train_mae 1.08 kl 0.104 lr 3e-05 (187s)
[00:35:01]   Epoch 063 1300/1455 train_mae 1.08 kl 0.104 lr 3e-05 (204s)
[00:35:18]   Epoch 063 1400/1455 train_mae 1.09 kl 0.105 lr 3e-05 (221s)
[00:35:27]   Epoch 063 1455/1455 train_mae 1.09 kl 0.105 lr 3e-05 (231s)
[00:35:45] [Epoch 063 완료] train MAE 1.09 | val MAE 8.43 | val RMSE 11.28 | lr 3e-05 | 개선없음 3/15
[00:36:02]   Epoch 064 100/1455 train_mae 1.00 kl 0.096 lr 3e-05 (17s)
[00:36:20]   Epoch 064 200/1455 train_mae 1.00 kl 0.098 lr 3e-05 (34s)
[00:36:37]   Epoch 064 300/1455 train_mae 0.98 kl 0.096 lr 3e-05 (52s)
[00:36:54]   Epoch 064 400/1455 train_mae 0.98 kl 0.096 lr 3e-05 (68s)
[00:37:11]   Epoch 064 500/1455 train_mae 1.00 kl 0.096 lr 3e-05 (86s)
[00:37:27]   Epoch 064 600/1455 train_mae 0.99 kl 0.096 lr 3e-05 (102s)
[00:37:43]   Epoch 064 700/1455 train_mae 1.01 kl 0.096 lr 3e-05 (117s)
[00:37:58]   Epoch 064 800/1455 train_mae 1.01 kl 0.098 lr 3e-05 (133s)
[00:38:13]   Epoch 064 900/1455 train_mae 1.01 kl 0.097 lr 3e-05 (148s)
[00:38:29]   Epoch 064 1000/1455 train_mae 1.01 kl 0.097 lr 3e-05 (163s)
[00:38:44]   Epoch 064 1100/1455 train_mae 1.01 kl 0.097 lr 3e-05 (179s)
[00:39:00]   Epoch 064 1200/1455 train_mae 1.01 kl 0.096 lr 3e-05 (194s)
[00:39:15]   Epoch 064 1300/1455 train_mae 1.01 kl 0.097 lr 3e-05 (210s)
[00:39:30]   Epoch 064 1400/1455 train_mae 1.01 kl 0.097 lr 3e-05 (225s)
[00:39:39]   Epoch 064 1455/1455 train_mae 1.01 kl 0.097 lr 3e-05 (233s)
[00:39:54] [Epoch 064 완료] train MAE 1.01 | val MAE 8.44 | val RMSE 11.23 | lr 3e-05 | 개선없음 4/15
[00:40:09]   Epoch 065 100/1455 train_mae 0.90 kl 0.104 lr 3e-05 (15s)
[00:40:26]   Epoch 065 200/1455 train_mae 0.94 kl 0.104 lr 3e-05 (31s)
[00:40:41]   Epoch 065 300/1455 train_mae 0.96 kl 0.100 lr 3e-05 (47s)
[00:40:56]   Epoch 065 400/1455 train_mae 0.98 kl 0.101 lr 3e-05 (62s)
[00:41:11]   Epoch 065 500/1455 train_mae 0.98 kl 0.100 lr 3e-05 (77s)
[00:41:27]   Epoch 065 600/1455 train_mae 0.98 kl 0.101 lr 3e-05 (93s)
[00:41:42]   Epoch 065 700/1455 train_mae 0.98 kl 0.101 lr 3e-05 (108s)
[00:41:57]   Epoch 065 800/1455 train_mae 0.97 kl 0.100 lr 3e-05 (123s)
[00:42:13]   Epoch 065 900/1455 train_mae 0.97 kl 0.099 lr 3e-05 (139s)
[00:42:29]   Epoch 065 1000/1455 train_mae 0.96 kl 0.099 lr 3e-05 (154s)
[00:42:44]   Epoch 065 1100/1455 train_mae 0.96 kl 0.098 lr 3e-05 (170s)
[00:42:59]   Epoch 065 1200/1455 train_mae 0.96 kl 0.098 lr 3e-05 (185s)
[00:43:15]   Epoch 065 1300/1455 train_mae 0.96 kl 0.098 lr 3e-05 (201s)
[00:43:31]   Epoch 065 1400/1455 train_mae 0.96 kl 0.097 lr 3e-05 (216s)
[00:43:39]   Epoch 065 1455/1455 train_mae 0.96 kl 0.097 lr 3e-05 (225s)
[00:43:54] [Epoch 065 완료] train MAE 0.96 | val MAE 8.36 | val RMSE 11.19 | lr 3e-05 | 개선없음 5/15
[00:44:10]   Epoch 066 100/1455 train_mae 0.95 kl 0.095 lr 3e-05 (15s)
[00:44:26]   Epoch 066 200/1455 train_mae 0.97 kl 0.090 lr 3e-05 (31s)
[00:44:41]   Epoch 066 300/1455 train_mae 0.98 kl 0.093 lr 3e-05 (46s)
[00:44:56]   Epoch 066 400/1455 train_mae 0.95 kl 0.093 lr 3e-05 (61s)
[00:45:11]   Epoch 066 500/1455 train_mae 0.95 kl 0.094 lr 3e-05 (76s)
[00:45:26]   Epoch 066 600/1455 train_mae 0.95 kl 0.095 lr 3e-05 (91s)
[00:45:42]   Epoch 066 700/1455 train_mae 0.95 kl 0.094 lr 3e-05 (107s)
[00:45:58]   Epoch 066 800/1455 train_mae 0.95 kl 0.094 lr 3e-05 (123s)
[00:46:13]   Epoch 066 900/1455 train_mae 0.95 kl 0.094 lr 3e-05 (138s)
[00:46:30]   Epoch 066 1000/1455 train_mae 0.96 kl 0.093 lr 3e-05 (155s)
[00:46:47]   Epoch 066 1100/1455 train_mae 0.95 kl 0.094 lr 3e-05 (172s)
[00:47:02]   Epoch 066 1200/1455 train_mae 0.95 kl 0.093 lr 3e-05 (187s)
[00:47:18]   Epoch 066 1300/1455 train_mae 0.95 kl 0.093 lr 3e-05 (203s)
[00:47:33]   Epoch 066 1400/1455 train_mae 0.95 kl 0.092 lr 3e-05 (219s)
[00:47:42]   Epoch 066 1455/1455 train_mae 0.95 kl 0.092 lr 3e-05 (227s)
[00:48:01] [Epoch 066 완료] train MAE 0.95 | val MAE 8.40 | val RMSE 11.23 | lr 3e-05 | 개선없음 6/15
[00:48:28]   Epoch 067 100/1455 train_mae 0.91 kl 0.095 lr 3e-05 (26s)
[00:48:53]   Epoch 067 200/1455 train_mae 0.89 kl 0.092 lr 3e-05 (51s)
[00:49:15]   Epoch 067 300/1455 train_mae 0.88 kl 0.099 lr 3e-05 (73s)
[00:49:39]   Epoch 067 400/1455 train_mae 0.89 kl 0.098 lr 3e-05 (97s)
[00:50:02]   Epoch 067 500/1455 train_mae 0.90 kl 0.095 lr 3e-05 (120s)
[00:50:24]   Epoch 067 600/1455 train_mae 0.90 kl 0.094 lr 3e-05 (142s)
[00:50:46]   Epoch 067 700/1455 train_mae 0.90 kl 0.093 lr 3e-05 (165s)
[00:51:08]   Epoch 067 800/1455 train_mae 0.91 kl 0.094 lr 3e-05 (187s)
[00:51:30]   Epoch 067 900/1455 train_mae 0.91 kl 0.094 lr 3e-05 (209s)
[00:51:50]   Epoch 067 1000/1455 train_mae 0.92 kl 0.094 lr 3e-05 (229s)
[00:52:08]   Epoch 067 1100/1455 train_mae 0.92 kl 0.093 lr 3e-05 (247s)
[00:52:28]   Epoch 067 1200/1455 train_mae 0.91 kl 0.094 lr 3e-05 (266s)
[00:52:47]   Epoch 067 1300/1455 train_mae 0.91 kl 0.093 lr 3e-05 (285s)
[00:53:05]   Epoch 067 1400/1455 train_mae 0.91 kl 0.094 lr 3e-05 (304s)
[00:53:16]   Epoch 067 1455/1455 train_mae 0.91 kl 0.094 lr 3e-05 (314s)
[00:53:34] [Epoch 067 완료] train MAE 0.91 | val MAE 8.37 | val RMSE 11.20 | lr 3e-05 | 개선없음 7/15
[00:53:53]   Epoch 068 100/1455 train_mae 0.92 kl 0.090 lr 3e-05 (19s)
[00:54:14]   Epoch 068 200/1455 train_mae 0.90 kl 0.089 lr 3e-05 (40s)
[00:54:35]   Epoch 068 300/1455 train_mae 0.89 kl 0.087 lr 3e-05 (61s)
[00:54:54]   Epoch 068 400/1455 train_mae 0.88 kl 0.091 lr 3e-05 (80s)
[00:55:12]   Epoch 068 500/1455 train_mae 0.87 kl 0.091 lr 3e-05 (98s)
[00:55:31]   Epoch 068 600/1455 train_mae 0.88 kl 0.092 lr 3e-05 (117s)
[00:55:50]   Epoch 068 700/1455 train_mae 0.88 kl 0.092 lr 3e-05 (136s)
[00:56:09]   Epoch 068 800/1455 train_mae 0.88 kl 0.091 lr 3e-05 (154s)
[00:56:27]   Epoch 068 900/1455 train_mae 0.89 kl 0.091 lr 3e-05 (173s)
[00:56:50]   Epoch 068 1000/1455 train_mae 0.89 kl 0.093 lr 3e-05 (195s)
[00:57:12]   Epoch 068 1100/1455 train_mae 0.89 kl 0.092 lr 3e-05 (218s)
[00:57:35]   Epoch 068 1200/1455 train_mae 0.89 kl 0.092 lr 3e-05 (241s)
[00:57:57]   Epoch 068 1300/1455 train_mae 0.90 kl 0.092 lr 3e-05 (263s)
[00:58:20]   Epoch 068 1400/1455 train_mae 0.90 kl 0.092 lr 3e-05 (286s)
[00:58:32]   Epoch 068 1455/1455 train_mae 0.90 kl 0.092 lr 3e-05 (298s)
[00:58:54] [Epoch 068 완료] train MAE 0.90 | val MAE 8.42 | val RMSE 11.27 | lr 3e-05 | 개선없음 8/15
[00:59:17]   Epoch 069 100/1455 train_mae 0.86 kl 0.085 lr 3e-05 (22s)
[00:59:40]   Epoch 069 200/1455 train_mae 0.88 kl 0.089 lr 3e-05 (45s)
[01:00:03]   Epoch 069 300/1455 train_mae 0.90 kl 0.088 lr 3e-05 (68s)
[01:00:22]   Epoch 069 400/1455 train_mae 0.90 kl 0.087 lr 3e-05 (87s)
[01:00:40]   Epoch 069 500/1455 train_mae 0.90 kl 0.088 lr 3e-05 (105s)
[01:00:59]   Epoch 069 600/1455 train_mae 0.89 kl 0.086 lr 3e-05 (124s)
[01:01:17]   Epoch 069 700/1455 train_mae 0.89 kl 0.087 lr 3e-05 (142s)
[01:01:36]   Epoch 069 800/1455 train_mae 0.90 kl 0.086 lr 3e-05 (161s)
[01:01:55]   Epoch 069 900/1455 train_mae 0.90 kl 0.087 lr 3e-05 (180s)
[01:02:15]   Epoch 069 1000/1455 train_mae 0.90 kl 0.087 lr 3e-05 (200s)
[01:02:36]   Epoch 069 1100/1455 train_mae 0.89 kl 0.087 lr 3e-05 (221s)
[01:02:56]   Epoch 069 1200/1455 train_mae 0.89 kl 0.087 lr 3e-05 (241s)
[01:03:15]   Epoch 069 1300/1455 train_mae 0.90 kl 0.087 lr 3e-05 (260s)
[01:03:34]   Epoch 069 1400/1455 train_mae 0.90 kl 0.088 lr 3e-05 (279s)
[01:03:44]   Epoch 069 1455/1455 train_mae 0.90 kl 0.088 lr 3e-05 (288s)
[01:04:02] [Epoch 069 완료] train MAE 0.90 | val MAE 8.44 | val RMSE 11.29 | lr 3e-05 | 개선없음 9/15
[01:04:21]   Epoch 070 100/1455 train_mae 0.86 kl 0.080 lr 3e-05 (19s)
[01:04:40]   Epoch 070 200/1455 train_mae 0.86 kl 0.087 lr 3e-05 (37s)
[01:05:01]   Epoch 070 300/1455 train_mae 0.88 kl 0.089 lr 3e-05 (59s)
[01:05:25]   Epoch 070 400/1455 train_mae 0.88 kl 0.089 lr 3e-05 (82s)
[01:05:48]   Epoch 070 500/1455 train_mae 0.87 kl 0.088 lr 3e-05 (105s)
[01:06:10]   Epoch 070 600/1455 train_mae 0.87 kl 0.087 lr 3e-05 (127s)
[01:06:33]   Epoch 070 700/1455 train_mae 0.89 kl 0.088 lr 3e-05 (151s)
[01:06:56]   Epoch 070 800/1455 train_mae 0.89 kl 0.087 lr 3e-05 (174s)
[01:07:19]   Epoch 070 900/1455 train_mae 0.89 kl 0.086 lr 3e-05 (196s)
[01:07:41]   Epoch 070 1000/1455 train_mae 0.89 kl 0.085 lr 3e-05 (218s)
[01:08:03]   Epoch 070 1100/1455 train_mae 0.88 kl 0.086 lr 3e-05 (241s)
[01:08:25]   Epoch 070 1200/1455 train_mae 0.88 kl 0.086 lr 3e-05 (262s)
[01:08:43]   Epoch 070 1300/1455 train_mae 0.88 kl 0.086 lr 3e-05 (281s)
[01:09:02]   Epoch 070 1400/1455 train_mae 0.88 kl 0.085 lr 3e-05 (299s)
[01:09:12]   Epoch 070 1455/1455 train_mae 0.88 kl 0.086 lr 3e-05 (309s)
[01:09:30] [Epoch 070 완료] train MAE 0.88 | val MAE 8.42 | val RMSE 11.23 | lr 3e-05 | 개선없음 10/15
[01:09:49]   Epoch 071 100/1455 train_mae 0.91 kl 0.084 lr 3e-05 (18s)
[01:10:09]   Epoch 071 200/1455 train_mae 0.88 kl 0.090 lr 3e-05 (39s)
[01:10:30]   Epoch 071 300/1455 train_mae 0.87 kl 0.087 lr 3e-05 (60s)
[01:10:50]   Epoch 071 400/1455 train_mae 0.87 kl 0.087 lr 3e-05 (80s)
[01:11:09]   Epoch 071 500/1455 train_mae 0.88 kl 0.087 lr 3e-05 (99s)
[01:11:27]   Epoch 071 600/1455 train_mae 0.87 kl 0.087 lr 3e-05 (117s)
[01:11:46]   Epoch 071 700/1455 train_mae 0.87 kl 0.087 lr 3e-05 (135s)
[01:12:04]   Epoch 071 800/1455 train_mae 0.87 kl 0.087 lr 3e-05 (154s)
[01:12:22]   Epoch 071 900/1455 train_mae 0.87 kl 0.086 lr 3e-05 (172s)
[01:12:44]   Epoch 071 1000/1455 train_mae 0.87 kl 0.087 lr 3e-05 (193s)
[01:13:07]   Epoch 071 1100/1455 train_mae 0.87 kl 0.086 lr 3e-05 (217s)
[01:13:30]   Epoch 071 1200/1455 train_mae 0.87 kl 0.086 lr 3e-05 (240s)
[01:13:54]   Epoch 071 1300/1455 train_mae 0.87 kl 0.086 lr 3e-05 (264s)
[01:14:17]   Epoch 071 1400/1455 train_mae 0.87 kl 0.085 lr 3e-05 (287s)
[01:14:30]   Epoch 071 1455/1455 train_mae 0.87 kl 0.085 lr 3e-05 (300s)
[01:14:52] [Epoch 071 완료] train MAE 0.87 | val MAE 8.38 | val RMSE 11.17 | lr 3e-05 | 개선없음 11/15
[01:15:15]   Epoch 072 100/1455 train_mae 0.82 kl 0.091 lr 3e-05 (22s)
[01:15:37]   Epoch 072 200/1455 train_mae 0.86 kl 0.091 lr 3e-05 (44s)
[01:15:58]   Epoch 072 300/1455 train_mae 0.84 kl 0.088 lr 3e-05 (66s)
[01:16:16]   Epoch 072 400/1455 train_mae 0.85 kl 0.088 lr 3e-05 (84s)
[01:16:35]   Epoch 072 500/1455 train_mae 0.85 kl 0.089 lr 3e-05 (102s)
[01:16:53]   Epoch 072 600/1455 train_mae 0.85 kl 0.090 lr 3e-05 (121s)
[01:17:12]   Epoch 072 700/1455 train_mae 0.85 kl 0.090 lr 3e-05 (139s)
[01:17:31]   Epoch 072 800/1455 train_mae 0.85 kl 0.088 lr 3e-05 (158s)
[01:17:52]   Epoch 072 900/1455 train_mae 0.84 kl 0.087 lr 3e-05 (179s)
[01:18:13]   Epoch 072 1000/1455 train_mae 0.84 kl 0.088 lr 3e-05 (200s)
[01:18:31]   Epoch 072 1100/1455 train_mae 0.84 kl 0.088 lr 3e-05 (219s)
[01:18:50]   Epoch 072 1200/1455 train_mae 0.85 kl 0.087 lr 3e-05 (237s)
[01:19:09]   Epoch 072 1300/1455 train_mae 0.85 kl 0.086 lr 3e-05 (256s)
[01:19:28]   Epoch 072 1400/1455 train_mae 0.85 kl 0.086 lr 3e-05 (275s)
[01:19:38]   Epoch 072 1455/1455 train_mae 0.85 kl 0.085 lr 3e-05 (285s)
[01:19:56] [Epoch 072 완료] train MAE 0.85 | val MAE 8.32 | val RMSE 11.11 | lr 3e-05 | * best 저장 (val MAE 8.32)
[01:20:20]   Epoch 073 100/1455 train_mae 0.86 kl 0.076 lr 3e-05 (23s)
[01:20:43]   Epoch 073 200/1455 train_mae 0.86 kl 0.076 lr 3e-05 (46s)
[01:21:06]   Epoch 073 300/1455 train_mae 0.84 kl 0.080 lr 3e-05 (69s)
[01:21:29]   Epoch 073 400/1455 train_mae 0.84 kl 0.080 lr 3e-05 (92s)
[01:21:51]   Epoch 073 500/1455 train_mae 0.85 kl 0.080 lr 3e-05 (114s)
[01:22:13]   Epoch 073 600/1455 train_mae 0.84 kl 0.081 lr 3e-05 (136s)
[01:22:36]   Epoch 073 700/1455 train_mae 0.85 kl 0.080 lr 3e-05 (159s)
[01:22:58]   Epoch 073 800/1455 train_mae 0.85 kl 0.080 lr 3e-05 (181s)
[01:23:20]   Epoch 073 900/1455 train_mae 0.85 kl 0.080 lr 3e-05 (203s)
[01:23:39]   Epoch 073 1000/1455 train_mae 0.85 kl 0.080 lr 3e-05 (222s)
[01:23:57]   Epoch 073 1100/1455 train_mae 0.84 kl 0.080 lr 3e-05 (240s)
[01:24:16]   Epoch 073 1200/1455 train_mae 0.85 kl 0.081 lr 3e-05 (259s)
[01:24:34]   Epoch 073 1300/1455 train_mae 0.84 kl 0.081 lr 3e-05 (277s)
[01:24:54]   Epoch 073 1400/1455 train_mae 0.85 kl 0.081 lr 3e-05 (297s)
[01:25:04]   Epoch 073 1455/1455 train_mae 0.85 kl 0.081 lr 3e-05 (307s)
[01:25:25] [Epoch 073 완료] train MAE 0.85 | val MAE 8.40 | val RMSE 11.24 | lr 3e-05 | 개선없음 1/15
[01:25:45]   Epoch 074 100/1455 train_mae 0.82 kl 0.077 lr 3e-05 (20s)
[01:26:05]   Epoch 074 200/1455 train_mae 0.83 kl 0.081 lr 3e-05 (40s)
[01:26:23]   Epoch 074 300/1455 train_mae 0.84 kl 0.083 lr 3e-05 (58s)
[01:26:41]   Epoch 074 400/1455 train_mae 0.84 kl 0.083 lr 3e-05 (76s)
[01:27:00]   Epoch 074 500/1455 train_mae 0.86 kl 0.084 lr 3e-05 (95s)
[01:27:19]   Epoch 074 600/1455 train_mae 0.85 kl 0.084 lr 3e-05 (114s)
[01:27:42]   Epoch 074 700/1455 train_mae 0.85 kl 0.083 lr 3e-05 (137s)
[01:28:05]   Epoch 074 800/1455 train_mae 0.85 kl 0.083 lr 3e-05 (160s)
[01:28:27]   Epoch 074 900/1455 train_mae 0.85 kl 0.083 lr 3e-05 (182s)
[01:28:50]   Epoch 074 1000/1455 train_mae 0.85 kl 0.083 lr 3e-05 (205s)
[01:29:13]   Epoch 074 1100/1455 train_mae 0.84 kl 0.083 lr 3e-05 (228s)
[01:29:35]   Epoch 074 1200/1455 train_mae 0.84 kl 0.083 lr 3e-05 (250s)
[01:29:58]   Epoch 074 1300/1455 train_mae 0.84 kl 0.083 lr 3e-05 (272s)
[01:30:20]   Epoch 074 1400/1455 train_mae 0.84 kl 0.083 lr 3e-05 (295s)
[01:30:32]   Epoch 074 1455/1455 train_mae 0.84 kl 0.083 lr 3e-05 (307s)
[01:30:52] [Epoch 074 완료] train MAE 0.84 | val MAE 8.37 | val RMSE 11.26 | lr 3e-05 | 개선없음 2/15
[01:31:11]   Epoch 075 100/1455 train_mae 0.87 kl 0.079 lr 3e-05 (18s)
[01:31:29]   Epoch 075 200/1455 train_mae 0.85 kl 0.082 lr 3e-05 (36s)
[01:31:48]   Epoch 075 300/1455 train_mae 0.87 kl 0.084 lr 3e-05 (55s)
[01:32:06]   Epoch 075 400/1455 train_mae 0.85 kl 0.082 lr 3e-05 (73s)
[01:32:28]   Epoch 075 500/1455 train_mae 0.84 kl 0.081 lr 3e-05 (95s)
[01:32:49]   Epoch 075 600/1455 train_mae 0.83 kl 0.081 lr 3e-05 (116s)
[01:33:08]   Epoch 075 700/1455 train_mae 0.83 kl 0.082 lr 3e-05 (135s)
[01:33:26]   Epoch 075 800/1455 train_mae 0.83 kl 0.081 lr 3e-05 (153s)
[01:33:45]   Epoch 075 900/1455 train_mae 0.83 kl 0.081 lr 3e-05 (172s)
[01:34:04]   Epoch 075 1000/1455 train_mae 0.84 kl 0.081 lr 3e-05 (191s)
[01:34:22]   Epoch 075 1100/1455 train_mae 0.84 kl 0.081 lr 3e-05 (209s)
[01:34:43]   Epoch 075 1200/1455 train_mae 0.85 kl 0.082 lr 3e-05 (230s)
[01:35:06]   Epoch 075 1300/1455 train_mae 0.84 kl 0.082 lr 3e-05 (253s)
[01:35:29]   Epoch 075 1400/1455 train_mae 0.84 kl 0.083 lr 3e-05 (276s)
[01:35:42]   Epoch 075 1455/1455 train_mae 0.84 kl 0.083 lr 3e-05 (289s)
[01:36:04] [Epoch 075 완료] train MAE 0.84 | val MAE 8.45 | val RMSE 11.29 | lr 3e-05 | 개선없음 3/15
[01:36:27]   Epoch 076 100/1455 train_mae 0.81 kl 0.096 lr 3e-05 (23s)
[01:36:50]   Epoch 076 200/1455 train_mae 0.83 kl 0.090 lr 3e-05 (46s)
[01:37:13]   Epoch 076 300/1455 train_mae 0.82 kl 0.087 lr 3e-05 (68s)
[01:37:35]   Epoch 076 400/1455 train_mae 0.82 kl 0.086 lr 3e-05 (90s)
[01:37:57]   Epoch 076 500/1455 train_mae 0.82 kl 0.086 lr 3e-05 (113s)
[01:38:16]   Epoch 076 600/1455 train_mae 0.81 kl 0.085 lr 3e-05 (132s)
[01:38:35]   Epoch 076 700/1455 train_mae 0.81 kl 0.085 lr 3e-05 (150s)
[01:38:53]   Epoch 076 800/1455 train_mae 0.81 kl 0.084 lr 3e-05 (169s)
[01:39:12]   Epoch 076 900/1455 train_mae 0.82 kl 0.084 lr 3e-05 (188s)
[01:39:31]   Epoch 076 1000/1455 train_mae 0.82 kl 0.083 lr 3e-05 (206s)
[01:39:50]   Epoch 076 1100/1455 train_mae 0.82 kl 0.084 lr 3e-05 (225s)
[01:40:10]   Epoch 076 1200/1455 train_mae 0.82 kl 0.084 lr 3e-05 (246s)
[01:40:31]   Epoch 076 1300/1455 train_mae 0.82 kl 0.084 lr 3e-05 (267s)
[01:40:50]   Epoch 076 1400/1455 train_mae 0.82 kl 0.083 lr 3e-05 (285s)
[01:41:00]   Epoch 076 1455/1455 train_mae 0.82 kl 0.083 lr 3e-05 (296s)
[01:41:17] [Epoch 076 완료] train MAE 0.82 | val MAE 8.34 | val RMSE 11.14 | lr 3e-05 | 개선없음 4/15
[01:41:37]   Epoch 077 100/1455 train_mae 0.85 kl 0.084 lr 3e-05 (19s)
[01:41:55]   Epoch 077 200/1455 train_mae 0.83 kl 0.088 lr 3e-05 (37s)
[01:42:15]   Epoch 077 300/1455 train_mae 0.83 kl 0.086 lr 3e-05 (57s)
[01:42:39]   Epoch 077 400/1455 train_mae 0.84 kl 0.087 lr 3e-05 (81s)
[01:43:02]   Epoch 077 500/1455 train_mae 0.83 kl 0.085 lr 3e-05 (104s)
[01:43:25]   Epoch 077 600/1455 train_mae 0.82 kl 0.085 lr 3e-05 (127s)
[01:43:48]   Epoch 077 700/1455 train_mae 0.82 kl 0.085 lr 3e-05 (150s)
[01:44:10]   Epoch 077 800/1455 train_mae 0.82 kl 0.084 lr 3e-05 (172s)
[01:44:32]   Epoch 077 900/1455 train_mae 0.82 kl 0.084 lr 3e-05 (194s)
[01:44:54]   Epoch 077 1000/1455 train_mae 0.83 kl 0.084 lr 3e-05 (216s)
[01:45:16]   Epoch 077 1100/1455 train_mae 0.82 kl 0.083 lr 3e-05 (238s)
[01:45:38]   Epoch 077 1200/1455 train_mae 0.83 kl 0.082 lr 3e-05 (260s)
[01:45:56]   Epoch 077 1300/1455 train_mae 0.82 kl 0.082 lr 3e-05 (278s)
[01:46:15]   Epoch 077 1400/1455 train_mae 0.82 kl 0.082 lr 3e-05 (297s)
[01:46:25]   Epoch 077 1455/1455 train_mae 0.82 kl 0.082 lr 3e-05 (307s)
[01:46:43] [Epoch 077 완료] train MAE 0.82 | val MAE 8.36 | val RMSE 11.23 | lr 3e-05 | 개선없음 5/15
[01:47:03]   Epoch 078 100/1455 train_mae 0.81 kl 0.081 lr 3e-05 (20s)
[01:47:24]   Epoch 078 200/1455 train_mae 0.81 kl 0.086 lr 3e-05 (40s)
[01:47:44]   Epoch 078 300/1455 train_mae 0.79 kl 0.085 lr 3e-05 (60s)
[01:48:04]   Epoch 078 400/1455 train_mae 0.80 kl 0.085 lr 3e-05 (80s)
[01:48:22]   Epoch 078 500/1455 train_mae 0.80 kl 0.085 lr 3e-05 (98s)
[01:48:40]   Epoch 078 600/1455 train_mae 0.80 kl 0.083 lr 3e-05 (117s)
[01:48:59]   Epoch 078 700/1455 train_mae 0.80 kl 0.083 lr 3e-05 (136s)
[01:49:18]   Epoch 078 800/1455 train_mae 0.81 kl 0.083 lr 3e-05 (154s)
[01:49:39]   Epoch 078 900/1455 train_mae 0.81 kl 0.082 lr 3e-05 (175s)
[01:50:03]   Epoch 078 1000/1455 train_mae 0.81 kl 0.083 lr 3e-05 (199s)
[01:50:26]   Epoch 078 1100/1455 train_mae 0.81 kl 0.083 lr 3e-05 (222s)
[01:50:49]   Epoch 078 1200/1455 train_mae 0.81 kl 0.083 lr 3e-05 (245s)
[01:51:12]   Epoch 078 1300/1455 train_mae 0.82 kl 0.083 lr 3e-05 (268s)
[01:51:34]   Epoch 078 1400/1455 train_mae 0.82 kl 0.084 lr 3e-05 (290s)
[01:51:46]   Epoch 078 1455/1455 train_mae 0.82 kl 0.084 lr 3e-05 (302s)
[01:52:06] [Epoch 078 완료] train MAE 0.82 | val MAE 8.44 | val RMSE 11.28 | lr 3e-05 | 개선없음 6/15
[01:52:30]   Epoch 079 100/1455 train_mae 0.80 kl 0.086 lr 3e-05 (22s)
[01:52:51]   Epoch 079 200/1455 train_mae 0.78 kl 0.082 lr 3e-05 (44s)
[01:53:10]   Epoch 079 300/1455 train_mae 0.81 kl 0.083 lr 3e-05 (62s)
[01:53:28]   Epoch 079 400/1455 train_mae 0.82 kl 0.081 lr 3e-05 (81s)
[01:53:47]   Epoch 079 500/1455 train_mae 0.82 kl 0.080 lr 3e-05 (100s)
[01:54:06]   Epoch 079 600/1455 train_mae 0.83 kl 0.079 lr 3e-05 (118s)
[01:54:26]   Epoch 079 700/1455 train_mae 0.83 kl 0.080 lr 3e-05 (139s)
[01:54:47]   Epoch 079 800/1455 train_mae 0.83 kl 0.080 lr 3e-05 (159s)
[01:55:07]   Epoch 079 900/1455 train_mae 0.83 kl 0.081 lr 3e-05 (179s)
[01:55:25]   Epoch 079 1000/1455 train_mae 0.83 kl 0.081 lr 3e-05 (198s)
[01:55:44]   Epoch 079 1100/1455 train_mae 0.83 kl 0.081 lr 3e-05 (217s)
[01:56:02]   Epoch 079 1200/1455 train_mae 0.83 kl 0.080 lr 3e-05 (235s)
[01:56:21]   Epoch 079 1300/1455 train_mae 0.83 kl 0.080 lr 3e-05 (254s)
[01:56:39]   Epoch 079 1400/1455 train_mae 0.82 kl 0.079 lr 3e-05 (272s)
[01:56:50]   Epoch 079 1455/1455 train_mae 0.82 kl 0.079 lr 3e-05 (282s)
[01:57:12] [Epoch 079 완료] train MAE 0.82 | val MAE 8.45 | val RMSE 11.33 | lr 3e-05 | 개선없음 7/15
[01:57:36]   Epoch 080 100/1455 train_mae 0.79 kl 0.078 lr 3e-05 (23s)
[01:57:59]   Epoch 080 200/1455 train_mae 0.79 kl 0.077 lr 3e-05 (46s)
[01:58:22]   Epoch 080 300/1455 train_mae 0.79 kl 0.079 lr 3e-05 (69s)
[01:58:45]   Epoch 080 400/1455 train_mae 0.80 kl 0.080 lr 3e-05 (92s)
[01:59:07]   Epoch 080 500/1455 train_mae 0.81 kl 0.081 lr 3e-05 (115s)
[01:59:30]   Epoch 080 600/1455 train_mae 0.81 kl 0.079 lr 3e-05 (137s)
[01:59:52]   Epoch 080 700/1455 train_mae 0.81 kl 0.081 lr 3e-05 (160s)
[02:00:16]   Epoch 080 800/1455 train_mae 0.82 kl 0.081 lr 3e-05 (183s)
[02:00:43]   Epoch 080 900/1455 train_mae 0.82 kl 0.082 lr 3e-05 (210s)
[02:01:07]   Epoch 080 1000/1455 train_mae 0.82 kl 0.081 lr 3e-05 (234s)
[02:01:31]   Epoch 080 1100/1455 train_mae 0.82 kl 0.080 lr 3e-05 (258s)
[02:01:55]   Epoch 080 1200/1455 train_mae 0.82 kl 0.080 lr 3e-05 (283s)
[02:02:22]   Epoch 080 1300/1455 train_mae 0.82 kl 0.080 lr 3e-05 (309s)
[02:02:50]   Epoch 080 1400/1455 train_mae 0.82 kl 0.080 lr 3e-05 (337s)
[02:03:03]   Epoch 080 1455/1455 train_mae 0.82 kl 0.079 lr 3e-05 (351s)
[02:03:24] [Epoch 080 완료] train MAE 0.82 | val MAE 8.36 | val RMSE 11.18 | lr 3e-05 | 개선없음 8/15
[02:03:45]   Epoch 081 100/1455 train_mae 0.82 kl 0.073 lr 3e-05 (21s)
[02:04:08]   Epoch 081 200/1455 train_mae 0.81 kl 0.073 lr 3e-05 (43s)
[02:04:33]   Epoch 081 300/1455 train_mae 0.80 kl 0.074 lr 3e-05 (69s)
[02:05:02]   Epoch 081 400/1455 train_mae 0.81 kl 0.072 lr 3e-05 (97s)
[02:05:31]   Epoch 081 500/1455 train_mae 0.80 kl 0.075 lr 3e-05 (126s)
[02:06:01]   Epoch 081 600/1455 train_mae 0.80 kl 0.075 lr 3e-05 (156s)
[02:06:30]   Epoch 081 700/1455 train_mae 0.80 kl 0.075 lr 3e-05 (185s)
[02:06:58]   Epoch 081 800/1455 train_mae 0.80 kl 0.075 lr 3e-05 (214s)
[02:07:28]   Epoch 081 900/1455 train_mae 0.81 kl 0.075 lr 3e-05 (244s)
[02:07:58]   Epoch 081 1000/1455 train_mae 0.81 kl 0.076 lr 3e-05 (273s)
[02:08:26]   Epoch 081 1100/1455 train_mae 0.80 kl 0.076 lr 3e-05 (302s)
[02:08:51]   Epoch 081 1200/1455 train_mae 0.80 kl 0.076 lr 3e-05 (326s)
[02:09:15]   Epoch 081 1300/1455 train_mae 0.80 kl 0.078 lr 3e-05 (350s)
[02:09:38]   Epoch 081 1400/1455 train_mae 0.80 kl 0.078 lr 3e-05 (373s)
[02:09:52]   Epoch 081 1455/1455 train_mae 0.80 kl 0.078 lr 3e-05 (387s)
[02:10:16] [Epoch 081 완료] train MAE 0.80 | val MAE 8.41 | val RMSE 11.27 | lr 3e-05 | 개선없음 9/15
[02:10:44]   Epoch 082 100/1455 train_mae 0.78 kl 0.082 lr 3e-05 (28s)
[02:11:10]   Epoch 082 200/1455 train_mae 0.78 kl 0.079 lr 3e-05 (54s)
[02:11:34]   Epoch 082 300/1455 train_mae 0.79 kl 0.079 lr 3e-05 (78s)
[02:11:58]   Epoch 082 400/1455 train_mae 0.79 kl 0.076 lr 3e-05 (102s)
[02:12:22]   Epoch 082 500/1455 train_mae 0.80 kl 0.076 lr 3e-05 (125s)
[02:12:47]   Epoch 082 600/1455 train_mae 0.79 kl 0.076 lr 3e-05 (151s)
[02:13:20]   Epoch 082 700/1455 train_mae 0.78 kl 0.075 lr 3e-05 (183s)
[02:13:53]   Epoch 082 800/1455 train_mae 0.79 kl 0.077 lr 3e-05 (217s)
[02:14:26]   Epoch 082 900/1455 train_mae 0.78 kl 0.077 lr 3e-05 (250s)
[02:14:58]   Epoch 082 1000/1455 train_mae 0.78 kl 0.077 lr 3e-05 (281s)
[02:15:30]   Epoch 082 1100/1455 train_mae 0.79 kl 0.077 lr 3e-05 (314s)
[02:16:03]   Epoch 082 1200/1455 train_mae 0.79 kl 0.077 lr 3e-05 (347s)
[02:16:33]   Epoch 082 1300/1455 train_mae 0.79 kl 0.077 lr 3e-05 (377s)
[02:16:58]   Epoch 082 1400/1455 train_mae 0.79 kl 0.077 lr 3e-05 (402s)
[02:17:12]   Epoch 082 1455/1455 train_mae 0.79 kl 0.078 lr 3e-05 (415s)
[02:17:32] [Epoch 082 완료] train MAE 0.79 | val MAE 8.38 | val RMSE 11.23 | lr 3e-05 | 개선없음 10/15
[02:17:57]   Epoch 083 100/1455 train_mae 0.76 kl 0.083 lr 3e-05 (24s)
[02:18:28]   Epoch 083 200/1455 train_mae 0.78 kl 0.083 lr 3e-05 (55s)
[02:18:59]   Epoch 083 300/1455 train_mae 0.78 kl 0.082 lr 3e-05 (86s)
[02:19:25]   Epoch 083 400/1455 train_mae 0.78 kl 0.080 lr 3e-05 (112s)
[02:19:51]   Epoch 083 500/1455 train_mae 0.78 kl 0.080 lr 3e-05 (138s)
[02:20:15]   Epoch 083 600/1455 train_mae 0.79 kl 0.080 lr 3e-05 (162s)
[02:20:40]   Epoch 083 700/1455 train_mae 0.80 kl 0.080 lr 3e-05 (188s)
[02:21:11]   Epoch 083 800/1455 train_mae 0.79 kl 0.080 lr 3e-05 (219s)
[02:21:44]   Epoch 083 900/1455 train_mae 0.79 kl 0.079 lr 3e-05 (251s)
[02:22:17]   Epoch 083 1000/1455 train_mae 0.79 kl 0.078 lr 3e-05 (284s)
[02:22:48]   Epoch 083 1100/1455 train_mae 0.79 kl 0.079 lr 3e-05 (316s)
[02:23:20]   Epoch 083 1200/1455 train_mae 0.79 kl 0.079 lr 3e-05 (347s)
[02:23:53]   Epoch 083 1300/1455 train_mae 0.78 kl 0.078 lr 3e-05 (380s)
[02:24:26]   Epoch 083 1400/1455 train_mae 0.79 kl 0.078 lr 3e-05 (413s)
[02:24:40]   Epoch 083 1455/1455 train_mae 0.79 kl 0.078 lr 3e-05 (427s)
[02:25:02] [Epoch 083 완료] train MAE 0.79 | val MAE 8.34 | val RMSE 11.18 | lr 3e-05 | 개선없음 11/15
[02:25:27]   Epoch 084 100/1455 train_mae 0.84 kl 0.083 lr 3e-05 (24s)
[02:25:53]   Epoch 084 200/1455 train_mae 0.81 kl 0.077 lr 3e-05 (50s)
[02:26:23]   Epoch 084 300/1455 train_mae 0.80 kl 0.073 lr 3e-05 (80s)
[02:26:53]   Epoch 084 400/1455 train_mae 0.80 kl 0.076 lr 3e-05 (110s)
[02:27:21]   Epoch 084 500/1455 train_mae 0.80 kl 0.076 lr 3e-05 (139s)
[02:27:47]   Epoch 084 600/1455 train_mae 0.81 kl 0.076 lr 3e-05 (164s)
[02:28:12]   Epoch 084 700/1455 train_mae 0.82 kl 0.076 lr 3e-05 (189s)
[02:28:38]   Epoch 084 800/1455 train_mae 0.81 kl 0.075 lr 3e-05 (215s)
[02:29:08]   Epoch 084 900/1455 train_mae 0.80 kl 0.076 lr 3e-05 (246s)
[02:29:42]   Epoch 084 1000/1455 train_mae 0.80 kl 0.076 lr 3e-05 (279s)
[02:30:15]   Epoch 084 1100/1455 train_mae 0.80 kl 0.076 lr 3e-05 (312s)
[02:30:47]   Epoch 084 1200/1455 train_mae 0.80 kl 0.076 lr 3e-05 (344s)
[02:31:19]   Epoch 084 1300/1455 train_mae 0.80 kl 0.076 lr 3e-05 (376s)
[02:31:52]   Epoch 084 1400/1455 train_mae 0.80 kl 0.076 lr 3e-05 (409s)
[02:32:10]   Epoch 084 1455/1455 train_mae 0.80 kl 0.076 lr 3e-05 (428s)
[02:32:36] [Epoch 084 완료] train MAE 0.80 | val MAE 8.36 | val RMSE 11.20 | lr 3e-05 | 개선없음 12/15
[02:33:01]   Epoch 085 100/1455 train_mae 0.80 kl 0.081 lr 3e-05 (24s)
[02:33:25]   Epoch 085 200/1455 train_mae 0.76 kl 0.076 lr 3e-05 (49s)
[02:33:51]   Epoch 085 300/1455 train_mae 0.77 kl 0.079 lr 3e-05 (75s)
[02:34:18]   Epoch 085 400/1455 train_mae 0.77 kl 0.078 lr 3e-05 (102s)
[02:34:49]   Epoch 085 500/1455 train_mae 0.78 kl 0.076 lr 3e-05 (133s)
[02:35:21]   Epoch 085 600/1455 train_mae 0.78 kl 0.076 lr 3e-05 (165s)
[02:35:47]   Epoch 085 700/1455 train_mae 0.78 kl 0.077 lr 3e-05 (191s)
[02:36:11]   Epoch 085 800/1455 train_mae 0.78 kl 0.077 lr 3e-05 (215s)
[02:36:37]   Epoch 085 900/1455 train_mae 0.78 kl 0.077 lr 3e-05 (241s)
[02:37:05]   Epoch 085 1000/1455 train_mae 0.78 kl 0.076 lr 3e-05 (269s)
[02:37:38]   Epoch 085 1100/1455 train_mae 0.78 kl 0.075 lr 3e-05 (302s)
[02:38:11]   Epoch 085 1200/1455 train_mae 0.78 kl 0.075 lr 3e-05 (335s)
[02:38:42]   Epoch 085 1300/1455 train_mae 0.79 kl 0.075 lr 3e-05 (366s)
[02:39:14]   Epoch 085 1400/1455 train_mae 0.78 kl 0.075 lr 3e-05 (398s)
[02:39:32]   Epoch 085 1455/1455 train_mae 0.78 kl 0.075 lr 3e-05 (416s)
[02:39:59] [Epoch 085 완료] train MAE 0.78 | val MAE 8.44 | val RMSE 11.31 | lr 3e-05 | 개선없음 13/15
[02:40:31]   Epoch 086 100/1455 train_mae 0.80 kl 0.073 lr 3e-05 (32s)
[02:40:57]   Epoch 086 200/1455 train_mae 0.79 kl 0.072 lr 3e-05 (58s)
[02:41:23]   Epoch 086 300/1455 train_mae 0.79 kl 0.076 lr 3e-05 (83s)
[02:41:48]   Epoch 086 400/1455 train_mae 0.81 kl 0.077 lr 3e-05 (109s)
[02:42:17]   Epoch 086 500/1455 train_mae 0.80 kl 0.075 lr 3e-05 (138s)
[02:42:46]   Epoch 086 600/1455 train_mae 0.79 kl 0.075 lr 3e-05 (167s)
[02:43:15]   Epoch 086 700/1455 train_mae 0.78 kl 0.075 lr 3e-05 (196s)
[02:43:41]   Epoch 086 800/1455 train_mae 0.79 kl 0.076 lr 3e-05 (222s)
[02:44:06]   Epoch 086 900/1455 train_mae 0.78 kl 0.075 lr 3e-05 (247s)
[02:44:32]   Epoch 086 1000/1455 train_mae 0.78 kl 0.075 lr 3e-05 (272s)
[02:45:02]   Epoch 086 1100/1455 train_mae 0.78 kl 0.075 lr 3e-05 (303s)
[02:45:35]   Epoch 086 1200/1455 train_mae 0.78 kl 0.076 lr 3e-05 (336s)
[02:46:07]   Epoch 086 1300/1455 train_mae 0.78 kl 0.076 lr 3e-05 (368s)
[02:46:38]   Epoch 086 1400/1455 train_mae 0.78 kl 0.076 lr 3e-05 (399s)
[02:46:55]   Epoch 086 1455/1455 train_mae 0.78 kl 0.076 lr 3e-05 (416s)
[02:47:21] [Epoch 086 완료] train MAE 0.78 | val MAE 8.33 | val RMSE 11.13 | lr 3e-05 | 개선없음 14/15
[02:47:53]   Epoch 087 100/1455 train_mae 0.75 kl 0.073 lr 3e-05 (32s)
[02:48:24]   Epoch 087 200/1455 train_mae 0.76 kl 0.075 lr 3e-05 (63s)
[02:48:50]   Epoch 087 300/1455 train_mae 0.75 kl 0.074 lr 3e-05 (88s)
[02:49:15]   Epoch 087 400/1455 train_mae 0.75 kl 0.075 lr 3e-05 (114s)
[02:49:41]   Epoch 087 500/1455 train_mae 0.76 kl 0.075 lr 3e-05 (139s)
[02:50:09]   Epoch 087 600/1455 train_mae 0.76 kl 0.076 lr 3e-05 (168s)
[02:50:39]   Epoch 087 700/1455 train_mae 0.77 kl 0.076 lr 3e-05 (197s)
[02:51:06]   Epoch 087 800/1455 train_mae 0.77 kl 0.076 lr 3e-05 (225s)
[02:51:31]   Epoch 087 900/1455 train_mae 0.78 kl 0.077 lr 3e-05 (250s)
[02:51:56]   Epoch 087 1000/1455 train_mae 0.78 kl 0.076 lr 3e-05 (274s)
[02:52:23]   Epoch 087 1100/1455 train_mae 0.78 kl 0.076 lr 3e-05 (302s)
[02:52:56]   Epoch 087 1200/1455 train_mae 0.78 kl 0.076 lr 3e-05 (334s)
[02:53:29]   Epoch 087 1300/1455 train_mae 0.77 kl 0.075 lr 3e-05 (368s)
[02:54:01]   Epoch 087 1400/1455 train_mae 0.78 kl 0.075 lr 3e-05 (400s)
[02:54:20]   Epoch 087 1455/1455 train_mae 0.78 kl 0.075 lr 3e-05 (418s)
[02:54:45] [Epoch 087 완료] train MAE 0.78 | val MAE 8.37 | val RMSE 11.23 | lr 3e-05 | 개선없음 15/15
[02:54:46] 조기종료: 15에폭 연속 개선 없음 | 최고 val MAE 8.32 @ epoch 72
================================================================
[02:54:46] 최종 평가 (best.pt 로드)
[02:54:47] [backbone] timm 'convnext_tiny.fb_in22k_ft_in1k' 로드 완료 (pretrained=False)
[02:54:47] [reg] backbone out (768, 16, 16) -> z 4,096 | params 30.6M
[02:54:48] best.pt 로드 | 채널 ['hand', 'r1', 'r2'] | lambda 0.5 | delta 15.0
[02:54:48]  split |      N |  MAE(mo) |  RMSE(mo) |    bias
[02:58:17]  train | 11,643 |     0.83 |      1.22 |   -0.12
[02:58:41]    val |  1,324 |     8.32 |     11.11 |   -0.66
[02:58:52]   test |    167 |     7.45 |     10.85 |   +0.62
[02:58:57] 나이 분포 저장: G:\Project\sinra_cho\checkpoints_attention_v10\age_distribution.png
==========================================================
Attention + LDL 골연령 v10 (전처리 없음) | 채널 hand+r1+r2
2026-08-08 02:54
==========================================================
 split |      N |  MAE(mo) |  RMSE(mo) |    bias
 train | 11,643 |     0.83 |      1.22 |   -0.12
   val |  1,324 |     8.32 |     11.11 |   -0.66
  test |    167 |     7.45 |     10.85 |   +0.62
----------------------------------------------------------
[test 연령대별]
  group |     N |    MAE |   RMSE |   bias
   0-4y |     5 |   2.47 |   2.69 |  +2.47
   4-8y |    26 |   8.90 |  10.68 |  +5.47
  8-12y |    60 |   9.72 |  14.45 |  +1.56
 12-16y |    67 |   5.23 |   7.03 |  -1.53
   >16y |     9 |   7.49 |   9.47 |  -4.75
==========================================================
[02:58:57] 결과 저장: G:\Project\sinra_cho\checkpoints_attention_v10\results.txt
[02:58:57] 추론 함수 준비 완료 · best.pt: G:\Project\sinra_cho\checkpoints_attention_v10\best.pt
[02:58:57] === 전체 완료 ===
