================================================================
[22:25:39] Attention(R1/R2) + LDL 골연령 - v2 (손 크롭 폴더 입력) 시작
[22:25:39] PyTorch 2.6.0+cu124 | torchvision 0.21.0+cu124 | timm 1.0.28
[22:25:39] device cuda | CUDA True
[GPU-GUARD] (inproc) 바로 실행 — 티켓 54번 infer 16000MiB
[22:25:39] GPU NVIDIA A100 80GB PCIe | CUDA 12.4
[22:25:39] BASE_DIR       G:\Project\sinra_cho
[22:25:39] HAND_CROP_DIR  G:\Project\sinra_cho\yolo_crop
[22:25:39] 채널 ('hand', 'r1', 'erased') | tau(R1/R2) 30/50 | 정규화 div255 | 증강 True
================================================================
[22:25:39]   TRAIN_CSV OK  G:\Project\sinra_cho\yolo_crop_csv\train.csv
[22:25:39]   VAL_CSV   OK  G:\Project\sinra_cho\yolo_crop_csv\Validation Dataset.csv
[22:25:39]   TEST_CSV  OK  G:\Project\sinra_cho\yolo_crop_csv\Bone age ground truth.csv
[22:25:39]   손크롭 train OK  G:\Project\sinra_cho\yolo_crop\train  (파일 12,611장)
[22:25:39]   손크롭 val   OK  G:\Project\sinra_cho\yolo_crop\validation  (파일 1,425장)
[22:25:39]   손크롭 test  OK  G:\Project\sinra_cho\yolo_crop\test  (파일 200장)
[22:25:39]   · train: 라벨 12,611 -> 사용 12,473 (제외/미크롭 138)
[22:25:39]   · val: 라벨 1,425 -> 사용 1,386 (제외/미크롭 39)
[22:25:39]   · test: 라벨 200 -> 사용 195 (제외/미크롭 5)
[22:25:39] 최종 | train 12,473 | val 1,386 | test 195 | 나이 127.6±40.9개월 | 남 54.2%
[22:25:39] hand560 캐시 생성: 정규화(percentile) -> TopHat(add,rect,frac0.1) -> CLAHE(2.0,8) -> scale(per_image) -> pad(auto) -> 560px
[22:29:41]   hand560 train 2000/12473
[22:34:18]   hand560 train 4000/12473
[22:39:20]   hand560 train 6000/12473
[22:44:21]   hand560 train 8000/12473
[22:49:24]   hand560 train 10000/12473
[22:54:34]   hand560 train 12000/12473
[22:55:51] [hand560:train] 생성 12473 | 스킵 0 | 실패 0
[22:59:35] [hand560:val] 생성 1386 | 스킵 0 | 실패 0
[23:00:03] [hand560:test] 생성 195 | 스킵 0 | 실패 0
[23:00:03]   Top-Hat 커널 중앙값 133px (뼈 굵기 84~88px 보다 커야 정상) | 패딩 비율 중앙값 23.8%
[23:00:03]   [마커] 제거된 이미지 7021/14054 (50.0%) | 제거 덩어리 총 17678개 | 안전상 건너뜀 907장 {'too_many(5)': 293, 'hand_mask_unreliable': 596, 'too_many(10)': 1, 'too_many(6)': 16, 'too_many(7)': 1}
[23:00:03]        ↳ 마커가 없는 크롭은 '제거 0'이 정상입니다. 비율이 비정상적으로 높으면 MARKER_* 조건을 조이세요.
[23:00:03]   [정렬] 회전 중앙값 6.1° | 최대 34.9° | 180° 뒤집기 17장 | 건너뜀 58장
[23:00:03] hand560 캐시 완료
[23:00:03] 캐시 확인 후 | train 12,473 | val 1,386 | test 195
[23:00:03] ### Phase I-a : R1(수근골) 국소화 + Erased 생성 ###
[23:00:03]   R1 밴드 {'x0': 0.12, 'y0': 0.52, 'x1': 0.88, 'y1': 0.98} | clamp True | tau 30
[23:00:03]   크기 맞추기: 비율유지 + 배경색 패딩(왜곡 0)
[23:00:03] [cls-r1] 분류 모델 학습 | pool=gmp src=hand560 size=560 epochs=70
[23:00:04] [backbone] timm 'inception_v3' 로드 완료 (pretrained=True)
[23:00:04] [cls-gmp] feat (2048, 16, 16) -> FC 2048->240
[23:00:26]   [cls-r1] ep01 100/1559 loss 0.2664 lr 3e-04 (21s)
[23:00:44]   [cls-r1] ep01 200/1559 loss 0.2077 lr 3e-04 (39s)
[23:01:02]   [cls-r1] ep01 300/1559 loss 0.1839 lr 3e-04 (57s)
[23:01:20]   [cls-r1] ep01 400/1559 loss 0.1683 lr 3e-04 (75s)
[23:01:38]   [cls-r1] ep01 500/1559 loss 0.1584 lr 3e-04 (93s)
[23:01:56]   [cls-r1] ep01 600/1559 loss 0.1515 lr 3e-04 (111s)
[23:02:13]   [cls-r1] ep01 700/1559 loss 0.1458 lr 3e-04 (129s)
[23:02:31]   [cls-r1] ep01 800/1559 loss 0.1410 lr 3e-04 (147s)
[23:02:49]   [cls-r1] ep01 900/1559 loss 0.1374 lr 3e-04 (165s)
[23:03:07]   [cls-r1] ep01 1000/1559 loss 0.1342 lr 3e-04 (183s)
[23:03:25]   [cls-r1] ep01 1100/1559 loss 0.1313 lr 3e-04 (201s)
[23:03:43]   [cls-r1] ep01 1200/1559 loss 0.1292 lr 3e-04 (218s)
[23:04:01]   [cls-r1] ep01 1300/1559 loss 0.1272 lr 3e-04 (237s)
[23:04:19]   [cls-r1] ep01 1400/1559 loss 0.1253 lr 3e-04 (255s)
[23:04:37]   [cls-r1] ep01 1500/1559 loss 0.1234 lr 3e-04 (273s)
[23:04:48]   [cls-r1] ep01 1559/1559 loss 0.1222 lr 3e-04 (283s)
[23:05:08]   [cls-r1] Epoch 01 완료 | train L1 0.1222 | val argmax-MAE 12.55 | * best 저장 (12.55)
[23:05:21]   [cls-r1] ep02 100/1559 loss 0.0970 lr 3e-04 (12s)
[23:05:32]   [cls-r1] ep02 200/1559 loss 0.0955 lr 3e-04 (23s)
[23:05:44]   [cls-r1] ep02 300/1559 loss 0.0932 lr 3e-04 (35s)
[23:05:56]   [cls-r1] ep02 400/1559 loss 0.0933 lr 3e-04 (47s)
[23:06:08]   [cls-r1] ep02 500/1559 loss 0.0921 lr 3e-04 (59s)
[23:06:20]   [cls-r1] ep02 600/1559 loss 0.0916 lr 3e-04 (71s)
[23:06:32]   [cls-r1] ep02 700/1559 loss 0.0916 lr 3e-04 (83s)
[23:06:44]   [cls-r1] ep02 800/1559 loss 0.0911 lr 3e-04 (95s)
[23:06:56]   [cls-r1] ep02 900/1559 loss 0.0908 lr 3e-04 (107s)
[23:07:08]   [cls-r1] ep02 1000/1559 loss 0.0908 lr 3e-04 (119s)
[23:07:20]   [cls-r1] ep02 1100/1559 loss 0.0908 lr 3e-04 (131s)
[23:07:32]   [cls-r1] ep02 1200/1559 loss 0.0909 lr 3e-04 (143s)
[23:07:43]   [cls-r1] ep02 1300/1559 loss 0.0906 lr 3e-04 (154s)
[23:07:55]   [cls-r1] ep02 1400/1559 loss 0.0906 lr 3e-04 (166s)
[23:08:07]   [cls-r1] ep02 1500/1559 loss 0.0904 lr 3e-04 (178s)
[23:08:14]   [cls-r1] ep02 1559/1559 loss 0.0903 lr 3e-04 (185s)
[23:08:23]   [cls-r1] Epoch 02 완료 | train L1 0.0903 | val argmax-MAE 11.57 | * best 저장 (11.57)
[23:08:36]   [cls-r1] ep03 100/1559 loss 0.0824 lr 3e-04 (12s)
[23:08:48]   [cls-r1] ep03 200/1559 loss 0.0819 lr 3e-04 (24s)
[23:09:00]   [cls-r1] ep03 300/1559 loss 0.0822 lr 3e-04 (36s)
[23:09:12]   [cls-r1] ep03 400/1559 loss 0.0817 lr 3e-04 (48s)
[23:09:24]   [cls-r1] ep03 500/1559 loss 0.0824 lr 3e-04 (60s)
[23:09:36]   [cls-r1] ep03 600/1559 loss 0.0825 lr 3e-04 (72s)
[23:09:47]   [cls-r1] ep03 700/1559 loss 0.0824 lr 3e-04 (83s)
[23:09:59]   [cls-r1] ep03 800/1559 loss 0.0825 lr 3e-04 (95s)
[23:10:11]   [cls-r1] ep03 900/1559 loss 0.0826 lr 3e-04 (107s)
[23:10:23]   [cls-r1] ep03 1000/1559 loss 0.0824 lr 3e-04 (119s)
[23:10:35]   [cls-r1] ep03 1100/1559 loss 0.0821 lr 3e-04 (131s)
[23:10:47]   [cls-r1] ep03 1200/1559 loss 0.0822 lr 3e-04 (144s)
[23:10:59]   [cls-r1] ep03 1300/1559 loss 0.0821 lr 3e-04 (155s)
[23:11:11]   [cls-r1] ep03 1400/1559 loss 0.0821 lr 3e-04 (167s)
[23:11:23]   [cls-r1] ep03 1500/1559 loss 0.0824 lr 3e-04 (179s)
[23:11:30]   [cls-r1] ep03 1559/1559 loss 0.0823 lr 3e-04 (186s)
[23:11:40]   [cls-r1] Epoch 03 완료 | train L1 0.0823 | val argmax-MAE 10.91 | * best 저장 (10.91)
[23:11:52]   [cls-r1] ep04 100/1559 loss 0.0757 lr 3e-04 (12s)
[23:12:03]   [cls-r1] ep04 200/1559 loss 0.0766 lr 3e-04 (23s)
[23:12:15]   [cls-r1] ep04 300/1559 loss 0.0775 lr 3e-04 (35s)
[23:12:27]   [cls-r1] ep04 400/1559 loss 0.0778 lr 3e-04 (47s)
[23:12:39]   [cls-r1] ep04 500/1559 loss 0.0778 lr 3e-04 (59s)
[23:12:51]   [cls-r1] ep04 600/1559 loss 0.0778 lr 3e-04 (71s)
[23:13:03]   [cls-r1] ep04 700/1559 loss 0.0780 lr 3e-04 (83s)
[23:13:15]   [cls-r1] ep04 800/1559 loss 0.0777 lr 3e-04 (95s)
[23:13:27]   [cls-r1] ep04 900/1559 loss 0.0775 lr 3e-04 (107s)
[23:13:39]   [cls-r1] ep04 1000/1559 loss 0.0772 lr 3e-04 (119s)
[23:13:51]   [cls-r1] ep04 1100/1559 loss 0.0771 lr 3e-04 (131s)
[23:14:02]   [cls-r1] ep04 1200/1559 loss 0.0770 lr 3e-04 (142s)
[23:14:14]   [cls-r1] ep04 1300/1559 loss 0.0770 lr 3e-04 (154s)
[23:14:26]   [cls-r1] ep04 1400/1559 loss 0.0768 lr 3e-04 (166s)
[23:14:38]   [cls-r1] ep04 1500/1559 loss 0.0768 lr 3e-04 (178s)
[23:14:45]   [cls-r1] ep04 1559/1559 loss 0.0768 lr 3e-04 (185s)
[23:14:54]   [cls-r1] Epoch 04 완료 | train L1 0.0768 | val argmax-MAE 10.54 | * best 저장 (10.54)
[23:15:07]   [cls-r1] ep05 100/1559 loss 0.0734 lr 3e-04 (12s)
[23:15:19]   [cls-r1] ep05 200/1559 loss 0.0740 lr 3e-04 (24s)
[23:15:31]   [cls-r1] ep05 300/1559 loss 0.0742 lr 3e-04 (36s)
[23:15:42]   [cls-r1] ep05 400/1559 loss 0.0733 lr 3e-04 (48s)
[23:15:55]   [cls-r1] ep05 500/1559 loss 0.0731 lr 3e-04 (60s)
[23:16:07]   [cls-r1] ep05 600/1559 loss 0.0730 lr 3e-04 (72s)
[23:16:18]   [cls-r1] ep05 700/1559 loss 0.0728 lr 3e-04 (83s)
[23:16:30]   [cls-r1] ep05 800/1559 loss 0.0726 lr 3e-04 (95s)
[23:16:42]   [cls-r1] ep05 900/1559 loss 0.0721 lr 3e-04 (107s)
[23:16:54]   [cls-r1] ep05 1000/1559 loss 0.0721 lr 3e-04 (119s)
[23:17:06]   [cls-r1] ep05 1100/1559 loss 0.0721 lr 3e-04 (131s)
[23:17:18]   [cls-r1] ep05 1200/1559 loss 0.0720 lr 3e-04 (143s)
[23:17:30]   [cls-r1] ep05 1300/1559 loss 0.0717 lr 3e-04 (155s)
[23:17:41]   [cls-r1] ep05 1400/1559 loss 0.0717 lr 3e-04 (167s)
[23:17:53]   [cls-r1] ep05 1500/1559 loss 0.0716 lr 3e-04 (179s)
[23:18:00]   [cls-r1] ep05 1559/1559 loss 0.0715 lr 3e-04 (186s)
[23:18:10]   [cls-r1] Epoch 05 완료 | train L1 0.0715 | val argmax-MAE 10.59 | 개선없음 1/8
[23:18:22]   [cls-r1] ep06 100/1559 loss 0.0631 lr 3e-04 (12s)
[23:18:33]   [cls-r1] ep06 200/1559 loss 0.0645 lr 3e-04 (23s)
[23:18:45]   [cls-r1] ep06 300/1559 loss 0.0650 lr 3e-04 (35s)
[23:18:57]   [cls-r1] ep06 400/1559 loss 0.0655 lr 3e-04 (47s)
[23:19:09]   [cls-r1] ep06 500/1559 loss 0.0661 lr 3e-04 (59s)
[23:19:21]   [cls-r1] ep06 600/1559 loss 0.0660 lr 3e-04 (71s)
[23:19:33]   [cls-r1] ep06 700/1559 loss 0.0652 lr 3e-04 (83s)
[23:19:45]   [cls-r1] ep06 800/1559 loss 0.0658 lr 3e-04 (95s)
[23:19:57]   [cls-r1] ep06 900/1559 loss 0.0661 lr 3e-04 (107s)
[23:20:09]   [cls-r1] ep06 1000/1559 loss 0.0666 lr 3e-04 (119s)
[23:20:21]   [cls-r1] ep06 1100/1559 loss 0.0667 lr 3e-04 (131s)
[23:20:33]   [cls-r1] ep06 1200/1559 loss 0.0665 lr 3e-04 (143s)
[23:20:44]   [cls-r1] ep06 1300/1559 loss 0.0666 lr 3e-04 (154s)
[23:20:56]   [cls-r1] ep06 1400/1559 loss 0.0667 lr 3e-04 (166s)
[23:21:08]   [cls-r1] ep06 1500/1559 loss 0.0666 lr 3e-04 (178s)
[23:21:15]   [cls-r1] ep06 1559/1559 loss 0.0665 lr 3e-04 (185s)
[23:21:24]   [cls-r1] Epoch 06 완료 | train L1 0.0665 | val argmax-MAE 10.75 | 개선없음 2/8
[23:21:37]   [cls-r1] ep07 100/1559 loss 0.0601 lr 3e-04 (12s)
[23:21:49]   [cls-r1] ep07 200/1559 loss 0.0594 lr 3e-04 (24s)
[23:22:01]   [cls-r1] ep07 300/1559 loss 0.0603 lr 3e-04 (36s)
[23:22:13]   [cls-r1] ep07 400/1559 loss 0.0612 lr 3e-04 (48s)
[23:22:25]   [cls-r1] ep07 500/1559 loss 0.0615 lr 3e-04 (60s)
[23:22:37]   [cls-r1] ep07 600/1559 loss 0.0614 lr 3e-04 (72s)
[23:22:48]   [cls-r1] ep07 700/1559 loss 0.0614 lr 3e-04 (83s)
[23:23:00]   [cls-r1] ep07 800/1559 loss 0.0614 lr 3e-04 (95s)
[23:23:12]   [cls-r1] ep07 900/1559 loss 0.0613 lr 3e-04 (107s)
[23:23:24]   [cls-r1] ep07 1000/1559 loss 0.0612 lr 3e-04 (119s)
[23:23:36]   [cls-r1] ep07 1100/1559 loss 0.0615 lr 3e-04 (131s)
[23:23:48]   [cls-r1] ep07 1200/1559 loss 0.0617 lr 3e-04 (143s)
[23:24:00]   [cls-r1] ep07 1300/1559 loss 0.0620 lr 3e-04 (155s)
[23:24:12]   [cls-r1] ep07 1400/1559 loss 0.0628 lr 3e-04 (167s)
[23:24:24]   [cls-r1] ep07 1500/1559 loss 0.0627 lr 3e-04 (179s)
[23:24:31]   [cls-r1] ep07 1559/1559 loss 0.0628 lr 3e-04 (186s)
[23:24:40]   [cls-r1] Epoch 07 완료 | train L1 0.0628 | val argmax-MAE 10.95 | 개선없음 3/8
[23:24:52]   [cls-r1] ep08 100/1559 loss 0.0568 lr 3e-04 (12s)
[23:25:04]   [cls-r1] ep08 200/1559 loss 0.0560 lr 3e-04 (23s)
[23:25:16]   [cls-r1] ep08 300/1559 loss 0.0561 lr 3e-04 (36s)
[23:25:28]   [cls-r1] ep08 400/1559 loss 0.0564 lr 3e-04 (48s)
[23:25:40]   [cls-r1] ep08 500/1559 loss 0.0571 lr 3e-04 (60s)
[23:25:52]   [cls-r1] ep08 600/1559 loss 0.0567 lr 3e-04 (72s)
[23:26:04]   [cls-r1] ep08 700/1559 loss 0.0570 lr 3e-04 (84s)
[23:26:16]   [cls-r1] ep08 800/1559 loss 0.0575 lr 3e-04 (96s)
[23:26:28]   [cls-r1] ep08 900/1559 loss 0.0581 lr 3e-04 (108s)
[23:26:40]   [cls-r1] ep08 1000/1559 loss 0.0580 lr 3e-04 (120s)
[23:26:52]   [cls-r1] ep08 1100/1559 loss 0.0578 lr 3e-04 (132s)
[23:27:03]   [cls-r1] ep08 1200/1559 loss 0.0581 lr 3e-04 (143s)
[23:27:15]   [cls-r1] ep08 1300/1559 loss 0.0585 lr 3e-04 (155s)
[23:27:27]   [cls-r1] ep08 1400/1559 loss 0.0587 lr 3e-04 (167s)
[23:27:39]   [cls-r1] ep08 1500/1559 loss 0.0587 lr 3e-04 (179s)
[23:27:47]   [cls-r1] ep08 1559/1559 loss 0.0587 lr 3e-04 (186s)
[23:27:56]   [cls-r1] Epoch 08 완료 | train L1 0.0587 | val argmax-MAE 10.08 | * best 저장 (10.08)
[23:28:08]   [cls-r1] ep09 100/1559 loss 0.0504 lr 3e-04 (12s)
[23:28:20]   [cls-r1] ep09 200/1559 loss 0.0520 lr 3e-04 (24s)
[23:28:32]   [cls-r1] ep09 300/1559 loss 0.0544 lr 3e-04 (36s)
[23:28:44]   [cls-r1] ep09 400/1559 loss 0.0540 lr 3e-04 (48s)
[23:28:56]   [cls-r1] ep09 500/1559 loss 0.0541 lr 3e-04 (60s)
[23:29:08]   [cls-r1] ep09 600/1559 loss 0.0546 lr 3e-04 (71s)
[23:29:19]   [cls-r1] ep09 700/1559 loss 0.0546 lr 3e-04 (83s)
[23:29:31]   [cls-r1] ep09 800/1559 loss 0.0548 lr 3e-04 (95s)
[23:29:43]   [cls-r1] ep09 900/1559 loss 0.0563 lr 3e-04 (107s)
[23:29:55]   [cls-r1] ep09 1000/1559 loss 0.0579 lr 3e-04 (119s)
[23:30:07]   [cls-r1] ep09 1100/1559 loss 0.0584 lr 3e-04 (131s)
[23:30:19]   [cls-r1] ep09 1200/1559 loss 0.0586 lr 3e-04 (143s)
[23:30:31]   [cls-r1] ep09 1300/1559 loss 0.0584 lr 3e-04 (155s)
[23:30:43]   [cls-r1] ep09 1400/1559 loss 0.0589 lr 3e-04 (167s)
[23:30:55]   [cls-r1] ep09 1500/1559 loss 0.0590 lr 3e-04 (178s)
[23:31:02]   [cls-r1] ep09 1559/1559 loss 0.0590 lr 3e-04 (186s)
[23:31:11]   [cls-r1] Epoch 09 완료 | train L1 0.0590 | val argmax-MAE 10.94 | 개선없음 1/8
[23:31:23]   [cls-r1] ep10 100/1559 loss 0.0553 lr 3e-04 (11s)
[23:31:35]   [cls-r1] ep10 200/1559 loss 0.0523 lr 3e-04 (23s)
[23:31:46]   [cls-r1] ep10 300/1559 loss 0.0528 lr 3e-04 (35s)
[23:31:59]   [cls-r1] ep10 400/1559 loss 0.0523 lr 3e-04 (47s)
[23:32:11]   [cls-r1] ep10 500/1559 loss 0.0523 lr 3e-04 (59s)
[23:32:23]   [cls-r1] ep10 600/1559 loss 0.0530 lr 3e-04 (71s)
[23:32:35]   [cls-r1] ep10 700/1559 loss 0.0532 lr 3e-04 (83s)
[23:32:47]   [cls-r1] ep10 800/1559 loss 0.0529 lr 3e-04 (95s)
[23:32:58]   [cls-r1] ep10 900/1559 loss 0.0528 lr 3e-04 (107s)
[23:33:10]   [cls-r1] ep10 1000/1559 loss 0.0528 lr 3e-04 (119s)
[23:33:22]   [cls-r1] ep10 1100/1559 loss 0.0527 lr 3e-04 (131s)
[23:33:34]   [cls-r1] ep10 1200/1559 loss 0.0527 lr 3e-04 (142s)
[23:33:46]   [cls-r1] ep10 1300/1559 loss 0.0527 lr 3e-04 (154s)
[23:33:58]   [cls-r1] ep10 1400/1559 loss 0.0525 lr 3e-04 (166s)
[23:34:10]   [cls-r1] ep10 1500/1559 loss 0.0524 lr 3e-04 (178s)
[23:34:17]   [cls-r1] ep10 1559/1559 loss 0.0524 lr 3e-04 (185s)
[23:34:26]   [cls-r1] Epoch 10 완료 | train L1 0.0524 | val argmax-MAE 10.22 | 개선없음 2/8
[23:34:39]   [cls-r1] ep11 100/1559 loss 0.0489 lr 3e-04 (12s)
[23:34:51]   [cls-r1] ep11 200/1559 loss 0.0476 lr 3e-04 (24s)
[23:35:03]   [cls-r1] ep11 300/1559 loss 0.0469 lr 3e-04 (36s)
[23:35:15]   [cls-r1] ep11 400/1559 loss 0.0488 lr 3e-04 (48s)
[23:35:27]   [cls-r1] ep11 500/1559 loss 0.0493 lr 3e-04 (60s)
[23:35:38]   [cls-r1] ep11 600/1559 loss 0.0505 lr 3e-04 (71s)
[23:35:50]   [cls-r1] ep11 700/1559 loss 0.0507 lr 3e-04 (83s)
[23:36:02]   [cls-r1] ep11 800/1559 loss 0.0506 lr 3e-04 (95s)
[23:36:14]   [cls-r1] ep11 900/1559 loss 0.0507 lr 3e-04 (107s)
[23:36:26]   [cls-r1] ep11 1000/1559 loss 0.0506 lr 3e-04 (119s)
[23:36:38]   [cls-r1] ep11 1100/1559 loss 0.0503 lr 3e-04 (131s)
[23:36:50]   [cls-r1] ep11 1200/1559 loss 0.0503 lr 3e-04 (143s)
[23:37:02]   [cls-r1] ep11 1300/1559 loss 0.0501 lr 3e-04 (155s)
[23:37:13]   [cls-r1] ep11 1400/1559 loss 0.0502 lr 3e-04 (167s)
[23:37:25]   [cls-r1] ep11 1500/1559 loss 0.0503 lr 3e-04 (179s)
[23:37:32]   [cls-r1] ep11 1559/1559 loss 0.0503 lr 3e-04 (186s)
[23:37:42]   [cls-r1] Epoch 11 완료 | train L1 0.0503 | val argmax-MAE 10.30 | 개선없음 3/8
[23:37:54]   [cls-r1] ep12 100/1559 loss 0.0455 lr 3e-04 (11s)
[23:38:05]   [cls-r1] ep12 200/1559 loss 0.0448 lr 3e-04 (23s)
[23:38:17]   [cls-r1] ep12 300/1559 loss 0.0452 lr 3e-04 (35s)
[23:38:30]   [cls-r1] ep12 400/1559 loss 0.0453 lr 3e-04 (47s)
[23:38:41]   [cls-r1] ep12 500/1559 loss 0.0450 lr 3e-04 (59s)
[23:38:53]   [cls-r1] ep12 600/1559 loss 0.0454 lr 3e-04 (71s)
[23:39:06]   [cls-r1] ep12 700/1559 loss 0.0463 lr 3e-04 (83s)
[23:39:18]   [cls-r1] ep12 800/1559 loss 0.0465 lr 3e-04 (95s)
[23:39:29]   [cls-r1] ep12 900/1559 loss 0.0470 lr 3e-04 (107s)
[23:39:41]   [cls-r1] ep12 1000/1559 loss 0.0472 lr 3e-04 (119s)
[23:39:53]   [cls-r1] ep12 1100/1559 loss 0.0471 lr 3e-04 (131s)
[23:40:04]   [cls-r1] ep12 1200/1559 loss 0.0471 lr 3e-04 (142s)
[23:40:16]   [cls-r1] ep12 1300/1559 loss 0.0470 lr 3e-04 (154s)
[23:40:28]   [cls-r1] ep12 1400/1559 loss 0.0470 lr 3e-04 (166s)
[23:40:40]   [cls-r1] ep12 1500/1559 loss 0.0471 lr 3e-04 (177s)
[23:40:47]   [cls-r1] ep12 1559/1559 loss 0.0471 lr 3e-04 (184s)
[23:40:56]   [cls-r1] Epoch 12 완료 | train L1 0.0471 | val argmax-MAE 10.02 | * best 저장 (10.02)
[23:41:08]   [cls-r1] ep13 100/1559 loss 0.0423 lr 3e-04 (12s)
[23:41:20]   [cls-r1] ep13 200/1559 loss 0.0425 lr 3e-04 (24s)
[23:41:32]   [cls-r1] ep13 300/1559 loss 0.0424 lr 3e-04 (36s)
[23:41:45]   [cls-r1] ep13 400/1559 loss 0.0430 lr 3e-04 (48s)
[23:41:57]   [cls-r1] ep13 500/1559 loss 0.0431 lr 3e-04 (60s)
[23:42:08]   [cls-r1] ep13 600/1559 loss 0.0430 lr 3e-04 (72s)
[23:42:20]   [cls-r1] ep13 700/1559 loss 0.0433 lr 3e-04 (83s)
[23:42:32]   [cls-r1] ep13 800/1559 loss 0.0438 lr 3e-04 (95s)
[23:42:44]   [cls-r1] ep13 900/1559 loss 0.0438 lr 3e-04 (107s)
[23:42:55]   [cls-r1] ep13 1000/1559 loss 0.0438 lr 3e-04 (119s)
[23:43:07]   [cls-r1] ep13 1100/1559 loss 0.0440 lr 3e-04 (131s)
[23:43:19]   [cls-r1] ep13 1200/1559 loss 0.0443 lr 3e-04 (143s)
[23:43:31]   [cls-r1] ep13 1300/1559 loss 0.0446 lr 3e-04 (155s)
[23:43:43]   [cls-r1] ep13 1400/1559 loss 0.0446 lr 3e-04 (167s)
[23:43:55]   [cls-r1] ep13 1500/1559 loss 0.0447 lr 3e-04 (179s)
[23:44:02]   [cls-r1] ep13 1559/1559 loss 0.0447 lr 3e-04 (186s)
[23:44:12]   [cls-r1] Epoch 13 완료 | train L1 0.0447 | val argmax-MAE 9.91 | * best 저장 (9.91)
[23:44:23]   [cls-r1] ep14 100/1559 loss 0.0428 lr 3e-04 (11s)
[23:44:35]   [cls-r1] ep14 200/1559 loss 0.0427 lr 3e-04 (23s)
[23:44:47]   [cls-r1] ep14 300/1559 loss 0.0420 lr 3e-04 (35s)
[23:44:59]   [cls-r1] ep14 400/1559 loss 0.0423 lr 3e-04 (47s)
[23:45:11]   [cls-r1] ep14 500/1559 loss 0.0422 lr 3e-04 (59s)
[23:45:23]   [cls-r1] ep14 600/1559 loss 0.0420 lr 3e-04 (71s)
[23:45:34]   [cls-r1] ep14 700/1559 loss 0.0421 lr 3e-04 (82s)
[23:45:46]   [cls-r1] ep14 800/1559 loss 0.0421 lr 3e-04 (94s)
[23:45:58]   [cls-r1] ep14 900/1559 loss 0.0424 lr 3e-04 (106s)
[23:46:10]   [cls-r1] ep14 1000/1559 loss 0.0428 lr 3e-04 (118s)
[23:46:22]   [cls-r1] ep14 1100/1559 loss 0.0434 lr 3e-04 (130s)
[23:46:33]   [cls-r1] ep14 1200/1559 loss 0.0436 lr 3e-04 (142s)
[23:46:45]   [cls-r1] ep14 1300/1559 loss 0.0435 lr 3e-04 (153s)
[23:46:57]   [cls-r1] ep14 1400/1559 loss 0.0436 lr 3e-04 (166s)
[23:47:09]   [cls-r1] ep14 1500/1559 loss 0.0435 lr 3e-04 (178s)
[23:47:16]   [cls-r1] ep14 1559/1559 loss 0.0434 lr 3e-04 (185s)
[23:47:26]   [cls-r1] Epoch 14 완료 | train L1 0.0434 | val argmax-MAE 9.97 | 개선없음 1/8
[23:47:38]   [cls-r1] ep15 100/1559 loss 0.0390 lr 3e-04 (12s)
[23:47:50]   [cls-r1] ep15 200/1559 loss 0.0395 lr 3e-04 (24s)
[23:48:02]   [cls-r1] ep15 300/1559 loss 0.0403 lr 3e-04 (36s)
[23:48:14]   [cls-r1] ep15 400/1559 loss 0.0409 lr 3e-04 (48s)
[23:48:26]   [cls-r1] ep15 500/1559 loss 0.0410 lr 3e-04 (60s)
[23:48:38]   [cls-r1] ep15 600/1559 loss 0.0411 lr 3e-04 (71s)
[23:48:49]   [cls-r1] ep15 700/1559 loss 0.0410 lr 3e-04 (83s)
[23:49:01]   [cls-r1] ep15 800/1559 loss 0.0409 lr 3e-04 (95s)
[23:49:13]   [cls-r1] ep15 900/1559 loss 0.0407 lr 3e-04 (107s)
[23:49:25]   [cls-r1] ep15 1000/1559 loss 0.0407 lr 3e-04 (119s)
[23:49:37]   [cls-r1] ep15 1100/1559 loss 0.0406 lr 3e-04 (131s)
[23:49:49]   [cls-r1] ep15 1200/1559 loss 0.0405 lr 3e-04 (143s)
[23:50:01]   [cls-r1] ep15 1300/1559 loss 0.0405 lr 3e-04 (155s)
[23:50:13]   [cls-r1] ep15 1400/1559 loss 0.0404 lr 3e-04 (167s)
[23:50:25]   [cls-r1] ep15 1500/1559 loss 0.0407 lr 3e-04 (179s)
[23:50:32]   [cls-r1] ep15 1559/1559 loss 0.0406 lr 3e-04 (186s)
[23:50:41]   [cls-r1] Epoch 15 완료 | train L1 0.0406 | val argmax-MAE 10.15 | 개선없음 2/8
[23:50:53]   [cls-r1] ep16 100/1559 loss 0.0399 lr 3e-04 (11s)
[23:51:05]   [cls-r1] ep16 200/1559 loss 0.0386 lr 3e-04 (23s)
[23:51:17]   [cls-r1] ep16 300/1559 loss 0.0388 lr 3e-04 (35s)
[23:51:29]   [cls-r1] ep16 400/1559 loss 0.0392 lr 3e-04 (47s)
[23:51:41]   [cls-r1] ep16 500/1559 loss 0.0391 lr 3e-04 (59s)
[23:51:53]   [cls-r1] ep16 600/1559 loss 0.0388 lr 3e-04 (71s)
[23:52:05]   [cls-r1] ep16 700/1559 loss 0.0388 lr 3e-04 (83s)
[23:52:17]   [cls-r1] ep16 800/1559 loss 0.0387 lr 3e-04 (95s)
[23:52:29]   [cls-r1] ep16 900/1559 loss 0.0388 lr 3e-04 (107s)
[23:52:41]   [cls-r1] ep16 1000/1559 loss 0.0387 lr 3e-04 (119s)
[23:52:53]   [cls-r1] ep16 1100/1559 loss 0.0388 lr 3e-04 (131s)
[23:53:04]   [cls-r1] ep16 1200/1559 loss 0.0388 lr 3e-04 (143s)
[23:53:16]   [cls-r1] ep16 1300/1559 loss 0.0387 lr 3e-04 (155s)
[23:53:28]   [cls-r1] ep16 1400/1559 loss 0.0388 lr 3e-04 (166s)
[23:53:40]   [cls-r1] ep16 1500/1559 loss 0.0393 lr 3e-04 (178s)
[23:53:47]   [cls-r1] ep16 1559/1559 loss 0.0396 lr 3e-04 (185s)
[23:53:56]   [cls-r1] Epoch 16 완료 | train L1 0.0396 | val argmax-MAE 11.96 | 개선없음 3/8
[23:54:08]   [cls-r1] ep17 100/1559 loss 0.0502 lr 3e-04 (12s)
[23:54:20]   [cls-r1] ep17 200/1559 loss 0.0450 lr 3e-04 (24s)
[23:54:32]   [cls-r1] ep17 300/1559 loss 0.0427 lr 3e-04 (36s)
[23:54:44]   [cls-r1] ep17 400/1559 loss 0.0422 lr 3e-04 (48s)
[23:54:56]   [cls-r1] ep17 500/1559 loss 0.0421 lr 3e-04 (60s)
[23:55:08]   [cls-r1] ep17 600/1559 loss 0.0416 lr 3e-04 (71s)
[23:55:18]   [cls-r1] ep17 700/1559 loss 0.0418 lr 3e-04 (81s)
[23:55:27]   [cls-r1] ep17 800/1559 loss 0.0415 lr 3e-04 (90s)
[23:55:35]   [cls-r1] ep17 900/1559 loss 0.0412 lr 3e-04 (98s)
[23:55:44]   [cls-r1] ep17 1000/1559 loss 0.0409 lr 3e-04 (108s)
[23:55:53]   [cls-r1] ep17 1100/1559 loss 0.0408 lr 3e-04 (117s)
[23:56:03]   [cls-r1] ep17 1200/1559 loss 0.0408 lr 3e-04 (126s)
[23:56:12]   [cls-r1] ep17 1300/1559 loss 0.0407 lr 3e-04 (135s)
[23:56:21]   [cls-r1] ep17 1400/1559 loss 0.0406 lr 3e-04 (145s)
[23:56:30]   [cls-r1] ep17 1500/1559 loss 0.0405 lr 3e-04 (154s)
[23:56:36]   [cls-r1] ep17 1559/1559 loss 0.0405 lr 3e-04 (159s)
[23:56:43]   [cls-r1] Epoch 17 완료 | train L1 0.0405 | val argmax-MAE 10.30 | 개선없음 4/8
[23:56:53]   [cls-r1] ep18 100/1559 loss 0.0385 lr 3e-04 (9s)
[23:57:02]   [cls-r1] ep18 200/1559 loss 0.0381 lr 3e-04 (18s)
[23:57:11]   [cls-r1] ep18 300/1559 loss 0.0365 lr 3e-04 (28s)
[23:57:21]   [cls-r1] ep18 400/1559 loss 0.0370 lr 3e-04 (37s)
[23:57:30]   [cls-r1] ep18 500/1559 loss 0.0372 lr 3e-04 (46s)
[23:57:39]   [cls-r1] ep18 600/1559 loss 0.0374 lr 3e-04 (55s)
[23:57:48]   [cls-r1] ep18 700/1559 loss 0.0369 lr 3e-04 (64s)
[23:57:57]   [cls-r1] ep18 800/1559 loss 0.0369 lr 3e-04 (74s)
[23:58:07]   [cls-r1] ep18 900/1559 loss 0.0366 lr 3e-04 (83s)
[23:58:16]   [cls-r1] ep18 1000/1559 loss 0.0368 lr 3e-04 (92s)
[23:58:25]   [cls-r1] ep18 1100/1559 loss 0.0367 lr 3e-04 (101s)
[23:58:34]   [cls-r1] ep18 1200/1559 loss 0.0366 lr 3e-04 (110s)
[23:58:43]   [cls-r1] ep18 1300/1559 loss 0.0365 lr 3e-04 (119s)
[23:58:52]   [cls-r1] ep18 1400/1559 loss 0.0364 lr 3e-04 (129s)
[23:59:02]   [cls-r1] ep18 1500/1559 loss 0.0362 lr 3e-04 (138s)
[23:59:07]   [cls-r1] ep18 1559/1559 loss 0.0361 lr 3e-04 (143s)
[23:59:16]   [cls-r1] Epoch 18 완료 | train L1 0.0361 | val argmax-MAE 9.78 | * best 저장 (9.78)
[23:59:25]   [cls-r1] ep19 100/1559 loss 0.0327 lr 3e-04 (9s)
[23:59:34]   [cls-r1] ep19 200/1559 loss 0.0328 lr 3e-04 (18s)
[23:59:43]   [cls-r1] ep19 300/1559 loss 0.0334 lr 3e-04 (27s)
[23:59:53]   [cls-r1] ep19 400/1559 loss 0.0333 lr 3e-04 (37s)
[00:00:02]   [cls-r1] ep19 500/1559 loss 0.0329 lr 3e-04 (46s)
[00:00:11]   [cls-r1] ep19 600/1559 loss 0.0331 lr 3e-04 (55s)
[00:00:20]   [cls-r1] ep19 700/1559 loss 0.0332 lr 3e-04 (64s)
[00:00:30]   [cls-r1] ep19 800/1559 loss 0.0332 lr 3e-04 (74s)
[00:00:39]   [cls-r1] ep19 900/1559 loss 0.0333 lr 3e-04 (83s)
[00:00:48]   [cls-r1] ep19 1000/1559 loss 0.0332 lr 3e-04 (92s)
[00:00:57]   [cls-r1] ep19 1100/1559 loss 0.0332 lr 3e-04 (101s)
[00:01:06]   [cls-r1] ep19 1200/1559 loss 0.0332 lr 3e-04 (111s)
[00:01:16]   [cls-r1] ep19 1300/1559 loss 0.0333 lr 3e-04 (120s)
[00:01:25]   [cls-r1] ep19 1400/1559 loss 0.0332 lr 3e-04 (129s)
[00:01:34]   [cls-r1] ep19 1500/1559 loss 0.0332 lr 3e-04 (138s)
[00:01:40]   [cls-r1] ep19 1559/1559 loss 0.0334 lr 3e-04 (144s)
[00:01:48]   [cls-r1] Epoch 19 완료 | train L1 0.0334 | val argmax-MAE 9.78 | 개선없음 1/8
[00:01:58]   [cls-r1] ep20 100/1559 loss 0.0329 lr 3e-04 (9s)
[00:02:07]   [cls-r1] ep20 200/1559 loss 0.0331 lr 3e-04 (18s)
[00:02:16]   [cls-r1] ep20 300/1559 loss 0.0336 lr 3e-04 (28s)
[00:02:26]   [cls-r1] ep20 400/1559 loss 0.0332 lr 3e-04 (37s)
[00:02:35]   [cls-r1] ep20 500/1559 loss 0.0332 lr 3e-04 (47s)
[00:02:44]   [cls-r1] ep20 600/1559 loss 0.0337 lr 3e-04 (56s)
[00:02:54]   [cls-r1] ep20 700/1559 loss 0.0338 lr 3e-04 (65s)
[00:03:03]   [cls-r1] ep20 800/1559 loss 0.0340 lr 3e-04 (74s)
[00:03:12]   [cls-r1] ep20 900/1559 loss 0.0341 lr 3e-04 (84s)
[00:03:21]   [cls-r1] ep20 1000/1559 loss 0.0342 lr 3e-04 (93s)
[00:03:31]   [cls-r1] ep20 1100/1559 loss 0.0342 lr 3e-04 (102s)
[00:03:40]   [cls-r1] ep20 1200/1559 loss 0.0345 lr 3e-04 (111s)
[00:03:49]   [cls-r1] ep20 1300/1559 loss 0.0347 lr 3e-04 (121s)
[00:03:58]   [cls-r1] ep20 1400/1559 loss 0.0347 lr 3e-04 (130s)
[00:04:08]   [cls-r1] ep20 1500/1559 loss 0.0347 lr 3e-04 (139s)
[00:04:13]   [cls-r1] ep20 1559/1559 loss 0.0348 lr 3e-04 (144s)
[00:04:21]   [cls-r1] Epoch 20 완료 | train L1 0.0348 | val argmax-MAE 10.19 | 개선없음 2/8
[00:04:31]   [cls-r1] ep21 100/1559 loss 0.0347 lr 3e-04 (9s)
[00:04:40]   [cls-r1] ep21 200/1559 loss 0.0337 lr 3e-04 (19s)
[00:04:50]   [cls-r1] ep21 300/1559 loss 0.0338 lr 3e-04 (28s)
[00:04:59]   [cls-r1] ep21 400/1559 loss 0.0338 lr 3e-04 (37s)
[00:05:08]   [cls-r1] ep21 500/1559 loss 0.0337 lr 3e-04 (46s)
[00:05:17]   [cls-r1] ep21 600/1559 loss 0.0333 lr 3e-04 (56s)
[00:05:27]   [cls-r1] ep21 700/1559 loss 0.0332 lr 3e-04 (65s)
[00:05:36]   [cls-r1] ep21 800/1559 loss 0.0333 lr 3e-04 (74s)
[00:05:45]   [cls-r1] ep21 900/1559 loss 0.0333 lr 3e-04 (83s)
[00:05:54]   [cls-r1] ep21 1000/1559 loss 0.0332 lr 3e-04 (93s)
[00:06:04]   [cls-r1] ep21 1100/1559 loss 0.0331 lr 3e-04 (102s)
[00:06:13]   [cls-r1] ep21 1200/1559 loss 0.0332 lr 3e-04 (111s)
[00:06:22]   [cls-r1] ep21 1300/1559 loss 0.0331 lr 3e-04 (120s)
[00:06:32]   [cls-r1] ep21 1400/1559 loss 0.0331 lr 3e-04 (130s)
[00:06:41]   [cls-r1] ep21 1500/1559 loss 0.0331 lr 3e-04 (139s)
[00:06:46]   [cls-r1] ep21 1559/1559 loss 0.0332 lr 3e-04 (144s)
[00:06:55]   [cls-r1] Epoch 21 완료 | train L1 0.0332 | val argmax-MAE 10.29 | 개선없음 3/8
[00:07:04]   [cls-r1] ep22 100/1559 loss 0.0334 lr 3e-04 (9s)
[00:07:14]   [cls-r1] ep22 200/1559 loss 0.0312 lr 3e-04 (19s)
[00:07:23]   [cls-r1] ep22 300/1559 loss 0.0305 lr 3e-04 (28s)
[00:07:32]   [cls-r1] ep22 400/1559 loss 0.0306 lr 3e-04 (37s)
[00:07:41]   [cls-r1] ep22 500/1559 loss 0.0311 lr 3e-04 (46s)
[00:07:51]   [cls-r1] ep22 600/1559 loss 0.0312 lr 3e-04 (56s)
[00:08:00]   [cls-r1] ep22 700/1559 loss 0.0314 lr 3e-04 (65s)
[00:08:09]   [cls-r1] ep22 800/1559 loss 0.0314 lr 3e-04 (74s)
[00:08:18]   [cls-r1] ep22 900/1559 loss 0.0317 lr 3e-04 (83s)
[00:08:28]   [cls-r1] ep22 1000/1559 loss 0.0318 lr 3e-04 (93s)
[00:08:37]   [cls-r1] ep22 1100/1559 loss 0.0320 lr 3e-04 (102s)
[00:08:46]   [cls-r1] ep22 1200/1559 loss 0.0321 lr 3e-04 (111s)
[00:08:55]   [cls-r1] ep22 1300/1559 loss 0.0321 lr 3e-04 (120s)
[00:09:04]   [cls-r1] ep22 1400/1559 loss 0.0320 lr 3e-04 (129s)
[00:09:14]   [cls-r1] ep22 1500/1559 loss 0.0323 lr 3e-04 (139s)
[00:09:19]   [cls-r1] ep22 1559/1559 loss 0.0324 lr 3e-04 (144s)
[00:09:27]   [cls-r1] Epoch 22 완료 | train L1 0.0324 | val argmax-MAE 10.69 | 개선없음 4/8
[00:09:37]   [cls-r1] ep23 100/1559 loss 0.0298 lr 3e-04 (9s)
[00:09:46]   [cls-r1] ep23 200/1559 loss 0.0306 lr 3e-04 (18s)
[00:09:56]   [cls-r1] ep23 300/1559 loss 0.0300 lr 3e-04 (28s)
[00:10:05]   [cls-r1] ep23 400/1559 loss 0.0304 lr 3e-04 (37s)
[00:10:14]   [cls-r1] ep23 500/1559 loss 0.0308 lr 3e-04 (46s)
[00:10:23]   [cls-r1] ep23 600/1559 loss 0.0311 lr 3e-04 (55s)
[00:10:32]   [cls-r1] ep23 700/1559 loss 0.0322 lr 3e-04 (65s)
[00:10:42]   [cls-r1] ep23 800/1559 loss 0.0328 lr 3e-04 (74s)
[00:10:51]   [cls-r1] ep23 900/1559 loss 0.0334 lr 3e-04 (83s)
[00:11:00]   [cls-r1] ep23 1000/1559 loss 0.0337 lr 3e-04 (92s)
[00:11:09]   [cls-r1] ep23 1100/1559 loss 0.0338 lr 3e-04 (101s)
[00:11:18]   [cls-r1] ep23 1200/1559 loss 0.0339 lr 3e-04 (110s)
[00:11:27]   [cls-r1] ep23 1300/1559 loss 0.0339 lr 3e-04 (120s)
[00:11:37]   [cls-r1] ep23 1400/1559 loss 0.0339 lr 3e-04 (129s)
[00:11:46]   [cls-r1] ep23 1500/1559 loss 0.0339 lr 3e-04 (138s)
[00:11:51]   [cls-r1] ep23 1559/1559 loss 0.0337 lr 3e-04 (144s)
[00:12:00]   [cls-r1] Epoch 23 완료 | train L1 0.0337 | val argmax-MAE 9.61 | * best 저장 (9.61)
[00:12:10]   [cls-r1] ep24 100/1559 loss 0.0285 lr 3e-04 (9s)
[00:12:19]   [cls-r1] ep24 200/1559 loss 0.0298 lr 3e-04 (18s)
[00:12:28]   [cls-r1] ep24 300/1559 loss 0.0290 lr 3e-04 (28s)
[00:12:38]   [cls-r1] ep24 400/1559 loss 0.0293 lr 3e-04 (37s)
[00:12:47]   [cls-r1] ep24 500/1559 loss 0.0309 lr 3e-04 (46s)
[00:12:56]   [cls-r1] ep24 600/1559 loss 0.0320 lr 3e-04 (56s)
[00:13:05]   [cls-r1] ep24 700/1559 loss 0.0329 lr 3e-04 (65s)
[00:13:15]   [cls-r1] ep24 800/1559 loss 0.0328 lr 3e-04 (74s)
[00:13:24]   [cls-r1] ep24 900/1559 loss 0.0327 lr 3e-04 (83s)
[00:13:33]   [cls-r1] ep24 1000/1559 loss 0.0326 lr 3e-04 (93s)
[00:13:42]   [cls-r1] ep24 1100/1559 loss 0.0329 lr 3e-04 (102s)
[00:13:52]   [cls-r1] ep24 1200/1559 loss 0.0329 lr 3e-04 (111s)
[00:14:01]   [cls-r1] ep24 1300/1559 loss 0.0331 lr 3e-04 (120s)
[00:14:10]   [cls-r1] ep24 1400/1559 loss 0.0330 lr 3e-04 (130s)
[00:14:19]   [cls-r1] ep24 1500/1559 loss 0.0329 lr 3e-04 (139s)
[00:14:25]   [cls-r1] ep24 1559/1559 loss 0.0329 lr 3e-04 (144s)
[00:14:33]   [cls-r1] Epoch 24 완료 | train L1 0.0329 | val argmax-MAE 9.83 | 개선없음 1/8
[00:14:43]   [cls-r1] ep25 100/1559 loss 0.0291 lr 3e-04 (9s)
[00:14:52]   [cls-r1] ep25 200/1559 loss 0.0290 lr 3e-04 (18s)
[00:15:01]   [cls-r1] ep25 300/1559 loss 0.0294 lr 3e-04 (28s)
[00:15:11]   [cls-r1] ep25 400/1559 loss 0.0301 lr 3e-04 (37s)
[00:15:20]   [cls-r1] ep25 500/1559 loss 0.0308 lr 3e-04 (46s)
[00:15:29]   [cls-r1] ep25 600/1559 loss 0.0309 lr 3e-04 (55s)
[00:15:38]   [cls-r1] ep25 700/1559 loss 0.0307 lr 3e-04 (65s)
[00:15:47]   [cls-r1] ep25 800/1559 loss 0.0306 lr 3e-04 (74s)
[00:15:57]   [cls-r1] ep25 900/1559 loss 0.0303 lr 3e-04 (83s)
[00:16:06]   [cls-r1] ep25 1000/1559 loss 0.0302 lr 3e-04 (92s)
[00:16:15]   [cls-r1] ep25 1100/1559 loss 0.0300 lr 3e-04 (101s)
[00:16:24]   [cls-r1] ep25 1200/1559 loss 0.0298 lr 3e-04 (111s)
[00:16:33]   [cls-r1] ep25 1300/1559 loss 0.0297 lr 3e-04 (120s)
[00:16:43]   [cls-r1] ep25 1400/1559 loss 0.0296 lr 3e-04 (129s)
[00:16:52]   [cls-r1] ep25 1500/1559 loss 0.0296 lr 3e-04 (138s)
[00:16:57]   [cls-r1] ep25 1559/1559 loss 0.0298 lr 3e-04 (144s)
[00:17:06]   [cls-r1] Epoch 25 완료 | train L1 0.0298 | val argmax-MAE 9.95 | 개선없음 2/8
[00:17:15]   [cls-r1] ep26 100/1559 loss 0.0263 lr 3e-04 (9s)
[00:17:25]   [cls-r1] ep26 200/1559 loss 0.0274 lr 3e-04 (18s)
[00:17:34]   [cls-r1] ep26 300/1559 loss 0.0271 lr 3e-04 (28s)
[00:17:43]   [cls-r1] ep26 400/1559 loss 0.0271 lr 3e-04 (37s)
[00:17:52]   [cls-r1] ep26 500/1559 loss 0.0271 lr 3e-04 (46s)
[00:18:01]   [cls-r1] ep26 600/1559 loss 0.0273 lr 3e-04 (55s)
[00:18:10]   [cls-r1] ep26 700/1559 loss 0.0272 lr 3e-04 (64s)
[00:18:19]   [cls-r1] ep26 800/1559 loss 0.0272 lr 3e-04 (73s)
[00:18:29]   [cls-r1] ep26 900/1559 loss 0.0272 lr 3e-04 (82s)
[00:18:38]   [cls-r1] ep26 1000/1559 loss 0.0272 lr 3e-04 (91s)
[00:18:47]   [cls-r1] ep26 1100/1559 loss 0.0273 lr 3e-04 (101s)
[00:18:56]   [cls-r1] ep26 1200/1559 loss 0.0275 lr 3e-04 (110s)
[00:19:06]   [cls-r1] ep26 1300/1559 loss 0.0276 lr 3e-04 (120s)
[00:19:15]   [cls-r1] ep26 1400/1559 loss 0.0276 lr 3e-04 (129s)
[00:19:25]   [cls-r1] ep26 1500/1559 loss 0.0277 lr 3e-04 (138s)
[00:19:30]   [cls-r1] ep26 1559/1559 loss 0.0277 lr 3e-04 (144s)
[00:19:38]   [cls-r1] Epoch 26 완료 | train L1 0.0277 | val argmax-MAE 9.93 | 개선없음 3/8
[00:19:48]   [cls-r1] ep27 100/1559 loss 0.0280 lr 3e-04 (9s)
[00:19:57]   [cls-r1] ep27 200/1559 loss 0.0273 lr 3e-04 (18s)
[00:20:06]   [cls-r1] ep27 300/1559 loss 0.0280 lr 3e-04 (27s)
[00:20:15]   [cls-r1] ep27 400/1559 loss 0.0281 lr 3e-04 (36s)
[00:20:24]   [cls-r1] ep27 500/1559 loss 0.0281 lr 3e-04 (46s)
[00:20:34]   [cls-r1] ep27 600/1559 loss 0.0277 lr 3e-04 (55s)
[00:20:43]   [cls-r1] ep27 700/1559 loss 0.0276 lr 3e-04 (64s)
[00:20:52]   [cls-r1] ep27 800/1559 loss 0.0276 lr 3e-04 (73s)
[00:21:01]   [cls-r1] ep27 900/1559 loss 0.0278 lr 3e-04 (82s)
[00:21:10]   [cls-r1] ep27 1000/1559 loss 0.0284 lr 3e-04 (91s)
[00:21:19]   [cls-r1] ep27 1100/1559 loss 0.0286 lr 3e-04 (100s)
[00:21:28]   [cls-r1] ep27 1200/1559 loss 0.0289 lr 3e-04 (109s)
[00:21:37]   [cls-r1] ep27 1300/1559 loss 0.0290 lr 3e-04 (119s)
[00:21:47]   [cls-r1] ep27 1400/1559 loss 0.0290 lr 3e-04 (128s)
[00:21:56]   [cls-r1] ep27 1500/1559 loss 0.0290 lr 3e-04 (137s)
[00:22:01]   [cls-r1] ep27 1559/1559 loss 0.0288 lr 3e-04 (142s)
[00:22:09]   [cls-r1] Epoch 27 완료 | train L1 0.0288 | val argmax-MAE 10.09 | 개선없음 4/8
[00:22:19]   [cls-r1] ep28 100/1559 loss 0.0283 lr 3e-04 (9s)
[00:22:28]   [cls-r1] ep28 200/1559 loss 0.0280 lr 3e-04 (18s)
[00:22:37]   [cls-r1] ep28 300/1559 loss 0.0271 lr 3e-04 (27s)
[00:22:46]   [cls-r1] ep28 400/1559 loss 0.0271 lr 3e-04 (37s)
[00:22:55]   [cls-r1] ep28 500/1559 loss 0.0272 lr 3e-04 (46s)
[00:23:05]   [cls-r1] ep28 600/1559 loss 0.0274 lr 3e-04 (55s)
[00:23:14]   [cls-r1] ep28 700/1559 loss 0.0276 lr 3e-04 (64s)
[00:23:23]   [cls-r1] ep28 800/1559 loss 0.0277 lr 3e-04 (73s)
[00:23:32]   [cls-r1] ep28 900/1559 loss 0.0280 lr 3e-04 (82s)
[00:23:41]   [cls-r1] ep28 1000/1559 loss 0.0280 lr 3e-04 (92s)
[00:23:50]   [cls-r1] ep28 1100/1559 loss 0.0282 lr 3e-04 (101s)
[00:24:00]   [cls-r1] ep28 1200/1559 loss 0.0283 lr 3e-04 (110s)
[00:24:09]   [cls-r1] ep28 1300/1559 loss 0.0282 lr 3e-04 (119s)
[00:24:18]   [cls-r1] ep28 1400/1559 loss 0.0283 lr 3e-04 (128s)
[00:24:27]   [cls-r1] ep28 1500/1559 loss 0.0283 lr 3e-04 (138s)
[00:24:33]   [cls-r1] ep28 1559/1559 loss 0.0285 lr 3e-04 (143s)
[00:24:41]   [cls-r1] Epoch 28 완료 | train L1 0.0285 | val argmax-MAE 9.93 | 개선없음 5/8
[00:24:50]   [cls-r1] ep29 100/1559 loss 0.0268 lr 3e-04 (9s)
[00:24:59]   [cls-r1] ep29 200/1559 loss 0.0264 lr 3e-04 (18s)
[00:25:09]   [cls-r1] ep29 300/1559 loss 0.0266 lr 3e-04 (27s)
[00:25:18]   [cls-r1] ep29 400/1559 loss 0.0266 lr 3e-04 (37s)
[00:25:27]   [cls-r1] ep29 500/1559 loss 0.0264 lr 3e-04 (46s)
[00:25:37]   [cls-r1] ep29 600/1559 loss 0.0261 lr 3e-04 (56s)
[00:25:46]   [cls-r1] ep29 700/1559 loss 0.0262 lr 3e-04 (65s)
[00:25:55]   [cls-r1] ep29 800/1559 loss 0.0262 lr 3e-04 (74s)
[00:26:05]   [cls-r1] ep29 900/1559 loss 0.0263 lr 3e-04 (84s)
[00:26:14]   [cls-r1] ep29 1000/1559 loss 0.0263 lr 3e-04 (93s)
[00:26:23]   [cls-r1] ep29 1100/1559 loss 0.0263 lr 3e-04 (101s)
[00:26:32]   [cls-r1] ep29 1200/1559 loss 0.0263 lr 3e-04 (111s)
[00:26:41]   [cls-r1] ep29 1300/1559 loss 0.0265 lr 3e-04 (120s)
[00:26:50]   [cls-r1] ep29 1400/1559 loss 0.0265 lr 3e-04 (129s)
[00:27:00]   [cls-r1] ep29 1500/1559 loss 0.0265 lr 3e-04 (139s)
[00:27:05]   [cls-r1] ep29 1559/1559 loss 0.0265 lr 3e-04 (144s)
[00:27:14]   [cls-r1] Epoch 29 완료 | train L1 0.0265 | val argmax-MAE 9.99 | 개선없음 6/8
[00:27:23]   [cls-r1] ep30 100/1559 loss 0.0262 lr 3e-04 (9s)
[00:27:32]   [cls-r1] ep30 200/1559 loss 0.0268 lr 3e-04 (18s)
[00:27:42]   [cls-r1] ep30 300/1559 loss 0.0264 lr 3e-04 (28s)
[00:27:51]   [cls-r1] ep30 400/1559 loss 0.0261 lr 3e-04 (37s)
[00:28:00]   [cls-r1] ep30 500/1559 loss 0.0264 lr 3e-04 (46s)
[00:28:09]   [cls-r1] ep30 600/1559 loss 0.0260 lr 3e-04 (55s)
[00:28:19]   [cls-r1] ep30 700/1559 loss 0.0262 lr 3e-04 (65s)
[00:28:28]   [cls-r1] ep30 800/1559 loss 0.0264 lr 3e-04 (74s)
[00:28:37]   [cls-r1] ep30 900/1559 loss 0.0259 lr 3e-04 (83s)
[00:28:46]   [cls-r1] ep30 1000/1559 loss 0.0257 lr 3e-04 (92s)
[00:28:56]   [cls-r1] ep30 1100/1559 loss 0.0256 lr 3e-04 (102s)
[00:29:05]   [cls-r1] ep30 1200/1559 loss 0.0257 lr 3e-04 (111s)
[00:29:14]   [cls-r1] ep30 1300/1559 loss 0.0257 lr 3e-04 (120s)
[00:29:23]   [cls-r1] ep30 1400/1559 loss 0.0259 lr 3e-04 (129s)
[00:29:33]   [cls-r1] ep30 1500/1559 loss 0.0262 lr 3e-04 (139s)
[00:29:38]   [cls-r1] ep30 1559/1559 loss 0.0262 lr 3e-04 (144s)
[00:29:47]   [cls-r1] Epoch 30 완료 | train L1 0.0262 | val argmax-MAE 10.18 | 개선없음 7/8
[00:29:56]   [cls-r1] ep31 100/1559 loss 0.0255 lr 3e-04 (9s)
[00:30:05]   [cls-r1] ep31 200/1559 loss 0.0256 lr 3e-04 (18s)
[00:30:15]   [cls-r1] ep31 300/1559 loss 0.0255 lr 3e-04 (28s)
[00:30:24]   [cls-r1] ep31 400/1559 loss 0.0258 lr 3e-04 (37s)
[00:30:33]   [cls-r1] ep31 500/1559 loss 0.0253 lr 3e-04 (46s)
[00:30:44]   [cls-r1] ep31 600/1559 loss 0.0253 lr 3e-04 (57s)
[00:30:55]   [cls-r1] ep31 700/1559 loss 0.0253 lr 3e-04 (68s)
[00:31:07]   [cls-r1] ep31 800/1559 loss 0.0253 lr 3e-04 (80s)
[00:31:18]   [cls-r1] ep31 900/1559 loss 0.0255 lr 3e-04 (91s)
[00:31:30]   [cls-r1] ep31 1000/1559 loss 0.0254 lr 3e-04 (103s)
[00:31:41]   [cls-r1] ep31 1100/1559 loss 0.0255 lr 3e-04 (114s)
[00:31:53]   [cls-r1] ep31 1200/1559 loss 0.0256 lr 3e-04 (126s)
[00:32:04]   [cls-r1] ep31 1300/1559 loss 0.0259 lr 3e-04 (137s)
[00:32:16]   [cls-r1] ep31 1400/1559 loss 0.0260 lr 3e-04 (149s)
[00:32:28]   [cls-r1] ep31 1500/1559 loss 0.0260 lr 3e-04 (161s)
[00:32:35]   [cls-r1] ep31 1559/1559 loss 0.0261 lr 3e-04 (168s)
[00:32:44]   [cls-r1] Epoch 31 완료 | train L1 0.0261 | val argmax-MAE 9.87 | 개선없음 8/8
[00:32:45]   [cls-r1] 조기종료 | best argmax-MAE 9.61 @ epoch 23
[00:35:58]   [r1] train 1000/12473
[00:38:23]   [r1] train 2000/12473
[00:41:32]   [r1] train 3000/12473
[00:44:52]   [r1] train 4000/12473
[00:48:17]   [r1] train 5000/12473
[00:51:41]   [r1] train 6000/12473
[00:55:13]   [r1] train 7000/12473
[00:58:36]   [r1] train 8000/12473
[01:02:12]   [r1] train 9000/12473
[01:05:40]   [r1] train 10000/12473
[01:09:05]   [r1] train 11000/12473
[01:12:25]   [r1] train 12000/12473
[01:14:12] [r1:train] CAM 12473 | 밴드폴백 0 | 파일없음 0
[01:17:16]   [r1] val 1000/1386
[01:18:40] [r1:val] CAM 1386 | 밴드폴백 0 | 파일없음 0
[01:19:11] [r1:test] CAM 195 | 밴드폴백 0 | 파일없음 0
[01:19:11] ### Phase I-b : R2(중수골) 국소화 - 논문 방식(erase 재학습) ###
[01:19:11]   E 이미지로 cls-r2 재학습 -> CAM tau=50 | 밴드 제약 없음 | 박스 확대 없음 | 최대연결성분 True
[01:19:11] [cls-r2] 분류 모델 학습 | pool=gmp src=erased size=560 epochs=70
[01:19:12] [backbone] timm 'inception_v3' 로드 완료 (pretrained=True)
[01:19:12] [cls-gmp] feat (2048, 16, 16) -> FC 2048->240
[01:19:28]   [cls-r2] ep01 100/1559 loss 0.2525 lr 3e-04 (16s)
[01:19:42]   [cls-r2] ep01 200/1559 loss 0.2014 lr 3e-04 (30s)
[01:19:56]   [cls-r2] ep01 300/1559 loss 0.1794 lr 3e-04 (45s)
[01:20:13]   [cls-r2] ep01 400/1559 loss 0.1639 lr 3e-04 (62s)
[01:20:31]   [cls-r2] ep01 500/1559 loss 0.1543 lr 3e-04 (80s)
[01:20:49]   [cls-r2] ep01 600/1559 loss 0.1463 lr 3e-04 (97s)
[01:21:07]   [cls-r2] ep01 700/1559 loss 0.1402 lr 3e-04 (115s)
[01:21:25]   [cls-r2] ep01 800/1559 loss 0.1353 lr 3e-04 (133s)
[01:21:43]   [cls-r2] ep01 900/1559 loss 0.1311 lr 3e-04 (151s)
[01:22:01]   [cls-r2] ep01 1000/1559 loss 0.1279 lr 3e-04 (169s)
[01:22:19]   [cls-r2] ep01 1100/1559 loss 0.1254 lr 3e-04 (187s)
[01:22:34]   [cls-r2] ep01 1200/1559 loss 0.1229 lr 3e-04 (202s)
[01:22:48]   [cls-r2] ep01 1300/1559 loss 0.1210 lr 3e-04 (216s)
[01:23:03]   [cls-r2] ep01 1400/1559 loss 0.1190 lr 3e-04 (231s)
[01:23:19]   [cls-r2] ep01 1500/1559 loss 0.1173 lr 3e-04 (247s)
[01:23:27]   [cls-r2] ep01 1559/1559 loss 0.1162 lr 3e-04 (255s)
[01:23:44]   [cls-r2] Epoch 01 완료 | train L1 0.1162 | val argmax-MAE 11.76 | * best 저장 (11.76)
[01:23:54]   [cls-r2] ep02 100/1559 loss 0.0866 lr 3e-04 (10s)
[01:24:06]   [cls-r2] ep02 200/1559 loss 0.0841 lr 3e-04 (21s)
[01:24:16]   [cls-r2] ep02 300/1559 loss 0.0850 lr 3e-04 (32s)
[01:24:27]   [cls-r2] ep02 400/1559 loss 0.0849 lr 3e-04 (43s)
[01:24:38]   [cls-r2] ep02 500/1559 loss 0.0851 lr 3e-04 (54s)
[01:24:49]   [cls-r2] ep02 600/1559 loss 0.0851 lr 3e-04 (65s)
[01:25:00]   [cls-r2] ep02 700/1559 loss 0.0852 lr 3e-04 (76s)
[01:25:11]   [cls-r2] ep02 800/1559 loss 0.0844 lr 3e-04 (87s)
[01:25:22]   [cls-r2] ep02 900/1559 loss 0.0842 lr 3e-04 (98s)
[01:25:33]   [cls-r2] ep02 1000/1559 loss 0.0839 lr 3e-04 (109s)
[01:25:44]   [cls-r2] ep02 1100/1559 loss 0.0839 lr 3e-04 (120s)
[01:25:56]   [cls-r2] ep02 1200/1559 loss 0.0838 lr 3e-04 (131s)
[01:26:07]   [cls-r2] ep02 1300/1559 loss 0.0842 lr 3e-04 (142s)
[01:26:18]   [cls-r2] ep02 1400/1559 loss 0.0839 lr 3e-04 (154s)
[01:26:29]   [cls-r2] ep02 1500/1559 loss 0.0838 lr 3e-04 (165s)
[01:26:34]   [cls-r2] ep02 1559/1559 loss 0.0839 lr 3e-04 (170s)
[01:26:42]   [cls-r2] Epoch 02 완료 | train L1 0.0839 | val argmax-MAE 11.80 | 개선없음 1/8
[01:26:52]   [cls-r2] ep03 100/1559 loss 0.0787 lr 3e-04 (9s)
[01:27:01]   [cls-r2] ep03 200/1559 loss 0.0783 lr 3e-04 (19s)
[01:27:12]   [cls-r2] ep03 300/1559 loss 0.0786 lr 3e-04 (29s)
[01:27:21]   [cls-r2] ep03 400/1559 loss 0.0784 lr 3e-04 (38s)
[01:27:30]   [cls-r2] ep03 500/1559 loss 0.0786 lr 3e-04 (47s)
[01:27:39]   [cls-r2] ep03 600/1559 loss 0.0786 lr 3e-04 (56s)
[01:27:48]   [cls-r2] ep03 700/1559 loss 0.0788 lr 3e-04 (65s)
[01:27:59]   [cls-r2] ep03 800/1559 loss 0.0788 lr 3e-04 (76s)
[01:28:10]   [cls-r2] ep03 900/1559 loss 0.0786 lr 3e-04 (88s)
[01:28:22]   [cls-r2] ep03 1000/1559 loss 0.0785 lr 3e-04 (99s)
[01:28:33]   [cls-r2] ep03 1100/1559 loss 0.0788 lr 3e-04 (111s)
[01:28:44]   [cls-r2] ep03 1200/1559 loss 0.0789 lr 3e-04 (122s)
[01:28:56]   [cls-r2] ep03 1300/1559 loss 0.0789 lr 3e-04 (133s)
[01:29:07]   [cls-r2] ep03 1400/1559 loss 0.0785 lr 3e-04 (144s)
[01:29:18]   [cls-r2] ep03 1500/1559 loss 0.0784 lr 3e-04 (155s)
[01:29:25]   [cls-r2] ep03 1559/1559 loss 0.0783 lr 3e-04 (162s)
[01:29:35]   [cls-r2] Epoch 03 완료 | train L1 0.0783 | val argmax-MAE 11.35 | * best 저장 (11.35)
[01:29:46]   [cls-r2] ep04 100/1559 loss 0.0672 lr 3e-04 (11s)
[01:29:58]   [cls-r2] ep04 200/1559 loss 0.0680 lr 3e-04 (23s)
[01:30:09]   [cls-r2] ep04 300/1559 loss 0.0694 lr 3e-04 (34s)
[01:30:18]   [cls-r2] ep04 400/1559 loss 0.0687 lr 3e-04 (43s)
[01:30:27]   [cls-r2] ep04 500/1559 loss 0.0697 lr 3e-04 (52s)
[01:30:36]   [cls-r2] ep04 600/1559 loss 0.0703 lr 3e-04 (61s)
[01:30:46]   [cls-r2] ep04 700/1559 loss 0.0707 lr 3e-04 (71s)
[01:30:56]   [cls-r2] ep04 800/1559 loss 0.0709 lr 3e-04 (81s)
[01:31:05]   [cls-r2] ep04 900/1559 loss 0.0710 lr 3e-04 (90s)
[01:31:14]   [cls-r2] ep04 1000/1559 loss 0.0712 lr 3e-04 (99s)
[01:31:24]   [cls-r2] ep04 1100/1559 loss 0.0713 lr 3e-04 (109s)
[01:31:33]   [cls-r2] ep04 1200/1559 loss 0.0716 lr 3e-04 (118s)
[01:31:44]   [cls-r2] ep04 1300/1559 loss 0.0713 lr 3e-04 (129s)
[01:31:55]   [cls-r2] ep04 1400/1559 loss 0.0714 lr 3e-04 (140s)
[01:32:07]   [cls-r2] ep04 1500/1559 loss 0.0714 lr 3e-04 (152s)
[01:32:14]   [cls-r2] ep04 1559/1559 loss 0.0714 lr 3e-04 (159s)
[01:32:24]   [cls-r2] Epoch 04 완료 | train L1 0.0714 | val argmax-MAE 10.86 | * best 저장 (10.86)
[01:32:36]   [cls-r2] ep05 100/1559 loss 0.0669 lr 3e-04 (12s)
[01:32:48]   [cls-r2] ep05 200/1559 loss 0.0670 lr 3e-04 (24s)
[01:32:59]   [cls-r2] ep05 300/1559 loss 0.0676 lr 3e-04 (35s)
[01:33:11]   [cls-r2] ep05 400/1559 loss 0.0681 lr 3e-04 (47s)
[01:33:23]   [cls-r2] ep05 500/1559 loss 0.0685 lr 3e-04 (58s)
[01:33:34]   [cls-r2] ep05 600/1559 loss 0.0684 lr 3e-04 (70s)
[01:33:46]   [cls-r2] ep05 700/1559 loss 0.0683 lr 3e-04 (82s)
[01:33:57]   [cls-r2] ep05 800/1559 loss 0.0682 lr 3e-04 (93s)
[01:34:07]   [cls-r2] ep05 900/1559 loss 0.0681 lr 3e-04 (103s)
[01:34:16]   [cls-r2] ep05 1000/1559 loss 0.0682 lr 3e-04 (111s)
[01:34:25]   [cls-r2] ep05 1100/1559 loss 0.0683 lr 3e-04 (120s)
[01:34:34]   [cls-r2] ep05 1200/1559 loss 0.0683 lr 3e-04 (130s)
[01:34:44]   [cls-r2] ep05 1300/1559 loss 0.0685 lr 3e-04 (140s)
[01:34:54]   [cls-r2] ep05 1400/1559 loss 0.0685 lr 3e-04 (149s)
[01:35:03]   [cls-r2] ep05 1500/1559 loss 0.0686 lr 3e-04 (159s)
[01:35:09]   [cls-r2] ep05 1559/1559 loss 0.0685 lr 3e-04 (164s)
[01:35:17]   [cls-r2] Epoch 05 완료 | train L1 0.0685 | val argmax-MAE 10.97 | 개선없음 1/8
[01:35:27]   [cls-r2] ep06 100/1559 loss 0.0614 lr 3e-04 (10s)
[01:35:38]   [cls-r2] ep06 200/1559 loss 0.0609 lr 3e-04 (21s)
[01:35:50]   [cls-r2] ep06 300/1559 loss 0.0605 lr 3e-04 (33s)
[01:36:02]   [cls-r2] ep06 400/1559 loss 0.0611 lr 3e-04 (44s)
[01:36:13]   [cls-r2] ep06 500/1559 loss 0.0618 lr 3e-04 (56s)
[01:36:25]   [cls-r2] ep06 600/1559 loss 0.0622 lr 3e-04 (68s)
[01:36:36]   [cls-r2] ep06 700/1559 loss 0.0626 lr 3e-04 (79s)
[01:36:48]   [cls-r2] ep06 800/1559 loss 0.0630 lr 3e-04 (91s)
[01:36:59]   [cls-r2] ep06 900/1559 loss 0.0631 lr 3e-04 (102s)
[01:37:11]   [cls-r2] ep06 1000/1559 loss 0.0633 lr 3e-04 (114s)
[01:37:23]   [cls-r2] ep06 1100/1559 loss 0.0640 lr 3e-04 (125s)
[01:37:34]   [cls-r2] ep06 1200/1559 loss 0.0642 lr 3e-04 (137s)
[01:37:45]   [cls-r2] ep06 1300/1559 loss 0.0645 lr 3e-04 (148s)
[01:37:54]   [cls-r2] ep06 1400/1559 loss 0.0646 lr 3e-04 (157s)
[01:38:04]   [cls-r2] ep06 1500/1559 loss 0.0646 lr 3e-04 (166s)
[01:38:09]   [cls-r2] ep06 1559/1559 loss 0.0647 lr 3e-04 (172s)
[01:38:17]   [cls-r2] Epoch 06 완료 | train L1 0.0647 | val argmax-MAE 10.83 | 개선없음 2/8
[01:38:27]   [cls-r2] ep07 100/1559 loss 0.0624 lr 3e-04 (10s)
[01:38:37]   [cls-r2] ep07 200/1559 loss 0.0610 lr 3e-04 (19s)
[01:38:46]   [cls-r2] ep07 300/1559 loss 0.0613 lr 3e-04 (29s)
[01:38:55]   [cls-r2] ep07 400/1559 loss 0.0608 lr 3e-04 (38s)
[01:39:04]   [cls-r2] ep07 500/1559 loss 0.0605 lr 3e-04 (47s)
[01:39:14]   [cls-r2] ep07 600/1559 loss 0.0608 lr 3e-04 (57s)
[01:39:26]   [cls-r2] ep07 700/1559 loss 0.0610 lr 3e-04 (69s)
[01:39:38]   [cls-r2] ep07 800/1559 loss 0.0608 lr 3e-04 (80s)
[01:39:49]   [cls-r2] ep07 900/1559 loss 0.0607 lr 3e-04 (92s)
[01:40:01]   [cls-r2] ep07 1000/1559 loss 0.0609 lr 3e-04 (104s)
[01:40:13]   [cls-r2] ep07 1100/1559 loss 0.0610 lr 3e-04 (116s)
[01:40:24]   [cls-r2] ep07 1200/1559 loss 0.0610 lr 3e-04 (127s)
[01:40:36]   [cls-r2] ep07 1300/1559 loss 0.0608 lr 3e-04 (139s)
[01:40:47]   [cls-r2] ep07 1400/1559 loss 0.0606 lr 3e-04 (150s)
[01:40:59]   [cls-r2] ep07 1500/1559 loss 0.0607 lr 3e-04 (162s)
[01:41:06]   [cls-r2] ep07 1559/1559 loss 0.0606 lr 3e-04 (169s)
[01:41:16]   [cls-r2] Epoch 07 완료 | train L1 0.0606 | val argmax-MAE 10.10 | * best 저장 (10.10)
[01:41:27]   [cls-r2] ep08 100/1559 loss 0.0562 lr 3e-04 (11s)
[01:41:36]   [cls-r2] ep08 200/1559 loss 0.0553 lr 3e-04 (20s)
[01:41:46]   [cls-r2] ep08 300/1559 loss 0.0553 lr 3e-04 (30s)
[01:41:55]   [cls-r2] ep08 400/1559 loss 0.0548 lr 3e-04 (39s)
[01:42:05]   [cls-r2] ep08 500/1559 loss 0.0548 lr 3e-04 (49s)
[01:42:15]   [cls-r2] ep08 600/1559 loss 0.0550 lr 3e-04 (59s)
[01:42:24]   [cls-r2] ep08 700/1559 loss 0.0550 lr 3e-04 (68s)
[01:42:33]   [cls-r2] ep08 800/1559 loss 0.0552 lr 3e-04 (77s)
[01:42:42]   [cls-r2] ep08 900/1559 loss 0.0551 lr 3e-04 (86s)
[01:42:52]   [cls-r2] ep08 1000/1559 loss 0.0553 lr 3e-04 (95s)
[01:43:03]   [cls-r2] ep08 1100/1559 loss 0.0554 lr 3e-04 (107s)
[01:43:14]   [cls-r2] ep08 1200/1559 loss 0.0555 lr 3e-04 (118s)
[01:43:26]   [cls-r2] ep08 1300/1559 loss 0.0555 lr 3e-04 (130s)
[01:43:37]   [cls-r2] ep08 1400/1559 loss 0.0555 lr 3e-04 (141s)
[01:43:49]   [cls-r2] ep08 1500/1559 loss 0.0557 lr 3e-04 (153s)
[01:43:56]   [cls-r2] ep08 1559/1559 loss 0.0557 lr 3e-04 (160s)
[01:44:06]   [cls-r2] Epoch 08 완료 | train L1 0.0557 | val argmax-MAE 9.95 | * best 저장 (9.95)
[01:44:18]   [cls-r2] ep09 100/1559 loss 0.0527 lr 3e-04 (12s)
[01:44:29]   [cls-r2] ep09 200/1559 loss 0.0511 lr 3e-04 (23s)
[01:44:41]   [cls-r2] ep09 300/1559 loss 0.0518 lr 3e-04 (35s)
[01:44:52]   [cls-r2] ep09 400/1559 loss 0.0516 lr 3e-04 (46s)
[01:45:04]   [cls-r2] ep09 500/1559 loss 0.0515 lr 3e-04 (58s)
[01:45:13]   [cls-r2] ep09 600/1559 loss 0.0516 lr 3e-04 (67s)
[01:45:23]   [cls-r2] ep09 700/1559 loss 0.0517 lr 3e-04 (76s)
[01:45:32]   [cls-r2] ep09 800/1559 loss 0.0516 lr 3e-04 (86s)
[01:45:41]   [cls-r2] ep09 900/1559 loss 0.0515 lr 3e-04 (95s)
[01:45:51]   [cls-r2] ep09 1000/1559 loss 0.0515 lr 3e-04 (105s)
[01:46:01]   [cls-r2] ep09 1100/1559 loss 0.0518 lr 3e-04 (115s)
[01:46:10]   [cls-r2] ep09 1200/1559 loss 0.0519 lr 3e-04 (124s)
[01:46:19]   [cls-r2] ep09 1300/1559 loss 0.0520 lr 3e-04 (133s)
[01:46:29]   [cls-r2] ep09 1400/1559 loss 0.0522 lr 3e-04 (143s)
[01:46:39]   [cls-r2] ep09 1500/1559 loss 0.0522 lr 3e-04 (153s)
[01:46:46]   [cls-r2] ep09 1559/1559 loss 0.0522 lr 3e-04 (160s)
[01:46:55]   [cls-r2] Epoch 09 완료 | train L1 0.0522 | val argmax-MAE 9.76 | * best 저장 (9.76)
[01:47:07]   [cls-r2] ep10 100/1559 loss 0.0484 lr 3e-04 (11s)
[01:47:19]   [cls-r2] ep10 200/1559 loss 0.0493 lr 3e-04 (23s)
[01:47:31]   [cls-r2] ep10 300/1559 loss 0.0487 lr 3e-04 (35s)
[01:47:42]   [cls-r2] ep10 400/1559 loss 0.0489 lr 3e-04 (46s)
[01:47:54]   [cls-r2] ep10 500/1559 loss 0.0486 lr 3e-04 (58s)
[01:48:05]   [cls-r2] ep10 600/1559 loss 0.0490 lr 3e-04 (69s)
[01:48:17]   [cls-r2] ep10 700/1559 loss 0.0492 lr 3e-04 (81s)
[01:48:28]   [cls-r2] ep10 800/1559 loss 0.0494 lr 3e-04 (93s)
[01:48:40]   [cls-r2] ep10 900/1559 loss 0.0493 lr 3e-04 (104s)
[01:48:52]   [cls-r2] ep10 1000/1559 loss 0.0491 lr 3e-04 (116s)
[01:49:01]   [cls-r2] ep10 1100/1559 loss 0.0491 lr 3e-04 (125s)
[01:49:10]   [cls-r2] ep10 1200/1559 loss 0.0492 lr 3e-04 (134s)
[01:49:20]   [cls-r2] ep10 1300/1559 loss 0.0495 lr 3e-04 (144s)
[01:49:29]   [cls-r2] ep10 1400/1559 loss 0.0498 lr 3e-04 (153s)
[01:49:39]   [cls-r2] ep10 1500/1559 loss 0.0498 lr 3e-04 (163s)
[01:49:45]   [cls-r2] ep10 1559/1559 loss 0.0498 lr 3e-04 (169s)
[01:49:53]   [cls-r2] Epoch 10 완료 | train L1 0.0498 | val argmax-MAE 10.53 | 개선없음 1/8
[01:50:02]   [cls-r2] ep11 100/1559 loss 0.0434 lr 3e-04 (9s)
[01:50:12]   [cls-r2] ep11 200/1559 loss 0.0436 lr 3e-04 (18s)
[01:50:21]   [cls-r2] ep11 300/1559 loss 0.0449 lr 3e-04 (28s)
[01:50:32]   [cls-r2] ep11 400/1559 loss 0.0455 lr 3e-04 (39s)
[01:50:44]   [cls-r2] ep11 500/1559 loss 0.0457 lr 3e-04 (51s)
[01:50:56]   [cls-r2] ep11 600/1559 loss 0.0459 lr 3e-04 (62s)
[01:51:07]   [cls-r2] ep11 700/1559 loss 0.0460 lr 3e-04 (74s)
[01:51:19]   [cls-r2] ep11 800/1559 loss 0.0460 lr 3e-04 (85s)
[01:51:30]   [cls-r2] ep11 900/1559 loss 0.0458 lr 3e-04 (97s)
[01:51:42]   [cls-r2] ep11 1000/1559 loss 0.0458 lr 3e-04 (109s)
[01:51:54]   [cls-r2] ep11 1100/1559 loss 0.0461 lr 3e-04 (120s)
[01:52:05]   [cls-r2] ep11 1200/1559 loss 0.0465 lr 3e-04 (132s)
[01:52:17]   [cls-r2] ep11 1300/1559 loss 0.0467 lr 3e-04 (143s)
[01:52:28]   [cls-r2] ep11 1400/1559 loss 0.0469 lr 3e-04 (155s)
[01:52:38]   [cls-r2] ep11 1500/1559 loss 0.0471 lr 3e-04 (165s)
[01:52:44]   [cls-r2] ep11 1559/1559 loss 0.0471 lr 3e-04 (171s)
[01:52:52]   [cls-r2] Epoch 11 완료 | train L1 0.0471 | val argmax-MAE 9.91 | 개선없음 2/8
[01:53:02]   [cls-r2] ep12 100/1559 loss 0.0438 lr 3e-04 (9s)
[01:53:11]   [cls-r2] ep12 200/1559 loss 0.0447 lr 3e-04 (19s)
[01:53:21]   [cls-r2] ep12 300/1559 loss 0.0440 lr 3e-04 (29s)
[01:53:30]   [cls-r2] ep12 400/1559 loss 0.0437 lr 3e-04 (38s)
[01:53:40]   [cls-r2] ep12 500/1559 loss 0.0440 lr 3e-04 (47s)
[01:53:49]   [cls-r2] ep12 600/1559 loss 0.0437 lr 3e-04 (56s)
[01:53:58]   [cls-r2] ep12 700/1559 loss 0.0438 lr 3e-04 (66s)
[01:54:09]   [cls-r2] ep12 800/1559 loss 0.0435 lr 3e-04 (77s)
[01:54:21]   [cls-r2] ep12 900/1559 loss 0.0437 lr 3e-04 (89s)
[01:54:32]   [cls-r2] ep12 1000/1559 loss 0.0438 lr 3e-04 (100s)
[01:54:44]   [cls-r2] ep12 1100/1559 loss 0.0440 lr 3e-04 (112s)
[01:54:56]   [cls-r2] ep12 1200/1559 loss 0.0441 lr 3e-04 (123s)
[01:55:07]   [cls-r2] ep12 1300/1559 loss 0.0441 lr 3e-04 (135s)
[01:55:19]   [cls-r2] ep12 1400/1559 loss 0.0440 lr 3e-04 (147s)
[01:55:30]   [cls-r2] ep12 1500/1559 loss 0.0442 lr 3e-04 (158s)
[01:55:37]   [cls-r2] ep12 1559/1559 loss 0.0443 lr 3e-04 (165s)
[01:55:47]   [cls-r2] Epoch 12 완료 | train L1 0.0443 | val argmax-MAE 9.59 | * best 저장 (9.59)
[01:55:59]   [cls-r2] ep13 100/1559 loss 0.0415 lr 3e-04 (12s)
[01:56:11]   [cls-r2] ep13 200/1559 loss 0.0421 lr 3e-04 (23s)
[01:56:20]   [cls-r2] ep13 300/1559 loss 0.0416 lr 3e-04 (32s)
[01:56:29]   [cls-r2] ep13 400/1559 loss 0.0414 lr 3e-04 (42s)
[01:56:38]   [cls-r2] ep13 500/1559 loss 0.0412 lr 3e-04 (51s)
[01:56:47]   [cls-r2] ep13 600/1559 loss 0.0410 lr 3e-04 (60s)
[01:56:58]   [cls-r2] ep13 700/1559 loss 0.0414 lr 3e-04 (70s)
[01:57:07]   [cls-r2] ep13 800/1559 loss 0.0416 lr 3e-04 (80s)
[01:57:16]   [cls-r2] ep13 900/1559 loss 0.0415 lr 3e-04 (89s)
[01:57:25]   [cls-r2] ep13 1000/1559 loss 0.0419 lr 3e-04 (98s)
[01:57:34]   [cls-r2] ep13 1100/1559 loss 0.0420 lr 3e-04 (107s)
[01:57:45]   [cls-r2] ep13 1200/1559 loss 0.0421 lr 3e-04 (118s)
[01:57:57]   [cls-r2] ep13 1300/1559 loss 0.0423 lr 3e-04 (130s)
[01:58:09]   [cls-r2] ep13 1400/1559 loss 0.0422 lr 3e-04 (141s)
[01:58:20]   [cls-r2] ep13 1500/1559 loss 0.0422 lr 3e-04 (153s)
[01:58:27]   [cls-r2] ep13 1559/1559 loss 0.0423 lr 3e-04 (160s)
[01:58:37]   [cls-r2] Epoch 13 완료 | train L1 0.0423 | val argmax-MAE 10.06 | 개선없음 1/8
[01:58:49]   [cls-r2] ep14 100/1559 loss 0.0393 lr 3e-04 (12s)
[01:59:00]   [cls-r2] ep14 200/1559 loss 0.0378 lr 3e-04 (23s)
[01:59:12]   [cls-r2] ep14 300/1559 loss 0.0375 lr 3e-04 (35s)
[01:59:24]   [cls-r2] ep14 400/1559 loss 0.0384 lr 3e-04 (47s)
[01:59:35]   [cls-r2] ep14 500/1559 loss 0.0380 lr 3e-04 (58s)
[01:59:47]   [cls-r2] ep14 600/1559 loss 0.0382 lr 3e-04 (70s)
[01:59:58]   [cls-r2] ep14 700/1559 loss 0.0381 lr 3e-04 (81s)
[02:00:07]   [cls-r2] ep14 800/1559 loss 0.0382 lr 3e-04 (90s)
[02:00:17]   [cls-r2] ep14 900/1559 loss 0.0382 lr 3e-04 (99s)
[02:00:26]   [cls-r2] ep14 1000/1559 loss 0.0383 lr 3e-04 (108s)
[02:00:35]   [cls-r2] ep14 1100/1559 loss 0.0385 lr 3e-04 (118s)
[02:00:45]   [cls-r2] ep14 1200/1559 loss 0.0384 lr 3e-04 (128s)
[02:00:55]   [cls-r2] ep14 1300/1559 loss 0.0385 lr 3e-04 (137s)
[02:01:04]   [cls-r2] ep14 1400/1559 loss 0.0385 lr 3e-04 (147s)
[02:01:13]   [cls-r2] ep14 1500/1559 loss 0.0386 lr 3e-04 (156s)
[02:01:18]   [cls-r2] ep14 1559/1559 loss 0.0386 lr 3e-04 (161s)
[02:01:28]   [cls-r2] Epoch 14 완료 | train L1 0.0386 | val argmax-MAE 9.95 | 개선없음 2/8
[02:01:40]   [cls-r2] ep15 100/1559 loss 0.0363 lr 3e-04 (12s)
[02:01:51]   [cls-r2] ep15 200/1559 loss 0.0363 lr 3e-04 (23s)
[02:02:03]   [cls-r2] ep15 300/1559 loss 0.0375 lr 3e-04 (35s)
[02:02:14]   [cls-r2] ep15 400/1559 loss 0.0372 lr 3e-04 (46s)
[02:02:26]   [cls-r2] ep15 500/1559 loss 0.0381 lr 3e-04 (58s)
[02:02:38]   [cls-r2] ep15 600/1559 loss 0.0387 lr 3e-04 (70s)
[02:02:49]   [cls-r2] ep15 700/1559 loss 0.0387 lr 3e-04 (81s)
[02:03:01]   [cls-r2] ep15 800/1559 loss 0.0388 lr 3e-04 (93s)
[02:03:13]   [cls-r2] ep15 900/1559 loss 0.0389 lr 3e-04 (105s)
[02:03:24]   [cls-r2] ep15 1000/1559 loss 0.0389 lr 3e-04 (116s)
[02:03:36]   [cls-r2] ep15 1100/1559 loss 0.0390 lr 3e-04 (128s)
[02:03:45]   [cls-r2] ep15 1200/1559 loss 0.0391 lr 3e-04 (137s)
[02:03:54]   [cls-r2] ep15 1300/1559 loss 0.0392 lr 3e-04 (146s)
[02:04:03]   [cls-r2] ep15 1400/1559 loss 0.0396 lr 3e-04 (155s)
[02:04:13]   [cls-r2] ep15 1500/1559 loss 0.0396 lr 3e-04 (165s)
[02:04:19]   [cls-r2] ep15 1559/1559 loss 0.0398 lr 3e-04 (171s)
[02:04:27]   [cls-r2] Epoch 15 완료 | train L1 0.0398 | val argmax-MAE 9.67 | 개선없음 3/8
[02:04:37]   [cls-r2] ep16 100/1559 loss 0.0379 lr 3e-04 (9s)
[02:04:46]   [cls-r2] ep16 200/1559 loss 0.0372 lr 3e-04 (18s)
[02:04:55]   [cls-r2] ep16 300/1559 loss 0.0371 lr 3e-04 (28s)
[02:05:05]   [cls-r2] ep16 400/1559 loss 0.0369 lr 3e-04 (38s)
[02:05:17]   [cls-r2] ep16 500/1559 loss 0.0368 lr 3e-04 (49s)
[02:05:28]   [cls-r2] ep16 600/1559 loss 0.0363 lr 3e-04 (61s)
[02:05:40]   [cls-r2] ep16 700/1559 loss 0.0364 lr 3e-04 (72s)
[02:05:52]   [cls-r2] ep16 800/1559 loss 0.0360 lr 3e-04 (84s)
[02:06:03]   [cls-r2] ep16 900/1559 loss 0.0361 lr 3e-04 (96s)
[02:06:15]   [cls-r2] ep16 1000/1559 loss 0.0362 lr 3e-04 (107s)
[02:06:26]   [cls-r2] ep16 1100/1559 loss 0.0361 lr 3e-04 (119s)
[02:06:38]   [cls-r2] ep16 1200/1559 loss 0.0361 lr 3e-04 (130s)
[02:06:50]   [cls-r2] ep16 1300/1559 loss 0.0361 lr 3e-04 (142s)
[02:07:01]   [cls-r2] ep16 1400/1559 loss 0.0363 lr 3e-04 (154s)
[02:07:13]   [cls-r2] ep16 1500/1559 loss 0.0365 lr 3e-04 (165s)
[02:07:19]   [cls-r2] ep16 1559/1559 loss 0.0364 lr 3e-04 (172s)
[02:07:28]   [cls-r2] Epoch 16 완료 | train L1 0.0364 | val argmax-MAE 9.78 | 개선없음 4/8
[02:07:38]   [cls-r2] ep17 100/1559 loss 0.0354 lr 3e-04 (9s)
[02:07:46]   [cls-r2] ep17 200/1559 loss 0.0337 lr 3e-04 (18s)
[02:07:55]   [cls-r2] ep17 300/1559 loss 0.0332 lr 3e-04 (27s)
[02:08:05]   [cls-r2] ep17 400/1559 loss 0.0334 lr 3e-04 (37s)
[02:08:15]   [cls-r2] ep17 500/1559 loss 0.0347 lr 3e-04 (47s)
[02:08:24]   [cls-r2] ep17 600/1559 loss 0.0349 lr 3e-04 (56s)
[02:08:34]   [cls-r2] ep17 700/1559 loss 0.0349 lr 3e-04 (65s)
[02:08:43]   [cls-r2] ep17 800/1559 loss 0.0353 lr 3e-04 (75s)
[02:08:53]   [cls-r2] ep17 900/1559 loss 0.0353 lr 3e-04 (85s)
[02:09:05]   [cls-r2] ep17 1000/1559 loss 0.0352 lr 3e-04 (97s)
[02:09:17]   [cls-r2] ep17 1100/1559 loss 0.0354 lr 3e-04 (108s)
[02:09:28]   [cls-r2] ep17 1200/1559 loss 0.0354 lr 3e-04 (120s)
[02:09:40]   [cls-r2] ep17 1300/1559 loss 0.0356 lr 3e-04 (132s)
[02:09:52]   [cls-r2] ep17 1400/1559 loss 0.0356 lr 3e-04 (143s)
[02:10:03]   [cls-r2] ep17 1500/1559 loss 0.0358 lr 3e-04 (155s)
[02:10:10]   [cls-r2] ep17 1559/1559 loss 0.0360 lr 3e-04 (162s)
[02:10:20]   [cls-r2] Epoch 17 완료 | train L1 0.0360 | val argmax-MAE 9.64 | 개선없음 5/8
[02:10:32]   [cls-r2] ep18 100/1559 loss 0.0347 lr 3e-04 (12s)
[02:10:43]   [cls-r2] ep18 200/1559 loss 0.0343 lr 3e-04 (23s)
[02:10:55]   [cls-r2] ep18 300/1559 loss 0.0347 lr 3e-04 (35s)
[02:11:05]   [cls-r2] ep18 400/1559 loss 0.0345 lr 3e-04 (45s)
[02:11:14]   [cls-r2] ep18 500/1559 loss 0.0343 lr 3e-04 (54s)
[02:11:23]   [cls-r2] ep18 600/1559 loss 0.0342 lr 3e-04 (63s)
[02:11:32]   [cls-r2] ep18 700/1559 loss 0.0338 lr 3e-04 (72s)
[02:11:42]   [cls-r2] ep18 800/1559 loss 0.0338 lr 3e-04 (82s)
[02:11:52]   [cls-r2] ep18 900/1559 loss 0.0337 lr 3e-04 (92s)
[02:12:01]   [cls-r2] ep18 1000/1559 loss 0.0339 lr 3e-04 (101s)
[02:12:10]   [cls-r2] ep18 1100/1559 loss 0.0339 lr 3e-04 (110s)
[02:12:19]   [cls-r2] ep18 1200/1559 loss 0.0338 lr 3e-04 (119s)
[02:12:29]   [cls-r2] ep18 1300/1559 loss 0.0335 lr 3e-04 (129s)
[02:12:40]   [cls-r2] ep18 1400/1559 loss 0.0336 lr 3e-04 (140s)
[02:12:52]   [cls-r2] ep18 1500/1559 loss 0.0337 lr 3e-04 (152s)
[02:12:59]   [cls-r2] ep18 1559/1559 loss 0.0336 lr 3e-04 (159s)
[02:13:09]   [cls-r2] Epoch 18 완료 | train L1 0.0336 | val argmax-MAE 9.54 | 개선없음 6/8
[02:13:21]   [cls-r2] ep19 100/1559 loss 0.0329 lr 3e-04 (12s)
[02:13:32]   [cls-r2] ep19 200/1559 loss 0.0329 lr 3e-04 (23s)
[02:13:44]   [cls-r2] ep19 300/1559 loss 0.0330 lr 3e-04 (35s)
[02:13:56]   [cls-r2] ep19 400/1559 loss 0.0339 lr 3e-04 (47s)
[02:14:08]   [cls-r2] ep19 500/1559 loss 0.0340 lr 3e-04 (59s)
[02:14:19]   [cls-r2] ep19 600/1559 loss 0.0347 lr 3e-04 (70s)
[02:14:31]   [cls-r2] ep19 700/1559 loss 0.0347 lr 3e-04 (82s)
[02:14:43]   [cls-r2] ep19 800/1559 loss 0.0349 lr 3e-04 (94s)
[02:14:52]   [cls-r2] ep19 900/1559 loss 0.0349 lr 3e-04 (103s)
[02:15:02]   [cls-r2] ep19 1000/1559 loss 0.0347 lr 3e-04 (113s)
[02:15:11]   [cls-r2] ep19 1100/1559 loss 0.0346 lr 3e-04 (122s)
[02:15:21]   [cls-r2] ep19 1200/1559 loss 0.0343 lr 3e-04 (131s)
[02:15:31]   [cls-r2] ep19 1300/1559 loss 0.0340 lr 3e-04 (142s)
[02:15:40]   [cls-r2] ep19 1400/1559 loss 0.0337 lr 3e-04 (151s)
[02:15:49]   [cls-r2] ep19 1500/1559 loss 0.0337 lr 3e-04 (160s)
[02:15:55]   [cls-r2] ep19 1559/1559 loss 0.0337 lr 3e-04 (166s)
[02:16:03]   [cls-r2] Epoch 19 완료 | train L1 0.0337 | val argmax-MAE 9.76 | 개선없음 7/8
[02:16:13]   [cls-r2] ep20 100/1559 loss 0.0307 lr 3e-04 (10s)
[02:16:25]   [cls-r2] ep20 200/1559 loss 0.0297 lr 3e-04 (22s)
[02:16:36]   [cls-r2] ep20 300/1559 loss 0.0311 lr 3e-04 (33s)
[02:16:48]   [cls-r2] ep20 400/1559 loss 0.0313 lr 3e-04 (45s)
[02:16:59]   [cls-r2] ep20 500/1559 loss 0.0312 lr 3e-04 (56s)
[02:17:11]   [cls-r2] ep20 600/1559 loss 0.0313 lr 3e-04 (68s)
[02:17:22]   [cls-r2] ep20 700/1559 loss 0.0313 lr 3e-04 (79s)
[02:17:34]   [cls-r2] ep20 800/1559 loss 0.0311 lr 3e-04 (91s)
[02:17:46]   [cls-r2] ep20 900/1559 loss 0.0310 lr 3e-04 (103s)
[02:17:57]   [cls-r2] ep20 1000/1559 loss 0.0310 lr 3e-04 (114s)
[02:18:09]   [cls-r2] ep20 1100/1559 loss 0.0312 lr 3e-04 (126s)
[02:18:20]   [cls-r2] ep20 1200/1559 loss 0.0315 lr 3e-04 (137s)
[02:18:30]   [cls-r2] ep20 1300/1559 loss 0.0320 lr 3e-04 (147s)
[02:18:40]   [cls-r2] ep20 1400/1559 loss 0.0321 lr 3e-04 (157s)
[02:18:49]   [cls-r2] ep20 1500/1559 loss 0.0321 lr 3e-04 (166s)
[02:18:54]   [cls-r2] ep20 1559/1559 loss 0.0321 lr 3e-04 (171s)
[02:19:03]   [cls-r2] Epoch 20 완료 | train L1 0.0321 | val argmax-MAE 9.18 | * best 저장 (9.18)
[02:19:14]   [cls-r2] ep21 100/1559 loss 0.0307 lr 3e-04 (10s)
[02:19:23]   [cls-r2] ep21 200/1559 loss 0.0305 lr 3e-04 (19s)
[02:19:32]   [cls-r2] ep21 300/1559 loss 0.0295 lr 3e-04 (29s)
[02:19:42]   [cls-r2] ep21 400/1559 loss 0.0294 lr 3e-04 (38s)
[02:19:51]   [cls-r2] ep21 500/1559 loss 0.0298 lr 3e-04 (47s)
[02:20:02]   [cls-r2] ep21 600/1559 loss 0.0296 lr 3e-04 (59s)
[02:20:14]   [cls-r2] ep21 700/1559 loss 0.0296 lr 3e-04 (70s)
[02:20:26]   [cls-r2] ep21 800/1559 loss 0.0298 lr 3e-04 (82s)
[02:20:37]   [cls-r2] ep21 900/1559 loss 0.0298 lr 3e-04 (93s)
[02:20:49]   [cls-r2] ep21 1000/1559 loss 0.0298 lr 3e-04 (105s)
[02:21:00]   [cls-r2] ep21 1100/1559 loss 0.0300 lr 3e-04 (117s)
[02:21:12]   [cls-r2] ep21 1200/1559 loss 0.0302 lr 3e-04 (128s)
[02:21:23]   [cls-r2] ep21 1300/1559 loss 0.0303 lr 3e-04 (140s)
[02:21:35]   [cls-r2] ep21 1400/1559 loss 0.0303 lr 3e-04 (151s)
[02:21:47]   [cls-r2] ep21 1500/1559 loss 0.0304 lr 3e-04 (163s)
[02:21:53]   [cls-r2] ep21 1559/1559 loss 0.0306 lr 3e-04 (170s)
[02:22:03]   [cls-r2] Epoch 21 완료 | train L1 0.0306 | val argmax-MAE 9.27 | 개선없음 1/8
[02:22:12]   [cls-r2] ep22 100/1559 loss 0.0303 lr 3e-04 (9s)
[02:22:21]   [cls-r2] ep22 200/1559 loss 0.0305 lr 3e-04 (18s)
[02:22:31]   [cls-r2] ep22 300/1559 loss 0.0300 lr 3e-04 (27s)
[02:22:40]   [cls-r2] ep22 400/1559 loss 0.0302 lr 3e-04 (37s)
[02:22:50]   [cls-r2] ep22 500/1559 loss 0.0299 lr 3e-04 (47s)
[02:22:59]   [cls-r2] ep22 600/1559 loss 0.0299 lr 3e-04 (56s)
[02:23:09]   [cls-r2] ep22 700/1559 loss 0.0296 lr 3e-04 (66s)
[02:23:18]   [cls-r2] ep22 800/1559 loss 0.0293 lr 3e-04 (75s)
[02:23:27]   [cls-r2] ep22 900/1559 loss 0.0294 lr 3e-04 (84s)
[02:23:37]   [cls-r2] ep22 1000/1559 loss 0.0295 lr 3e-04 (94s)
[02:23:46]   [cls-r2] ep22 1100/1559 loss 0.0295 lr 3e-04 (103s)
[02:23:55]   [cls-r2] ep22 1200/1559 loss 0.0297 lr 3e-04 (112s)
[02:24:04]   [cls-r2] ep22 1300/1559 loss 0.0297 lr 3e-04 (121s)
[02:24:14]   [cls-r2] ep22 1400/1559 loss 0.0298 lr 3e-04 (131s)
[02:24:23]   [cls-r2] ep22 1500/1559 loss 0.0298 lr 3e-04 (140s)
[02:24:28]   [cls-r2] ep22 1559/1559 loss 0.0297 lr 3e-04 (145s)
[02:24:36]   [cls-r2] Epoch 22 완료 | train L1 0.0297 | val argmax-MAE 9.32 | 개선없음 2/8
[02:24:46]   [cls-r2] ep23 100/1559 loss 0.0289 lr 3e-04 (9s)
[02:24:55]   [cls-r2] ep23 200/1559 loss 0.0291 lr 3e-04 (19s)
[02:25:04]   [cls-r2] ep23 300/1559 loss 0.0285 lr 3e-04 (28s)
[02:25:14]   [cls-r2] ep23 400/1559 loss 0.0287 lr 3e-04 (37s)
[02:25:23]   [cls-r2] ep23 500/1559 loss 0.0285 lr 3e-04 (46s)
[02:25:32]   [cls-r2] ep23 600/1559 loss 0.0285 lr 3e-04 (56s)
[02:25:41]   [cls-r2] ep23 700/1559 loss 0.0282 lr 3e-04 (65s)
[02:25:51]   [cls-r2] ep23 800/1559 loss 0.0282 lr 3e-04 (74s)
[02:26:00]   [cls-r2] ep23 900/1559 loss 0.0282 lr 3e-04 (83s)
[02:26:09]   [cls-r2] ep23 1000/1559 loss 0.0283 lr 3e-04 (93s)
[02:26:18]   [cls-r2] ep23 1100/1559 loss 0.0283 lr 3e-04 (102s)
[02:26:28]   [cls-r2] ep23 1200/1559 loss 0.0284 lr 3e-04 (111s)
[02:26:37]   [cls-r2] ep23 1300/1559 loss 0.0285 lr 3e-04 (120s)
[02:26:46]   [cls-r2] ep23 1400/1559 loss 0.0286 lr 3e-04 (130s)
[02:26:55]   [cls-r2] ep23 1500/1559 loss 0.0287 lr 3e-04 (139s)
[02:27:01]   [cls-r2] ep23 1559/1559 loss 0.0286 lr 3e-04 (144s)
[02:27:09]   [cls-r2] Epoch 23 완료 | train L1 0.0286 | val argmax-MAE 9.28 | 개선없음 3/8
[02:27:19]   [cls-r2] ep24 100/1559 loss 0.0283 lr 3e-04 (9s)
[02:27:28]   [cls-r2] ep24 200/1559 loss 0.0281 lr 3e-04 (19s)
[02:27:37]   [cls-r2] ep24 300/1559 loss 0.0275 lr 3e-04 (28s)
[02:27:47]   [cls-r2] ep24 400/1559 loss 0.0273 lr 3e-04 (37s)
[02:27:56]   [cls-r2] ep24 500/1559 loss 0.0273 lr 3e-04 (46s)
[02:28:05]   [cls-r2] ep24 600/1559 loss 0.0275 lr 3e-04 (56s)
[02:28:14]   [cls-r2] ep24 700/1559 loss 0.0283 lr 3e-04 (65s)
[02:28:24]   [cls-r2] ep24 800/1559 loss 0.0285 lr 3e-04 (74s)
[02:28:33]   [cls-r2] ep24 900/1559 loss 0.0284 lr 3e-04 (83s)
[02:28:42]   [cls-r2] ep24 1000/1559 loss 0.0284 lr 3e-04 (93s)
[02:28:51]   [cls-r2] ep24 1100/1559 loss 0.0284 lr 3e-04 (102s)
[02:29:01]   [cls-r2] ep24 1200/1559 loss 0.0284 lr 3e-04 (111s)
[02:29:10]   [cls-r2] ep24 1300/1559 loss 0.0284 lr 3e-04 (120s)
[02:29:19]   [cls-r2] ep24 1400/1559 loss 0.0285 lr 3e-04 (130s)
[02:29:28]   [cls-r2] ep24 1500/1559 loss 0.0288 lr 3e-04 (139s)
[02:29:34]   [cls-r2] ep24 1559/1559 loss 0.0289 lr 3e-04 (144s)
[02:29:42]   [cls-r2] Epoch 24 완료 | train L1 0.0289 | val argmax-MAE 9.40 | 개선없음 4/8
[02:29:52]   [cls-r2] ep25 100/1559 loss 0.0294 lr 3e-04 (9s)
[02:30:01]   [cls-r2] ep25 200/1559 loss 0.0274 lr 3e-04 (19s)
[02:30:11]   [cls-r2] ep25 300/1559 loss 0.0278 lr 3e-04 (28s)
[02:30:20]   [cls-r2] ep25 400/1559 loss 0.0272 lr 3e-04 (37s)
[02:30:29]   [cls-r2] ep25 500/1559 loss 0.0276 lr 3e-04 (46s)
[02:30:38]   [cls-r2] ep25 600/1559 loss 0.0274 lr 3e-04 (56s)
[02:30:48]   [cls-r2] ep25 700/1559 loss 0.0276 lr 3e-04 (65s)
[02:30:57]   [cls-r2] ep25 800/1559 loss 0.0273 lr 3e-04 (74s)
[02:31:06]   [cls-r2] ep25 900/1559 loss 0.0272 lr 3e-04 (83s)
[02:31:15]   [cls-r2] ep25 1000/1559 loss 0.0273 lr 3e-04 (93s)
[02:31:25]   [cls-r2] ep25 1100/1559 loss 0.0273 lr 3e-04 (102s)
[02:31:34]   [cls-r2] ep25 1200/1559 loss 0.0273 lr 3e-04 (111s)
[02:31:43]   [cls-r2] ep25 1300/1559 loss 0.0272 lr 3e-04 (120s)
[02:31:52]   [cls-r2] ep25 1400/1559 loss 0.0273 lr 3e-04 (130s)
[02:32:02]   [cls-r2] ep25 1500/1559 loss 0.0274 lr 3e-04 (139s)
[02:32:07]   [cls-r2] ep25 1559/1559 loss 0.0274 lr 3e-04 (144s)
[02:32:16]   [cls-r2] Epoch 25 완료 | train L1 0.0274 | val argmax-MAE 9.32 | 개선없음 5/8
[02:32:25]   [cls-r2] ep26 100/1559 loss 0.0247 lr 3e-04 (9s)
[02:32:34]   [cls-r2] ep26 200/1559 loss 0.0250 lr 3e-04 (18s)
[02:32:43]   [cls-r2] ep26 300/1559 loss 0.0253 lr 3e-04 (27s)
[02:32:52]   [cls-r2] ep26 400/1559 loss 0.0250 lr 3e-04 (36s)
[02:33:02]   [cls-r2] ep26 500/1559 loss 0.0250 lr 3e-04 (46s)
[02:33:11]   [cls-r2] ep26 600/1559 loss 0.0251 lr 3e-04 (55s)
[02:33:20]   [cls-r2] ep26 700/1559 loss 0.0251 lr 3e-04 (64s)
[02:33:29]   [cls-r2] ep26 800/1559 loss 0.0255 lr 3e-04 (73s)
[02:33:39]   [cls-r2] ep26 900/1559 loss 0.0255 lr 3e-04 (83s)
[02:33:48]   [cls-r2] ep26 1000/1559 loss 0.0258 lr 3e-04 (92s)
[02:33:57]   [cls-r2] ep26 1100/1559 loss 0.0257 lr 3e-04 (101s)
[02:34:06]   [cls-r2] ep26 1200/1559 loss 0.0260 lr 3e-04 (110s)
[02:34:15]   [cls-r2] ep26 1300/1559 loss 0.0263 lr 3e-04 (119s)
[02:34:25]   [cls-r2] ep26 1400/1559 loss 0.0264 lr 3e-04 (129s)
[02:34:34]   [cls-r2] ep26 1500/1559 loss 0.0266 lr 3e-04 (138s)
[02:34:39]   [cls-r2] ep26 1559/1559 loss 0.0266 lr 3e-04 (143s)
[02:34:48]   [cls-r2] Epoch 26 완료 | train L1 0.0266 | val argmax-MAE 9.29 | 개선없음 6/8
[02:34:57]   [cls-r2] ep27 100/1559 loss 0.0285 lr 3e-04 (9s)
[02:35:07]   [cls-r2] ep27 200/1559 loss 0.0280 lr 3e-04 (19s)
[02:35:16]   [cls-r2] ep27 300/1559 loss 0.0272 lr 3e-04 (28s)
[02:35:25]   [cls-r2] ep27 400/1559 loss 0.0267 lr 3e-04 (37s)
[02:35:35]   [cls-r2] ep27 500/1559 loss 0.0265 lr 3e-04 (46s)
[02:35:44]   [cls-r2] ep27 600/1559 loss 0.0263 lr 3e-04 (56s)
[02:35:53]   [cls-r2] ep27 700/1559 loss 0.0261 lr 3e-04 (65s)
[02:36:02]   [cls-r2] ep27 800/1559 loss 0.0260 lr 3e-04 (74s)
[02:36:12]   [cls-r2] ep27 900/1559 loss 0.0259 lr 3e-04 (83s)
[02:36:21]   [cls-r2] ep27 1000/1559 loss 0.0257 lr 3e-04 (93s)
[02:36:30]   [cls-r2] ep27 1100/1559 loss 0.0258 lr 3e-04 (102s)
[02:36:39]   [cls-r2] ep27 1200/1559 loss 0.0258 lr 3e-04 (111s)
[02:36:49]   [cls-r2] ep27 1300/1559 loss 0.0260 lr 3e-04 (120s)
[02:36:58]   [cls-r2] ep27 1400/1559 loss 0.0261 lr 3e-04 (130s)
[02:37:07]   [cls-r2] ep27 1500/1559 loss 0.0260 lr 3e-04 (139s)
[02:37:13]   [cls-r2] ep27 1559/1559 loss 0.0260 lr 3e-04 (144s)
[02:37:21]   [cls-r2] Epoch 27 완료 | train L1 0.0260 | val argmax-MAE 9.33 | 개선없음 7/8
[02:37:31]   [cls-r2] ep28 100/1559 loss 0.0280 lr 3e-04 (9s)
[02:37:40]   [cls-r2] ep28 200/1559 loss 0.0268 lr 3e-04 (19s)
[02:37:49]   [cls-r2] ep28 300/1559 loss 0.0265 lr 3e-04 (28s)
[02:37:58]   [cls-r2] ep28 400/1559 loss 0.0259 lr 3e-04 (37s)
[02:38:08]   [cls-r2] ep28 500/1559 loss 0.0258 lr 3e-04 (46s)
[02:38:17]   [cls-r2] ep28 600/1559 loss 0.0260 lr 3e-04 (55s)
[02:38:26]   [cls-r2] ep28 700/1559 loss 0.0261 lr 3e-04 (65s)
[02:38:35]   [cls-r2] ep28 800/1559 loss 0.0260 lr 3e-04 (74s)
[02:38:45]   [cls-r2] ep28 900/1559 loss 0.0260 lr 3e-04 (83s)
[02:38:54]   [cls-r2] ep28 1000/1559 loss 0.0261 lr 3e-04 (93s)
[02:39:03]   [cls-r2] ep28 1100/1559 loss 0.0261 lr 3e-04 (102s)
[02:39:12]   [cls-r2] ep28 1200/1559 loss 0.0260 lr 3e-04 (111s)
[02:39:22]   [cls-r2] ep28 1300/1559 loss 0.0259 lr 3e-04 (120s)
[02:39:31]   [cls-r2] ep28 1400/1559 loss 0.0259 lr 3e-04 (130s)
[02:39:40]   [cls-r2] ep28 1500/1559 loss 0.0262 lr 3e-04 (139s)
[02:39:46]   [cls-r2] ep28 1559/1559 loss 0.0264 lr 3e-04 (144s)
[02:39:54]   [cls-r2] Epoch 28 완료 | train L1 0.0264 | val argmax-MAE 9.62 | 개선없음 8/8
[02:39:55]   [cls-r2] 조기종료 | best argmax-MAE 9.18 @ epoch 20
[02:42:44]   [r2] train 1000/12473
[02:44:46]   [r2] train 2000/12473
[02:47:19]   [r2] train 3000/12473
[02:50:07]   [r2] train 4000/12473
[02:53:03]   [r2] train 5000/12473
[02:56:00]   [r2] train 6000/12473
[02:58:57]   [r2] train 7000/12473
[03:01:54]   [r2] train 8000/12473
[03:04:52]   [r2] train 9000/12473
[03:07:51]   [r2] train 10000/12473
[03:10:48]   [r2] train 11000/12473
[03:13:45]   [r2] train 12000/12473
[03:15:08] [r2:train] CAM 12473 | 마스크실패 0 | 파일없음 0
[03:17:55]   [r2] val 1000/1386
[03:19:03] [r2:val] CAM 1386 | 마스크실패 0 | 파일없음 0
[03:19:33] [r2:test] CAM 195 | 마스크실패 0 | 파일없음 0
[03:19:34] bbox 로그 저장: G:\Project\sinra_cho\checkpoints_attention_v7\roi_bboxes.csv
[03:19:34]   [r1] 박스 폭 중앙값 269px (48%) | 높이 중앙값 186px (33%)
[03:19:34]   [r2] 박스 폭 중앙값 120px (21%) | 높이 중앙값 109px (19%)
[03:19:34] R1/R2/E 캐시 완료
[03:19:34] [backbone] timm 'inception_v3' 로드 완료 (pretrained=False)
[03:19:34] [cls-gmp] feat (2048, 16, 16) -> FC 2048->240
[03:19:34] [backbone] timm 'inception_v3' 로드 완료 (pretrained=False)
[03:19:35] [cls-gmp] feat (2048, 16, 16) -> FC 2048->240
[03:19:35] [경고] QC 시트 생성 실패: 'r2'
[03:19:35] Phase II 정규화 div255 | 증강 ON
[03:19:35] Phase II 설정: {'BACKBONE': 'xception', 'IMG_SIZE': 560, 'AGE_BINS': 240, 'GENDER_EMB_DIM': 32, 'HEAD_RELU': True, 'GENDER_RELU': True, 'LDL_DELTA': 15.0, 'LDL_LAMBDA': 0.5, 'AGG_CHANNELS': ['hand', 'r1', 'erased'], 'NORMALIZE': 'div255', 'USE_AUG': True, 'TAU_R1': 30, 'TAU_R2': 50, 'R2_METHOD': 'paper_erase', 'CLS_SIZE_REGION': 560, 'PRE': {'IMG_SIZE': 560, 'NORM_MODE': 'percentile', 'NORM_LO': 1.0, 'NORM_HI': 99.0, 'TOPHAT_MODE': 'add', 'TOPHAT_KFRAC': 0.1, 'TOPHAT_KSIZE': 0, 'TOPHAT_SHAPE': 'rect', 'TOPHAT_WEIGHT': 1.0, 'CLAHE_CLIP': 2.0, 'CLAHE_TILE': 8, 'SCALE_MODE': 'per_image', 'PAD_MODE': 'auto', 'PAD_BORDER_FRAC': 0.02, 'PAD_BORDER_PCTL': 25.0, 'PAD_ANCHOR': 'center', 'MARKER_MODE': 'bright_blob', 'MARKER_BRIGHT_PCTL': 99.2, 'MARKER_BRIGHT_MIN': 200, 'MARKER_MAX_AREA_FRAC': 0.03, 'MARKER_REQUIRE_BORDER': True, 'MARKER_BORDER_FRAC': 0.18, 'MARKER_MAX_COUNT': 4, 'ALIGN_MODE': 'pca', 'ALIGN_MAX_DEG': 35.0, 'ALIGN_FIX_FLIP': True, 'CLAHE_STAGE': 'post_resize'}, 'PRE_TAG': '560_np1-99_mkbrp99.2_alpcaF_thadd-rect-f0.1-w1_c2t8@post_img_padauto', 'HAND_SOURCE': 'G:\\Project\\sinra_cho\\yolo_crop', 'BOX_CFG': {'r1': {'pad_x': 0.1, 'pad_y': 0.12, 'min_w': 0.48, 'min_h': 0.34}}, 'MERGE_COMPONENTS': True, 'BANDS': {'r1': {'x0': 0.12, 'y0': 0.52, 'x1': 0.88, 'y1': 0.98}}, 'CLAMP_TO_BAND': True, 'PAD_TO_SQUARE': True}
[03:19:35] 조기종료 | Phase I patience 8 | Phase II patience 15 (최소 65에폭 이후)
[03:19:35] 배치 수 | train 1559 | val 174 | test 25
[03:19:35] [backbone] timm 'legacy_xception' 로드 완료 (pretrained=True)
[03:19:36] [reg] backbone out (2048, 18, 18) -> z 6,400 | params 27.1M
[03:19:36] [LDL] loss = l_MAE + 0.5 * D_KL(G||p) | bins 240 | delta 15.0
[03:19:36] Phase II 새로 학습 시작
[03:20:06]   Epoch 001 100/1559 train_mae 34.76 kl 1.363 lr 3e-04 (31s)
[03:20:28]   Epoch 001 200/1559 train_mae 31.76 kl 1.302 lr 3e-04 (53s)
[03:20:50]   Epoch 001 300/1559 train_mae 27.65 kl 1.275 lr 3e-04 (74s)
[03:21:12]   Epoch 001 400/1559 train_mae 24.32 kl 1.174 lr 3e-04 (96s)
[03:21:34]   Epoch 001 500/1559 train_mae 22.00 kl 1.102 lr 3e-04 (118s)
[03:21:56]   Epoch 001 600/1559 train_mae 20.31 kl 1.045 lr 3e-04 (140s)
[03:22:17]   Epoch 001 700/1559 train_mae 18.96 kl 1.000 lr 3e-04 (162s)
[03:22:39]   Epoch 001 800/1559 train_mae 17.88 kl 0.972 lr 3e-04 (184s)
[03:23:01]   Epoch 001 900/1559 train_mae 17.04 kl 0.945 lr 3e-04 (206s)
[03:23:23]   Epoch 001 1000/1559 train_mae 16.38 kl 0.920 lr 3e-04 (227s)
[03:23:45]   Epoch 001 1100/1559 train_mae 15.80 kl 0.898 lr 3e-04 (249s)
[03:24:07]   Epoch 001 1200/1559 train_mae 15.28 kl 0.875 lr 3e-04 (271s)
[03:24:28]   Epoch 001 1300/1559 train_mae 14.85 kl 0.857 lr 3e-04 (293s)
[03:24:50]   Epoch 001 1400/1559 train_mae 14.48 kl 0.842 lr 3e-04 (314s)
[03:25:11]   Epoch 001 1500/1559 train_mae 14.15 kl 0.827 lr 3e-04 (336s)
[03:25:24]   Epoch 001 1559/1559 train_mae 13.96 kl 0.819 lr 3e-04 (349s)
[03:25:58] [Epoch 001 완료] train MAE 13.96 | val MAE 8.80 | val RMSE 12.12 | lr 3e-04 | * best 저장 (val MAE 8.80)
[03:26:16]   Epoch 002 100/1559 train_mae 9.11 kl 0.644 lr 3e-04 (18s)
[03:26:33]   Epoch 002 200/1559 train_mae 9.00 kl 0.622 lr 3e-04 (35s)
[03:26:51]   Epoch 002 300/1559 train_mae 8.89 kl 0.610 lr 3e-04 (53s)
[03:27:09]   Epoch 002 400/1559 train_mae 8.98 kl 0.611 lr 3e-04 (71s)
[03:27:28]   Epoch 002 500/1559 train_mae 8.98 kl 0.613 lr 3e-04 (90s)
[03:27:46]   Epoch 002 600/1559 train_mae 8.91 kl 0.607 lr 3e-04 (108s)
[03:28:03]   Epoch 002 700/1559 train_mae 8.89 kl 0.608 lr 3e-04 (125s)
[03:28:22]   Epoch 002 800/1559 train_mae 8.92 kl 0.603 lr 3e-04 (144s)
[03:28:40]   Epoch 002 900/1559 train_mae 8.87 kl 0.598 lr 3e-04 (162s)
[03:28:58]   Epoch 002 1000/1559 train_mae 8.84 kl 0.596 lr 3e-04 (180s)
[03:29:16]   Epoch 002 1100/1559 train_mae 8.80 kl 0.592 lr 3e-04 (198s)
[03:29:33]   Epoch 002 1200/1559 train_mae 8.76 kl 0.592 lr 3e-04 (215s)
[03:29:49]   Epoch 002 1300/1559 train_mae 8.76 kl 0.589 lr 3e-04 (231s)
[03:30:04]   Epoch 002 1400/1559 train_mae 8.70 kl 0.583 lr 3e-04 (246s)
[03:30:19]   Epoch 002 1500/1559 train_mae 8.67 kl 0.581 lr 3e-04 (261s)
[03:30:29]   Epoch 002 1559/1559 train_mae 8.66 kl 0.579 lr 3e-04 (271s)
[03:30:49] [Epoch 002 완료] train MAE 8.66 | val MAE 8.67 | val RMSE 11.99 | lr 3e-04 | * best 저장 (val MAE 8.67)
[03:31:06]   Epoch 003 100/1559 train_mae 8.05 kl 0.543 lr 3e-04 (17s)
[03:31:23]   Epoch 003 200/1559 train_mae 8.10 kl 0.545 lr 3e-04 (34s)
[03:31:39]   Epoch 003 300/1559 train_mae 8.04 kl 0.553 lr 3e-04 (50s)
[03:31:55]   Epoch 003 400/1559 train_mae 7.90 kl 0.540 lr 3e-04 (66s)
[03:32:12]   Epoch 003 500/1559 train_mae 7.90 kl 0.538 lr 3e-04 (83s)
[03:32:28]   Epoch 003 600/1559 train_mae 7.88 kl 0.536 lr 3e-04 (99s)
[03:32:45]   Epoch 003 700/1559 train_mae 7.92 kl 0.531 lr 3e-04 (116s)
[03:33:02]   Epoch 003 800/1559 train_mae 7.95 kl 0.531 lr 3e-04 (133s)
[03:33:19]   Epoch 003 900/1559 train_mae 7.90 kl 0.530 lr 3e-04 (150s)
[03:33:36]   Epoch 003 1000/1559 train_mae 7.94 kl 0.530 lr 3e-04 (167s)
[03:33:53]   Epoch 003 1100/1559 train_mae 7.93 kl 0.530 lr 3e-04 (184s)
[03:34:09]   Epoch 003 1200/1559 train_mae 7.92 kl 0.529 lr 3e-04 (200s)
[03:34:26]   Epoch 003 1300/1559 train_mae 7.93 kl 0.529 lr 3e-04 (217s)
[03:34:43]   Epoch 003 1400/1559 train_mae 7.90 kl 0.528 lr 3e-04 (234s)
[03:35:00]   Epoch 003 1500/1559 train_mae 7.92 kl 0.528 lr 3e-04 (251s)
[03:35:10]   Epoch 003 1559/1559 train_mae 7.94 kl 0.529 lr 3e-04 (261s)
[03:35:30] [Epoch 003 완료] train MAE 7.94 | val MAE 8.05 | val RMSE 10.98 | lr 3e-04 | * best 저장 (val MAE 8.05)
[03:35:47]   Epoch 004 100/1559 train_mae 7.40 kl 0.495 lr 3e-04 (17s)
[03:36:04]   Epoch 004 200/1559 train_mae 7.50 kl 0.496 lr 3e-04 (34s)
[03:36:21]   Epoch 004 300/1559 train_mae 7.55 kl 0.503 lr 3e-04 (51s)
[03:36:38]   Epoch 004 400/1559 train_mae 7.49 kl 0.504 lr 3e-04 (68s)
[03:36:55]   Epoch 004 500/1559 train_mae 7.51 kl 0.502 lr 3e-04 (85s)
[03:37:12]   Epoch 004 600/1559 train_mae 7.52 kl 0.501 lr 3e-04 (102s)
[03:37:29]   Epoch 004 700/1559 train_mae 7.49 kl 0.501 lr 3e-04 (119s)
[03:37:46]   Epoch 004 800/1559 train_mae 7.50 kl 0.498 lr 3e-04 (136s)
[03:38:03]   Epoch 004 900/1559 train_mae 7.55 kl 0.501 lr 3e-04 (152s)
[03:38:20]   Epoch 004 1000/1559 train_mae 7.55 kl 0.500 lr 3e-04 (169s)
[03:38:37]   Epoch 004 1100/1559 train_mae 7.57 kl 0.499 lr 3e-04 (186s)
[03:38:54]   Epoch 004 1200/1559 train_mae 7.58 kl 0.502 lr 3e-04 (203s)
[03:39:11]   Epoch 004 1300/1559 train_mae 7.56 kl 0.502 lr 3e-04 (220s)
[03:39:28]   Epoch 004 1400/1559 train_mae 7.53 kl 0.501 lr 3e-04 (237s)
[03:39:45]   Epoch 004 1500/1559 train_mae 7.55 kl 0.500 lr 3e-04 (254s)
[03:39:55]   Epoch 004 1559/1559 train_mae 7.54 kl 0.499 lr 3e-04 (264s)
[03:40:14] [Epoch 004 완료] train MAE 7.54 | val MAE 8.03 | val RMSE 10.91 | lr 3e-04 | * best 저장 (val MAE 8.03)
[03:40:31]   Epoch 005 100/1559 train_mae 7.00 kl 0.466 lr 3e-04 (16s)
[03:40:48]   Epoch 005 200/1559 train_mae 7.20 kl 0.476 lr 3e-04 (33s)
[03:41:05]   Epoch 005 300/1559 train_mae 7.29 kl 0.471 lr 3e-04 (50s)
[03:41:22]   Epoch 005 400/1559 train_mae 7.28 kl 0.467 lr 3e-04 (67s)
[03:41:39]   Epoch 005 500/1559 train_mae 7.27 kl 0.466 lr 3e-04 (84s)
[03:41:56]   Epoch 005 600/1559 train_mae 7.25 kl 0.461 lr 3e-04 (101s)
[03:42:13]   Epoch 005 700/1559 train_mae 7.22 kl 0.463 lr 3e-04 (118s)
[03:42:30]   Epoch 005 800/1559 train_mae 7.21 kl 0.465 lr 3e-04 (135s)
[03:42:47]   Epoch 005 900/1559 train_mae 7.27 kl 0.467 lr 3e-04 (152s)
[03:43:04]   Epoch 005 1000/1559 train_mae 7.30 kl 0.468 lr 3e-04 (169s)
[03:43:21]   Epoch 005 1100/1559 train_mae 7.30 kl 0.468 lr 3e-04 (186s)
[03:43:38]   Epoch 005 1200/1559 train_mae 7.28 kl 0.466 lr 3e-04 (203s)
[03:43:55]   Epoch 005 1300/1559 train_mae 7.25 kl 0.465 lr 3e-04 (220s)
[03:44:12]   Epoch 005 1400/1559 train_mae 7.28 kl 0.465 lr 3e-04 (237s)
[03:44:29]   Epoch 005 1500/1559 train_mae 7.26 kl 0.466 lr 3e-04 (254s)
[03:44:39]   Epoch 005 1559/1559 train_mae 7.25 kl 0.467 lr 3e-04 (264s)
[03:44:58] [Epoch 005 완료] train MAE 7.25 | val MAE 8.17 | val RMSE 10.99 | lr 3e-04 | 개선없음 1/15
[03:45:13]   Epoch 006 100/1559 train_mae 6.85 kl 0.423 lr 3e-04 (15s)
[03:45:30]   Epoch 006 200/1559 train_mae 6.96 kl 0.436 lr 3e-04 (32s)
[03:45:47]   Epoch 006 300/1559 train_mae 6.89 kl 0.434 lr 3e-04 (49s)
[03:46:04]   Epoch 006 400/1559 train_mae 6.91 kl 0.441 lr 3e-04 (65s)
[03:46:21]   Epoch 006 500/1559 train_mae 6.92 kl 0.442 lr 3e-04 (82s)
[03:46:38]   Epoch 006 600/1559 train_mae 6.99 kl 0.444 lr 3e-04 (99s)
[03:46:55]   Epoch 006 700/1559 train_mae 6.98 kl 0.444 lr 3e-04 (116s)
[03:47:12]   Epoch 006 800/1559 train_mae 6.99 kl 0.441 lr 3e-04 (134s)
[03:47:29]   Epoch 006 900/1559 train_mae 6.99 kl 0.439 lr 3e-04 (151s)
[03:47:46]   Epoch 006 1000/1559 train_mae 6.96 kl 0.439 lr 3e-04 (168s)
[03:48:03]   Epoch 006 1100/1559 train_mae 6.99 kl 0.440 lr 3e-04 (184s)
[03:48:20]   Epoch 006 1200/1559 train_mae 6.98 kl 0.439 lr 3e-04 (201s)
[03:48:37]   Epoch 006 1300/1559 train_mae 7.01 kl 0.440 lr 3e-04 (218s)
[03:48:54]   Epoch 006 1400/1559 train_mae 6.97 kl 0.439 lr 3e-04 (235s)
[03:49:11]   Epoch 006 1500/1559 train_mae 7.00 kl 0.438 lr 3e-04 (252s)
[03:49:21]   Epoch 006 1559/1559 train_mae 7.00 kl 0.438 lr 3e-04 (262s)
[03:49:40] [Epoch 006 완료] train MAE 7.00 | val MAE 7.89 | val RMSE 10.69 | lr 3e-04 | * best 저장 (val MAE 7.89)
[03:49:58]   Epoch 007 100/1559 train_mae 6.38 kl 0.408 lr 3e-04 (17s)
[03:50:14]   Epoch 007 200/1559 train_mae 6.31 kl 0.409 lr 3e-04 (34s)
[03:50:31]   Epoch 007 300/1559 train_mae 6.45 kl 0.416 lr 3e-04 (51s)
[03:50:48]   Epoch 007 400/1559 train_mae 6.53 kl 0.419 lr 3e-04 (68s)
[03:51:05]   Epoch 007 500/1559 train_mae 6.59 kl 0.419 lr 3e-04 (85s)
[03:51:22]   Epoch 007 600/1559 train_mae 6.58 kl 0.421 lr 3e-04 (102s)
[03:51:39]   Epoch 007 700/1559 train_mae 6.63 kl 0.422 lr 3e-04 (118s)
[03:51:55]   Epoch 007 800/1559 train_mae 6.68 kl 0.423 lr 3e-04 (135s)
[03:52:11]   Epoch 007 900/1559 train_mae 6.65 kl 0.420 lr 3e-04 (151s)
[03:52:28]   Epoch 007 1000/1559 train_mae 6.65 kl 0.418 lr 3e-04 (168s)
[03:52:45]   Epoch 007 1100/1559 train_mae 6.68 kl 0.419 lr 3e-04 (185s)
[03:53:02]   Epoch 007 1200/1559 train_mae 6.69 kl 0.420 lr 3e-04 (202s)
[03:53:19]   Epoch 007 1300/1559 train_mae 6.71 kl 0.418 lr 3e-04 (219s)
[03:53:36]   Epoch 007 1400/1559 train_mae 6.72 kl 0.420 lr 3e-04 (236s)
[03:53:53]   Epoch 007 1500/1559 train_mae 6.75 kl 0.420 lr 3e-04 (253s)
[03:54:03]   Epoch 007 1559/1559 train_mae 6.75 kl 0.419 lr 3e-04 (263s)
[03:54:23] [Epoch 007 완료] train MAE 6.75 | val MAE 8.12 | val RMSE 10.77 | lr 3e-04 | 개선없음 1/15
[03:54:39]   Epoch 008 100/1559 train_mae 6.67 kl 0.426 lr 3e-04 (16s)
[03:54:56]   Epoch 008 200/1559 train_mae 6.61 kl 0.421 lr 3e-04 (33s)
[03:55:13]   Epoch 008 300/1559 train_mae 6.62 kl 0.414 lr 3e-04 (50s)
[03:55:30]   Epoch 008 400/1559 train_mae 6.53 kl 0.409 lr 3e-04 (67s)
[03:55:47]   Epoch 008 500/1559 train_mae 6.55 kl 0.402 lr 3e-04 (84s)
[03:56:04]   Epoch 008 600/1559 train_mae 6.59 kl 0.402 lr 3e-04 (101s)
[03:56:21]   Epoch 008 700/1559 train_mae 6.62 kl 0.402 lr 3e-04 (118s)
[03:56:38]   Epoch 008 800/1559 train_mae 6.60 kl 0.402 lr 3e-04 (135s)
[03:56:55]   Epoch 008 900/1559 train_mae 6.63 kl 0.403 lr 3e-04 (152s)
[03:57:12]   Epoch 008 1000/1559 train_mae 6.63 kl 0.403 lr 3e-04 (169s)
[03:57:29]   Epoch 008 1100/1559 train_mae 6.61 kl 0.403 lr 3e-04 (186s)
[03:57:47]   Epoch 008 1200/1559 train_mae 6.62 kl 0.403 lr 3e-04 (203s)
[03:58:04]   Epoch 008 1300/1559 train_mae 6.60 kl 0.402 lr 3e-04 (221s)
[03:58:21]   Epoch 008 1400/1559 train_mae 6.59 kl 0.401 lr 3e-04 (238s)
[03:58:38]   Epoch 008 1500/1559 train_mae 6.57 kl 0.401 lr 3e-04 (255s)
[03:58:48]   Epoch 008 1559/1559 train_mae 6.57 kl 0.402 lr 3e-04 (265s)
[03:59:08] [Epoch 008 완료] train MAE 6.57 | val MAE 9.17 | val RMSE 12.26 | lr 3e-04 | 개선없음 2/15
[03:59:25]   Epoch 009 100/1559 train_mae 6.19 kl 0.382 lr 3e-04 (17s)
[03:59:42]   Epoch 009 200/1559 train_mae 6.40 kl 0.387 lr 3e-04 (34s)
[03:59:59]   Epoch 009 300/1559 train_mae 6.40 kl 0.386 lr 3e-04 (51s)
[04:00:16]   Epoch 009 400/1559 train_mae 6.39 kl 0.383 lr 3e-04 (68s)
[04:00:33]   Epoch 009 500/1559 train_mae 6.32 kl 0.382 lr 3e-04 (85s)
[04:00:50]   Epoch 009 600/1559 train_mae 6.28 kl 0.380 lr 3e-04 (102s)
[04:01:08]   Epoch 009 700/1559 train_mae 6.28 kl 0.379 lr 3e-04 (120s)
[04:01:26]   Epoch 009 800/1559 train_mae 6.27 kl 0.378 lr 3e-04 (138s)
[04:01:45]   Epoch 009 900/1559 train_mae 6.26 kl 0.377 lr 3e-04 (157s)
[04:02:03]   Epoch 009 1000/1559 train_mae 6.26 kl 0.377 lr 3e-04 (175s)
[04:02:22]   Epoch 009 1100/1559 train_mae 6.23 kl 0.375 lr 3e-04 (193s)
[04:02:40]   Epoch 009 1200/1559 train_mae 6.24 kl 0.376 lr 3e-04 (212s)
[04:02:58]   Epoch 009 1300/1559 train_mae 6.26 kl 0.376 lr 3e-04 (230s)
[04:03:17]   Epoch 009 1400/1559 train_mae 6.25 kl 0.377 lr 3e-04 (249s)
[04:03:33]   Epoch 009 1500/1559 train_mae 6.28 kl 0.377 lr 3e-04 (265s)
[04:03:43]   Epoch 009 1559/1559 train_mae 6.29 kl 0.378 lr 3e-04 (275s)
[04:04:03] [Epoch 009 완료] train MAE 6.29 | val MAE 7.44 | val RMSE 10.20 | lr 3e-04 | * best 저장 (val MAE 7.44)
[04:04:20]   Epoch 010 100/1559 train_mae 5.85 kl 0.358 lr 3e-04 (17s)
[04:04:37]   Epoch 010 200/1559 train_mae 5.98 kl 0.367 lr 3e-04 (34s)
[04:04:54]   Epoch 010 300/1559 train_mae 6.03 kl 0.367 lr 3e-04 (51s)
[04:05:11]   Epoch 010 400/1559 train_mae 6.09 kl 0.369 lr 3e-04 (68s)
[04:05:28]   Epoch 010 500/1559 train_mae 6.08 kl 0.366 lr 3e-04 (85s)
[04:05:45]   Epoch 010 600/1559 train_mae 6.13 kl 0.366 lr 3e-04 (102s)
[04:06:02]   Epoch 010 700/1559 train_mae 6.13 kl 0.366 lr 3e-04 (118s)
[04:06:19]   Epoch 010 800/1559 train_mae 6.11 kl 0.365 lr 3e-04 (135s)
[04:06:35]   Epoch 010 900/1559 train_mae 6.09 kl 0.363 lr 3e-04 (152s)
[04:06:52]   Epoch 010 1000/1559 train_mae 6.10 kl 0.362 lr 3e-04 (169s)
[04:07:09]   Epoch 010 1100/1559 train_mae 6.11 kl 0.363 lr 3e-04 (186s)
[04:07:26]   Epoch 010 1200/1559 train_mae 6.12 kl 0.361 lr 3e-04 (203s)
[04:07:43]   Epoch 010 1300/1559 train_mae 6.12 kl 0.360 lr 3e-04 (220s)
[04:08:00]   Epoch 010 1400/1559 train_mae 6.13 kl 0.359 lr 3e-04 (237s)
[04:08:17]   Epoch 010 1500/1559 train_mae 6.14 kl 0.359 lr 3e-04 (254s)
[04:08:27]   Epoch 010 1559/1559 train_mae 6.14 kl 0.359 lr 3e-04 (264s)
[04:08:47] [Epoch 010 완료] train MAE 6.14 | val MAE 7.74 | val RMSE 10.50 | lr 3e-04 | 개선없음 1/15
[04:09:04]   Epoch 011 100/1559 train_mae 6.09 kl 0.353 lr 3e-04 (17s)
[04:09:21]   Epoch 011 200/1559 train_mae 5.87 kl 0.347 lr 3e-04 (34s)
[04:09:38]   Epoch 011 300/1559 train_mae 5.90 kl 0.345 lr 3e-04 (51s)
[04:09:55]   Epoch 011 400/1559 train_mae 5.82 kl 0.341 lr 3e-04 (68s)
[04:10:12]   Epoch 011 500/1559 train_mae 5.78 kl 0.337 lr 3e-04 (85s)
[04:10:29]   Epoch 011 600/1559 train_mae 5.78 kl 0.336 lr 3e-04 (102s)
[04:10:46]   Epoch 011 700/1559 train_mae 5.82 kl 0.338 lr 3e-04 (119s)
[04:11:03]   Epoch 011 800/1559 train_mae 5.87 kl 0.341 lr 3e-04 (136s)
[04:11:20]   Epoch 011 900/1559 train_mae 5.90 kl 0.341 lr 3e-04 (153s)
[04:11:37]   Epoch 011 1000/1559 train_mae 5.91 kl 0.342 lr 3e-04 (170s)
[04:11:54]   Epoch 011 1100/1559 train_mae 5.89 kl 0.341 lr 3e-04 (187s)
[04:12:11]   Epoch 011 1200/1559 train_mae 5.88 kl 0.341 lr 3e-04 (204s)
[04:12:28]   Epoch 011 1300/1559 train_mae 5.89 kl 0.341 lr 3e-04 (221s)
[04:12:45]   Epoch 011 1400/1559 train_mae 5.92 kl 0.341 lr 3e-04 (238s)
[04:13:02]   Epoch 011 1500/1559 train_mae 5.94 kl 0.342 lr 3e-04 (255s)
[04:13:12]   Epoch 011 1559/1559 train_mae 5.96 kl 0.342 lr 3e-04 (265s)
[04:13:31] [Epoch 011 완료] train MAE 5.96 | val MAE 7.77 | val RMSE 10.63 | lr 3e-04 | 개선없음 2/15
[04:13:49]   Epoch 012 100/1559 train_mae 5.63 kl 0.344 lr 3e-04 (17s)
[04:14:06]   Epoch 012 200/1559 train_mae 5.67 kl 0.337 lr 3e-04 (34s)
[04:14:23]   Epoch 012 300/1559 train_mae 5.67 kl 0.337 lr 3e-04 (51s)
[04:14:40]   Epoch 012 400/1559 train_mae 5.74 kl 0.340 lr 3e-04 (68s)
[04:14:57]   Epoch 012 500/1559 train_mae 5.70 kl 0.338 lr 3e-04 (85s)
[04:15:14]   Epoch 012 600/1559 train_mae 5.67 kl 0.333 lr 3e-04 (102s)
[04:15:31]   Epoch 012 700/1559 train_mae 5.71 kl 0.332 lr 3e-04 (119s)
[04:15:48]   Epoch 012 800/1559 train_mae 5.75 kl 0.334 lr 3e-04 (136s)
[04:16:04]   Epoch 012 900/1559 train_mae 5.75 kl 0.334 lr 3e-04 (153s)
[04:16:21]   Epoch 012 1000/1559 train_mae 5.79 kl 0.333 lr 3e-04 (169s)
[04:16:38]   Epoch 012 1100/1559 train_mae 5.78 kl 0.332 lr 3e-04 (186s)
[04:16:55]   Epoch 012 1200/1559 train_mae 5.80 kl 0.331 lr 3e-04 (203s)
[04:17:12]   Epoch 012 1300/1559 train_mae 5.79 kl 0.329 lr 3e-04 (220s)
[04:17:29]   Epoch 012 1400/1559 train_mae 5.79 kl 0.329 lr 3e-04 (237s)
[04:17:46]   Epoch 012 1500/1559 train_mae 5.80 kl 0.328 lr 3e-04 (254s)
[04:17:56]   Epoch 012 1559/1559 train_mae 5.81 kl 0.328 lr 3e-04 (264s)
[04:18:15] [Epoch 012 완료] train MAE 5.81 | val MAE 8.33 | val RMSE 11.67 | lr 3e-04 | 개선없음 3/15
[04:18:32]   Epoch 013 100/1559 train_mae 5.35 kl 0.306 lr 3e-04 (17s)
[04:18:49]   Epoch 013 200/1559 train_mae 5.41 kl 0.305 lr 3e-04 (34s)
[04:19:06]   Epoch 013 300/1559 train_mae 5.45 kl 0.310 lr 3e-04 (51s)
[04:19:23]   Epoch 013 400/1559 train_mae 5.43 kl 0.308 lr 3e-04 (68s)
[04:19:40]   Epoch 013 500/1559 train_mae 5.50 kl 0.314 lr 3e-04 (85s)
[04:19:57]   Epoch 013 600/1559 train_mae 5.52 kl 0.315 lr 3e-04 (102s)
[04:20:14]   Epoch 013 700/1559 train_mae 5.58 kl 0.318 lr 3e-04 (119s)
[04:20:31]   Epoch 013 800/1559 train_mae 5.57 kl 0.318 lr 3e-04 (136s)
[04:20:48]   Epoch 013 900/1559 train_mae 5.63 kl 0.319 lr 3e-04 (153s)
[04:21:05]   Epoch 013 1000/1559 train_mae 5.63 kl 0.319 lr 3e-04 (170s)
[04:21:22]   Epoch 013 1100/1559 train_mae 5.61 kl 0.318 lr 3e-04 (187s)
[04:21:39]   Epoch 013 1200/1559 train_mae 5.63 kl 0.317 lr 3e-04 (204s)
[04:21:56]   Epoch 013 1300/1559 train_mae 5.62 kl 0.316 lr 3e-04 (221s)
[04:22:13]   Epoch 013 1400/1559 train_mae 5.62 kl 0.316 lr 3e-04 (238s)
[04:22:30]   Epoch 013 1500/1559 train_mae 5.63 kl 0.317 lr 3e-04 (255s)
[04:22:40]   Epoch 013 1559/1559 train_mae 5.64 kl 0.317 lr 3e-04 (265s)
[04:23:00] [Epoch 013 완료] train MAE 5.64 | val MAE 7.28 | val RMSE 10.04 | lr 3e-04 | * best 저장 (val MAE 7.28)
[04:23:17]   Epoch 014 100/1559 train_mae 5.04 kl 0.289 lr 3e-04 (17s)
[04:23:34]   Epoch 014 200/1559 train_mae 5.05 kl 0.292 lr 3e-04 (34s)
[04:23:51]   Epoch 014 300/1559 train_mae 5.19 kl 0.303 lr 3e-04 (51s)
[04:24:08]   Epoch 014 400/1559 train_mae 5.23 kl 0.301 lr 3e-04 (68s)
[04:24:25]   Epoch 014 500/1559 train_mae 5.24 kl 0.301 lr 3e-04 (85s)
[04:24:42]   Epoch 014 600/1559 train_mae 5.29 kl 0.302 lr 3e-04 (102s)
[04:25:00]   Epoch 014 700/1559 train_mae 5.33 kl 0.303 lr 3e-04 (119s)
[04:25:17]   Epoch 014 800/1559 train_mae 5.34 kl 0.304 lr 3e-04 (136s)
[04:25:34]   Epoch 014 900/1559 train_mae 5.36 kl 0.306 lr 3e-04 (153s)
[04:25:51]   Epoch 014 1000/1559 train_mae 5.36 kl 0.306 lr 3e-04 (170s)
[04:26:08]   Epoch 014 1100/1559 train_mae 5.38 kl 0.306 lr 3e-04 (187s)
[04:26:25]   Epoch 014 1200/1559 train_mae 5.39 kl 0.305 lr 3e-04 (204s)
[04:26:42]   Epoch 014 1300/1559 train_mae 5.39 kl 0.304 lr 3e-04 (221s)
[04:26:59]   Epoch 014 1400/1559 train_mae 5.40 kl 0.304 lr 3e-04 (238s)
[04:27:16]   Epoch 014 1500/1559 train_mae 5.39 kl 0.302 lr 3e-04 (255s)
[04:27:26]   Epoch 014 1559/1559 train_mae 5.38 kl 0.302 lr 3e-04 (266s)
[04:27:45] [Epoch 014 완료] train MAE 5.38 | val MAE 7.20 | val RMSE 10.00 | lr 3e-04 | * best 저장 (val MAE 7.20)
[04:28:03]   Epoch 015 100/1559 train_mae 4.90 kl 0.301 lr 3e-04 (17s)
[04:28:20]   Epoch 015 200/1559 train_mae 5.06 kl 0.297 lr 3e-04 (34s)
[04:28:37]   Epoch 015 300/1559 train_mae 5.17 kl 0.299 lr 3e-04 (51s)
[04:28:54]   Epoch 015 400/1559 train_mae 5.14 kl 0.294 lr 3e-04 (68s)
[04:29:11]   Epoch 015 500/1559 train_mae 5.15 kl 0.295 lr 3e-04 (85s)
[04:29:27]   Epoch 015 600/1559 train_mae 5.21 kl 0.297 lr 3e-04 (102s)
[04:29:44]   Epoch 015 700/1559 train_mae 5.22 kl 0.296 lr 3e-04 (119s)
[04:30:01]   Epoch 015 800/1559 train_mae 5.22 kl 0.296 lr 3e-04 (136s)
[04:30:18]   Epoch 015 900/1559 train_mae 5.26 kl 0.296 lr 3e-04 (153s)
[04:30:35]   Epoch 015 1000/1559 train_mae 5.24 kl 0.294 lr 3e-04 (170s)
[04:30:52]   Epoch 015 1100/1559 train_mae 5.22 kl 0.293 lr 3e-04 (186s)
[04:31:09]   Epoch 015 1200/1559 train_mae 5.25 kl 0.292 lr 3e-04 (203s)
[04:31:26]   Epoch 015 1300/1559 train_mae 5.25 kl 0.293 lr 3e-04 (220s)
[04:31:43]   Epoch 015 1400/1559 train_mae 5.25 kl 0.294 lr 3e-04 (237s)
[04:32:00]   Epoch 015 1500/1559 train_mae 5.25 kl 0.293 lr 3e-04 (254s)
[04:32:10]   Epoch 015 1559/1559 train_mae 5.25 kl 0.293 lr 3e-04 (264s)
[04:32:29] [Epoch 015 완료] train MAE 5.25 | val MAE 7.73 | val RMSE 10.84 | lr 3e-04 | 개선없음 1/15
[04:32:46]   Epoch 016 100/1559 train_mae 4.84 kl 0.268 lr 3e-04 (17s)
[04:33:03]   Epoch 016 200/1559 train_mae 4.80 kl 0.270 lr 3e-04 (34s)
[04:33:20]   Epoch 016 300/1559 train_mae 4.93 kl 0.275 lr 3e-04 (51s)
[04:33:37]   Epoch 016 400/1559 train_mae 4.96 kl 0.278 lr 3e-04 (68s)
[04:33:54]   Epoch 016 500/1559 train_mae 5.03 kl 0.284 lr 3e-04 (85s)
[04:34:11]   Epoch 016 600/1559 train_mae 5.03 kl 0.284 lr 3e-04 (102s)
[04:34:28]   Epoch 016 700/1559 train_mae 5.04 kl 0.284 lr 3e-04 (119s)
[04:34:45]   Epoch 016 800/1559 train_mae 5.04 kl 0.284 lr 3e-04 (136s)
[04:35:03]   Epoch 016 900/1559 train_mae 5.02 kl 0.283 lr 3e-04 (153s)
[04:35:19]   Epoch 016 1000/1559 train_mae 5.03 kl 0.282 lr 3e-04 (170s)
[04:35:36]   Epoch 016 1100/1559 train_mae 5.03 kl 0.282 lr 3e-04 (187s)
[04:35:53]   Epoch 016 1200/1559 train_mae 5.06 kl 0.280 lr 3e-04 (204s)
[04:36:10]   Epoch 016 1300/1559 train_mae 5.06 kl 0.279 lr 3e-04 (221s)
[04:36:27]   Epoch 016 1400/1559 train_mae 5.08 kl 0.279 lr 3e-04 (238s)
[04:36:44]   Epoch 016 1500/1559 train_mae 5.10 kl 0.280 lr 3e-04 (255s)
[04:36:54]   Epoch 016 1559/1559 train_mae 5.10 kl 0.280 lr 3e-04 (265s)
[04:37:14] [Epoch 016 완료] train MAE 5.10 | val MAE 7.25 | val RMSE 10.00 | lr 3e-04 | 개선없음 2/15
[04:37:31]   Epoch 017 100/1559 train_mae 4.62 kl 0.273 lr 3e-04 (17s)
[04:37:48]   Epoch 017 200/1559 train_mae 4.69 kl 0.263 lr 3e-04 (34s)
[04:38:05]   Epoch 017 300/1559 train_mae 4.66 kl 0.263 lr 3e-04 (51s)
[04:38:22]   Epoch 017 400/1559 train_mae 4.73 kl 0.263 lr 3e-04 (68s)
[04:38:39]   Epoch 017 500/1559 train_mae 4.73 kl 0.260 lr 3e-04 (85s)
[04:38:56]   Epoch 017 600/1559 train_mae 4.77 kl 0.261 lr 3e-04 (102s)
[04:39:13]   Epoch 017 700/1559 train_mae 4.76 kl 0.261 lr 3e-04 (119s)
[04:39:30]   Epoch 017 800/1559 train_mae 4.80 kl 0.263 lr 3e-04 (136s)
[04:39:47]   Epoch 017 900/1559 train_mae 4.81 kl 0.263 lr 3e-04 (152s)
[04:40:03]   Epoch 017 1000/1559 train_mae 4.82 kl 0.263 lr 3e-04 (169s)
[04:40:20]   Epoch 017 1100/1559 train_mae 4.84 kl 0.264 lr 3e-04 (186s)
[04:40:37]   Epoch 017 1200/1559 train_mae 4.86 kl 0.264 lr 3e-04 (203s)
[04:40:54]   Epoch 017 1300/1559 train_mae 4.88 kl 0.265 lr 3e-04 (220s)
[04:41:11]   Epoch 017 1400/1559 train_mae 4.92 kl 0.266 lr 3e-04 (237s)
[04:41:28]   Epoch 017 1500/1559 train_mae 4.94 kl 0.266 lr 3e-04 (254s)
[04:41:38]   Epoch 017 1559/1559 train_mae 4.94 kl 0.266 lr 3e-04 (264s)
[04:41:57] [Epoch 017 완료] train MAE 4.94 | val MAE 7.71 | val RMSE 10.31 | lr 3e-04 | 개선없음 3/15
[04:42:14]   Epoch 018 100/1559 train_mae 4.61 kl 0.248 lr 3e-04 (17s)
[04:42:31]   Epoch 018 200/1559 train_mae 4.59 kl 0.251 lr 3e-04 (34s)
[04:42:48]   Epoch 018 300/1559 train_mae 4.69 kl 0.253 lr 3e-04 (51s)
[04:43:05]   Epoch 018 400/1559 train_mae 4.71 kl 0.252 lr 3e-04 (68s)
[04:43:22]   Epoch 018 500/1559 train_mae 4.72 kl 0.253 lr 3e-04 (85s)
[04:43:39]   Epoch 018 600/1559 train_mae 4.68 kl 0.251 lr 3e-04 (102s)
[04:43:56]   Epoch 018 700/1559 train_mae 4.71 kl 0.252 lr 3e-04 (119s)
[04:44:13]   Epoch 018 800/1559 train_mae 4.75 kl 0.252 lr 3e-04 (136s)
[04:44:30]   Epoch 018 900/1559 train_mae 4.74 kl 0.251 lr 3e-04 (152s)
[04:44:47]   Epoch 018 1000/1559 train_mae 4.74 kl 0.250 lr 3e-04 (169s)
[04:45:04]   Epoch 018 1100/1559 train_mae 4.76 kl 0.250 lr 3e-04 (186s)
[04:45:21]   Epoch 018 1200/1559 train_mae 4.77 kl 0.251 lr 3e-04 (204s)
[04:45:38]   Epoch 018 1300/1559 train_mae 4.79 kl 0.251 lr 3e-04 (220s)
[04:45:55]   Epoch 018 1400/1559 train_mae 4.80 kl 0.251 lr 3e-04 (237s)
[04:46:12]   Epoch 018 1500/1559 train_mae 4.80 kl 0.251 lr 3e-04 (254s)
[04:46:22]   Epoch 018 1559/1559 train_mae 4.81 kl 0.251 lr 3e-04 (264s)
[04:46:41] [Epoch 018 완료] train MAE 4.81 | val MAE 7.54 | val RMSE 10.23 | lr 3e-04 | 개선없음 4/15
[04:46:58]   Epoch 019 100/1559 train_mae 4.52 kl 0.245 lr 3e-04 (17s)
[04:47:15]   Epoch 019 200/1559 train_mae 4.53 kl 0.240 lr 3e-04 (34s)
[04:47:32]   Epoch 019 300/1559 train_mae 4.64 kl 0.240 lr 3e-04 (51s)
[04:47:49]   Epoch 019 400/1559 train_mae 4.64 kl 0.243 lr 3e-04 (68s)
[04:48:06]   Epoch 019 500/1559 train_mae 4.64 kl 0.243 lr 3e-04 (85s)
[04:48:23]   Epoch 019 600/1559 train_mae 4.66 kl 0.243 lr 3e-04 (102s)
[04:48:40]   Epoch 019 700/1559 train_mae 4.73 kl 0.244 lr 3e-04 (119s)
[04:48:57]   Epoch 019 800/1559 train_mae 4.70 kl 0.242 lr 3e-04 (136s)
[04:49:14]   Epoch 019 900/1559 train_mae 4.72 kl 0.244 lr 3e-04 (153s)
[04:49:31]   Epoch 019 1000/1559 train_mae 4.72 kl 0.244 lr 3e-04 (170s)
[04:49:48]   Epoch 019 1100/1559 train_mae 4.69 kl 0.243 lr 3e-04 (187s)
[04:50:05]   Epoch 019 1200/1559 train_mae 4.70 kl 0.244 lr 3e-04 (204s)
[04:50:22]   Epoch 019 1300/1559 train_mae 4.72 kl 0.245 lr 3e-04 (221s)
[04:50:39]   Epoch 019 1400/1559 train_mae 4.70 kl 0.245 lr 3e-04 (238s)
[04:50:56]   Epoch 019 1500/1559 train_mae 4.68 kl 0.244 lr 3e-04 (255s)
[04:51:06]   Epoch 019 1559/1559 train_mae 4.67 kl 0.244 lr 3e-04 (265s)
[04:51:25] [Epoch 019 완료] train MAE 4.67 | val MAE 7.33 | val RMSE 9.99 | lr 3e-04 | 개선없음 5/15
[04:51:43]   Epoch 020 100/1559 train_mae 4.57 kl 0.235 lr 3e-04 (17s)
[04:51:59]   Epoch 020 200/1559 train_mae 4.64 kl 0.238 lr 3e-04 (34s)
[04:52:16]   Epoch 020 300/1559 train_mae 4.59 kl 0.240 lr 3e-04 (51s)
[04:52:33]   Epoch 020 400/1559 train_mae 4.55 kl 0.238 lr 3e-04 (68s)
[04:52:50]   Epoch 020 500/1559 train_mae 4.52 kl 0.237 lr 3e-04 (84s)
[04:53:07]   Epoch 020 600/1559 train_mae 4.56 kl 0.236 lr 3e-04 (101s)
[04:53:24]   Epoch 020 700/1559 train_mae 4.54 kl 0.234 lr 3e-04 (118s)
[04:53:41]   Epoch 020 800/1559 train_mae 4.55 kl 0.234 lr 3e-04 (135s)
[04:53:58]   Epoch 020 900/1559 train_mae 4.55 kl 0.232 lr 3e-04 (152s)
[04:54:15]   Epoch 020 1000/1559 train_mae 4.59 kl 0.233 lr 3e-04 (169s)
[04:54:32]   Epoch 020 1100/1559 train_mae 4.57 kl 0.231 lr 3e-04 (186s)
[04:54:49]   Epoch 020 1200/1559 train_mae 4.60 kl 0.231 lr 3e-04 (203s)
[04:55:06]   Epoch 020 1300/1559 train_mae 4.60 kl 0.230 lr 3e-04 (220s)
[04:55:23]   Epoch 020 1400/1559 train_mae 4.60 kl 0.230 lr 3e-04 (237s)
[04:55:40]   Epoch 020 1500/1559 train_mae 4.61 kl 0.230 lr 3e-04 (254s)
[04:55:50]   Epoch 020 1559/1559 train_mae 4.63 kl 0.231 lr 3e-04 (264s)
[04:56:09] [Epoch 020 완료] train MAE 4.63 | val MAE 7.54 | val RMSE 10.39 | lr 3e-04 | 개선없음 6/15
[04:56:24]   Epoch 021 100/1559 train_mae 4.32 kl 0.227 lr 3e-04 (15s)
[04:56:41]   Epoch 021 200/1559 train_mae 4.51 kl 0.232 lr 3e-04 (32s)
[04:56:58]   Epoch 021 300/1559 train_mae 4.50 kl 0.228 lr 3e-04 (49s)
[04:57:15]   Epoch 021 400/1559 train_mae 4.48 kl 0.225 lr 3e-04 (66s)
[04:57:32]   Epoch 021 500/1559 train_mae 4.46 kl 0.223 lr 3e-04 (83s)
[04:57:49]   Epoch 021 600/1559 train_mae 4.43 kl 0.222 lr 3e-04 (100s)
[04:58:06]   Epoch 021 700/1559 train_mae 4.40 kl 0.222 lr 3e-04 (117s)
[04:58:23]   Epoch 021 800/1559 train_mae 4.42 kl 0.222 lr 3e-04 (134s)
[04:58:40]   Epoch 021 900/1559 train_mae 4.42 kl 0.222 lr 3e-04 (151s)
[04:58:57]   Epoch 021 1000/1559 train_mae 4.44 kl 0.222 lr 3e-04 (168s)
[04:59:14]   Epoch 021 1100/1559 train_mae 4.43 kl 0.221 lr 3e-04 (185s)
[04:59:31]   Epoch 021 1200/1559 train_mae 4.45 kl 0.221 lr 3e-04 (202s)
[04:59:48]   Epoch 021 1300/1559 train_mae 4.43 kl 0.221 lr 3e-04 (219s)
[05:00:05]   Epoch 021 1400/1559 train_mae 4.44 kl 0.221 lr 3e-04 (236s)
[05:00:22]   Epoch 021 1500/1559 train_mae 4.46 kl 0.222 lr 3e-04 (253s)
[05:00:32]   Epoch 021 1559/1559 train_mae 4.46 kl 0.222 lr 3e-04 (263s)
[05:00:51] [Epoch 021 완료] train MAE 4.46 | val MAE 7.38 | val RMSE 10.23 | lr 3e-04 | 개선없음 7/15
[05:01:08]   Epoch 022 100/1559 train_mae 4.51 kl 0.217 lr 3e-04 (16s)
[05:01:25]   Epoch 022 200/1559 train_mae 4.32 kl 0.212 lr 3e-04 (33s)
[05:01:42]   Epoch 022 300/1559 train_mae 4.28 kl 0.216 lr 3e-04 (50s)
[05:01:59]   Epoch 022 400/1559 train_mae 4.30 kl 0.216 lr 3e-04 (67s)
[05:02:16]   Epoch 022 500/1559 train_mae 4.31 kl 0.216 lr 3e-04 (84s)
[05:02:33]   Epoch 022 600/1559 train_mae 4.28 kl 0.218 lr 3e-04 (101s)
[05:02:50]   Epoch 022 700/1559 train_mae 4.23 kl 0.215 lr 3e-04 (118s)
[05:03:07]   Epoch 022 800/1559 train_mae 4.23 kl 0.215 lr 3e-04 (135s)
[05:03:24]   Epoch 022 900/1559 train_mae 4.24 kl 0.216 lr 3e-04 (152s)
[05:03:41]   Epoch 022 1000/1559 train_mae 4.27 kl 0.216 lr 3e-04 (169s)
[05:03:58]   Epoch 022 1100/1559 train_mae 4.29 kl 0.216 lr 3e-04 (186s)
[05:04:15]   Epoch 022 1200/1559 train_mae 4.29 kl 0.217 lr 3e-04 (203s)
[05:04:32]   Epoch 022 1300/1559 train_mae 4.31 kl 0.217 lr 3e-04 (220s)
[05:04:49]   Epoch 022 1400/1559 train_mae 4.34 kl 0.217 lr 3e-04 (237s)
[05:05:06]   Epoch 022 1500/1559 train_mae 4.33 kl 0.217 lr 3e-04 (254s)
[05:05:16]   Epoch 022 1559/1559 train_mae 4.33 kl 0.217 lr 3e-04 (264s)
[05:05:35] [Epoch 022 완료] train MAE 4.33 | val MAE 7.36 | val RMSE 10.31 | lr 3e-04 | 개선없음 8/15
[05:05:52]   Epoch 023 100/1559 train_mae 3.96 kl 0.202 lr 3e-04 (17s)
[05:06:09]   Epoch 023 200/1559 train_mae 4.09 kl 0.206 lr 3e-04 (34s)
[05:06:26]   Epoch 023 300/1559 train_mae 4.20 kl 0.209 lr 3e-04 (51s)
[05:06:43]   Epoch 023 400/1559 train_mae 4.20 kl 0.209 lr 3e-04 (68s)
[05:07:00]   Epoch 023 500/1559 train_mae 4.24 kl 0.211 lr 3e-04 (85s)
[05:07:17]   Epoch 023 600/1559 train_mae 4.26 kl 0.211 lr 3e-04 (102s)
[05:07:34]   Epoch 023 700/1559 train_mae 4.22 kl 0.210 lr 3e-04 (119s)
[05:07:51]   Epoch 023 800/1559 train_mae 4.23 kl 0.210 lr 3e-04 (136s)
[05:08:08]   Epoch 023 900/1559 train_mae 4.22 kl 0.210 lr 3e-04 (153s)
[05:08:25]   Epoch 023 1000/1559 train_mae 4.24 kl 0.211 lr 3e-04 (170s)
[05:08:42]   Epoch 023 1100/1559 train_mae 4.27 kl 0.212 lr 3e-04 (187s)
[05:08:59]   Epoch 023 1200/1559 train_mae 4.27 kl 0.212 lr 3e-04 (204s)
[05:09:16]   Epoch 023 1300/1559 train_mae 4.27 kl 0.211 lr 3e-04 (221s)
[05:09:33]   Epoch 023 1400/1559 train_mae 4.26 kl 0.211 lr 3e-04 (238s)
[05:09:50]   Epoch 023 1500/1559 train_mae 4.26 kl 0.211 lr 3e-04 (255s)
[05:10:00]   Epoch 023 1559/1559 train_mae 4.26 kl 0.210 lr 3e-04 (265s)
[05:10:17] [Epoch 023 완료] train MAE 4.26 | val MAE 7.34 | val RMSE 9.95 | lr 3e-04 | 개선없음 9/15
[05:10:34]   Epoch 024 100/1559 train_mae 4.29 kl 0.208 lr 3e-04 (17s)
[05:10:49]   Epoch 024 200/1559 train_mae 4.21 kl 0.204 lr 3e-04 (31s)
[05:11:03]   Epoch 024 300/1559 train_mae 4.14 kl 0.200 lr 3e-04 (46s)
[05:11:17]   Epoch 024 400/1559 train_mae 4.12 kl 0.202 lr 3e-04 (60s)
[05:11:34]   Epoch 024 500/1559 train_mae 4.13 kl 0.201 lr 3e-04 (77s)
[05:11:51]   Epoch 024 600/1559 train_mae 4.14 kl 0.201 lr 3e-04 (94s)
[05:12:08]   Epoch 024 700/1559 train_mae 4.14 kl 0.202 lr 3e-04 (111s)
[05:12:25]   Epoch 024 800/1559 train_mae 4.14 kl 0.202 lr 3e-04 (128s)
[05:12:42]   Epoch 024 900/1559 train_mae 4.16 kl 0.204 lr 3e-04 (145s)
[05:12:59]   Epoch 024 1000/1559 train_mae 4.14 kl 0.203 lr 3e-04 (161s)
[05:13:16]   Epoch 024 1100/1559 train_mae 4.14 kl 0.203 lr 3e-04 (178s)
[05:13:33]   Epoch 024 1200/1559 train_mae 4.16 kl 0.204 lr 3e-04 (195s)
[05:13:50]   Epoch 024 1300/1559 train_mae 4.16 kl 0.204 lr 3e-04 (212s)
[05:14:07]   Epoch 024 1400/1559 train_mae 4.16 kl 0.203 lr 3e-04 (229s)
[05:14:24]   Epoch 024 1500/1559 train_mae 4.16 kl 0.203 lr 3e-04 (246s)
[05:14:34]   Epoch 024 1559/1559 train_mae 4.17 kl 0.203 lr 3e-04 (256s)
[05:14:53] [Epoch 024 완료] train MAE 4.17 | val MAE 7.42 | val RMSE 10.23 | lr 3e-04 | 개선없음 10/15
[05:15:11]   Epoch 025 100/1559 train_mae 3.86 kl 0.194 lr 3e-04 (17s)
[05:15:27]   Epoch 025 200/1559 train_mae 3.99 kl 0.198 lr 3e-04 (33s)
[05:15:44]   Epoch 025 300/1559 train_mae 3.98 kl 0.198 lr 3e-04 (50s)
[05:16:01]   Epoch 025 400/1559 train_mae 3.98 kl 0.198 lr 3e-04 (67s)
[05:16:18]   Epoch 025 500/1559 train_mae 4.04 kl 0.199 lr 3e-04 (84s)
[05:16:35]   Epoch 025 600/1559 train_mae 4.08 kl 0.199 lr 3e-04 (101s)
[05:16:52]   Epoch 025 700/1559 train_mae 4.07 kl 0.199 lr 3e-04 (118s)
[05:17:09]   Epoch 025 800/1559 train_mae 4.07 kl 0.199 lr 3e-04 (135s)
[05:17:26]   Epoch 025 900/1559 train_mae 4.06 kl 0.198 lr 3e-04 (152s)
[05:17:43]   Epoch 025 1000/1559 train_mae 4.07 kl 0.199 lr 3e-04 (169s)
[05:18:00]   Epoch 025 1100/1559 train_mae 4.07 kl 0.198 lr 3e-04 (186s)
[05:18:17]   Epoch 025 1200/1559 train_mae 4.11 kl 0.199 lr 3e-04 (203s)
[05:18:34]   Epoch 025 1300/1559 train_mae 4.09 kl 0.199 lr 3e-04 (220s)
[05:18:51]   Epoch 025 1400/1559 train_mae 4.08 kl 0.199 lr 3e-04 (237s)
[05:19:08]   Epoch 025 1500/1559 train_mae 4.08 kl 0.198 lr 3e-04 (254s)
[05:19:18]   Epoch 025 1559/1559 train_mae 4.07 kl 0.198 lr 3e-04 (264s)
[05:19:37] [Epoch 025 완료] train MAE 4.07 | val MAE 7.34 | val RMSE 9.88 | lr 3e-04 | 개선없음 11/15
[05:19:55]   Epoch 026 100/1559 train_mae 4.18 kl 0.207 lr 3e-04 (17s)
[05:20:12]   Epoch 026 200/1559 train_mae 4.17 kl 0.200 lr 3e-04 (34s)
[05:20:29]   Epoch 026 300/1559 train_mae 4.17 kl 0.199 lr 3e-04 (51s)
[05:20:46]   Epoch 026 400/1559 train_mae 4.19 kl 0.199 lr 3e-04 (68s)
[05:21:03]   Epoch 026 500/1559 train_mae 4.13 kl 0.198 lr 3e-04 (85s)
[05:21:19]   Epoch 026 600/1559 train_mae 4.11 kl 0.197 lr 3e-04 (102s)
[05:21:36]   Epoch 026 700/1559 train_mae 4.10 kl 0.197 lr 3e-04 (119s)
[05:21:53]   Epoch 026 800/1559 train_mae 4.08 kl 0.195 lr 3e-04 (136s)
[05:22:10]   Epoch 026 900/1559 train_mae 4.06 kl 0.195 lr 3e-04 (153s)
[05:22:27]   Epoch 026 1000/1559 train_mae 4.05 kl 0.194 lr 3e-04 (170s)
[05:22:44]   Epoch 026 1100/1559 train_mae 4.04 kl 0.193 lr 3e-04 (187s)
[05:23:01]   Epoch 026 1200/1559 train_mae 4.02 kl 0.193 lr 3e-04 (204s)
[05:23:18]   Epoch 026 1300/1559 train_mae 4.02 kl 0.192 lr 3e-04 (221s)
[05:23:35]   Epoch 026 1400/1559 train_mae 4.03 kl 0.193 lr 3e-04 (238s)
[05:23:52]   Epoch 026 1500/1559 train_mae 4.02 kl 0.192 lr 3e-04 (254s)
[05:24:02]   Epoch 026 1559/1559 train_mae 4.02 kl 0.191 lr 3e-04 (265s)
[05:24:21] [Epoch 026 완료] train MAE 4.02 | val MAE 7.77 | val RMSE 10.55 | lr 3e-04 | 개선없음 12/15
[05:24:39]   Epoch 027 100/1559 train_mae 4.05 kl 0.190 lr 3e-04 (17s)
[05:24:56]   Epoch 027 200/1559 train_mae 4.07 kl 0.190 lr 3e-04 (34s)
[05:25:13]   Epoch 027 300/1559 train_mae 4.01 kl 0.189 lr 3e-04 (51s)
[05:25:30]   Epoch 027 400/1559 train_mae 3.96 kl 0.187 lr 3e-04 (68s)
[05:25:47]   Epoch 027 500/1559 train_mae 3.94 kl 0.187 lr 3e-04 (85s)
[05:26:04]   Epoch 027 600/1559 train_mae 3.91 kl 0.187 lr 3e-04 (102s)
[05:26:21]   Epoch 027 700/1559 train_mae 3.91 kl 0.186 lr 3e-04 (119s)
[05:26:38]   Epoch 027 800/1559 train_mae 3.89 kl 0.186 lr 3e-04 (136s)
[05:26:55]   Epoch 027 900/1559 train_mae 3.90 kl 0.186 lr 3e-04 (153s)
[05:27:12]   Epoch 027 1000/1559 train_mae 3.90 kl 0.186 lr 3e-04 (170s)
[05:27:29]   Epoch 027 1100/1559 train_mae 3.89 kl 0.186 lr 3e-04 (187s)
[05:27:46]   Epoch 027 1200/1559 train_mae 3.89 kl 0.185 lr 3e-04 (204s)
[05:28:03]   Epoch 027 1300/1559 train_mae 3.89 kl 0.184 lr 3e-04 (221s)
[05:28:20]   Epoch 027 1400/1559 train_mae 3.90 kl 0.184 lr 3e-04 (238s)
[05:28:37]   Epoch 027 1500/1559 train_mae 3.90 kl 0.184 lr 3e-04 (255s)
[05:28:47]   Epoch 027 1559/1559 train_mae 3.90 kl 0.184 lr 3e-04 (265s)
[05:29:06] [Epoch 027 완료] train MAE 3.90 | val MAE 7.34 | val RMSE 10.05 | lr 3e-04 | 개선없음 13/15
[05:29:24]   Epoch 028 100/1559 train_mae 3.84 kl 0.181 lr 3e-04 (17s)
[05:29:41]   Epoch 028 200/1559 train_mae 3.79 kl 0.182 lr 3e-04 (34s)
[05:29:58]   Epoch 028 300/1559 train_mae 3.84 kl 0.184 lr 3e-04 (51s)
[05:30:15]   Epoch 028 400/1559 train_mae 3.83 kl 0.183 lr 3e-04 (68s)
[05:30:32]   Epoch 028 500/1559 train_mae 3.84 kl 0.184 lr 3e-04 (85s)
[05:30:49]   Epoch 028 600/1559 train_mae 3.86 kl 0.184 lr 3e-04 (102s)
[05:31:06]   Epoch 028 700/1559 train_mae 3.87 kl 0.184 lr 3e-04 (119s)
[05:31:23]   Epoch 028 800/1559 train_mae 3.89 kl 0.183 lr 3e-04 (136s)
[05:31:40]   Epoch 028 900/1559 train_mae 3.86 kl 0.183 lr 3e-04 (153s)
[05:31:57]   Epoch 028 1000/1559 train_mae 3.84 kl 0.182 lr 3e-04 (170s)
[05:32:14]   Epoch 028 1100/1559 train_mae 3.82 kl 0.182 lr 3e-04 (187s)
[05:32:31]   Epoch 028 1200/1559 train_mae 3.84 kl 0.182 lr 3e-04 (204s)
[05:32:48]   Epoch 028 1300/1559 train_mae 3.85 kl 0.182 lr 3e-04 (221s)
[05:33:05]   Epoch 028 1400/1559 train_mae 3.83 kl 0.181 lr 3e-04 (238s)
[05:33:22]   Epoch 028 1500/1559 train_mae 3.83 kl 0.182 lr 3e-04 (255s)
[05:33:32]   Epoch 028 1559/1559 train_mae 3.84 kl 0.183 lr 3e-04 (265s)
[05:33:51] [Epoch 028 완료] train MAE 3.84 | val MAE 7.22 | val RMSE 10.01 | lr 3e-04 | 개선없음 14/15
[05:34:08]   Epoch 029 100/1559 train_mae 3.87 kl 0.196 lr 3e-04 (17s)
[05:34:25]   Epoch 029 200/1559 train_mae 3.82 kl 0.184 lr 3e-04 (34s)
[05:34:42]   Epoch 029 300/1559 train_mae 3.79 kl 0.179 lr 3e-04 (51s)
[05:34:59]   Epoch 029 400/1559 train_mae 3.77 kl 0.178 lr 3e-04 (68s)
[05:35:16]   Epoch 029 500/1559 train_mae 3.75 kl 0.178 lr 3e-04 (85s)
[05:35:33]   Epoch 029 600/1559 train_mae 3.74 kl 0.177 lr 3e-04 (102s)
[05:35:50]   Epoch 029 700/1559 train_mae 3.73 kl 0.178 lr 3e-04 (119s)
[05:36:07]   Epoch 029 800/1559 train_mae 3.76 kl 0.178 lr 3e-04 (136s)
[05:36:24]   Epoch 029 900/1559 train_mae 3.75 kl 0.178 lr 3e-04 (153s)
[05:36:41]   Epoch 029 1000/1559 train_mae 3.76 kl 0.179 lr 3e-04 (170s)
[05:36:58]   Epoch 029 1100/1559 train_mae 3.78 kl 0.179 lr 3e-04 (187s)
[05:37:15]   Epoch 029 1200/1559 train_mae 3.78 kl 0.178 lr 3e-04 (204s)
[05:37:32]   Epoch 029 1300/1559 train_mae 3.78 kl 0.177 lr 3e-04 (221s)
[05:37:49]   Epoch 029 1400/1559 train_mae 3.77 kl 0.177 lr 3e-04 (237s)
[05:38:06]   Epoch 029 1500/1559 train_mae 3.76 kl 0.176 lr 3e-04 (254s)
[05:38:16]   Epoch 029 1559/1559 train_mae 3.79 kl 0.177 lr 3e-04 (264s)
[05:38:35] [Epoch 029 완료] train MAE 3.79 | val MAE 7.39 | val RMSE 10.21 | lr 3e-04 | 개선없음 15/15
[05:38:52]   Epoch 030 100/1559 train_mae 3.54 kl 0.164 lr 3e-04 (17s)
[05:39:09]   Epoch 030 200/1559 train_mae 3.70 kl 0.167 lr 3e-04 (34s)
[05:39:26]   Epoch 030 300/1559 train_mae 3.66 kl 0.167 lr 3e-04 (51s)
[05:39:43]   Epoch 030 400/1559 train_mae 3.61 kl 0.165 lr 3e-04 (68s)
[05:40:00]   Epoch 030 500/1559 train_mae 3.63 kl 0.166 lr 3e-04 (85s)
[05:40:17]   Epoch 030 600/1559 train_mae 3.62 kl 0.166 lr 3e-04 (102s)
[05:40:34]   Epoch 030 700/1559 train_mae 3.64 kl 0.166 lr 3e-04 (119s)
[05:40:51]   Epoch 030 800/1559 train_mae 3.61 kl 0.165 lr 3e-04 (136s)
[05:41:08]   Epoch 030 900/1559 train_mae 3.62 kl 0.165 lr 3e-04 (153s)
[05:41:25]   Epoch 030 1000/1559 train_mae 3.63 kl 0.164 lr 3e-04 (170s)
[05:41:43]   Epoch 030 1100/1559 train_mae 3.63 kl 0.164 lr 3e-04 (187s)
[05:42:00]   Epoch 030 1200/1559 train_mae 3.64 kl 0.165 lr 3e-04 (204s)
[05:42:17]   Epoch 030 1300/1559 train_mae 3.64 kl 0.165 lr 3e-04 (221s)
[05:42:34]   Epoch 030 1400/1559 train_mae 3.64 kl 0.165 lr 3e-04 (239s)
[05:42:51]   Epoch 030 1500/1559 train_mae 3.64 kl 0.165 lr 3e-04 (256s)
[05:43:01]   Epoch 030 1559/1559 train_mae 3.65 kl 0.166 lr 3e-04 (266s)
[05:43:20] [Epoch 030 완료] train MAE 3.65 | val MAE 7.48 | val RMSE 10.18 | lr 3e-04 | 개선없음 16/15
[05:43:37]   Epoch 031 100/1559 train_mae 3.85 kl 0.175 lr 3e-04 (17s)
[05:43:54]   Epoch 031 200/1559 train_mae 3.56 kl 0.162 lr 3e-04 (34s)
[05:44:11]   Epoch 031 300/1559 train_mae 3.56 kl 0.160 lr 3e-04 (51s)
[05:44:28]   Epoch 031 400/1559 train_mae 3.56 kl 0.159 lr 3e-04 (68s)
[05:44:44]   Epoch 031 500/1559 train_mae 3.57 kl 0.160 lr 3e-04 (84s)
[05:45:01]   Epoch 031 600/1559 train_mae 3.56 kl 0.161 lr 3e-04 (100s)
[05:45:17]   Epoch 031 700/1559 train_mae 3.58 kl 0.161 lr 3e-04 (117s)
[05:45:33]   Epoch 031 800/1559 train_mae 3.60 kl 0.161 lr 3e-04 (133s)
[05:45:49]   Epoch 031 900/1559 train_mae 3.59 kl 0.161 lr 3e-04 (149s)
[05:46:05]   Epoch 031 1000/1559 train_mae 3.59 kl 0.161 lr 3e-04 (165s)
[05:46:22]   Epoch 031 1100/1559 train_mae 3.57 kl 0.161 lr 3e-04 (181s)
[05:46:38]   Epoch 031 1200/1559 train_mae 3.55 kl 0.160 lr 3e-04 (197s)
[05:46:54]   Epoch 031 1300/1559 train_mae 3.57 kl 0.161 lr 3e-04 (214s)
[05:47:11]   Epoch 031 1400/1559 train_mae 3.56 kl 0.162 lr 3e-04 (231s)
[05:47:28]   Epoch 031 1500/1559 train_mae 3.57 kl 0.161 lr 3e-04 (248s)
[05:47:38]   Epoch 031 1559/1559 train_mae 3.57 kl 0.161 lr 3e-04 (258s)
[05:47:58] [Epoch 031 완료] train MAE 3.57 | val MAE 7.50 | val RMSE 10.31 | lr 3e-04 | 개선없음 17/15
[05:48:15]   Epoch 032 100/1559 train_mae 3.70 kl 0.163 lr 3e-04 (17s)
[05:48:32]   Epoch 032 200/1559 train_mae 3.54 kl 0.160 lr 3e-04 (34s)
[05:48:49]   Epoch 032 300/1559 train_mae 3.61 kl 0.160 lr 3e-04 (51s)
[05:49:06]   Epoch 032 400/1559 train_mae 3.60 kl 0.159 lr 3e-04 (68s)
[05:49:23]   Epoch 032 500/1559 train_mae 3.61 kl 0.160 lr 3e-04 (85s)
[05:49:40]   Epoch 032 600/1559 train_mae 3.58 kl 0.159 lr 3e-04 (102s)
[05:49:57]   Epoch 032 700/1559 train_mae 3.58 kl 0.158 lr 3e-04 (119s)
[05:50:14]   Epoch 032 800/1559 train_mae 3.53 kl 0.156 lr 3e-04 (136s)
[05:50:31]   Epoch 032 900/1559 train_mae 3.52 kl 0.156 lr 3e-04 (153s)
[05:50:48]   Epoch 032 1000/1559 train_mae 3.52 kl 0.157 lr 3e-04 (170s)
[05:51:05]   Epoch 032 1100/1559 train_mae 3.52 kl 0.157 lr 3e-04 (187s)
[05:51:22]   Epoch 032 1200/1559 train_mae 3.53 kl 0.157 lr 3e-04 (204s)
[05:51:39]   Epoch 032 1300/1559 train_mae 3.53 kl 0.157 lr 3e-04 (221s)
[05:51:56]   Epoch 032 1400/1559 train_mae 3.56 kl 0.158 lr 3e-04 (238s)
[05:52:13]   Epoch 032 1500/1559 train_mae 3.55 kl 0.157 lr 3e-04 (255s)
[05:52:23]   Epoch 032 1559/1559 train_mae 3.55 kl 0.158 lr 3e-04 (265s)
[05:52:41] [Epoch 032 완료] train MAE 3.55 | val MAE 7.38 | val RMSE 10.31 | lr 3e-04 | 개선없음 18/15
[05:52:59]   Epoch 033 100/1559 train_mae 3.44 kl 0.141 lr 3e-04 (17s)
[05:53:16]   Epoch 033 200/1559 train_mae 3.46 kl 0.145 lr 3e-04 (34s)
[05:53:33]   Epoch 033 300/1559 train_mae 3.49 kl 0.147 lr 3e-04 (51s)
[05:53:50]   Epoch 033 400/1559 train_mae 3.48 kl 0.147 lr 3e-04 (68s)
[05:54:07]   Epoch 033 500/1559 train_mae 3.46 kl 0.147 lr 3e-04 (85s)
[05:54:24]   Epoch 033 600/1559 train_mae 3.47 kl 0.148 lr 3e-04 (102s)
[05:54:41]   Epoch 033 700/1559 train_mae 3.46 kl 0.148 lr 3e-04 (120s)
[05:54:58]   Epoch 033 800/1559 train_mae 3.45 kl 0.148 lr 3e-04 (137s)
[05:55:15]   Epoch 033 900/1559 train_mae 3.46 kl 0.149 lr 3e-04 (154s)
[05:55:32]   Epoch 033 1000/1559 train_mae 3.45 kl 0.149 lr 3e-04 (171s)
[05:55:49]   Epoch 033 1100/1559 train_mae 3.46 kl 0.150 lr 3e-04 (188s)
[05:56:06]   Epoch 033 1200/1559 train_mae 3.47 kl 0.150 lr 3e-04 (205s)
[05:56:23]   Epoch 033 1300/1559 train_mae 3.48 kl 0.150 lr 3e-04 (221s)
[05:56:54]   Epoch 033 1400/1559 train_mae 3.47 kl 0.151 lr 3e-04 (252s)
[05:57:26]   Epoch 033 1500/1559 train_mae 3.47 kl 0.151 lr 3e-04 (284s)
[05:57:44]   Epoch 033 1559/1559 train_mae 3.47 kl 0.151 lr 3e-04 (302s)
[05:58:27] [Epoch 033 완료] train MAE 3.47 | val MAE 7.61 | val RMSE 10.43 | lr 3e-04 | 개선없음 19/15
[05:58:56]   Epoch 034 100/1559 train_mae 3.37 kl 0.151 lr 3e-04 (28s)
[05:59:25]   Epoch 034 200/1559 train_mae 3.37 kl 0.147 lr 3e-04 (57s)
[05:59:53]   Epoch 034 300/1559 train_mae 3.36 kl 0.147 lr 3e-04 (86s)
[06:00:22]   Epoch 034 400/1559 train_mae 3.34 kl 0.147 lr 3e-04 (114s)
[06:00:50]   Epoch 034 500/1559 train_mae 3.32 kl 0.146 lr 3e-04 (143s)
[06:01:19]   Epoch 034 600/1559 train_mae 3.32 kl 0.147 lr 3e-04 (172s)
[06:01:47]   Epoch 034 700/1559 train_mae 3.35 kl 0.148 lr 3e-04 (200s)
[06:02:16]   Epoch 034 800/1559 train_mae 3.37 kl 0.148 lr 3e-04 (228s)
[06:02:44]   Epoch 034 900/1559 train_mae 3.40 kl 0.148 lr 3e-04 (257s)
[06:03:13]   Epoch 034 1000/1559 train_mae 3.41 kl 0.148 lr 3e-04 (286s)
[06:03:42]   Epoch 034 1100/1559 train_mae 3.43 kl 0.148 lr 3e-04 (314s)
[06:04:10]   Epoch 034 1200/1559 train_mae 3.43 kl 0.148 lr 3e-04 (343s)
[06:04:38]   Epoch 034 1300/1559 train_mae 3.42 kl 0.147 lr 3e-04 (371s)
[06:05:06]   Epoch 034 1400/1559 train_mae 3.42 kl 0.147 lr 3e-04 (399s)
[06:05:34]   Epoch 034 1500/1559 train_mae 3.41 kl 0.146 lr 3e-04 (427s)
[06:05:51]   Epoch 034 1559/1559 train_mae 3.42 kl 0.146 lr 3e-04 (444s)
[06:06:10] [Epoch 034 완료] train MAE 3.42 | val MAE 7.39 | val RMSE 10.41 | lr 3e-04 | 개선없음 20/15
[06:06:28]   Epoch 035 100/1559 train_mae 3.40 kl 0.142 lr 3e-04 (17s)
[06:06:45]   Epoch 035 200/1559 train_mae 3.31 kl 0.144 lr 3e-04 (34s)
[06:07:02]   Epoch 035 300/1559 train_mae 3.27 kl 0.142 lr 3e-04 (51s)
[06:07:19]   Epoch 035 400/1559 train_mae 3.29 kl 0.143 lr 3e-04 (68s)
[06:07:36]   Epoch 035 500/1559 train_mae 3.35 kl 0.143 lr 3e-04 (85s)
[06:07:53]   Epoch 035 600/1559 train_mae 3.35 kl 0.144 lr 3e-04 (102s)
[06:08:10]   Epoch 035 700/1559 train_mae 3.38 kl 0.143 lr 3e-04 (119s)
[06:08:27]   Epoch 035 800/1559 train_mae 3.37 kl 0.142 lr 3e-04 (136s)
[06:08:44]   Epoch 035 900/1559 train_mae 3.35 kl 0.142 lr 3e-04 (153s)
[06:09:01]   Epoch 035 1000/1559 train_mae 3.36 kl 0.142 lr 3e-04 (170s)
[06:09:18]   Epoch 035 1100/1559 train_mae 3.36 kl 0.143 lr 3e-04 (187s)
[06:09:35]   Epoch 035 1200/1559 train_mae 3.36 kl 0.142 lr 3e-04 (204s)
[06:09:51]   Epoch 035 1300/1559 train_mae 3.37 kl 0.143 lr 3e-04 (221s)
[06:10:08]   Epoch 035 1400/1559 train_mae 3.40 kl 0.143 lr 3e-04 (238s)
[06:10:25]   Epoch 035 1500/1559 train_mae 3.40 kl 0.144 lr 3e-04 (255s)
[06:10:35]   Epoch 035 1559/1559 train_mae 3.40 kl 0.144 lr 3e-04 (265s)
[06:10:55] [Epoch 035 완료] train MAE 3.40 | val MAE 7.27 | val RMSE 10.14 | lr 3e-04 | 개선없음 21/15
[06:11:12]   Epoch 036 100/1559 train_mae 3.16 kl 0.140 lr 3e-04 (17s)
[06:11:29]   Epoch 036 200/1559 train_mae 3.14 kl 0.141 lr 3e-04 (34s)
[06:11:46]   Epoch 036 300/1559 train_mae 3.19 kl 0.138 lr 3e-04 (51s)
[06:12:03]   Epoch 036 400/1559 train_mae 3.19 kl 0.140 lr 3e-04 (68s)
[06:12:20]   Epoch 036 500/1559 train_mae 3.20 kl 0.139 lr 3e-04 (85s)
[06:12:37]   Epoch 036 600/1559 train_mae 3.20 kl 0.139 lr 3e-04 (102s)
[06:12:54]   Epoch 036 700/1559 train_mae 3.24 kl 0.140 lr 3e-04 (119s)
[06:13:11]   Epoch 036 800/1559 train_mae 3.25 kl 0.139 lr 3e-04 (136s)
[06:13:28]   Epoch 036 900/1559 train_mae 3.24 kl 0.139 lr 3e-04 (153s)
[06:13:45]   Epoch 036 1000/1559 train_mae 3.27 kl 0.139 lr 3e-04 (170s)
[06:14:02]   Epoch 036 1100/1559 train_mae 3.30 kl 0.139 lr 3e-04 (187s)
[06:14:19]   Epoch 036 1200/1559 train_mae 3.30 kl 0.139 lr 3e-04 (204s)
[06:14:36]   Epoch 036 1300/1559 train_mae 3.30 kl 0.139 lr 3e-04 (221s)
[06:14:53]   Epoch 036 1400/1559 train_mae 3.31 kl 0.140 lr 3e-04 (238s)
[06:15:10]   Epoch 036 1500/1559 train_mae 3.32 kl 0.140 lr 3e-04 (255s)
[06:15:20]   Epoch 036 1559/1559 train_mae 3.34 kl 0.140 lr 3e-04 (265s)
[06:15:39] [Epoch 036 완료] train MAE 3.34 | val MAE 7.17 | val RMSE 10.28 | lr 3e-04 | * best 저장 (val MAE 7.17)
[06:15:56]   Epoch 037 100/1559 train_mae 3.38 kl 0.137 lr 3e-04 (16s)
[06:16:13]   Epoch 037 200/1559 train_mae 3.27 kl 0.136 lr 3e-04 (33s)
[06:16:30]   Epoch 037 300/1559 train_mae 3.23 kl 0.134 lr 3e-04 (50s)
[06:16:47]   Epoch 037 400/1559 train_mae 3.21 kl 0.133 lr 3e-04 (68s)
[06:17:04]   Epoch 037 500/1559 train_mae 3.22 kl 0.133 lr 3e-04 (85s)
[06:17:22]   Epoch 037 600/1559 train_mae 3.23 kl 0.135 lr 3e-04 (102s)
[06:17:39]   Epoch 037 700/1559 train_mae 3.21 kl 0.135 lr 3e-04 (119s)
[06:17:56]   Epoch 037 800/1559 train_mae 3.22 kl 0.136 lr 3e-04 (136s)
[06:18:13]   Epoch 037 900/1559 train_mae 3.22 kl 0.137 lr 3e-04 (153s)
[06:18:30]   Epoch 037 1000/1559 train_mae 3.21 kl 0.137 lr 3e-04 (170s)
[06:18:47]   Epoch 037 1100/1559 train_mae 3.23 kl 0.137 lr 3e-04 (187s)
[06:19:04]   Epoch 037 1200/1559 train_mae 3.23 kl 0.137 lr 3e-04 (204s)
[06:19:21]   Epoch 037 1300/1559 train_mae 3.25 kl 0.137 lr 3e-04 (221s)
[06:19:38]   Epoch 037 1400/1559 train_mae 3.26 kl 0.138 lr 3e-04 (238s)
[06:19:55]   Epoch 037 1500/1559 train_mae 3.27 kl 0.137 lr 3e-04 (255s)
[06:20:04]   Epoch 037 1559/1559 train_mae 3.27 kl 0.137 lr 3e-04 (265s)
[06:20:23] [Epoch 037 완료] train MAE 3.27 | val MAE 7.11 | val RMSE 9.93 | lr 3e-04 | * best 저장 (val MAE 7.11)
[06:20:40]   Epoch 038 100/1559 train_mae 3.26 kl 0.132 lr 3e-04 (17s)
[06:20:57]   Epoch 038 200/1559 train_mae 3.22 kl 0.130 lr 3e-04 (34s)
[06:21:14]   Epoch 038 300/1559 train_mae 3.17 kl 0.130 lr 3e-04 (51s)
[06:21:31]   Epoch 038 400/1559 train_mae 3.21 kl 0.132 lr 3e-04 (68s)
[06:21:49]   Epoch 038 500/1559 train_mae 3.16 kl 0.132 lr 3e-04 (86s)
[06:22:06]   Epoch 038 600/1559 train_mae 3.17 kl 0.132 lr 3e-04 (103s)
[06:22:23]   Epoch 038 700/1559 train_mae 3.19 kl 0.132 lr 3e-04 (120s)
[06:22:40]   Epoch 038 800/1559 train_mae 3.20 kl 0.132 lr 3e-04 (137s)
[06:22:57]   Epoch 038 900/1559 train_mae 3.21 kl 0.132 lr 3e-04 (154s)
[06:23:14]   Epoch 038 1000/1559 train_mae 3.22 kl 0.132 lr 3e-04 (171s)
[06:23:31]   Epoch 038 1100/1559 train_mae 3.23 kl 0.132 lr 3e-04 (188s)
[06:23:48]   Epoch 038 1200/1559 train_mae 3.22 kl 0.132 lr 3e-04 (205s)
[06:24:05]   Epoch 038 1300/1559 train_mae 3.22 kl 0.132 lr 3e-04 (222s)
[06:24:21]   Epoch 038 1400/1559 train_mae 3.22 kl 0.132 lr 3e-04 (238s)
[06:24:38]   Epoch 038 1500/1559 train_mae 3.22 kl 0.133 lr 3e-04 (255s)
[06:24:48]   Epoch 038 1559/1559 train_mae 3.22 kl 0.132 lr 3e-04 (265s)
[06:25:08] [Epoch 038 완료] train MAE 3.22 | val MAE 7.38 | val RMSE 10.06 | lr 3e-04 | 개선없음 1/15
[06:25:25]   Epoch 039 100/1559 train_mae 3.12 kl 0.134 lr 3e-04 (17s)
[06:25:42]   Epoch 039 200/1559 train_mae 3.19 kl 0.134 lr 3e-04 (34s)
[06:25:59]   Epoch 039 300/1559 train_mae 3.20 kl 0.135 lr 3e-04 (51s)
[06:26:16]   Epoch 039 400/1559 train_mae 3.20 kl 0.135 lr 3e-04 (68s)
[06:26:33]   Epoch 039 500/1559 train_mae 3.19 kl 0.133 lr 3e-04 (85s)
[06:26:50]   Epoch 039 600/1559 train_mae 3.20 kl 0.133 lr 3e-04 (102s)
[06:27:07]   Epoch 039 700/1559 train_mae 3.22 kl 0.132 lr 3e-04 (119s)
[06:27:25]   Epoch 039 800/1559 train_mae 3.21 kl 0.132 lr 3e-04 (137s)
[06:27:44]   Epoch 039 900/1559 train_mae 3.21 kl 0.132 lr 3e-04 (156s)
[06:28:02]   Epoch 039 1000/1559 train_mae 3.23 kl 0.132 lr 3e-04 (174s)
[06:28:20]   Epoch 039 1100/1559 train_mae 3.24 kl 0.133 lr 3e-04 (192s)
[06:28:37]   Epoch 039 1200/1559 train_mae 3.22 kl 0.132 lr 3e-04 (208s)
[06:28:54]   Epoch 039 1300/1559 train_mae 3.21 kl 0.132 lr 3e-04 (225s)
[06:29:10]   Epoch 039 1400/1559 train_mae 3.21 kl 0.132 lr 3e-04 (242s)
[06:29:27]   Epoch 039 1500/1559 train_mae 3.21 kl 0.132 lr 3e-04 (259s)
[06:29:37]   Epoch 039 1559/1559 train_mae 3.20 kl 0.131 lr 3e-04 (269s)
[06:29:57] [Epoch 039 완료] train MAE 3.20 | val MAE 7.27 | val RMSE 10.31 | lr 3e-04 | 개선없음 2/15
[06:30:14]   Epoch 040 100/1559 train_mae 2.92 kl 0.122 lr 3e-04 (17s)
[06:30:31]   Epoch 040 200/1559 train_mae 2.96 kl 0.124 lr 3e-04 (34s)
[06:30:48]   Epoch 040 300/1559 train_mae 2.95 kl 0.125 lr 3e-04 (51s)
[06:31:05]   Epoch 040 400/1559 train_mae 2.96 kl 0.126 lr 3e-04 (68s)
[06:31:22]   Epoch 040 500/1559 train_mae 3.00 kl 0.126 lr 3e-04 (85s)
[06:31:39]   Epoch 040 600/1559 train_mae 3.00 kl 0.126 lr 3e-04 (102s)
[06:31:56]   Epoch 040 700/1559 train_mae 3.00 kl 0.126 lr 3e-04 (119s)
[06:32:13]   Epoch 040 800/1559 train_mae 3.01 kl 0.126 lr 3e-04 (136s)
[06:32:30]   Epoch 040 900/1559 train_mae 3.04 kl 0.127 lr 3e-04 (153s)
[06:32:47]   Epoch 040 1000/1559 train_mae 3.06 kl 0.127 lr 3e-04 (170s)
[06:33:04]   Epoch 040 1100/1559 train_mae 3.06 kl 0.126 lr 3e-04 (187s)
[06:33:21]   Epoch 040 1200/1559 train_mae 3.08 kl 0.127 lr 3e-04 (204s)
[06:33:38]   Epoch 040 1300/1559 train_mae 3.07 kl 0.127 lr 3e-04 (220s)
[06:33:55]   Epoch 040 1400/1559 train_mae 3.09 kl 0.127 lr 3e-04 (237s)
[06:34:12]   Epoch 040 1500/1559 train_mae 3.09 kl 0.126 lr 3e-04 (254s)
[06:34:22]   Epoch 040 1559/1559 train_mae 3.09 kl 0.126 lr 3e-04 (264s)
[06:34:41] [Epoch 040 완료] train MAE 3.09 | val MAE 7.35 | val RMSE 10.33 | lr 3e-04 | 개선없음 3/15
[06:34:58]   Epoch 041 100/1559 train_mae 3.26 kl 0.116 lr 3e-04 (17s)
[06:35:15]   Epoch 041 200/1559 train_mae 3.14 kl 0.119 lr 3e-04 (34s)
[06:35:31]   Epoch 041 300/1559 train_mae 3.17 kl 0.122 lr 3e-04 (50s)
[06:35:46]   Epoch 041 400/1559 train_mae 3.14 kl 0.122 lr 3e-04 (64s)
[06:36:02]   Epoch 041 500/1559 train_mae 3.11 kl 0.120 lr 3e-04 (81s)
[06:36:19]   Epoch 041 600/1559 train_mae 3.06 kl 0.120 lr 3e-04 (98s)
[06:36:36]   Epoch 041 700/1559 train_mae 3.07 kl 0.121 lr 3e-04 (115s)
[06:36:53]   Epoch 041 800/1559 train_mae 3.07 kl 0.121 lr 3e-04 (132s)
[06:37:10]   Epoch 041 900/1559 train_mae 3.06 kl 0.121 lr 3e-04 (149s)
[06:37:27]   Epoch 041 1000/1559 train_mae 3.07 kl 0.122 lr 3e-04 (166s)
[06:37:44]   Epoch 041 1100/1559 train_mae 3.08 kl 0.122 lr 3e-04 (183s)
[06:38:01]   Epoch 041 1200/1559 train_mae 3.08 kl 0.122 lr 3e-04 (200s)
[06:38:18]   Epoch 041 1300/1559 train_mae 3.09 kl 0.122 lr 3e-04 (217s)
[06:38:35]   Epoch 041 1400/1559 train_mae 3.09 kl 0.122 lr 3e-04 (233s)
[06:38:51]   Epoch 041 1500/1559 train_mae 3.10 kl 0.123 lr 3e-04 (250s)
[06:39:01]   Epoch 041 1559/1559 train_mae 3.10 kl 0.122 lr 3e-04 (260s)
[06:39:21] [Epoch 041 완료] train MAE 3.10 | val MAE 7.36 | val RMSE 10.23 | lr 3e-04 | 개선없음 4/15
[06:39:38]   Epoch 042 100/1559 train_mae 3.16 kl 0.120 lr 3e-04 (17s)
[06:39:55]   Epoch 042 200/1559 train_mae 3.14 kl 0.120 lr 3e-04 (34s)
[06:40:12]   Epoch 042 300/1559 train_mae 3.14 kl 0.122 lr 3e-04 (51s)
[06:40:29]   Epoch 042 400/1559 train_mae 3.13 kl 0.122 lr 3e-04 (68s)
[06:40:46]   Epoch 042 500/1559 train_mae 3.12 kl 0.121 lr 3e-04 (85s)
[06:41:03]   Epoch 042 600/1559 train_mae 3.08 kl 0.119 lr 3e-04 (102s)
[06:41:20]   Epoch 042 700/1559 train_mae 3.07 kl 0.118 lr 3e-04 (119s)
[06:41:37]   Epoch 042 800/1559 train_mae 3.08 kl 0.119 lr 3e-04 (136s)
[06:41:54]   Epoch 042 900/1559 train_mae 3.08 kl 0.120 lr 3e-04 (153s)
[06:42:11]   Epoch 042 1000/1559 train_mae 3.09 kl 0.121 lr 3e-04 (170s)
[06:42:28]   Epoch 042 1100/1559 train_mae 3.09 kl 0.121 lr 3e-04 (187s)
[06:42:45]   Epoch 042 1200/1559 train_mae 3.08 kl 0.121 lr 3e-04 (204s)
[06:43:02]   Epoch 042 1300/1559 train_mae 3.08 kl 0.121 lr 3e-04 (221s)
[06:43:19]   Epoch 042 1400/1559 train_mae 3.08 kl 0.121 lr 3e-04 (237s)
[06:43:35]   Epoch 042 1500/1559 train_mae 3.07 kl 0.121 lr 3e-04 (254s)
[06:43:45]   Epoch 042 1559/1559 train_mae 3.07 kl 0.121 lr 3e-04 (264s)
[06:44:02] [Epoch 042 완료] train MAE 3.07 | val MAE 7.59 | val RMSE 10.42 | lr 3e-04 | 개선없음 5/15
[06:44:19]   Epoch 043 100/1559 train_mae 3.00 kl 0.121 lr 3e-04 (16s)
[06:44:36]   Epoch 043 200/1559 train_mae 3.04 kl 0.120 lr 3e-04 (33s)
[06:44:51]   Epoch 043 300/1559 train_mae 3.01 kl 0.119 lr 3e-04 (48s)
[06:45:06]   Epoch 043 400/1559 train_mae 3.00 kl 0.119 lr 3e-04 (63s)
[06:45:20]   Epoch 043 500/1559 train_mae 2.97 kl 0.118 lr 3e-04 (77s)
[06:45:36]   Epoch 043 600/1559 train_mae 2.96 kl 0.118 lr 3e-04 (94s)
[06:45:53]   Epoch 043 700/1559 train_mae 2.95 kl 0.118 lr 3e-04 (111s)
[06:46:10]   Epoch 043 800/1559 train_mae 2.96 kl 0.119 lr 3e-04 (128s)
[06:46:27]   Epoch 043 900/1559 train_mae 2.97 kl 0.118 lr 3e-04 (145s)
[06:46:44]   Epoch 043 1000/1559 train_mae 2.98 kl 0.117 lr 3e-04 (161s)
[06:47:01]   Epoch 043 1100/1559 train_mae 2.99 kl 0.117 lr 3e-04 (178s)
[06:47:18]   Epoch 043 1200/1559 train_mae 3.01 kl 0.117 lr 3e-04 (195s)
[06:47:35]   Epoch 043 1300/1559 train_mae 3.00 kl 0.117 lr 3e-04 (212s)
[06:47:52]   Epoch 043 1400/1559 train_mae 2.99 kl 0.117 lr 3e-04 (229s)
[06:48:09]   Epoch 043 1500/1559 train_mae 3.00 kl 0.118 lr 3e-04 (246s)
[06:48:19]   Epoch 043 1559/1559 train_mae 3.01 kl 0.118 lr 3e-04 (256s)
[06:48:37] [Epoch 043 완료] train MAE 3.01 | val MAE 7.34 | val RMSE 10.12 | lr 3e-04 | 개선없음 6/15
[06:48:54]   Epoch 044 100/1559 train_mae 2.85 kl 0.109 lr 3e-04 (17s)
[06:49:11]   Epoch 044 200/1559 train_mae 3.01 kl 0.116 lr 3e-04 (34s)
[06:49:28]   Epoch 044 300/1559 train_mae 2.95 kl 0.115 lr 3e-04 (51s)
[06:49:45]   Epoch 044 400/1559 train_mae 3.01 kl 0.116 lr 3e-04 (68s)
[06:50:02]   Epoch 044 500/1559 train_mae 2.95 kl 0.114 lr 3e-04 (85s)
[06:50:19]   Epoch 044 600/1559 train_mae 2.94 kl 0.114 lr 3e-04 (102s)
[06:50:36]   Epoch 044 700/1559 train_mae 2.94 kl 0.113 lr 3e-04 (119s)
[06:50:53]   Epoch 044 800/1559 train_mae 2.93 kl 0.113 lr 3e-04 (136s)
[06:51:10]   Epoch 044 900/1559 train_mae 2.92 kl 0.113 lr 3e-04 (152s)
[06:51:26]   Epoch 044 1000/1559 train_mae 2.93 kl 0.113 lr 3e-04 (169s)
[06:51:43]   Epoch 044 1100/1559 train_mae 2.95 kl 0.113 lr 3e-04 (186s)
[06:52:00]   Epoch 044 1200/1559 train_mae 2.94 kl 0.113 lr 3e-04 (203s)
[06:52:17]   Epoch 044 1300/1559 train_mae 2.94 kl 0.113 lr 3e-04 (220s)
[06:52:34]   Epoch 044 1400/1559 train_mae 2.94 kl 0.114 lr 3e-04 (237s)
[06:52:51]   Epoch 044 1500/1559 train_mae 2.95 kl 0.113 lr 3e-04 (254s)
[06:53:01]   Epoch 044 1559/1559 train_mae 2.96 kl 0.114 lr 3e-04 (264s)
[06:53:19] [Epoch 044 완료] train MAE 2.96 | val MAE 7.44 | val RMSE 10.19 | lr 3e-04 | 개선없음 7/15
[06:53:36]   Epoch 045 100/1559 train_mae 2.88 kl 0.110 lr 3e-04 (16s)
[06:53:53]   Epoch 045 200/1559 train_mae 2.85 kl 0.110 lr 3e-04 (33s)
[06:54:10]   Epoch 045 300/1559 train_mae 2.87 kl 0.110 lr 3e-04 (50s)
[06:54:27]   Epoch 045 400/1559 train_mae 2.92 kl 0.111 lr 3e-04 (67s)
[06:54:44]   Epoch 045 500/1559 train_mae 2.93 kl 0.112 lr 3e-04 (84s)
[06:55:01]   Epoch 045 600/1559 train_mae 2.93 kl 0.111 lr 3e-04 (101s)
[06:55:17]   Epoch 045 700/1559 train_mae 2.93 kl 0.111 lr 3e-04 (118s)
[06:55:34]   Epoch 045 800/1559 train_mae 2.93 kl 0.112 lr 3e-04 (135s)
[06:55:51]   Epoch 045 900/1559 train_mae 2.93 kl 0.114 lr 3e-04 (152s)
[06:56:07]   Epoch 045 1000/1559 train_mae 2.93 kl 0.113 lr 3e-04 (168s)
[06:56:23]   Epoch 045 1100/1559 train_mae 2.93 kl 0.113 lr 3e-04 (184s)
[06:56:40]   Epoch 045 1200/1559 train_mae 2.93 kl 0.113 lr 3e-04 (200s)
[06:56:56]   Epoch 045 1300/1559 train_mae 2.95 kl 0.114 lr 3e-04 (217s)
[06:57:13]   Epoch 045 1400/1559 train_mae 2.93 kl 0.113 lr 3e-04 (234s)
[06:57:30]   Epoch 045 1500/1559 train_mae 2.95 kl 0.113 lr 3e-04 (251s)
[06:57:40]   Epoch 045 1559/1559 train_mae 2.94 kl 0.112 lr 3e-04 (261s)
[06:58:00] [Epoch 045 완료] train MAE 2.94 | val MAE 7.34 | val RMSE 10.08 | lr 3e-04 | 개선없음 8/15
[06:58:17]   Epoch 046 100/1559 train_mae 2.81 kl 0.107 lr 3e-04 (17s)
[06:58:34]   Epoch 046 200/1559 train_mae 2.86 kl 0.109 lr 3e-04 (34s)
[06:58:51]   Epoch 046 300/1559 train_mae 2.82 kl 0.110 lr 3e-04 (51s)
[06:59:08]   Epoch 046 400/1559 train_mae 2.85 kl 0.111 lr 3e-04 (68s)
[06:59:25]   Epoch 046 500/1559 train_mae 2.87 kl 0.112 lr 3e-04 (85s)
[06:59:42]   Epoch 046 600/1559 train_mae 2.88 kl 0.112 lr 3e-04 (102s)
[06:59:59]   Epoch 046 700/1559 train_mae 2.87 kl 0.113 lr 3e-04 (119s)
[07:00:16]   Epoch 046 800/1559 train_mae 2.87 kl 0.113 lr 3e-04 (136s)
[07:00:33]   Epoch 046 900/1559 train_mae 2.89 kl 0.112 lr 3e-04 (153s)
[07:00:50]   Epoch 046 1000/1559 train_mae 2.88 kl 0.112 lr 3e-04 (170s)
[07:01:07]   Epoch 046 1100/1559 train_mae 2.89 kl 0.112 lr 3e-04 (187s)
[07:01:24]   Epoch 046 1200/1559 train_mae 2.89 kl 0.111 lr 3e-04 (204s)
[07:01:41]   Epoch 046 1300/1559 train_mae 2.89 kl 0.111 lr 3e-04 (221s)
[07:01:57]   Epoch 046 1400/1559 train_mae 2.88 kl 0.110 lr 3e-04 (237s)
[07:02:14]   Epoch 046 1500/1559 train_mae 2.88 kl 0.110 lr 3e-04 (254s)
[07:02:24]   Epoch 046 1559/1559 train_mae 2.88 kl 0.110 lr 3e-04 (264s)
[07:02:43] [Epoch 046 완료] train MAE 2.88 | val MAE 7.42 | val RMSE 10.34 | lr 3e-04 | 개선없음 9/15
[07:03:01]   Epoch 047 100/1559 train_mae 2.90 kl 0.108 lr 3e-04 (17s)
[07:03:17]   Epoch 047 200/1559 train_mae 2.84 kl 0.104 lr 3e-04 (34s)
[07:03:34]   Epoch 047 300/1559 train_mae 2.87 kl 0.105 lr 3e-04 (51s)
[07:03:51]   Epoch 047 400/1559 train_mae 2.85 kl 0.105 lr 3e-04 (68s)
[07:04:08]   Epoch 047 500/1559 train_mae 2.82 kl 0.106 lr 3e-04 (84s)
[07:04:25]   Epoch 047 600/1559 train_mae 2.83 kl 0.107 lr 3e-04 (101s)
[07:04:42]   Epoch 047 700/1559 train_mae 2.85 kl 0.107 lr 3e-04 (118s)
[07:04:59]   Epoch 047 800/1559 train_mae 2.86 kl 0.108 lr 3e-04 (135s)
[07:05:15]   Epoch 047 900/1559 train_mae 2.87 kl 0.107 lr 3e-04 (152s)
[07:05:32]   Epoch 047 1000/1559 train_mae 2.85 kl 0.107 lr 3e-04 (169s)
[07:05:49]   Epoch 047 1100/1559 train_mae 2.87 kl 0.108 lr 3e-04 (186s)
[07:06:06]   Epoch 047 1200/1559 train_mae 2.87 kl 0.108 lr 3e-04 (202s)
[07:06:23]   Epoch 047 1300/1559 train_mae 2.87 kl 0.107 lr 3e-04 (219s)
[07:06:40]   Epoch 047 1400/1559 train_mae 2.86 kl 0.108 lr 3e-04 (236s)
[07:06:57]   Epoch 047 1500/1559 train_mae 2.86 kl 0.108 lr 3e-04 (253s)
[07:07:07]   Epoch 047 1559/1559 train_mae 2.85 kl 0.108 lr 3e-04 (263s)
[07:07:25] [Epoch 047 완료] train MAE 2.85 | val MAE 7.33 | val RMSE 9.98 | lr 3e-04 | 개선없음 10/15
[07:07:42]   Epoch 048 100/1559 train_mae 2.93 kl 0.114 lr 3e-04 (17s)
[07:07:59]   Epoch 048 200/1559 train_mae 2.84 kl 0.110 lr 3e-04 (34s)
[07:08:16]   Epoch 048 300/1559 train_mae 2.83 kl 0.110 lr 3e-04 (51s)
[07:08:33]   Epoch 048 400/1559 train_mae 2.83 kl 0.109 lr 3e-04 (68s)
[07:08:50]   Epoch 048 500/1559 train_mae 2.82 kl 0.110 lr 3e-04 (85s)
[07:09:07]   Epoch 048 600/1559 train_mae 2.81 kl 0.109 lr 3e-04 (102s)
[07:09:24]   Epoch 048 700/1559 train_mae 2.83 kl 0.111 lr 3e-04 (119s)
[07:09:40]   Epoch 048 800/1559 train_mae 2.81 kl 0.110 lr 3e-04 (135s)
[07:09:56]   Epoch 048 900/1559 train_mae 2.80 kl 0.109 lr 3e-04 (151s)
[07:10:13]   Epoch 048 1000/1559 train_mae 2.78 kl 0.108 lr 3e-04 (167s)
[07:10:29]   Epoch 048 1100/1559 train_mae 2.78 kl 0.108 lr 3e-04 (184s)
[07:10:46]   Epoch 048 1200/1559 train_mae 2.77 kl 0.108 lr 3e-04 (201s)
[07:11:03]   Epoch 048 1300/1559 train_mae 2.76 kl 0.107 lr 3e-04 (218s)
[07:11:20]   Epoch 048 1400/1559 train_mae 2.78 kl 0.108 lr 3e-04 (235s)
[07:11:37]   Epoch 048 1500/1559 train_mae 2.77 kl 0.107 lr 3e-04 (252s)
[07:11:47]   Epoch 048 1559/1559 train_mae 2.77 kl 0.107 lr 3e-04 (262s)
[07:12:06] [Epoch 048 완료] train MAE 2.77 | val MAE 7.57 | val RMSE 10.51 | lr 3e-04 | 개선없음 11/15
[07:12:24]   Epoch 049 100/1559 train_mae 2.84 kl 0.106 lr 3e-04 (17s)
[07:12:41]   Epoch 049 200/1559 train_mae 2.76 kl 0.103 lr 3e-04 (34s)
[07:12:58]   Epoch 049 300/1559 train_mae 2.72 kl 0.103 lr 3e-04 (51s)
[07:13:15]   Epoch 049 400/1559 train_mae 2.76 kl 0.104 lr 3e-04 (68s)
[07:13:32]   Epoch 049 500/1559 train_mae 2.76 kl 0.103 lr 3e-04 (85s)
[07:13:49]   Epoch 049 600/1559 train_mae 2.75 kl 0.102 lr 3e-04 (102s)
[07:14:06]   Epoch 049 700/1559 train_mae 2.76 kl 0.103 lr 3e-04 (119s)
[07:14:22]   Epoch 049 800/1559 train_mae 2.76 kl 0.104 lr 3e-04 (136s)
[07:14:39]   Epoch 049 900/1559 train_mae 2.77 kl 0.103 lr 3e-04 (153s)
[07:14:56]   Epoch 049 1000/1559 train_mae 2.75 kl 0.102 lr 3e-04 (170s)
[07:15:13]   Epoch 049 1100/1559 train_mae 2.76 kl 0.103 lr 3e-04 (187s)
[07:15:30]   Epoch 049 1200/1559 train_mae 2.78 kl 0.103 lr 3e-04 (204s)
[07:15:47]   Epoch 049 1300/1559 train_mae 2.78 kl 0.103 lr 3e-04 (221s)
[07:16:02]   Epoch 049 1400/1559 train_mae 2.78 kl 0.103 lr 3e-04 (235s)
[07:16:18]   Epoch 049 1500/1559 train_mae 2.78 kl 0.103 lr 3e-04 (252s)
[07:16:28]   Epoch 049 1559/1559 train_mae 2.78 kl 0.103 lr 3e-04 (262s)
[07:16:48] [Epoch 049 완료] train MAE 2.78 | val MAE 7.19 | val RMSE 10.09 | lr 3e-04 | 개선없음 12/15
[07:17:05]   Epoch 050 100/1559 train_mae 2.63 kl 0.097 lr 3e-04 (17s)
[07:17:22]   Epoch 050 200/1559 train_mae 2.71 kl 0.098 lr 3e-04 (34s)
[07:17:39]   Epoch 050 300/1559 train_mae 2.70 kl 0.100 lr 3e-04 (51s)
[07:17:56]   Epoch 050 400/1559 train_mae 2.68 kl 0.098 lr 3e-04 (68s)
[07:18:13]   Epoch 050 500/1559 train_mae 2.69 kl 0.098 lr 3e-04 (85s)
[07:18:30]   Epoch 050 600/1559 train_mae 2.66 kl 0.097 lr 3e-04 (102s)
[07:18:47]   Epoch 050 700/1559 train_mae 2.67 kl 0.097 lr 3e-04 (118s)
[07:19:04]   Epoch 050 800/1559 train_mae 2.68 kl 0.097 lr 3e-04 (135s)
[07:19:20]   Epoch 050 900/1559 train_mae 2.68 kl 0.097 lr 3e-04 (152s)
[07:19:37]   Epoch 050 1000/1559 train_mae 2.71 kl 0.099 lr 3e-04 (169s)
[07:19:54]   Epoch 050 1100/1559 train_mae 2.72 kl 0.100 lr 3e-04 (186s)
[07:20:11]   Epoch 050 1200/1559 train_mae 2.71 kl 0.099 lr 3e-04 (203s)
[07:20:28]   Epoch 050 1300/1559 train_mae 2.71 kl 0.100 lr 3e-04 (220s)
[07:20:45]   Epoch 050 1400/1559 train_mae 2.71 kl 0.101 lr 3e-04 (237s)
[07:21:02]   Epoch 050 1500/1559 train_mae 2.72 kl 0.101 lr 3e-04 (254s)
[07:21:12]   Epoch 050 1559/1559 train_mae 2.72 kl 0.101 lr 3e-04 (264s)
[07:21:31] [Epoch 050 완료] train MAE 2.72 | val MAE 7.50 | val RMSE 10.40 | lr 3e-04 | 개선없음 13/15
[07:21:48]   Epoch 051 100/1559 train_mae 2.75 kl 0.105 lr 3e-04 (17s)
[07:22:05]   Epoch 051 200/1559 train_mae 2.77 kl 0.103 lr 3e-04 (34s)
[07:22:22]   Epoch 051 300/1559 train_mae 2.73 kl 0.101 lr 3e-04 (51s)
[07:22:39]   Epoch 051 400/1559 train_mae 2.78 kl 0.101 lr 3e-04 (68s)
[07:22:56]   Epoch 051 500/1559 train_mae 2.77 kl 0.102 lr 3e-04 (85s)
[07:23:13]   Epoch 051 600/1559 train_mae 2.77 kl 0.101 lr 3e-04 (102s)
[07:23:30]   Epoch 051 700/1559 train_mae 2.77 kl 0.100 lr 3e-04 (119s)
[07:23:47]   Epoch 051 800/1559 train_mae 2.74 kl 0.100 lr 3e-04 (135s)
[07:24:04]   Epoch 051 900/1559 train_mae 2.73 kl 0.100 lr 3e-04 (152s)
[07:24:21]   Epoch 051 1000/1559 train_mae 2.73 kl 0.100 lr 3e-04 (169s)
[07:24:38]   Epoch 051 1100/1559 train_mae 2.73 kl 0.100 lr 3e-04 (186s)
[07:24:55]   Epoch 051 1200/1559 train_mae 2.73 kl 0.101 lr 3e-04 (203s)
[07:25:12]   Epoch 051 1300/1559 train_mae 2.73 kl 0.101 lr 3e-04 (220s)
[07:25:28]   Epoch 051 1400/1559 train_mae 2.73 kl 0.101 lr 3e-04 (237s)
[07:25:45]   Epoch 051 1500/1559 train_mae 2.75 kl 0.101 lr 3e-04 (254s)
[07:25:56]   Epoch 051 1559/1559 train_mae 2.74 kl 0.101 lr 3e-04 (264s)
[07:26:12] [Epoch 051 완료] train MAE 2.74 | val MAE 7.26 | val RMSE 9.99 | lr 3e-04 | 개선없음 14/15
[07:26:29]   Epoch 052 100/1559 train_mae 2.63 kl 0.097 lr 3e-04 (17s)
[07:26:46]   Epoch 052 200/1559 train_mae 2.59 kl 0.095 lr 3e-04 (34s)
[07:27:03]   Epoch 052 300/1559 train_mae 2.66 kl 0.096 lr 3e-04 (51s)
[07:27:20]   Epoch 052 400/1559 train_mae 2.63 kl 0.097 lr 3e-04 (68s)
[07:27:37]   Epoch 052 500/1559 train_mae 2.64 kl 0.097 lr 3e-04 (85s)
[07:27:54]   Epoch 052 600/1559 train_mae 2.64 kl 0.096 lr 3e-04 (102s)
[07:28:11]   Epoch 052 700/1559 train_mae 2.67 kl 0.097 lr 3e-04 (118s)
[07:28:28]   Epoch 052 800/1559 train_mae 2.66 kl 0.096 lr 3e-04 (135s)
[07:28:45]   Epoch 052 900/1559 train_mae 2.68 kl 0.097 lr 3e-04 (152s)
[07:29:02]   Epoch 052 1000/1559 train_mae 2.67 kl 0.097 lr 3e-04 (169s)
[07:29:18]   Epoch 052 1100/1559 train_mae 2.68 kl 0.097 lr 3e-04 (186s)
[07:29:35]   Epoch 052 1200/1559 train_mae 2.67 kl 0.097 lr 3e-04 (203s)
[07:29:52]   Epoch 052 1300/1559 train_mae 2.67 kl 0.097 lr 3e-04 (220s)
[07:30:09]   Epoch 052 1400/1559 train_mae 2.69 kl 0.097 lr 3e-04 (236s)
[07:30:26]   Epoch 052 1500/1559 train_mae 2.69 kl 0.097 lr 3e-04 (253s)
[07:30:36]   Epoch 052 1559/1559 train_mae 2.69 kl 0.097 lr 3e-04 (263s)
[07:30:54] [Epoch 052 완료] train MAE 2.69 | val MAE 7.28 | val RMSE 10.29 | lr 3e-04 | 개선없음 15/15
[07:31:09]   Epoch 053 100/1559 train_mae 2.60 kl 0.095 lr 3e-04 (15s)
[07:31:26]   Epoch 053 200/1559 train_mae 2.61 kl 0.093 lr 3e-04 (31s)
[07:31:43]   Epoch 053 300/1559 train_mae 2.56 kl 0.091 lr 3e-04 (48s)
[07:32:00]   Epoch 053 400/1559 train_mae 2.63 kl 0.092 lr 3e-04 (65s)
[07:32:16]   Epoch 053 500/1559 train_mae 2.63 kl 0.091 lr 3e-04 (81s)
[07:32:33]   Epoch 053 600/1559 train_mae 2.61 kl 0.091 lr 3e-04 (98s)
[07:32:50]   Epoch 053 700/1559 train_mae 2.64 kl 0.091 lr 3e-04 (115s)
[07:33:07]   Epoch 053 800/1559 train_mae 2.64 kl 0.092 lr 3e-04 (132s)
[07:33:24]   Epoch 053 900/1559 train_mae 2.65 kl 0.092 lr 3e-04 (149s)
[07:33:41]   Epoch 053 1000/1559 train_mae 2.66 kl 0.092 lr 3e-04 (166s)
[07:33:58]   Epoch 053 1100/1559 train_mae 2.67 kl 0.092 lr 3e-04 (183s)
[07:34:15]   Epoch 053 1200/1559 train_mae 2.69 kl 0.093 lr 3e-04 (200s)
[07:34:32]   Epoch 053 1300/1559 train_mae 2.67 kl 0.093 lr 3e-04 (217s)
[07:34:48]   Epoch 053 1400/1559 train_mae 2.67 kl 0.093 lr 3e-04 (234s)
[07:35:05]   Epoch 053 1500/1559 train_mae 2.68 kl 0.094 lr 3e-04 (250s)
[07:35:14]   Epoch 053 1559/1559 train_mae 2.69 kl 0.094 lr 3e-04 (259s)
[07:35:32] [Epoch 053 완료] train MAE 2.69 | val MAE 7.37 | val RMSE 10.17 | lr 3e-04 | 개선없음 16/15
[07:35:50]   Epoch 054 100/1559 train_mae 2.55 kl 0.095 lr 3e-04 (17s)
[07:36:07]   Epoch 054 200/1559 train_mae 2.60 kl 0.099 lr 3e-04 (34s)
[07:36:24]   Epoch 054 300/1559 train_mae 2.59 kl 0.096 lr 3e-04 (51s)
[07:36:41]   Epoch 054 400/1559 train_mae 2.59 kl 0.094 lr 3e-04 (68s)
[07:36:58]   Epoch 054 500/1559 train_mae 2.59 kl 0.093 lr 3e-04 (85s)
[07:37:15]   Epoch 054 600/1559 train_mae 2.59 kl 0.093 lr 3e-04 (102s)
[07:37:32]   Epoch 054 700/1559 train_mae 2.60 kl 0.093 lr 3e-04 (119s)
[07:37:49]   Epoch 054 800/1559 train_mae 2.62 kl 0.094 lr 3e-04 (136s)
[07:38:06]   Epoch 054 900/1559 train_mae 2.63 kl 0.094 lr 3e-04 (153s)
[07:38:22]   Epoch 054 1000/1559 train_mae 2.62 kl 0.094 lr 3e-04 (170s)
[07:38:39]   Epoch 054 1100/1559 train_mae 2.62 kl 0.094 lr 3e-04 (187s)
[07:38:56]   Epoch 054 1200/1559 train_mae 2.63 kl 0.094 lr 3e-04 (204s)
[07:39:13]   Epoch 054 1300/1559 train_mae 2.63 kl 0.094 lr 3e-04 (221s)
[07:39:30]   Epoch 054 1400/1559 train_mae 2.64 kl 0.094 lr 3e-04 (238s)
[07:39:47]   Epoch 054 1500/1559 train_mae 2.65 kl 0.095 lr 3e-04 (255s)
[07:39:57]   Epoch 054 1559/1559 train_mae 2.65 kl 0.095 lr 3e-04 (264s)
[07:40:16] [Epoch 054 완료] train MAE 2.65 | val MAE 7.25 | val RMSE 9.96 | lr 3e-04 | 개선없음 17/15
[07:40:33]   Epoch 055 100/1559 train_mae 2.51 kl 0.094 lr 3e-04 (17s)
[07:40:50]   Epoch 055 200/1559 train_mae 2.53 kl 0.093 lr 3e-04 (34s)
[07:41:07]   Epoch 055 300/1559 train_mae 2.59 kl 0.094 lr 3e-04 (51s)
[07:41:24]   Epoch 055 400/1559 train_mae 2.56 kl 0.094 lr 3e-04 (68s)
[07:41:41]   Epoch 055 500/1559 train_mae 2.57 kl 0.094 lr 3e-04 (84s)
[07:41:58]   Epoch 055 600/1559 train_mae 2.58 kl 0.094 lr 3e-04 (101s)
[07:42:15]   Epoch 055 700/1559 train_mae 2.60 kl 0.095 lr 3e-04 (118s)
[07:42:32]   Epoch 055 800/1559 train_mae 2.60 kl 0.094 lr 3e-04 (135s)
[07:42:49]   Epoch 055 900/1559 train_mae 2.60 kl 0.094 lr 3e-04 (152s)
[07:43:05]   Epoch 055 1000/1559 train_mae 2.60 kl 0.093 lr 3e-04 (168s)
[07:43:19]   Epoch 055 1100/1559 train_mae 2.61 kl 0.094 lr 3e-04 (183s)
[07:43:36]   Epoch 055 1200/1559 train_mae 2.62 kl 0.094 lr 3e-04 (200s)
[07:43:53]   Epoch 055 1300/1559 train_mae 2.63 kl 0.095 lr 3e-04 (216s)
[07:44:10]   Epoch 055 1400/1559 train_mae 2.64 kl 0.096 lr 3e-04 (233s)
[07:44:27]   Epoch 055 1500/1559 train_mae 2.65 kl 0.096 lr 3e-04 (250s)
[07:44:37]   Epoch 055 1559/1559 train_mae 2.65 kl 0.096 lr 3e-04 (260s)
[07:44:56] [Epoch 055 완료] train MAE 2.65 | val MAE 7.45 | val RMSE 10.16 | lr 3e-04 | 개선없음 18/15
[07:45:13]   Epoch 056 100/1559 train_mae 2.67 kl 0.097 lr 3e-04 (17s)
[07:45:30]   Epoch 056 200/1559 train_mae 2.60 kl 0.095 lr 3e-04 (34s)
[07:45:47]   Epoch 056 300/1559 train_mae 2.56 kl 0.093 lr 3e-04 (51s)
[07:46:04]   Epoch 056 400/1559 train_mae 2.54 kl 0.093 lr 3e-04 (68s)
[07:46:21]   Epoch 056 500/1559 train_mae 2.53 kl 0.091 lr 3e-04 (85s)
[07:46:38]   Epoch 056 600/1559 train_mae 2.51 kl 0.091 lr 3e-04 (102s)
[07:46:55]   Epoch 056 700/1559 train_mae 2.51 kl 0.090 lr 3e-04 (119s)
[07:47:12]   Epoch 056 800/1559 train_mae 2.52 kl 0.091 lr 3e-04 (136s)
[07:47:29]   Epoch 056 900/1559 train_mae 2.51 kl 0.090 lr 3e-04 (153s)
[07:47:46]   Epoch 056 1000/1559 train_mae 2.51 kl 0.091 lr 3e-04 (170s)
[07:48:03]   Epoch 056 1100/1559 train_mae 2.52 kl 0.091 lr 3e-04 (187s)
[07:48:20]   Epoch 056 1200/1559 train_mae 2.53 kl 0.091 lr 3e-04 (204s)
[07:48:37]   Epoch 056 1300/1559 train_mae 2.53 kl 0.092 lr 3e-04 (221s)
[07:48:54]   Epoch 056 1400/1559 train_mae 2.54 kl 0.093 lr 3e-04 (238s)
[07:49:11]   Epoch 056 1500/1559 train_mae 2.54 kl 0.093 lr 3e-04 (255s)
[07:49:21]   Epoch 056 1559/1559 train_mae 2.54 kl 0.093 lr 3e-04 (265s)
[07:49:40] [Epoch 056 완료] train MAE 2.54 | val MAE 7.27 | val RMSE 9.93 | lr 3e-04 | 개선없음 19/15
[07:49:57]   Epoch 057 100/1559 train_mae 2.50 kl 0.091 lr 3e-04 (17s)
[07:50:14]   Epoch 057 200/1559 train_mae 2.46 kl 0.089 lr 3e-04 (34s)
[07:50:31]   Epoch 057 300/1559 train_mae 2.50 kl 0.090 lr 3e-04 (51s)
[07:50:48]   Epoch 057 400/1559 train_mae 2.52 kl 0.092 lr 3e-04 (68s)
[07:51:05]   Epoch 057 500/1559 train_mae 2.53 kl 0.092 lr 3e-04 (85s)
[07:51:22]   Epoch 057 600/1559 train_mae 2.50 kl 0.091 lr 3e-04 (102s)
[07:51:39]   Epoch 057 700/1559 train_mae 2.49 kl 0.091 lr 3e-04 (119s)
[07:51:56]   Epoch 057 800/1559 train_mae 2.51 kl 0.091 lr 3e-04 (135s)
[07:52:13]   Epoch 057 900/1559 train_mae 2.50 kl 0.091 lr 3e-04 (152s)
[07:52:30]   Epoch 057 1000/1559 train_mae 2.50 kl 0.091 lr 3e-04 (169s)
[07:52:47]   Epoch 057 1100/1559 train_mae 2.50 kl 0.091 lr 3e-04 (186s)
[07:53:04]   Epoch 057 1200/1559 train_mae 2.50 kl 0.091 lr 3e-04 (203s)
[07:53:21]   Epoch 057 1300/1559 train_mae 2.50 kl 0.091 lr 3e-04 (220s)
[07:53:37]   Epoch 057 1400/1559 train_mae 2.51 kl 0.090 lr 3e-04 (236s)
[07:53:53]   Epoch 057 1500/1559 train_mae 2.51 kl 0.090 lr 3e-04 (252s)
[07:54:02]   Epoch 057 1559/1559 train_mae 2.50 kl 0.091 lr 3e-04 (262s)
[07:54:19] [Epoch 057 완료] train MAE 2.50 | val MAE 7.23 | val RMSE 10.05 | lr 3e-04 | 개선없음 20/15
[07:54:36]   Epoch 058 100/1559 train_mae 2.49 kl 0.095 lr 3e-04 (17s)
[07:54:53]   Epoch 058 200/1559 train_mae 2.50 kl 0.093 lr 3e-04 (34s)
[07:55:10]   Epoch 058 300/1559 train_mae 2.51 kl 0.091 lr 3e-04 (51s)
[07:55:27]   Epoch 058 400/1559 train_mae 2.52 kl 0.091 lr 3e-04 (68s)
[07:55:44]   Epoch 058 500/1559 train_mae 2.57 kl 0.092 lr 3e-04 (85s)
[07:56:01]   Epoch 058 600/1559 train_mae 2.55 kl 0.091 lr 3e-04 (102s)
[07:56:18]   Epoch 058 700/1559 train_mae 2.56 kl 0.092 lr 3e-04 (119s)
[07:56:35]   Epoch 058 800/1559 train_mae 2.56 kl 0.092 lr 3e-04 (136s)
[07:56:52]   Epoch 058 900/1559 train_mae 2.56 kl 0.092 lr 3e-04 (152s)
[07:57:08]   Epoch 058 1000/1559 train_mae 2.56 kl 0.093 lr 3e-04 (169s)
[07:57:25]   Epoch 058 1100/1559 train_mae 2.55 kl 0.092 lr 3e-04 (186s)
[07:57:41]   Epoch 058 1200/1559 train_mae 2.55 kl 0.092 lr 3e-04 (202s)
[07:57:58]   Epoch 058 1300/1559 train_mae 2.55 kl 0.091 lr 3e-04 (218s)
[07:58:14]   Epoch 058 1400/1559 train_mae 2.56 kl 0.091 lr 3e-04 (235s)
[07:58:31]   Epoch 058 1500/1559 train_mae 2.55 kl 0.091 lr 3e-04 (251s)
[07:58:40]   Epoch 058 1559/1559 train_mae 2.56 kl 0.091 lr 3e-04 (261s)
[07:58:59] [Epoch 058 완료] train MAE 2.56 | val MAE 7.28 | val RMSE 10.14 | lr 3e-04 | 개선없음 21/15
[07:59:16]   Epoch 059 100/1559 train_mae 2.59 kl 0.089 lr 3e-04 (17s)
[07:59:33]   Epoch 059 200/1559 train_mae 2.59 kl 0.091 lr 3e-04 (34s)
[07:59:50]   Epoch 059 300/1559 train_mae 2.55 kl 0.091 lr 3e-04 (51s)
[08:00:07]   Epoch 059 400/1559 train_mae 2.59 kl 0.092 lr 3e-04 (68s)
[08:00:24]   Epoch 059 500/1559 train_mae 2.54 kl 0.091 lr 3e-04 (85s)
[08:00:41]   Epoch 059 600/1559 train_mae 2.54 kl 0.091 lr 3e-04 (102s)
[08:00:58]   Epoch 059 700/1559 train_mae 2.54 kl 0.091 lr 3e-04 (119s)
[08:01:15]   Epoch 059 800/1559 train_mae 2.52 kl 0.090 lr 3e-04 (136s)
[08:01:32]   Epoch 059 900/1559 train_mae 2.51 kl 0.090 lr 3e-04 (153s)
[08:01:49]   Epoch 059 1000/1559 train_mae 2.50 kl 0.089 lr 3e-04 (170s)
[08:02:06]   Epoch 059 1100/1559 train_mae 2.50 kl 0.090 lr 3e-04 (186s)
[08:02:23]   Epoch 059 1200/1559 train_mae 2.50 kl 0.090 lr 3e-04 (203s)
[08:02:40]   Epoch 059 1300/1559 train_mae 2.51 kl 0.089 lr 3e-04 (220s)
[08:02:56]   Epoch 059 1400/1559 train_mae 2.50 kl 0.090 lr 3e-04 (237s)
[08:03:13]   Epoch 059 1500/1559 train_mae 2.51 kl 0.090 lr 3e-04 (254s)
[08:03:23]   Epoch 059 1559/1559 train_mae 2.52 kl 0.090 lr 3e-04 (264s)
[08:03:43] [Epoch 059 완료] train MAE 2.52 | val MAE 7.24 | val RMSE 10.03 | lr 3e-04 | 개선없음 22/15
[08:04:00]   Epoch 060 100/1559 train_mae 2.44 kl 0.087 lr 3e-04 (17s)
[08:04:17]   Epoch 060 200/1559 train_mae 2.42 kl 0.087 lr 3e-04 (34s)
[08:04:34]   Epoch 060 300/1559 train_mae 2.41 kl 0.085 lr 3e-04 (51s)
[08:04:51]   Epoch 060 400/1559 train_mae 2.43 kl 0.086 lr 3e-04 (68s)
[08:05:08]   Epoch 060 500/1559 train_mae 2.43 kl 0.086 lr 3e-04 (85s)
[08:05:25]   Epoch 060 600/1559 train_mae 2.44 kl 0.085 lr 3e-04 (102s)
[08:05:42]   Epoch 060 700/1559 train_mae 2.42 kl 0.084 lr 3e-04 (119s)
[08:05:59]   Epoch 060 800/1559 train_mae 2.44 kl 0.084 lr 3e-04 (136s)
[08:06:16]   Epoch 060 900/1559 train_mae 2.43 kl 0.084 lr 3e-04 (152s)
[08:06:32]   Epoch 060 1000/1559 train_mae 2.45 kl 0.085 lr 3e-04 (169s)
[08:06:49]   Epoch 060 1100/1559 train_mae 2.46 kl 0.086 lr 3e-04 (186s)
[08:07:06]   Epoch 060 1200/1559 train_mae 2.46 kl 0.086 lr 3e-04 (203s)
[08:07:23]   Epoch 060 1300/1559 train_mae 2.47 kl 0.086 lr 3e-04 (220s)
[08:07:40]   Epoch 060 1400/1559 train_mae 2.46 kl 0.086 lr 3e-04 (237s)
[08:07:57]   Epoch 060 1500/1559 train_mae 2.46 kl 0.086 lr 3e-04 (254s)
[08:08:07]   Epoch 060 1559/1559 train_mae 2.47 kl 0.086 lr 3e-04 (264s)
[08:08:24] [Epoch 060 완료] train MAE 2.47 | val MAE 7.21 | val RMSE 9.99 | lr 3e-04 | 개선없음 23/15
[08:08:41]   Epoch 061 100/1559 train_mae 2.19 kl 0.080 lr 1e-04 (17s)
[08:08:58]   Epoch 061 200/1559 train_mae 2.20 kl 0.081 lr 1e-04 (34s)
[08:09:15]   Epoch 061 300/1559 train_mae 2.22 kl 0.082 lr 1e-04 (50s)
[08:09:31]   Epoch 061 400/1559 train_mae 2.21 kl 0.082 lr 1e-04 (67s)
[08:09:47]   Epoch 061 500/1559 train_mae 2.20 kl 0.081 lr 1e-04 (82s)
[08:10:03]   Epoch 061 600/1559 train_mae 2.18 kl 0.081 lr 1e-04 (99s)
[08:10:19]   Epoch 061 700/1559 train_mae 2.19 kl 0.082 lr 1e-04 (115s)
[08:10:36]   Epoch 061 800/1559 train_mae 2.16 kl 0.082 lr 1e-04 (132s)
[08:10:53]   Epoch 061 900/1559 train_mae 2.16 kl 0.081 lr 1e-04 (149s)
[08:11:10]   Epoch 061 1000/1559 train_mae 2.13 kl 0.081 lr 1e-04 (165s)
[08:11:27]   Epoch 061 1100/1559 train_mae 2.12 kl 0.081 lr 1e-04 (182s)
[08:11:44]   Epoch 061 1200/1559 train_mae 2.10 kl 0.080 lr 1e-04 (199s)
[08:12:01]   Epoch 061 1300/1559 train_mae 2.10 kl 0.080 lr 1e-04 (216s)
[08:12:17]   Epoch 061 1400/1559 train_mae 2.10 kl 0.080 lr 1e-04 (233s)
[08:12:33]   Epoch 061 1500/1559 train_mae 2.09 kl 0.080 lr 1e-04 (249s)
[08:12:43]   Epoch 061 1559/1559 train_mae 2.09 kl 0.080 lr 1e-04 (259s)
[08:12:59] [Epoch 061 완료] train MAE 2.09 | val MAE 7.04 | val RMSE 9.83 | lr 1e-04 | * best 저장 (val MAE 7.04)
[08:13:17]   Epoch 062 100/1559 train_mae 1.83 kl 0.081 lr 1e-04 (17s)
[08:13:34]   Epoch 062 200/1559 train_mae 1.87 kl 0.079 lr 1e-04 (34s)
[08:13:50]   Epoch 062 300/1559 train_mae 1.85 kl 0.079 lr 1e-04 (51s)
[08:14:07]   Epoch 062 400/1559 train_mae 1.86 kl 0.078 lr 1e-04 (68s)
[08:14:24]   Epoch 062 500/1559 train_mae 1.86 kl 0.077 lr 1e-04 (84s)
[08:14:41]   Epoch 062 600/1559 train_mae 1.86 kl 0.077 lr 1e-04 (101s)
[08:14:58]   Epoch 062 700/1559 train_mae 1.85 kl 0.076 lr 1e-04 (118s)
[08:15:15]   Epoch 062 800/1559 train_mae 1.86 kl 0.076 lr 1e-04 (135s)
[08:15:32]   Epoch 062 900/1559 train_mae 1.86 kl 0.076 lr 1e-04 (152s)
[08:15:49]   Epoch 062 1000/1559 train_mae 1.86 kl 0.076 lr 1e-04 (169s)
[08:16:06]   Epoch 062 1100/1559 train_mae 1.86 kl 0.076 lr 1e-04 (186s)
[08:16:23]   Epoch 062 1200/1559 train_mae 1.86 kl 0.076 lr 1e-04 (203s)
[08:16:39]   Epoch 062 1300/1559 train_mae 1.87 kl 0.076 lr 1e-04 (220s)
[08:16:56]   Epoch 062 1400/1559 train_mae 1.87 kl 0.076 lr 1e-04 (237s)
[08:17:13]   Epoch 062 1500/1559 train_mae 1.87 kl 0.076 lr 1e-04 (253s)
[08:17:23]   Epoch 062 1559/1559 train_mae 1.87 kl 0.076 lr 1e-04 (263s)
[08:17:42] [Epoch 062 완료] train MAE 1.87 | val MAE 7.16 | val RMSE 9.93 | lr 1e-04 | 개선없음 1/15
[08:17:59]   Epoch 063 100/1559 train_mae 1.78 kl 0.075 lr 1e-04 (17s)
[08:18:14]   Epoch 063 200/1559 train_mae 1.70 kl 0.073 lr 1e-04 (32s)
[08:18:30]   Epoch 063 300/1559 train_mae 1.74 kl 0.074 lr 1e-04 (48s)
[08:18:47]   Epoch 063 400/1559 train_mae 1.77 kl 0.074 lr 1e-04 (65s)
[08:19:04]   Epoch 063 500/1559 train_mae 1.78 kl 0.074 lr 1e-04 (82s)
[08:19:21]   Epoch 063 600/1559 train_mae 1.78 kl 0.074 lr 1e-04 (99s)
[08:19:38]   Epoch 063 700/1559 train_mae 1.77 kl 0.074 lr 1e-04 (115s)
[08:19:55]   Epoch 063 800/1559 train_mae 1.78 kl 0.074 lr 1e-04 (132s)
[08:20:12]   Epoch 063 900/1559 train_mae 1.77 kl 0.074 lr 1e-04 (149s)
[08:20:28]   Epoch 063 1000/1559 train_mae 1.76 kl 0.074 lr 1e-04 (166s)
[08:20:45]   Epoch 063 1100/1559 train_mae 1.76 kl 0.074 lr 1e-04 (183s)
[08:21:02]   Epoch 063 1200/1559 train_mae 1.75 kl 0.074 lr 1e-04 (200s)
[08:21:19]   Epoch 063 1300/1559 train_mae 1.76 kl 0.074 lr 1e-04 (217s)
[08:21:36]   Epoch 063 1400/1559 train_mae 1.76 kl 0.075 lr 1e-04 (234s)
[08:21:53]   Epoch 063 1500/1559 train_mae 1.76 kl 0.074 lr 1e-04 (250s)
[08:22:03]   Epoch 063 1559/1559 train_mae 1.76 kl 0.074 lr 1e-04 (260s)
[08:22:22] [Epoch 063 완료] train MAE 1.76 | val MAE 7.07 | val RMSE 9.97 | lr 1e-04 | 개선없음 2/15
[08:22:40]   Epoch 064 100/1559 train_mae 1.71 kl 0.070 lr 1e-04 (17s)
[08:22:57]   Epoch 064 200/1559 train_mae 1.68 kl 0.071 lr 1e-04 (34s)
[08:23:14]   Epoch 064 300/1559 train_mae 1.67 kl 0.074 lr 1e-04 (51s)
[08:23:31]   Epoch 064 400/1559 train_mae 1.70 kl 0.074 lr 1e-04 (68s)
[08:23:46]   Epoch 064 500/1559 train_mae 1.68 kl 0.073 lr 1e-04 (83s)
[08:24:02]   Epoch 064 600/1559 train_mae 1.67 kl 0.073 lr 1e-04 (99s)
[08:24:18]   Epoch 064 700/1559 train_mae 1.66 kl 0.072 lr 1e-04 (115s)
[08:24:35]   Epoch 064 800/1559 train_mae 1.67 kl 0.073 lr 1e-04 (132s)
[08:24:52]   Epoch 064 900/1559 train_mae 1.68 kl 0.073 lr 1e-04 (149s)
[08:25:09]   Epoch 064 1000/1559 train_mae 1.68 kl 0.074 lr 1e-04 (166s)
[08:25:26]   Epoch 064 1100/1559 train_mae 1.69 kl 0.074 lr 1e-04 (183s)
[08:25:43]   Epoch 064 1200/1559 train_mae 1.68 kl 0.074 lr 1e-04 (200s)
[08:26:00]   Epoch 064 1300/1559 train_mae 1.68 kl 0.074 lr 1e-04 (217s)
[08:26:17]   Epoch 064 1400/1559 train_mae 1.70 kl 0.074 lr 1e-04 (234s)
[08:26:34]   Epoch 064 1500/1559 train_mae 1.69 kl 0.074 lr 1e-04 (251s)
[08:26:44]   Epoch 064 1559/1559 train_mae 1.69 kl 0.074 lr 1e-04 (261s)
[08:27:03] [Epoch 064 완료] train MAE 1.69 | val MAE 6.99 | val RMSE 9.91 | lr 1e-04 | * best 저장 (val MAE 6.99)
[08:27:20]   Epoch 065 100/1559 train_mae 1.61 kl 0.074 lr 1e-04 (17s)
[08:27:36]   Epoch 065 200/1559 train_mae 1.65 kl 0.074 lr 1e-04 (33s)
[08:27:51]   Epoch 065 300/1559 train_mae 1.63 kl 0.073 lr 1e-04 (48s)
[08:28:05]   Epoch 065 400/1559 train_mae 1.61 kl 0.073 lr 1e-04 (62s)
[08:28:22]   Epoch 065 500/1559 train_mae 1.60 kl 0.073 lr 1e-04 (78s)
[08:28:39]   Epoch 065 600/1559 train_mae 1.61 kl 0.073 lr 1e-04 (96s)
[08:28:56]   Epoch 065 700/1559 train_mae 1.63 kl 0.073 lr 1e-04 (112s)
[08:29:13]   Epoch 065 800/1559 train_mae 1.64 kl 0.074 lr 1e-04 (129s)
[08:29:30]   Epoch 065 900/1559 train_mae 1.64 kl 0.074 lr 1e-04 (146s)
[08:29:46]   Epoch 065 1000/1559 train_mae 1.64 kl 0.074 lr 1e-04 (163s)
[08:30:03]   Epoch 065 1100/1559 train_mae 1.65 kl 0.074 lr 1e-04 (180s)
[08:30:20]   Epoch 065 1200/1559 train_mae 1.64 kl 0.074 lr 1e-04 (196s)
[08:30:36]   Epoch 065 1300/1559 train_mae 1.65 kl 0.074 lr 1e-04 (213s)
[08:30:52]   Epoch 065 1400/1559 train_mae 1.65 kl 0.074 lr 1e-04 (229s)
[08:31:08]   Epoch 065 1500/1559 train_mae 1.65 kl 0.073 lr 1e-04 (245s)
[08:31:18]   Epoch 065 1559/1559 train_mae 1.65 kl 0.073 lr 1e-04 (255s)
[08:31:35] [Epoch 065 완료] train MAE 1.65 | val MAE 7.14 | val RMSE 9.97 | lr 1e-04 | 개선없음 1/15
[08:31:53]   Epoch 066 100/1559 train_mae 1.60 kl 0.073 lr 1e-04 (17s)
[08:32:10]   Epoch 066 200/1559 train_mae 1.57 kl 0.070 lr 1e-04 (34s)
[08:32:27]   Epoch 066 300/1559 train_mae 1.53 kl 0.070 lr 1e-04 (51s)
[08:32:44]   Epoch 066 400/1559 train_mae 1.55 kl 0.070 lr 1e-04 (68s)
[08:33:01]   Epoch 066 500/1559 train_mae 1.57 kl 0.070 lr 1e-04 (85s)
[08:33:17]   Epoch 066 600/1559 train_mae 1.57 kl 0.071 lr 1e-04 (102s)
[08:33:34]   Epoch 066 700/1559 train_mae 1.57 kl 0.071 lr 1e-04 (118s)
[08:33:51]   Epoch 066 800/1559 train_mae 1.57 kl 0.071 lr 1e-04 (135s)
[08:34:07]   Epoch 066 900/1559 train_mae 1.56 kl 0.070 lr 1e-04 (151s)
[08:34:22]   Epoch 066 1000/1559 train_mae 1.57 kl 0.071 lr 1e-04 (167s)
[08:34:38]   Epoch 066 1100/1559 train_mae 1.58 kl 0.071 lr 1e-04 (182s)
[08:34:55]   Epoch 066 1200/1559 train_mae 1.59 kl 0.071 lr 1e-04 (199s)
[08:35:12]   Epoch 066 1300/1559 train_mae 1.59 kl 0.071 lr 1e-04 (216s)
[08:35:27]   Epoch 066 1400/1559 train_mae 1.59 kl 0.071 lr 1e-04 (231s)
[08:35:42]   Epoch 066 1500/1559 train_mae 1.59 kl 0.071 lr 1e-04 (247s)
[08:35:52]   Epoch 066 1559/1559 train_mae 1.59 kl 0.071 lr 1e-04 (257s)
[08:36:10] [Epoch 066 완료] train MAE 1.59 | val MAE 7.13 | val RMSE 9.93 | lr 1e-04 | 개선없음 2/15
[08:36:28]   Epoch 067 100/1559 train_mae 1.59 kl 0.070 lr 1e-04 (17s)
[08:36:45]   Epoch 067 200/1559 train_mae 1.58 kl 0.070 lr 1e-04 (34s)
[08:37:02]   Epoch 067 300/1559 train_mae 1.57 kl 0.070 lr 1e-04 (51s)
[08:37:19]   Epoch 067 400/1559 train_mae 1.55 kl 0.069 lr 1e-04 (68s)
[08:37:35]   Epoch 067 500/1559 train_mae 1.57 kl 0.070 lr 1e-04 (84s)
[08:37:50]   Epoch 067 600/1559 train_mae 1.56 kl 0.069 lr 1e-04 (99s)
[08:38:05]   Epoch 067 700/1559 train_mae 1.58 kl 0.070 lr 1e-04 (115s)
[08:38:23]   Epoch 067 800/1559 train_mae 1.58 kl 0.070 lr 1e-04 (132s)
[08:38:39]   Epoch 067 900/1559 train_mae 1.57 kl 0.070 lr 1e-04 (149s)
[08:38:56]   Epoch 067 1000/1559 train_mae 1.58 kl 0.070 lr 1e-04 (166s)
[08:39:13]   Epoch 067 1100/1559 train_mae 1.58 kl 0.070 lr 1e-04 (183s)
[08:39:30]   Epoch 067 1200/1559 train_mae 1.58 kl 0.071 lr 1e-04 (200s)
[08:39:47]   Epoch 067 1300/1559 train_mae 1.58 kl 0.071 lr 1e-04 (217s)
[08:40:04]   Epoch 067 1400/1559 train_mae 1.57 kl 0.071 lr 1e-04 (234s)
[08:40:21]   Epoch 067 1500/1559 train_mae 1.58 kl 0.071 lr 1e-04 (250s)
[08:40:30]   Epoch 067 1559/1559 train_mae 1.57 kl 0.070 lr 1e-04 (259s)
[08:40:47] [Epoch 067 완료] train MAE 1.57 | val MAE 7.09 | val RMSE 10.09 | lr 1e-04 | 개선없음 3/15
[08:41:04]   Epoch 068 100/1559 train_mae 1.50 kl 0.069 lr 1e-04 (17s)
[08:41:21]   Epoch 068 200/1559 train_mae 1.57 kl 0.072 lr 1e-04 (34s)
[08:41:38]   Epoch 068 300/1559 train_mae 1.54 kl 0.071 lr 1e-04 (51s)
[08:41:55]   Epoch 068 400/1559 train_mae 1.52 kl 0.070 lr 1e-04 (68s)
[08:42:11]   Epoch 068 500/1559 train_mae 1.50 kl 0.070 lr 1e-04 (84s)
[08:42:26]   Epoch 068 600/1559 train_mae 1.51 kl 0.069 lr 1e-04 (98s)
[08:42:42]   Epoch 068 700/1559 train_mae 1.51 kl 0.069 lr 1e-04 (115s)
[08:42:59]   Epoch 068 800/1559 train_mae 1.51 kl 0.069 lr 1e-04 (132s)
[08:43:15]   Epoch 068 900/1559 train_mae 1.51 kl 0.068 lr 1e-04 (148s)
[08:43:32]   Epoch 068 1000/1559 train_mae 1.52 kl 0.069 lr 1e-04 (165s)
[08:43:49]   Epoch 068 1100/1559 train_mae 1.53 kl 0.070 lr 1e-04 (182s)
[08:44:06]   Epoch 068 1200/1559 train_mae 1.54 kl 0.070 lr 1e-04 (199s)
[08:44:23]   Epoch 068 1300/1559 train_mae 1.54 kl 0.070 lr 1e-04 (215s)
[08:44:38]   Epoch 068 1400/1559 train_mae 1.53 kl 0.070 lr 1e-04 (230s)
[08:44:53]   Epoch 068 1500/1559 train_mae 1.53 kl 0.070 lr 1e-04 (245s)
[08:45:02]   Epoch 068 1559/1559 train_mae 1.53 kl 0.070 lr 1e-04 (255s)
[08:45:22] [Epoch 068 완료] train MAE 1.53 | val MAE 7.15 | val RMSE 10.23 | lr 1e-04 | 개선없음 4/15
[08:45:39]   Epoch 069 100/1559 train_mae 1.55 kl 0.075 lr 1e-04 (17s)
[08:45:56]   Epoch 069 200/1559 train_mae 1.51 kl 0.074 lr 1e-04 (34s)
[08:46:13]   Epoch 069 300/1559 train_mae 1.49 kl 0.070 lr 1e-04 (51s)
[08:46:30]   Epoch 069 400/1559 train_mae 1.48 kl 0.070 lr 1e-04 (68s)
[08:46:46]   Epoch 069 500/1559 train_mae 1.47 kl 0.069 lr 1e-04 (84s)
[08:47:01]   Epoch 069 600/1559 train_mae 1.49 kl 0.069 lr 1e-04 (98s)
[08:47:15]   Epoch 069 700/1559 train_mae 1.51 kl 0.070 lr 1e-04 (113s)
[08:47:30]   Epoch 069 800/1559 train_mae 1.52 kl 0.071 lr 1e-04 (127s)
[08:47:45]   Epoch 069 900/1559 train_mae 1.52 kl 0.071 lr 1e-04 (143s)
[08:48:02]   Epoch 069 1000/1559 train_mae 1.53 kl 0.070 lr 1e-04 (160s)
[08:48:19]   Epoch 069 1100/1559 train_mae 1.53 kl 0.070 lr 1e-04 (177s)
[08:48:36]   Epoch 069 1200/1559 train_mae 1.52 kl 0.070 lr 1e-04 (194s)
[08:48:53]   Epoch 069 1300/1559 train_mae 1.52 kl 0.070 lr 1e-04 (211s)
[08:49:10]   Epoch 069 1400/1559 train_mae 1.52 kl 0.070 lr 1e-04 (228s)
[08:49:27]   Epoch 069 1500/1559 train_mae 1.53 kl 0.070 lr 1e-04 (245s)
[08:49:37]   Epoch 069 1559/1559 train_mae 1.52 kl 0.070 lr 1e-04 (255s)
[08:49:54] [Epoch 069 완료] train MAE 1.52 | val MAE 7.08 | val RMSE 9.98 | lr 1e-04 | 개선없음 5/15
[08:50:11]   Epoch 070 100/1559 train_mae 1.57 kl 0.075 lr 1e-04 (17s)
[08:50:28]   Epoch 070 200/1559 train_mae 1.54 kl 0.071 lr 1e-04 (33s)
[08:50:44]   Epoch 070 300/1559 train_mae 1.51 kl 0.071 lr 1e-04 (50s)
[08:51:01]   Epoch 070 400/1559 train_mae 1.50 kl 0.070 lr 1e-04 (67s)
[08:51:18]   Epoch 070 500/1559 train_mae 1.50 kl 0.069 lr 1e-04 (84s)
[08:51:35]   Epoch 070 600/1559 train_mae 1.52 kl 0.069 lr 1e-04 (101s)
[08:51:52]   Epoch 070 700/1559 train_mae 1.50 kl 0.068 lr 1e-04 (118s)
[08:52:09]   Epoch 070 800/1559 train_mae 1.50 kl 0.068 lr 1e-04 (135s)
[08:52:27]   Epoch 070 900/1559 train_mae 1.50 kl 0.069 lr 1e-04 (153s)
[08:52:44]   Epoch 070 1000/1559 train_mae 1.49 kl 0.069 lr 1e-04 (170s)
[08:53:01]   Epoch 070 1100/1559 train_mae 1.49 kl 0.068 lr 1e-04 (187s)
[08:53:18]   Epoch 070 1200/1559 train_mae 1.48 kl 0.068 lr 1e-04 (204s)
[08:53:35]   Epoch 070 1300/1559 train_mae 1.49 kl 0.068 lr 1e-04 (221s)
[08:53:52]   Epoch 070 1400/1559 train_mae 1.49 kl 0.068 lr 1e-04 (238s)
[08:54:09]   Epoch 070 1500/1559 train_mae 1.49 kl 0.068 lr 1e-04 (255s)
[08:54:19]   Epoch 070 1559/1559 train_mae 1.48 kl 0.068 lr 1e-04 (265s)
[08:54:38] [Epoch 070 완료] train MAE 1.48 | val MAE 7.09 | val RMSE 10.02 | lr 1e-04 | 개선없음 6/15
[08:54:56]   Epoch 071 100/1559 train_mae 1.43 kl 0.066 lr 1e-04 (17s)
[08:55:12]   Epoch 071 200/1559 train_mae 1.39 kl 0.066 lr 1e-04 (33s)
[08:55:27]   Epoch 071 300/1559 train_mae 1.43 kl 0.066 lr 1e-04 (48s)
[08:55:51]   Epoch 071 400/1559 train_mae 1.45 kl 0.067 lr 1e-04 (72s)
[08:56:14]   Epoch 071 500/1559 train_mae 1.45 kl 0.066 lr 1e-04 (96s)
[08:56:32]   Epoch 071 600/1559 train_mae 1.44 kl 0.066 lr 1e-04 (113s)
[08:56:49]   Epoch 071 700/1559 train_mae 1.44 kl 0.066 lr 1e-04 (130s)
[08:57:06]   Epoch 071 800/1559 train_mae 1.44 kl 0.066 lr 1e-04 (148s)
[08:57:23]   Epoch 071 900/1559 train_mae 1.46 kl 0.066 lr 1e-04 (165s)
[08:57:40]   Epoch 071 1000/1559 train_mae 1.46 kl 0.066 lr 1e-04 (181s)
[08:57:57]   Epoch 071 1100/1559 train_mae 1.45 kl 0.066 lr 1e-04 (199s)
[08:58:14]   Epoch 071 1200/1559 train_mae 1.45 kl 0.066 lr 1e-04 (216s)
[08:58:32]   Epoch 071 1300/1559 train_mae 1.46 kl 0.066 lr 1e-04 (233s)
[08:58:49]   Epoch 071 1400/1559 train_mae 1.46 kl 0.066 lr 1e-04 (250s)
[08:59:06]   Epoch 071 1500/1559 train_mae 1.47 kl 0.066 lr 1e-04 (267s)
[08:59:16]   Epoch 071 1559/1559 train_mae 1.47 kl 0.066 lr 1e-04 (277s)
[08:59:35] [Epoch 071 완료] train MAE 1.47 | val MAE 7.05 | val RMSE 9.89 | lr 1e-04 | 개선없음 7/15
[08:59:53]   Epoch 072 100/1559 train_mae 1.45 kl 0.062 lr 1e-04 (17s)
[09:00:10]   Epoch 072 200/1559 train_mae 1.50 kl 0.065 lr 1e-04 (34s)
[09:00:27]   Epoch 072 300/1559 train_mae 1.50 kl 0.065 lr 1e-04 (51s)
[09:00:44]   Epoch 072 400/1559 train_mae 1.50 kl 0.065 lr 1e-04 (68s)
[09:01:01]   Epoch 072 500/1559 train_mae 1.46 kl 0.064 lr 1e-04 (86s)
[09:01:18]   Epoch 072 600/1559 train_mae 1.45 kl 0.065 lr 1e-04 (103s)
[09:01:36]   Epoch 072 700/1559 train_mae 1.45 kl 0.064 lr 1e-04 (120s)
[09:01:53]   Epoch 072 800/1559 train_mae 1.45 kl 0.064 lr 1e-04 (137s)
[09:02:10]   Epoch 072 900/1559 train_mae 1.45 kl 0.064 lr 1e-04 (154s)
[09:02:27]   Epoch 072 1000/1559 train_mae 1.44 kl 0.064 lr 1e-04 (171s)
[09:02:44]   Epoch 072 1100/1559 train_mae 1.44 kl 0.064 lr 1e-04 (188s)
[09:03:01]   Epoch 072 1200/1559 train_mae 1.44 kl 0.064 lr 1e-04 (205s)
[09:03:18]   Epoch 072 1300/1559 train_mae 1.45 kl 0.064 lr 1e-04 (222s)
[09:03:35]   Epoch 072 1400/1559 train_mae 1.45 kl 0.064 lr 1e-04 (239s)
[09:03:52]   Epoch 072 1500/1559 train_mae 1.45 kl 0.064 lr 1e-04 (256s)
[09:04:02]   Epoch 072 1559/1559 train_mae 1.45 kl 0.064 lr 1e-04 (266s)
[09:04:19] [Epoch 072 완료] train MAE 1.45 | val MAE 7.11 | val RMSE 9.90 | lr 1e-04 | 개선없음 8/15
[09:04:36]   Epoch 073 100/1559 train_mae 1.40 kl 0.065 lr 1e-04 (17s)
[09:04:53]   Epoch 073 200/1559 train_mae 1.41 kl 0.065 lr 1e-04 (34s)
[09:05:10]   Epoch 073 300/1559 train_mae 1.39 kl 0.065 lr 1e-04 (51s)
[09:05:27]   Epoch 073 400/1559 train_mae 1.40 kl 0.065 lr 1e-04 (68s)
[09:05:44]   Epoch 073 500/1559 train_mae 1.42 kl 0.065 lr 1e-04 (85s)
[09:06:01]   Epoch 073 600/1559 train_mae 1.42 kl 0.065 lr 1e-04 (102s)
[09:06:18]   Epoch 073 700/1559 train_mae 1.42 kl 0.065 lr 1e-04 (119s)
[09:06:36]   Epoch 073 800/1559 train_mae 1.42 kl 0.065 lr 1e-04 (137s)
[09:06:53]   Epoch 073 900/1559 train_mae 1.43 kl 0.065 lr 1e-04 (154s)
[09:07:10]   Epoch 073 1000/1559 train_mae 1.43 kl 0.065 lr 1e-04 (171s)
[09:07:27]   Epoch 073 1100/1559 train_mae 1.43 kl 0.065 lr 1e-04 (188s)
[09:07:44]   Epoch 073 1200/1559 train_mae 1.43 kl 0.065 lr 1e-04 (205s)
[09:08:01]   Epoch 073 1300/1559 train_mae 1.43 kl 0.065 lr 1e-04 (222s)
[09:08:18]   Epoch 073 1400/1559 train_mae 1.44 kl 0.065 lr 1e-04 (239s)
[09:08:35]   Epoch 073 1500/1559 train_mae 1.44 kl 0.066 lr 1e-04 (256s)
[09:08:45]   Epoch 073 1559/1559 train_mae 1.44 kl 0.066 lr 1e-04 (266s)
[09:09:03] [Epoch 073 완료] train MAE 1.44 | val MAE 7.10 | val RMSE 10.10 | lr 1e-04 | 개선없음 9/15
[09:09:20]   Epoch 074 100/1559 train_mae 1.40 kl 0.065 lr 1e-04 (17s)
[09:09:37]   Epoch 074 200/1559 train_mae 1.39 kl 0.064 lr 1e-04 (34s)
[09:09:54]   Epoch 074 300/1559 train_mae 1.38 kl 0.064 lr 1e-04 (51s)
[09:10:11]   Epoch 074 400/1559 train_mae 1.40 kl 0.065 lr 1e-04 (68s)
[09:10:28]   Epoch 074 500/1559 train_mae 1.40 kl 0.064 lr 1e-04 (85s)
[09:10:46]   Epoch 074 600/1559 train_mae 1.42 kl 0.065 lr 1e-04 (102s)
[09:11:03]   Epoch 074 700/1559 train_mae 1.42 kl 0.064 lr 1e-04 (119s)
[09:11:20]   Epoch 074 800/1559 train_mae 1.40 kl 0.064 lr 1e-04 (136s)
[09:11:37]   Epoch 074 900/1559 train_mae 1.42 kl 0.064 lr 1e-04 (153s)
[09:11:54]   Epoch 074 1000/1559 train_mae 1.42 kl 0.064 lr 1e-04 (170s)
[09:12:11]   Epoch 074 1100/1559 train_mae 1.42 kl 0.064 lr 1e-04 (188s)
[09:12:28]   Epoch 074 1200/1559 train_mae 1.42 kl 0.064 lr 1e-04 (205s)
[09:12:45]   Epoch 074 1300/1559 train_mae 1.42 kl 0.064 lr 1e-04 (222s)
[09:13:02]   Epoch 074 1400/1559 train_mae 1.42 kl 0.064 lr 1e-04 (239s)
[09:13:19]   Epoch 074 1500/1559 train_mae 1.42 kl 0.064 lr 1e-04 (256s)
[09:13:29]   Epoch 074 1559/1559 train_mae 1.42 kl 0.065 lr 1e-04 (266s)
[09:13:46] [Epoch 074 완료] train MAE 1.42 | val MAE 7.07 | val RMSE 9.89 | lr 1e-04 | 개선없음 10/15
[09:14:04]   Epoch 075 100/1559 train_mae 1.39 kl 0.066 lr 1e-04 (17s)
[09:14:21]   Epoch 075 200/1559 train_mae 1.35 kl 0.063 lr 1e-04 (34s)
[09:14:38]   Epoch 075 300/1559 train_mae 1.37 kl 0.064 lr 1e-04 (51s)
[09:14:55]   Epoch 075 400/1559 train_mae 1.38 kl 0.064 lr 1e-04 (68s)
[09:15:12]   Epoch 075 500/1559 train_mae 1.38 kl 0.064 lr 1e-04 (85s)
[09:15:29]   Epoch 075 600/1559 train_mae 1.39 kl 0.064 lr 1e-04 (102s)
[09:15:46]   Epoch 075 700/1559 train_mae 1.41 kl 0.064 lr 1e-04 (119s)
[09:16:03]   Epoch 075 800/1559 train_mae 1.42 kl 0.065 lr 1e-04 (136s)
[09:16:20]   Epoch 075 900/1559 train_mae 1.41 kl 0.064 lr 1e-04 (153s)
[09:16:37]   Epoch 075 1000/1559 train_mae 1.41 kl 0.064 lr 1e-04 (170s)
[09:16:54]   Epoch 075 1100/1559 train_mae 1.41 kl 0.064 lr 1e-04 (188s)
[09:17:11]   Epoch 075 1200/1559 train_mae 1.41 kl 0.065 lr 1e-04 (205s)
[09:17:29]   Epoch 075 1300/1559 train_mae 1.42 kl 0.065 lr 1e-04 (222s)
[09:17:46]   Epoch 075 1400/1559 train_mae 1.42 kl 0.065 lr 1e-04 (239s)
[09:18:02]   Epoch 075 1500/1559 train_mae 1.42 kl 0.065 lr 1e-04 (255s)
[09:18:11]   Epoch 075 1559/1559 train_mae 1.42 kl 0.065 lr 1e-04 (264s)
[09:18:31] [Epoch 075 완료] train MAE 1.42 | val MAE 7.08 | val RMSE 10.05 | lr 1e-04 | 개선없음 11/15
[09:18:48]   Epoch 076 100/1559 train_mae 1.42 kl 0.065 lr 1e-04 (17s)
[09:19:05]   Epoch 076 200/1559 train_mae 1.41 kl 0.065 lr 1e-04 (34s)
[09:19:22]   Epoch 076 300/1559 train_mae 1.40 kl 0.062 lr 1e-04 (51s)
[09:19:39]   Epoch 076 400/1559 train_mae 1.39 kl 0.062 lr 1e-04 (68s)
[09:19:57]   Epoch 076 500/1559 train_mae 1.39 kl 0.062 lr 1e-04 (86s)
[09:20:14]   Epoch 076 600/1559 train_mae 1.39 kl 0.062 lr 1e-04 (103s)
[09:20:31]   Epoch 076 700/1559 train_mae 1.40 kl 0.063 lr 1e-04 (120s)
[09:20:48]   Epoch 076 800/1559 train_mae 1.39 kl 0.063 lr 1e-04 (137s)
[09:21:05]   Epoch 076 900/1559 train_mae 1.38 kl 0.064 lr 1e-04 (154s)
[09:21:22]   Epoch 076 1000/1559 train_mae 1.38 kl 0.064 lr 1e-04 (171s)
[09:21:39]   Epoch 076 1100/1559 train_mae 1.39 kl 0.064 lr 1e-04 (188s)
[09:21:56]   Epoch 076 1200/1559 train_mae 1.40 kl 0.065 lr 1e-04 (205s)
[09:22:13]   Epoch 076 1300/1559 train_mae 1.39 kl 0.065 lr 1e-04 (222s)
[09:22:30]   Epoch 076 1400/1559 train_mae 1.39 kl 0.065 lr 1e-04 (239s)
[09:22:47]   Epoch 076 1500/1559 train_mae 1.39 kl 0.065 lr 1e-04 (256s)
[09:22:57]   Epoch 076 1559/1559 train_mae 1.38 kl 0.065 lr 1e-04 (266s)
[09:23:14] [Epoch 076 완료] train MAE 1.38 | val MAE 7.09 | val RMSE 10.07 | lr 1e-04 | 개선없음 12/15
[09:23:31]   Epoch 077 100/1559 train_mae 1.34 kl 0.064 lr 1e-04 (17s)
[09:23:48]   Epoch 077 200/1559 train_mae 1.41 kl 0.067 lr 1e-04 (34s)
[09:24:05]   Epoch 077 300/1559 train_mae 1.40 kl 0.066 lr 1e-04 (51s)
[09:24:22]   Epoch 077 400/1559 train_mae 1.39 kl 0.065 lr 1e-04 (68s)
[09:24:39]   Epoch 077 500/1559 train_mae 1.40 kl 0.065 lr 1e-04 (85s)
[09:24:57]   Epoch 077 600/1559 train_mae 1.41 kl 0.065 lr 1e-04 (102s)
[09:25:14]   Epoch 077 700/1559 train_mae 1.41 kl 0.065 lr 1e-04 (119s)
[09:25:31]   Epoch 077 800/1559 train_mae 1.41 kl 0.065 lr 1e-04 (136s)
[09:25:48]   Epoch 077 900/1559 train_mae 1.40 kl 0.064 lr 1e-04 (153s)
[09:26:05]   Epoch 077 1000/1559 train_mae 1.39 kl 0.064 lr 1e-04 (170s)
[09:26:22]   Epoch 077 1100/1559 train_mae 1.39 kl 0.064 lr 1e-04 (187s)
[09:26:39]   Epoch 077 1200/1559 train_mae 1.39 kl 0.064 lr 1e-04 (204s)
[09:26:56]   Epoch 077 1300/1559 train_mae 1.39 kl 0.064 lr 1e-04 (221s)
[09:27:12]   Epoch 077 1400/1559 train_mae 1.39 kl 0.064 lr 1e-04 (238s)
[09:27:29]   Epoch 077 1500/1559 train_mae 1.39 kl 0.064 lr 1e-04 (255s)
[09:27:39]   Epoch 077 1559/1559 train_mae 1.39 kl 0.064 lr 1e-04 (265s)
[09:27:59] [Epoch 077 완료] train MAE 1.39 | val MAE 7.10 | val RMSE 10.06 | lr 1e-04 | 개선없음 13/15
[09:28:16]   Epoch 078 100/1559 train_mae 1.36 kl 0.060 lr 1e-04 (17s)
[09:28:33]   Epoch 078 200/1559 train_mae 1.37 kl 0.063 lr 1e-04 (34s)
[09:28:50]   Epoch 078 300/1559 train_mae 1.38 kl 0.063 lr 1e-04 (51s)
[09:29:07]   Epoch 078 400/1559 train_mae 1.36 kl 0.063 lr 1e-04 (68s)
[09:29:24]   Epoch 078 500/1559 train_mae 1.36 kl 0.063 lr 1e-04 (85s)
[09:29:41]   Epoch 078 600/1559 train_mae 1.36 kl 0.063 lr 1e-04 (102s)
[09:29:58]   Epoch 078 700/1559 train_mae 1.35 kl 0.064 lr 1e-04 (119s)
[09:30:15]   Epoch 078 800/1559 train_mae 1.36 kl 0.064 lr 1e-04 (136s)
[09:30:32]   Epoch 078 900/1559 train_mae 1.36 kl 0.065 lr 1e-04 (153s)
[09:30:49]   Epoch 078 1000/1559 train_mae 1.35 kl 0.064 lr 1e-04 (170s)
[09:31:06]   Epoch 078 1100/1559 train_mae 1.37 kl 0.065 lr 1e-04 (187s)
[09:31:24]   Epoch 078 1200/1559 train_mae 1.37 kl 0.064 lr 1e-04 (204s)
[09:31:40]   Epoch 078 1300/1559 train_mae 1.37 kl 0.065 lr 1e-04 (221s)
[09:31:57]   Epoch 078 1400/1559 train_mae 1.37 kl 0.065 lr 1e-04 (238s)
[09:32:15]   Epoch 078 1500/1559 train_mae 1.37 kl 0.065 lr 1e-04 (255s)
[09:32:25]   Epoch 078 1559/1559 train_mae 1.38 kl 0.065 lr 1e-04 (265s)
[09:32:44] [Epoch 078 완료] train MAE 1.38 | val MAE 7.06 | val RMSE 10.12 | lr 1e-04 | 개선없음 14/15
[09:33:02]   Epoch 079 100/1559 train_mae 1.34 kl 0.065 lr 1e-04 (17s)
[09:33:19]   Epoch 079 200/1559 train_mae 1.33 kl 0.063 lr 1e-04 (34s)
[09:33:36]   Epoch 079 300/1559 train_mae 1.35 kl 0.064 lr 1e-04 (51s)
[09:33:53]   Epoch 079 400/1559 train_mae 1.37 kl 0.064 lr 1e-04 (68s)
[09:34:10]   Epoch 079 500/1559 train_mae 1.37 kl 0.064 lr 1e-04 (85s)
[09:34:27]   Epoch 079 600/1559 train_mae 1.36 kl 0.064 lr 1e-04 (102s)
[09:34:44]   Epoch 079 700/1559 train_mae 1.36 kl 0.064 lr 1e-04 (119s)
[09:35:01]   Epoch 079 800/1559 train_mae 1.36 kl 0.064 lr 1e-04 (137s)
[09:35:18]   Epoch 079 900/1559 train_mae 1.36 kl 0.064 lr 1e-04 (154s)
[09:35:35]   Epoch 079 1000/1559 train_mae 1.37 kl 0.065 lr 1e-04 (171s)
[09:35:52]   Epoch 079 1100/1559 train_mae 1.37 kl 0.065 lr 1e-04 (188s)
[09:36:10]   Epoch 079 1200/1559 train_mae 1.36 kl 0.064 lr 1e-04 (205s)
[09:36:27]   Epoch 079 1300/1559 train_mae 1.36 kl 0.064 lr 1e-04 (222s)
[09:36:44]   Epoch 079 1400/1559 train_mae 1.36 kl 0.064 lr 1e-04 (239s)
[09:36:59]   Epoch 079 1500/1559 train_mae 1.36 kl 0.064 lr 1e-04 (254s)
[09:37:09]   Epoch 079 1559/1559 train_mae 1.36 kl 0.064 lr 1e-04 (264s)
[09:37:27] [Epoch 079 완료] train MAE 1.36 | val MAE 7.11 | val RMSE 10.08 | lr 1e-04 | 개선없음 15/15
[09:37:27] 조기종료: 15에폭 연속 개선 없음 | 최고 val MAE 6.99 @ epoch 64
================================================================
[09:37:27] 최종 평가 (best.pt 로드)
[09:37:28] [backbone] timm 'legacy_xception' 로드 완료 (pretrained=False)
[09:37:28] [reg] backbone out (2048, 18, 18) -> z 6,400 | params 27.1M
[09:37:28] best.pt 로드 | 채널 ['hand', 'r1', 'erased'] | lambda 0.5 | delta 15.0
[09:37:28]  split |      N |  MAE(mo) |  RMSE(mo) |    bias
[09:40:10]  train | 12,473 |     1.38 |      2.03 |   +0.01
[09:40:28]    val |  1,386 |     6.99 |      9.91 |   -0.36
[09:40:40]   test |    195 |     5.93 |      7.81 |   -0.22
[09:40:48] 나이 분포 저장: G:\Project\sinra_cho\checkpoints_attention_v7\age_distribution.png
==========================================================
Attention + LDL 골연령 | 채널 hand+r1+erased
2026-08-03 09:37
==========================================================
 split |      N |  MAE(mo) |  RMSE(mo) |    bias
 train | 12,473 |     1.38 |      2.03 |   +0.01
   val |  1,386 |     6.99 |      9.91 |   -0.36
  test |    195 |     5.93 |      7.81 |   -0.22
----------------------------------------------------------
[test 연령대별]
  group |     N |    MAE |   RMSE |   bias
   0-4y |     8 |   4.79 |   5.62 |  +2.11
   4-8y |    33 |   7.74 |   9.62 |  +3.19
  8-12y |    64 |   6.74 |   9.08 |  +0.57
 12-16y |    79 |   4.32 |   5.43 |  -1.84
   >16y |    11 |   8.09 |   9.48 |  -5.13
==========================================================
[09:40:49] 결과 저장: G:\Project\sinra_cho\checkpoints_attention_v7\results.txt
[09:40:49] 추론 함수 준비 완료 · best.pt: G:\Project\sinra_cho\checkpoints_attention_v7\best.pt
[09:40:49] === 전체 완료 ===
