================================================================
[00:41:54] Attention(R1/R2) + LDL 골연령 - v2 (손 크롭 폴더 입력) 시작
[00:41:54] PyTorch 2.6.0+cu124 | torchvision 0.21.0+cu124 | timm 1.0.28
[00:41:54] device cuda | CUDA True
[GPU-GUARD] (inproc) 바로 실행 — 티켓 23번 infer 16000MiB
[00:41:54] GPU NVIDIA A100 80GB PCIe | CUDA 12.4
[00:41:54] BASE_DIR       G:\Project\sinra_cho
[00:41:54] HAND_CROP_DIR  G:\Project\sinra_cho\yolo_crop
[00:41:54] 채널 ('hand', 'r1', 'r2') | tau(R1/R2) 30/30 | 정규화 div255 | 증강 False
================================================================
[00:41:54]   TRAIN_CSV OK  G:\Project\sinra_cho\yolo_crop_csv\train.csv
[00:41:54]   VAL_CSV   OK  G:\Project\sinra_cho\yolo_crop_csv\Validation Dataset.csv
[00:41:54]   TEST_CSV  OK  G:\Project\sinra_cho\yolo_crop_csv\Bone age ground truth.csv
[00:41:54]   손크롭 train OK  G:\Project\sinra_cho\yolo_crop\train  (파일 12,611장)
[00:41:54]   손크롭 val   OK  G:\Project\sinra_cho\yolo_crop\validation  (파일 1,425장)
[00:41:54]   손크롭 test  OK  G:\Project\sinra_cho\yolo_crop\test  (파일 200장)
[00:41:54]   · train: 라벨 12,611 -> 사용 12,473 (제외/미크롭 138)
[00:41:54]   · val: 라벨 1,425 -> 사용 1,386 (제외/미크롭 39)
[00:41:54]   · test: 라벨 200 -> 사용 195 (제외/미크롭 5)
[00:41:54] 최종 | train 12,473 | val 1,386 | test 195 | 나이 127.6±40.9개월 | 남 54.2%
[00:41:54] hand560 캐시 생성: 정규화(percentile) -> TopHat(add,rect,frac0.1) -> CLAHE(2.0,8) -> scale(per_image) -> pad(auto) -> 560px
[00:44:02]   hand560 train 2000/12473
[00:46:05]   hand560 train 4000/12473
[00:48:28]   hand560 train 6000/12473
[00:50:52]   hand560 train 8000/12473
[00:53:05]   hand560 train 10000/12473
[00:55:22]   hand560 train 12000/12473
[00:55:51] [hand560:train] 생성 12473 | 스킵 0 | 실패 0
[00:57:31] [hand560:val] 생성 1386 | 스킵 0 | 실패 0
[00:57:44] [hand560:test] 생성 195 | 스킵 0 | 실패 0
[00:57:44]   Top-Hat 커널 중앙값 133px (뼈 굵기 84~88px 보다 커야 정상) | 패딩 비율 중앙값 23.8%
[00:57:44] hand560 캐시 완료
[00:57:45] 캐시 확인 후 | train 12,473 | val 1,386 | test 195
[00:57:45] ### Phase I : R1(수근골) / R2(중수골) 독립 국소화 + Erased ###
[00:57:45]   R1 밴드 {'x0': 0.12, 'y0': 0.52, 'x1': 0.88, 'y1': 0.98} | R2 밴드 {'x0': 0.06, 'y0': 0.1, 'x1': 0.94, 'y1': 0.62} | clamp True
[00:57:45]   크기 맞추기: 자른 뒤 패딩(왜곡 0)
[00:57:45] [cls-r1] 분류 모델 학습 | pool=gmp src=hand560 size=560 epochs=70
[00:57:46] [backbone] timm 'inception_v3' 로드 완료 (pretrained=True)
[00:57:46] [cls-gmp] feat (2048, 16, 16) -> FC 2048->240
[00:58:05]   [cls-r1] ep01 100/1559 loss 0.2716 lr 3e-04 (19s)
[00:58:19]   [cls-r1] ep01 200/1559 loss 0.2123 lr 3e-04 (33s)
[00:58:33]   [cls-r1] ep01 300/1559 loss 0.1864 lr 3e-04 (47s)
[00:58:50]   [cls-r1] ep01 400/1559 loss 0.1703 lr 3e-04 (63s)
[00:59:03]   [cls-r1] ep01 500/1559 loss 0.1589 lr 3e-04 (77s)
[00:59:17]   [cls-r1] ep01 600/1559 loss 0.1512 lr 3e-04 (91s)
[00:59:33]   [cls-r1] ep01 700/1559 loss 0.1455 lr 3e-04 (107s)
[00:59:51]   [cls-r1] ep01 800/1559 loss 0.1402 lr 3e-04 (125s)
[01:00:09]   [cls-r1] ep01 900/1559 loss 0.1363 lr 3e-04 (143s)
[01:00:27]   [cls-r1] ep01 1000/1559 loss 0.1327 lr 3e-04 (160s)
[01:00:45]   [cls-r1] ep01 1100/1559 loss 0.1297 lr 3e-04 (178s)
[01:01:02]   [cls-r1] ep01 1200/1559 loss 0.1271 lr 3e-04 (196s)
[01:01:20]   [cls-r1] ep01 1300/1559 loss 0.1249 lr 3e-04 (214s)
[01:01:38]   [cls-r1] ep01 1400/1559 loss 0.1230 lr 3e-04 (231s)
[01:01:52]   [cls-r1] ep01 1500/1559 loss 0.1209 lr 3e-04 (246s)
[01:02:01]   [cls-r1] ep01 1559/1559 loss 0.1195 lr 3e-04 (254s)
[01:02:18]   [cls-r1] Epoch 01 완료 | train L1 0.1195 | val argmax-MAE 12.27 | * best 저장 (12.27)
[01:02:29]   [cls-r1] ep02 100/1559 loss 0.0879 lr 3e-04 (10s)
[01:02:38]   [cls-r1] ep02 200/1559 loss 0.0873 lr 3e-04 (19s)
[01:02:47]   [cls-r1] ep02 300/1559 loss 0.0865 lr 3e-04 (28s)
[01:02:56]   [cls-r1] ep02 400/1559 loss 0.0868 lr 3e-04 (37s)
[01:03:05]   [cls-r1] ep02 500/1559 loss 0.0866 lr 3e-04 (46s)
[01:03:16]   [cls-r1] ep02 600/1559 loss 0.0856 lr 3e-04 (57s)
[01:03:27]   [cls-r1] ep02 700/1559 loss 0.0852 lr 3e-04 (69s)
[01:03:39]   [cls-r1] ep02 800/1559 loss 0.0846 lr 3e-04 (81s)
[01:03:51]   [cls-r1] ep02 900/1559 loss 0.0845 lr 3e-04 (92s)
[01:04:03]   [cls-r1] ep02 1000/1559 loss 0.0846 lr 3e-04 (104s)
[01:04:15]   [cls-r1] ep02 1100/1559 loss 0.0846 lr 3e-04 (116s)
[01:04:26]   [cls-r1] ep02 1200/1559 loss 0.0848 lr 3e-04 (128s)
[01:04:38]   [cls-r1] ep02 1300/1559 loss 0.0848 lr 3e-04 (139s)
[01:04:50]   [cls-r1] ep02 1400/1559 loss 0.0849 lr 3e-04 (151s)
[01:05:02]   [cls-r1] ep02 1500/1559 loss 0.0847 lr 3e-04 (163s)
[01:05:09]   [cls-r1] ep02 1559/1559 loss 0.0845 lr 3e-04 (170s)
[01:05:18]   [cls-r1] Epoch 02 완료 | train L1 0.0845 | val argmax-MAE 9.88 | * best 저장 (9.88)
[01:05:29]   [cls-r1] ep03 100/1559 loss 0.0726 lr 3e-04 (10s)
[01:05:38]   [cls-r1] ep03 200/1559 loss 0.0740 lr 3e-04 (19s)
[01:05:46]   [cls-r1] ep03 300/1559 loss 0.0741 lr 3e-04 (28s)
[01:05:56]   [cls-r1] ep03 400/1559 loss 0.0745 lr 3e-04 (37s)
[01:06:05]   [cls-r1] ep03 500/1559 loss 0.0759 lr 3e-04 (46s)
[01:06:15]   [cls-r1] ep03 600/1559 loss 0.0757 lr 3e-04 (56s)
[01:06:24]   [cls-r1] ep03 700/1559 loss 0.0759 lr 3e-04 (65s)
[01:06:33]   [cls-r1] ep03 800/1559 loss 0.0764 lr 3e-04 (74s)
[01:06:42]   [cls-r1] ep03 900/1559 loss 0.0763 lr 3e-04 (83s)
[01:06:51]   [cls-r1] ep03 1000/1559 loss 0.0761 lr 3e-04 (92s)
[01:07:02]   [cls-r1] ep03 1100/1559 loss 0.0759 lr 3e-04 (103s)
[01:07:14]   [cls-r1] ep03 1200/1559 loss 0.0760 lr 3e-04 (115s)
[01:07:25]   [cls-r1] ep03 1300/1559 loss 0.0758 lr 3e-04 (127s)
[01:07:37]   [cls-r1] ep03 1400/1559 loss 0.0757 lr 3e-04 (138s)
[01:07:49]   [cls-r1] ep03 1500/1559 loss 0.0758 lr 3e-04 (150s)
[01:07:56]   [cls-r1] ep03 1559/1559 loss 0.0759 lr 3e-04 (157s)
[01:08:06]   [cls-r1] Epoch 03 완료 | train L1 0.0759 | val argmax-MAE 10.15 | 개선없음 1/8
[01:08:18]   [cls-r1] ep04 100/1559 loss 0.0679 lr 3e-04 (12s)
[01:08:30]   [cls-r1] ep04 200/1559 loss 0.0680 lr 3e-04 (24s)
[01:08:41]   [cls-r1] ep04 300/1559 loss 0.0683 lr 3e-04 (35s)
[01:08:53]   [cls-r1] ep04 400/1559 loss 0.0693 lr 3e-04 (47s)
[01:09:05]   [cls-r1] ep04 500/1559 loss 0.0699 lr 3e-04 (59s)
[01:09:15]   [cls-r1] ep04 600/1559 loss 0.0700 lr 3e-04 (69s)
[01:09:24]   [cls-r1] ep04 700/1559 loss 0.0702 lr 3e-04 (78s)
[01:09:33]   [cls-r1] ep04 800/1559 loss 0.0702 lr 3e-04 (87s)
[01:09:43]   [cls-r1] ep04 900/1559 loss 0.0703 lr 3e-04 (97s)
[01:09:52]   [cls-r1] ep04 1000/1559 loss 0.0699 lr 3e-04 (106s)
[01:10:02]   [cls-r1] ep04 1100/1559 loss 0.0700 lr 3e-04 (116s)
[01:10:11]   [cls-r1] ep04 1200/1559 loss 0.0701 lr 3e-04 (125s)
[01:10:20]   [cls-r1] ep04 1300/1559 loss 0.0700 lr 3e-04 (134s)
[01:10:29]   [cls-r1] ep04 1400/1559 loss 0.0699 lr 3e-04 (143s)
[01:10:38]   [cls-r1] ep04 1500/1559 loss 0.0699 lr 3e-04 (152s)
[01:10:44]   [cls-r1] ep04 1559/1559 loss 0.0698 lr 3e-04 (158s)
[01:10:54]   [cls-r1] Epoch 04 완료 | train L1 0.0698 | val argmax-MAE 9.25 | * best 저장 (9.25)
[01:11:06]   [cls-r1] ep05 100/1559 loss 0.0632 lr 3e-04 (12s)
[01:11:17]   [cls-r1] ep05 200/1559 loss 0.0619 lr 3e-04 (23s)
[01:11:29]   [cls-r1] ep05 300/1559 loss 0.0630 lr 3e-04 (35s)
[01:11:41]   [cls-r1] ep05 400/1559 loss 0.0632 lr 3e-04 (47s)
[01:11:53]   [cls-r1] ep05 500/1559 loss 0.0634 lr 3e-04 (58s)
[01:12:04]   [cls-r1] ep05 600/1559 loss 0.0639 lr 3e-04 (70s)
[01:12:16]   [cls-r1] ep05 700/1559 loss 0.0638 lr 3e-04 (82s)
[01:12:28]   [cls-r1] ep05 800/1559 loss 0.0639 lr 3e-04 (94s)
[01:12:40]   [cls-r1] ep05 900/1559 loss 0.0638 lr 3e-04 (105s)
[01:12:51]   [cls-r1] ep05 1000/1559 loss 0.0641 lr 3e-04 (117s)
[01:13:01]   [cls-r1] ep05 1100/1559 loss 0.0641 lr 3e-04 (127s)
[01:13:10]   [cls-r1] ep05 1200/1559 loss 0.0640 lr 3e-04 (136s)
[01:13:19]   [cls-r1] ep05 1300/1559 loss 0.0640 lr 3e-04 (145s)
[01:13:28]   [cls-r1] ep05 1400/1559 loss 0.0641 lr 3e-04 (154s)
[01:13:38]   [cls-r1] ep05 1500/1559 loss 0.0644 lr 3e-04 (163s)
[01:13:44]   [cls-r1] ep05 1559/1559 loss 0.0643 lr 3e-04 (169s)
[01:13:52]   [cls-r1] Epoch 05 완료 | train L1 0.0643 | val argmax-MAE 8.86 | * best 저장 (8.86)
[01:14:01]   [cls-r1] ep06 100/1559 loss 0.0590 lr 3e-04 (9s)
[01:14:09]   [cls-r1] ep06 200/1559 loss 0.0576 lr 3e-04 (18s)
[01:14:18]   [cls-r1] ep06 300/1559 loss 0.0587 lr 3e-04 (26s)
[01:14:29]   [cls-r1] ep06 400/1559 loss 0.0584 lr 3e-04 (37s)
[01:14:40]   [cls-r1] ep06 500/1559 loss 0.0583 lr 3e-04 (49s)
[01:14:52]   [cls-r1] ep06 600/1559 loss 0.0585 lr 3e-04 (60s)
[01:15:04]   [cls-r1] ep06 700/1559 loss 0.0581 lr 3e-04 (72s)
[01:15:16]   [cls-r1] ep06 800/1559 loss 0.0581 lr 3e-04 (84s)
[01:15:28]   [cls-r1] ep06 900/1559 loss 0.0583 lr 3e-04 (96s)
[01:15:40]   [cls-r1] ep06 1000/1559 loss 0.0588 lr 3e-04 (108s)
[01:15:51]   [cls-r1] ep06 1100/1559 loss 0.0588 lr 3e-04 (119s)
[01:16:03]   [cls-r1] ep06 1200/1559 loss 0.0588 lr 3e-04 (131s)
[01:16:15]   [cls-r1] ep06 1300/1559 loss 0.0589 lr 3e-04 (143s)
[01:16:27]   [cls-r1] ep06 1400/1559 loss 0.0589 lr 3e-04 (155s)
[01:16:38]   [cls-r1] ep06 1500/1559 loss 0.0589 lr 3e-04 (166s)
[01:16:44]   [cls-r1] ep06 1559/1559 loss 0.0588 lr 3e-04 (172s)
[01:16:52]   [cls-r1] Epoch 06 완료 | train L1 0.0588 | val argmax-MAE 10.03 | 개선없음 1/8
[01:17:01]   [cls-r1] ep07 100/1559 loss 0.0526 lr 3e-04 (9s)
[01:17:11]   [cls-r1] ep07 200/1559 loss 0.0524 lr 3e-04 (18s)
[01:17:20]   [cls-r1] ep07 300/1559 loss 0.0532 lr 3e-04 (28s)
[01:17:30]   [cls-r1] ep07 400/1559 loss 0.0545 lr 3e-04 (38s)
[01:17:39]   [cls-r1] ep07 500/1559 loss 0.0542 lr 3e-04 (47s)
[01:17:48]   [cls-r1] ep07 600/1559 loss 0.0542 lr 3e-04 (56s)
[01:17:57]   [cls-r1] ep07 700/1559 loss 0.0544 lr 3e-04 (65s)
[01:18:06]   [cls-r1] ep07 800/1559 loss 0.0544 lr 3e-04 (74s)
[01:18:17]   [cls-r1] ep07 900/1559 loss 0.0543 lr 3e-04 (85s)
[01:18:29]   [cls-r1] ep07 1000/1559 loss 0.0546 lr 3e-04 (97s)
[01:18:41]   [cls-r1] ep07 1100/1559 loss 0.0547 lr 3e-04 (108s)
[01:18:52]   [cls-r1] ep07 1200/1559 loss 0.0546 lr 3e-04 (120s)
[01:19:04]   [cls-r1] ep07 1300/1559 loss 0.0546 lr 3e-04 (132s)
[01:19:16]   [cls-r1] ep07 1400/1559 loss 0.0547 lr 3e-04 (143s)
[01:19:27]   [cls-r1] ep07 1500/1559 loss 0.0546 lr 3e-04 (155s)
[01:19:34]   [cls-r1] ep07 1559/1559 loss 0.0548 lr 3e-04 (162s)
[01:19:44]   [cls-r1] Epoch 07 완료 | train L1 0.0548 | val argmax-MAE 10.18 | 개선없음 2/8
[01:19:56]   [cls-r1] ep08 100/1559 loss 0.0461 lr 3e-04 (12s)
[01:20:08]   [cls-r1] ep08 200/1559 loss 0.0475 lr 3e-04 (23s)
[01:20:19]   [cls-r1] ep08 300/1559 loss 0.0479 lr 3e-04 (35s)
[01:20:29]   [cls-r1] ep08 400/1559 loss 0.0483 lr 3e-04 (44s)
[01:20:38]   [cls-r1] ep08 500/1559 loss 0.0489 lr 3e-04 (53s)
[01:20:47]   [cls-r1] ep08 600/1559 loss 0.0490 lr 3e-04 (62s)
[01:20:55]   [cls-r1] ep08 700/1559 loss 0.0493 lr 3e-04 (71s)
[01:21:05]   [cls-r1] ep08 800/1559 loss 0.0498 lr 3e-04 (81s)
[01:21:15]   [cls-r1] ep08 900/1559 loss 0.0500 lr 3e-04 (90s)
[01:21:23]   [cls-r1] ep08 1000/1559 loss 0.0500 lr 3e-04 (99s)
[01:21:33]   [cls-r1] ep08 1100/1559 loss 0.0499 lr 3e-04 (108s)
[01:21:42]   [cls-r1] ep08 1200/1559 loss 0.0501 lr 3e-04 (117s)
[01:21:51]   [cls-r1] ep08 1300/1559 loss 0.0503 lr 3e-04 (127s)
[01:22:03]   [cls-r1] ep08 1400/1559 loss 0.0504 lr 3e-04 (139s)
[01:22:15]   [cls-r1] ep08 1500/1559 loss 0.0505 lr 3e-04 (150s)
[01:22:21]   [cls-r1] ep08 1559/1559 loss 0.0504 lr 3e-04 (157s)
[01:22:31]   [cls-r1] Epoch 08 완료 | train L1 0.0504 | val argmax-MAE 8.83 | 개선없음 3/8
[01:22:43]   [cls-r1] ep09 100/1559 loss 0.0449 lr 3e-04 (12s)
[01:22:55]   [cls-r1] ep09 200/1559 loss 0.0451 lr 3e-04 (23s)
[01:23:06]   [cls-r1] ep09 300/1559 loss 0.0467 lr 3e-04 (35s)
[01:23:18]   [cls-r1] ep09 400/1559 loss 0.0464 lr 3e-04 (47s)
[01:23:30]   [cls-r1] ep09 500/1559 loss 0.0461 lr 3e-04 (59s)
[01:23:42]   [cls-r1] ep09 600/1559 loss 0.0464 lr 3e-04 (70s)
[01:23:53]   [cls-r1] ep09 700/1559 loss 0.0463 lr 3e-04 (82s)
[01:24:05]   [cls-r1] ep09 800/1559 loss 0.0466 lr 3e-04 (94s)
[01:24:14]   [cls-r1] ep09 900/1559 loss 0.0467 lr 3e-04 (102s)
[01:24:23]   [cls-r1] ep09 1000/1559 loss 0.0469 lr 3e-04 (111s)
[01:24:31]   [cls-r1] ep09 1100/1559 loss 0.0476 lr 3e-04 (120s)
[01:24:40]   [cls-r1] ep09 1200/1559 loss 0.0474 lr 3e-04 (129s)
[01:24:50]   [cls-r1] ep09 1300/1559 loss 0.0474 lr 3e-04 (139s)
[01:24:59]   [cls-r1] ep09 1400/1559 loss 0.0477 lr 3e-04 (148s)
[01:25:08]   [cls-r1] ep09 1500/1559 loss 0.0476 lr 3e-04 (157s)
[01:25:14]   [cls-r1] ep09 1559/1559 loss 0.0476 lr 3e-04 (162s)
[01:25:22]   [cls-r1] Epoch 09 완료 | train L1 0.0476 | val argmax-MAE 8.77 | * best 저장 (8.77)
[01:25:31]   [cls-r1] ep10 100/1559 loss 0.0433 lr 3e-04 (9s)
[01:25:43]   [cls-r1] ep10 200/1559 loss 0.0437 lr 3e-04 (20s)
[01:25:55]   [cls-r1] ep10 300/1559 loss 0.0437 lr 3e-04 (32s)
[01:26:06]   [cls-r1] ep10 400/1559 loss 0.0440 lr 3e-04 (44s)
[01:26:18]   [cls-r1] ep10 500/1559 loss 0.0439 lr 3e-04 (55s)
[01:26:29]   [cls-r1] ep10 600/1559 loss 0.0440 lr 3e-04 (67s)
[01:26:41]   [cls-r1] ep10 700/1559 loss 0.0439 lr 3e-04 (78s)
[01:26:52]   [cls-r1] ep10 800/1559 loss 0.0440 lr 3e-04 (90s)
[01:27:04]   [cls-r1] ep10 900/1559 loss 0.0440 lr 3e-04 (101s)
[01:27:16]   [cls-r1] ep10 1000/1559 loss 0.0441 lr 3e-04 (113s)
[01:27:27]   [cls-r1] ep10 1100/1559 loss 0.0442 lr 3e-04 (125s)
[01:27:39]   [cls-r1] ep10 1200/1559 loss 0.0442 lr 3e-04 (137s)
[01:27:49]   [cls-r1] ep10 1300/1559 loss 0.0442 lr 3e-04 (147s)
[01:27:58]   [cls-r1] ep10 1400/1559 loss 0.0440 lr 3e-04 (156s)
[01:28:07]   [cls-r1] ep10 1500/1559 loss 0.0439 lr 3e-04 (165s)
[01:28:13]   [cls-r1] ep10 1559/1559 loss 0.0440 lr 3e-04 (170s)
[01:28:21]   [cls-r1] Epoch 10 완료 | train L1 0.0440 | val argmax-MAE 9.51 | 개선없음 1/8
[01:28:31]   [cls-r1] ep11 100/1559 loss 0.0427 lr 3e-04 (10s)
[01:28:41]   [cls-r1] ep11 200/1559 loss 0.0400 lr 3e-04 (19s)
[01:28:49]   [cls-r1] ep11 300/1559 loss 0.0396 lr 3e-04 (28s)
[01:28:58]   [cls-r1] ep11 400/1559 loss 0.0402 lr 3e-04 (37s)
[01:29:07]   [cls-r1] ep11 500/1559 loss 0.0402 lr 3e-04 (46s)
[01:29:18]   [cls-r1] ep11 600/1559 loss 0.0406 lr 3e-04 (57s)
[01:29:30]   [cls-r1] ep11 700/1559 loss 0.0410 lr 3e-04 (69s)
[01:29:42]   [cls-r1] ep11 800/1559 loss 0.0412 lr 3e-04 (80s)
[01:29:53]   [cls-r1] ep11 900/1559 loss 0.0415 lr 3e-04 (92s)
[01:30:05]   [cls-r1] ep11 1000/1559 loss 0.0416 lr 3e-04 (104s)
[01:30:17]   [cls-r1] ep11 1100/1559 loss 0.0416 lr 3e-04 (116s)
[01:30:29]   [cls-r1] ep11 1200/1559 loss 0.0415 lr 3e-04 (127s)
[01:30:40]   [cls-r1] ep11 1300/1559 loss 0.0416 lr 3e-04 (139s)
[01:30:52]   [cls-r1] ep11 1400/1559 loss 0.0415 lr 3e-04 (151s)
[01:31:04]   [cls-r1] ep11 1500/1559 loss 0.0417 lr 3e-04 (163s)
[01:31:11]   [cls-r1] ep11 1559/1559 loss 0.0417 lr 3e-04 (170s)
[01:31:21]   [cls-r1] Epoch 11 완료 | train L1 0.0417 | val argmax-MAE 8.44 | * best 저장 (8.44)
[01:31:32]   [cls-r1] ep12 100/1559 loss 0.0404 lr 3e-04 (11s)
[01:31:41]   [cls-r1] ep12 200/1559 loss 0.0388 lr 3e-04 (20s)
[01:31:50]   [cls-r1] ep12 300/1559 loss 0.0389 lr 3e-04 (29s)
[01:31:59]   [cls-r1] ep12 400/1559 loss 0.0386 lr 3e-04 (38s)
[01:32:09]   [cls-r1] ep12 500/1559 loss 0.0383 lr 3e-04 (47s)
[01:32:19]   [cls-r1] ep12 600/1559 loss 0.0380 lr 3e-04 (57s)
[01:32:27]   [cls-r1] ep12 700/1559 loss 0.0383 lr 3e-04 (66s)
[01:32:36]   [cls-r1] ep12 800/1559 loss 0.0382 lr 3e-04 (74s)
[01:32:45]   [cls-r1] ep12 900/1559 loss 0.0382 lr 3e-04 (83s)
[01:32:54]   [cls-r1] ep12 1000/1559 loss 0.0386 lr 3e-04 (92s)
[01:33:05]   [cls-r1] ep12 1100/1559 loss 0.0387 lr 3e-04 (103s)
[01:33:16]   [cls-r1] ep12 1200/1559 loss 0.0389 lr 3e-04 (115s)
[01:33:28]   [cls-r1] ep12 1300/1559 loss 0.0390 lr 3e-04 (127s)
[01:33:39]   [cls-r1] ep12 1400/1559 loss 0.0390 lr 3e-04 (138s)
[01:33:51]   [cls-r1] ep12 1500/1559 loss 0.0391 lr 3e-04 (150s)
[01:33:58]   [cls-r1] ep12 1559/1559 loss 0.0391 lr 3e-04 (157s)
[01:34:07]   [cls-r1] Epoch 12 완료 | train L1 0.0391 | val argmax-MAE 8.67 | 개선없음 1/8
[01:34:20]   [cls-r1] ep13 100/1559 loss 0.0386 lr 3e-04 (12s)
[01:34:31]   [cls-r1] ep13 200/1559 loss 0.0380 lr 3e-04 (24s)
[01:34:43]   [cls-r1] ep13 300/1559 loss 0.0372 lr 3e-04 (35s)
[01:34:55]   [cls-r1] ep13 400/1559 loss 0.0379 lr 3e-04 (47s)
[01:35:06]   [cls-r1] ep13 500/1559 loss 0.0380 lr 3e-04 (58s)
[01:35:16]   [cls-r1] ep13 600/1559 loss 0.0374 lr 3e-04 (68s)
[01:35:25]   [cls-r1] ep13 700/1559 loss 0.0372 lr 3e-04 (78s)
[01:35:34]   [cls-r1] ep13 800/1559 loss 0.0370 lr 3e-04 (87s)
[01:35:43]   [cls-r1] ep13 900/1559 loss 0.0368 lr 3e-04 (96s)
[01:35:53]   [cls-r1] ep13 1000/1559 loss 0.0369 lr 3e-04 (105s)
[01:36:03]   [cls-r1] ep13 1100/1559 loss 0.0370 lr 3e-04 (115s)
[01:36:11]   [cls-r1] ep13 1200/1559 loss 0.0370 lr 3e-04 (123s)
[01:36:20]   [cls-r1] ep13 1300/1559 loss 0.0370 lr 3e-04 (132s)
[01:36:29]   [cls-r1] ep13 1400/1559 loss 0.0370 lr 3e-04 (142s)
[01:36:38]   [cls-r1] ep13 1500/1559 loss 0.0374 lr 3e-04 (150s)
[01:36:44]   [cls-r1] ep13 1559/1559 loss 0.0373 lr 3e-04 (157s)
[01:36:54]   [cls-r1] Epoch 13 완료 | train L1 0.0373 | val argmax-MAE 8.54 | 개선없음 2/8
[01:37:06]   [cls-r1] ep14 100/1559 loss 0.0344 lr 3e-04 (12s)
[01:37:18]   [cls-r1] ep14 200/1559 loss 0.0356 lr 3e-04 (23s)
[01:37:30]   [cls-r1] ep14 300/1559 loss 0.0352 lr 3e-04 (35s)
[01:37:41]   [cls-r1] ep14 400/1559 loss 0.0356 lr 3e-04 (47s)
[01:37:53]   [cls-r1] ep14 500/1559 loss 0.0353 lr 3e-04 (58s)
[01:38:05]   [cls-r1] ep14 600/1559 loss 0.0356 lr 3e-04 (70s)
[01:38:17]   [cls-r1] ep14 700/1559 loss 0.0354 lr 3e-04 (82s)
[01:38:28]   [cls-r1] ep14 800/1559 loss 0.0355 lr 3e-04 (94s)
[01:38:40]   [cls-r1] ep14 900/1559 loss 0.0357 lr 3e-04 (105s)
[01:38:52]   [cls-r1] ep14 1000/1559 loss 0.0359 lr 3e-04 (117s)
[01:39:02]   [cls-r1] ep14 1100/1559 loss 0.0359 lr 3e-04 (127s)
[01:39:10]   [cls-r1] ep14 1200/1559 loss 0.0357 lr 3e-04 (136s)
[01:39:19]   [cls-r1] ep14 1300/1559 loss 0.0357 lr 3e-04 (145s)
[01:39:28]   [cls-r1] ep14 1400/1559 loss 0.0358 lr 3e-04 (154s)
[01:39:38]   [cls-r1] ep14 1500/1559 loss 0.0359 lr 3e-04 (164s)
[01:39:44]   [cls-r1] ep14 1559/1559 loss 0.0360 lr 3e-04 (169s)
[01:39:52]   [cls-r1] Epoch 14 완료 | train L1 0.0360 | val argmax-MAE 8.42 | 개선없음 3/8
[01:40:01]   [cls-r1] ep15 100/1559 loss 0.0341 lr 3e-04 (9s)
[01:40:10]   [cls-r1] ep15 200/1559 loss 0.0341 lr 3e-04 (18s)
[01:40:19]   [cls-r1] ep15 300/1559 loss 0.0340 lr 3e-04 (27s)
[01:40:30]   [cls-r1] ep15 400/1559 loss 0.0342 lr 3e-04 (38s)
[01:40:42]   [cls-r1] ep15 500/1559 loss 0.0341 lr 3e-04 (50s)
[01:40:54]   [cls-r1] ep15 600/1559 loss 0.0345 lr 3e-04 (61s)
[01:41:05]   [cls-r1] ep15 700/1559 loss 0.0346 lr 3e-04 (73s)
[01:41:17]   [cls-r1] ep15 800/1559 loss 0.0344 lr 3e-04 (85s)
[01:41:29]   [cls-r1] ep15 900/1559 loss 0.0341 lr 3e-04 (96s)
[01:41:40]   [cls-r1] ep15 1000/1559 loss 0.0341 lr 3e-04 (108s)
[01:41:52]   [cls-r1] ep15 1100/1559 loss 0.0340 lr 3e-04 (120s)
[01:42:04]   [cls-r1] ep15 1200/1559 loss 0.0338 lr 3e-04 (132s)
[01:42:15]   [cls-r1] ep15 1300/1559 loss 0.0339 lr 3e-04 (143s)
[01:42:27]   [cls-r1] ep15 1400/1559 loss 0.0340 lr 3e-04 (155s)
[01:42:39]   [cls-r1] ep15 1500/1559 loss 0.0342 lr 3e-04 (167s)
[01:42:46]   [cls-r1] ep15 1559/1559 loss 0.0343 lr 3e-04 (173s)
[01:42:54]   [cls-r1] Epoch 15 완료 | train L1 0.0343 | val argmax-MAE 8.62 | 개선없음 4/8
[01:43:03]   [cls-r1] ep16 100/1559 loss 0.0345 lr 3e-04 (9s)
[01:43:12]   [cls-r1] ep16 200/1559 loss 0.0346 lr 3e-04 (18s)
[01:43:22]   [cls-r1] ep16 300/1559 loss 0.0338 lr 3e-04 (28s)
[01:43:32]   [cls-r1] ep16 400/1559 loss 0.0342 lr 3e-04 (38s)
[01:43:41]   [cls-r1] ep16 500/1559 loss 0.0338 lr 3e-04 (47s)
[01:43:50]   [cls-r1] ep16 600/1559 loss 0.0336 lr 3e-04 (56s)
[01:43:59]   [cls-r1] ep16 700/1559 loss 0.0333 lr 3e-04 (65s)
[01:44:08]   [cls-r1] ep16 800/1559 loss 0.0331 lr 3e-04 (74s)
[01:44:19]   [cls-r1] ep16 900/1559 loss 0.0330 lr 3e-04 (85s)
[01:44:31]   [cls-r1] ep16 1000/1559 loss 0.0327 lr 3e-04 (97s)
[01:44:43]   [cls-r1] ep16 1100/1559 loss 0.0326 lr 3e-04 (109s)
[01:44:54]   [cls-r1] ep16 1200/1559 loss 0.0327 lr 3e-04 (120s)
[01:45:06]   [cls-r1] ep16 1300/1559 loss 0.0327 lr 3e-04 (132s)
[01:45:18]   [cls-r1] ep16 1400/1559 loss 0.0326 lr 3e-04 (144s)
[01:45:30]   [cls-r1] ep16 1500/1559 loss 0.0324 lr 3e-04 (155s)
[01:45:36]   [cls-r1] ep16 1559/1559 loss 0.0324 lr 3e-04 (162s)
[01:45:46]   [cls-r1] Epoch 16 완료 | train L1 0.0324 | val argmax-MAE 8.81 | 개선없음 5/8
[01:45:58]   [cls-r1] ep17 100/1559 loss 0.0337 lr 3e-04 (12s)
[01:46:10]   [cls-r1] ep17 200/1559 loss 0.0323 lr 3e-04 (23s)
[01:46:21]   [cls-r1] ep17 300/1559 loss 0.0319 lr 3e-04 (35s)
[01:46:32]   [cls-r1] ep17 400/1559 loss 0.0315 lr 3e-04 (45s)
[01:46:40]   [cls-r1] ep17 500/1559 loss 0.0319 lr 3e-04 (54s)
[01:46:49]   [cls-r1] ep17 600/1559 loss 0.0316 lr 3e-04 (63s)
[01:46:58]   [cls-r1] ep17 700/1559 loss 0.0317 lr 3e-04 (72s)
[01:47:08]   [cls-r1] ep17 800/1559 loss 0.0316 lr 3e-04 (81s)
[01:47:17]   [cls-r1] ep17 900/1559 loss 0.0316 lr 3e-04 (91s)
[01:47:26]   [cls-r1] ep17 1000/1559 loss 0.0315 lr 3e-04 (99s)
[01:47:35]   [cls-r1] ep17 1100/1559 loss 0.0315 lr 3e-04 (108s)
[01:47:44]   [cls-r1] ep17 1200/1559 loss 0.0315 lr 3e-04 (117s)
[01:47:53]   [cls-r1] ep17 1300/1559 loss 0.0317 lr 3e-04 (126s)
[01:48:04]   [cls-r1] ep17 1400/1559 loss 0.0316 lr 3e-04 (138s)
[01:48:16]   [cls-r1] ep17 1500/1559 loss 0.0317 lr 3e-04 (150s)
[01:48:23]   [cls-r1] ep17 1559/1559 loss 0.0318 lr 3e-04 (157s)
[01:48:33]   [cls-r1] Epoch 17 완료 | train L1 0.0318 | val argmax-MAE 8.34 | * best 저장 (8.34)
[01:48:45]   [cls-r1] ep18 100/1559 loss 0.0330 lr 3e-04 (12s)
[01:48:56]   [cls-r1] ep18 200/1559 loss 0.0315 lr 3e-04 (23s)
[01:49:08]   [cls-r1] ep18 300/1559 loss 0.0302 lr 3e-04 (35s)
[01:49:20]   [cls-r1] ep18 400/1559 loss 0.0302 lr 3e-04 (47s)
[01:49:32]   [cls-r1] ep18 500/1559 loss 0.0307 lr 3e-04 (58s)
[01:49:43]   [cls-r1] ep18 600/1559 loss 0.0306 lr 3e-04 (70s)
[01:49:55]   [cls-r1] ep18 700/1559 loss 0.0306 lr 3e-04 (82s)
[01:50:07]   [cls-r1] ep18 800/1559 loss 0.0306 lr 3e-04 (94s)
[01:50:16]   [cls-r1] ep18 900/1559 loss 0.0304 lr 3e-04 (103s)
[01:50:25]   [cls-r1] ep18 1000/1559 loss 0.0307 lr 3e-04 (112s)
[01:50:34]   [cls-r1] ep18 1100/1559 loss 0.0307 lr 3e-04 (121s)
[01:50:43]   [cls-r1] ep18 1200/1559 loss 0.0308 lr 3e-04 (130s)
[01:50:53]   [cls-r1] ep18 1300/1559 loss 0.0310 lr 3e-04 (140s)
[01:51:02]   [cls-r1] ep18 1400/1559 loss 0.0311 lr 3e-04 (149s)
[01:51:12]   [cls-r1] ep18 1500/1559 loss 0.0310 lr 3e-04 (158s)
[01:51:17]   [cls-r1] ep18 1559/1559 loss 0.0309 lr 3e-04 (164s)
[01:51:25]   [cls-r1] Epoch 18 완료 | train L1 0.0309 | val argmax-MAE 8.09 | * best 저장 (8.09)
[01:51:35]   [cls-r1] ep19 100/1559 loss 0.0273 lr 3e-04 (9s)
[01:51:46]   [cls-r1] ep19 200/1559 loss 0.0284 lr 3e-04 (20s)
[01:51:58]   [cls-r1] ep19 300/1559 loss 0.0293 lr 3e-04 (32s)
[01:52:10]   [cls-r1] ep19 400/1559 loss 0.0290 lr 3e-04 (44s)
[01:52:21]   [cls-r1] ep19 500/1559 loss 0.0286 lr 3e-04 (56s)
[01:52:33]   [cls-r1] ep19 600/1559 loss 0.0289 lr 3e-04 (67s)
[01:52:44]   [cls-r1] ep19 700/1559 loss 0.0285 lr 3e-04 (79s)
[01:52:56]   [cls-r1] ep19 800/1559 loss 0.0284 lr 3e-04 (91s)
[01:53:08]   [cls-r1] ep19 900/1559 loss 0.0286 lr 3e-04 (102s)
[01:53:20]   [cls-r1] ep19 1000/1559 loss 0.0286 lr 3e-04 (114s)
[01:53:31]   [cls-r1] ep19 1100/1559 loss 0.0288 lr 3e-04 (126s)
[01:53:43]   [cls-r1] ep19 1200/1559 loss 0.0291 lr 3e-04 (138s)
[01:53:55]   [cls-r1] ep19 1300/1559 loss 0.0290 lr 3e-04 (149s)
[01:54:04]   [cls-r1] ep19 1400/1559 loss 0.0290 lr 3e-04 (159s)
[01:54:13]   [cls-r1] ep19 1500/1559 loss 0.0292 lr 3e-04 (168s)
[01:54:19]   [cls-r1] ep19 1559/1559 loss 0.0293 lr 3e-04 (173s)
[01:54:27]   [cls-r1] Epoch 19 완료 | train L1 0.0293 | val argmax-MAE 8.73 | 개선없음 1/8
[01:54:38]   [cls-r1] ep20 100/1559 loss 0.0291 lr 3e-04 (10s)
[01:54:48]   [cls-r1] ep20 200/1559 loss 0.0291 lr 3e-04 (20s)
[01:54:56]   [cls-r1] ep20 300/1559 loss 0.0288 lr 3e-04 (28s)
[01:55:05]   [cls-r1] ep20 400/1559 loss 0.0289 lr 3e-04 (38s)
[01:55:14]   [cls-r1] ep20 500/1559 loss 0.0286 lr 3e-04 (47s)
[01:55:24]   [cls-r1] ep20 600/1559 loss 0.0285 lr 3e-04 (57s)
[01:55:36]   [cls-r1] ep20 700/1559 loss 0.0285 lr 3e-04 (68s)
[01:55:48]   [cls-r1] ep20 800/1559 loss 0.0283 lr 3e-04 (80s)
[01:55:59]   [cls-r1] ep20 900/1559 loss 0.0282 lr 3e-04 (92s)
[01:56:11]   [cls-r1] ep20 1000/1559 loss 0.0284 lr 3e-04 (104s)
[01:56:23]   [cls-r1] ep20 1100/1559 loss 0.0284 lr 3e-04 (115s)
[01:56:34]   [cls-r1] ep20 1200/1559 loss 0.0283 lr 3e-04 (127s)
[01:56:46]   [cls-r1] ep20 1300/1559 loss 0.0283 lr 3e-04 (139s)
[01:56:58]   [cls-r1] ep20 1400/1559 loss 0.0282 lr 3e-04 (150s)
[01:57:10]   [cls-r1] ep20 1500/1559 loss 0.0283 lr 3e-04 (162s)
[01:57:16]   [cls-r1] ep20 1559/1559 loss 0.0283 lr 3e-04 (169s)
[01:57:31]   [cls-r1] Epoch 20 완료 | train L1 0.0283 | val argmax-MAE 8.35 | 개선없음 2/8
[01:57:47]   [cls-r1] ep21 100/1559 loss 0.0287 lr 3e-04 (15s)
[01:58:01]   [cls-r1] ep21 200/1559 loss 0.0283 lr 3e-04 (30s)
[01:58:15]   [cls-r1] ep21 300/1559 loss 0.0282 lr 3e-04 (43s)
[01:58:31]   [cls-r1] ep21 400/1559 loss 0.0284 lr 3e-04 (59s)
[01:58:46]   [cls-r1] ep21 500/1559 loss 0.0283 lr 3e-04 (74s)
[01:59:01]   [cls-r1] ep21 600/1559 loss 0.0277 lr 3e-04 (89s)
[01:59:15]   [cls-r1] ep21 700/1559 loss 0.0274 lr 3e-04 (103s)
[01:59:32]   [cls-r1] ep21 800/1559 loss 0.0276 lr 3e-04 (120s)
[01:59:50]   [cls-r1] ep21 900/1559 loss 0.0277 lr 3e-04 (138s)
[02:00:08]   [cls-r1] ep21 1000/1559 loss 0.0275 lr 3e-04 (156s)
[02:00:26]   [cls-r1] ep21 1100/1559 loss 0.0276 lr 3e-04 (174s)
[02:00:43]   [cls-r1] ep21 1200/1559 loss 0.0276 lr 3e-04 (192s)
[02:01:01]   [cls-r1] ep21 1300/1559 loss 0.0277 lr 3e-04 (209s)
[02:01:18]   [cls-r1] ep21 1400/1559 loss 0.0276 lr 3e-04 (227s)
[02:01:36]   [cls-r1] ep21 1500/1559 loss 0.0277 lr 3e-04 (244s)
[02:01:46]   [cls-r1] ep21 1559/1559 loss 0.0277 lr 3e-04 (254s)
[02:01:58]   [cls-r1] Epoch 21 완료 | train L1 0.0277 | val argmax-MAE 8.74 | 개선없음 3/8
[02:02:08]   [cls-r1] ep22 100/1559 loss 0.0275 lr 3e-04 (9s)
[02:02:17]   [cls-r1] ep22 200/1559 loss 0.0270 lr 3e-04 (18s)
[02:02:27]   [cls-r1] ep22 300/1559 loss 0.0263 lr 3e-04 (28s)
[02:02:36]   [cls-r1] ep22 400/1559 loss 0.0265 lr 3e-04 (38s)
[02:02:45]   [cls-r1] ep22 500/1559 loss 0.0264 lr 3e-04 (46s)
[02:02:54]   [cls-r1] ep22 600/1559 loss 0.0263 lr 3e-04 (55s)
[02:03:03]   [cls-r1] ep22 700/1559 loss 0.0262 lr 3e-04 (65s)
[02:03:14]   [cls-r1] ep22 800/1559 loss 0.0262 lr 3e-04 (75s)
[02:03:26]   [cls-r1] ep22 900/1559 loss 0.0262 lr 3e-04 (87s)
[02:03:37]   [cls-r1] ep22 1000/1559 loss 0.0264 lr 3e-04 (98s)
[02:03:49]   [cls-r1] ep22 1100/1559 loss 0.0263 lr 3e-04 (110s)
[02:04:01]   [cls-r1] ep22 1200/1559 loss 0.0264 lr 3e-04 (122s)
[02:04:12]   [cls-r1] ep22 1300/1559 loss 0.0264 lr 3e-04 (133s)
[02:04:24]   [cls-r1] ep22 1400/1559 loss 0.0264 lr 3e-04 (145s)
[02:04:35]   [cls-r1] ep22 1500/1559 loss 0.0263 lr 3e-04 (157s)
[02:04:42]   [cls-r1] ep22 1559/1559 loss 0.0264 lr 3e-04 (164s)
[02:04:52]   [cls-r1] Epoch 22 완료 | train L1 0.0264 | val argmax-MAE 8.38 | 개선없음 4/8
[02:05:04]   [cls-r1] ep23 100/1559 loss 0.0255 lr 3e-04 (12s)
[02:05:16]   [cls-r1] ep23 200/1559 loss 0.0268 lr 3e-04 (23s)
[02:05:26]   [cls-r1] ep23 300/1559 loss 0.0259 lr 3e-04 (34s)
[02:05:35]   [cls-r1] ep23 400/1559 loss 0.0257 lr 3e-04 (43s)
[02:05:44]   [cls-r1] ep23 500/1559 loss 0.0254 lr 3e-04 (52s)
[02:05:53]   [cls-r1] ep23 600/1559 loss 0.0252 lr 3e-04 (61s)
[02:06:03]   [cls-r1] ep23 700/1559 loss 0.0252 lr 3e-04 (70s)
[02:06:13]   [cls-r1] ep23 800/1559 loss 0.0251 lr 3e-04 (80s)
[02:06:22]   [cls-r1] ep23 900/1559 loss 0.0253 lr 3e-04 (90s)
[02:06:31]   [cls-r1] ep23 1000/1559 loss 0.0254 lr 3e-04 (99s)
[02:06:40]   [cls-r1] ep23 1100/1559 loss 0.0254 lr 3e-04 (107s)
[02:06:50]   [cls-r1] ep23 1200/1559 loss 0.0254 lr 3e-04 (117s)
[02:07:01]   [cls-r1] ep23 1300/1559 loss 0.0255 lr 3e-04 (129s)
[02:07:13]   [cls-r1] ep23 1400/1559 loss 0.0256 lr 3e-04 (141s)
[02:07:25]   [cls-r1] ep23 1500/1559 loss 0.0257 lr 3e-04 (152s)
[02:07:32]   [cls-r1] ep23 1559/1559 loss 0.0257 lr 3e-04 (159s)
[02:07:41]   [cls-r1] Epoch 23 완료 | train L1 0.0257 | val argmax-MAE 8.48 | 개선없음 5/8
[02:07:53]   [cls-r1] ep24 100/1559 loss 0.0240 lr 3e-04 (11s)
[02:08:04]   [cls-r1] ep24 200/1559 loss 0.0246 lr 3e-04 (23s)
[02:08:16]   [cls-r1] ep24 300/1559 loss 0.0251 lr 3e-04 (34s)
[02:08:27]   [cls-r1] ep24 400/1559 loss 0.0256 lr 3e-04 (46s)
[02:08:39]   [cls-r1] ep24 500/1559 loss 0.0258 lr 3e-04 (57s)
[02:08:50]   [cls-r1] ep24 600/1559 loss 0.0259 lr 3e-04 (69s)
[02:09:01]   [cls-r1] ep24 700/1559 loss 0.0256 lr 3e-04 (80s)
[02:09:10]   [cls-r1] ep24 800/1559 loss 0.0257 lr 3e-04 (89s)
[02:09:19]   [cls-r1] ep24 900/1559 loss 0.0256 lr 3e-04 (98s)
[02:09:28]   [cls-r1] ep24 1000/1559 loss 0.0256 lr 3e-04 (107s)
[02:09:38]   [cls-r1] ep24 1100/1559 loss 0.0257 lr 3e-04 (116s)
[02:09:47]   [cls-r1] ep24 1200/1559 loss 0.0259 lr 3e-04 (126s)
[02:09:56]   [cls-r1] ep24 1300/1559 loss 0.0259 lr 3e-04 (135s)
[02:10:05]   [cls-r1] ep24 1400/1559 loss 0.0259 lr 3e-04 (144s)
[02:10:14]   [cls-r1] ep24 1500/1559 loss 0.0257 lr 3e-04 (153s)
[02:10:19]   [cls-r1] ep24 1559/1559 loss 0.0257 lr 3e-04 (158s)
[02:10:28]   [cls-r1] Epoch 24 완료 | train L1 0.0257 | val argmax-MAE 8.44 | 개선없음 6/8
[02:10:40]   [cls-r1] ep25 100/1559 loss 0.0233 lr 3e-04 (12s)
[02:10:52]   [cls-r1] ep25 200/1559 loss 0.0242 lr 3e-04 (24s)
[02:11:04]   [cls-r1] ep25 300/1559 loss 0.0247 lr 3e-04 (35s)
[02:11:15]   [cls-r1] ep25 400/1559 loss 0.0248 lr 3e-04 (47s)
[02:11:27]   [cls-r1] ep25 500/1559 loss 0.0244 lr 3e-04 (59s)
[02:11:39]   [cls-r1] ep25 600/1559 loss 0.0245 lr 3e-04 (70s)
[02:11:50]   [cls-r1] ep25 700/1559 loss 0.0245 lr 3e-04 (82s)
[02:12:02]   [cls-r1] ep25 800/1559 loss 0.0244 lr 3e-04 (94s)
[02:12:14]   [cls-r1] ep25 900/1559 loss 0.0244 lr 3e-04 (105s)
[02:12:25]   [cls-r1] ep25 1000/1559 loss 0.0243 lr 3e-04 (117s)
[02:12:37]   [cls-r1] ep25 1100/1559 loss 0.0244 lr 3e-04 (129s)
[02:12:47]   [cls-r1] ep25 1200/1559 loss 0.0243 lr 3e-04 (138s)
[02:12:56]   [cls-r1] ep25 1300/1559 loss 0.0245 lr 3e-04 (147s)
[02:13:05]   [cls-r1] ep25 1400/1559 loss 0.0243 lr 3e-04 (156s)
[02:13:14]   [cls-r1] ep25 1500/1559 loss 0.0244 lr 3e-04 (165s)
[02:13:20]   [cls-r1] ep25 1559/1559 loss 0.0245 lr 3e-04 (171s)
[02:13:29]   [cls-r1] Epoch 25 완료 | train L1 0.0245 | val argmax-MAE 8.88 | 개선없음 7/8
[02:13:38]   [cls-r1] ep26 100/1559 loss 0.0229 lr 3e-04 (9s)
[02:13:47]   [cls-r1] ep26 200/1559 loss 0.0238 lr 3e-04 (18s)
[02:13:56]   [cls-r1] ep26 300/1559 loss 0.0231 lr 3e-04 (27s)
[02:14:05]   [cls-r1] ep26 400/1559 loss 0.0231 lr 3e-04 (36s)
[02:14:17]   [cls-r1] ep26 500/1559 loss 0.0232 lr 3e-04 (48s)
[02:14:29]   [cls-r1] ep26 600/1559 loss 0.0234 lr 3e-04 (59s)
[02:14:40]   [cls-r1] ep26 700/1559 loss 0.0234 lr 3e-04 (71s)
[02:14:52]   [cls-r1] ep26 800/1559 loss 0.0234 lr 3e-04 (83s)
[02:15:03]   [cls-r1] ep26 900/1559 loss 0.0231 lr 3e-04 (94s)
[02:15:15]   [cls-r1] ep26 1000/1559 loss 0.0231 lr 3e-04 (106s)
[02:15:27]   [cls-r1] ep26 1100/1559 loss 0.0233 lr 3e-04 (118s)
[02:15:38]   [cls-r1] ep26 1200/1559 loss 0.0235 lr 3e-04 (129s)
[02:15:50]   [cls-r1] ep26 1300/1559 loss 0.0237 lr 3e-04 (141s)
[02:16:01]   [cls-r1] ep26 1400/1559 loss 0.0237 lr 3e-04 (152s)
[02:16:13]   [cls-r1] ep26 1500/1559 loss 0.0238 lr 3e-04 (164s)
[02:16:18]   [cls-r1] ep26 1559/1559 loss 0.0238 lr 3e-04 (169s)
[02:16:26]   [cls-r1] Epoch 26 완료 | train L1 0.0238 | val argmax-MAE 8.59 | 개선없음 8/8
[02:16:27]   [cls-r1] 조기종료 | best argmax-MAE 8.09 @ epoch 18
[02:18:32]   [roi] train 1000/12473
[02:20:16]   [roi] train 2000/12473
[02:22:13]   [roi] train 3000/12473
[02:24:22]   [roi] train 4000/12473
[02:26:33]   [roi] train 5000/12473
[02:28:45]   [roi] train 6000/12473
[02:31:05]   [roi] train 7000/12473
[02:33:10]   [roi] train 8000/12473
[02:35:24]   [roi] train 9000/12473
[02:37:39]   [roi] train 10000/12473
[02:40:05]   [roi] train 11000/12473
[02:42:26]   [roi] train 12000/12473
[02:43:34] [roi:train] R1 CAM 12473 / 폴백 0 | R2 CAM 12473 / 폴백 0 | 파일없음 0
[02:45:41]   [roi] val 1000/1386
[02:46:40] [roi:val] R1 CAM 1386 / 폴백 0 | R2 CAM 1386 / 폴백 0 | 파일없음 0
[02:47:05] [roi:test] R1 CAM 195 / 폴백 0 | R2 CAM 195 / 폴백 0 | 파일없음 0
[02:47:05] bbox 로그 저장: G:\Project\sinra_cho\checkpoints_attention_v5\roi_bboxes.csv
[02:47:05]   [r1] 박스 폭 중앙값 269px (48%) | 높이 중앙값 191px (34%)
[02:47:05]   [r2] 박스 폭 중앙값 493px (88%) | 높이 중앙값 291px (52%)
[02:47:05] R1/R2/E 캐시 완료
[02:47:06] [backbone] timm 'inception_v3' 로드 완료 (pretrained=False)
[02:47:06] [cls-gmp] feat (2048, 16, 16) -> FC 2048->240
[02:47:12] QC 시트 저장: G:\Project\sinra_cho\checkpoints_attention_v5\qc_roi.png
[02:47:12]   1열=전처리 전 원본 / 2열=정규화+TopHat+CLAHE+패딩 결과
[02:47:12]   회색=밴드(탐색 허용) / 빨강=R1 박스 / 파랑=R2 박스
[02:47:12] Phase II 정규화 div255 | 증강 OFF (논문 기준선)
[02:47:12] Phase II 설정: {'BACKBONE': 'xception', 'IMG_SIZE': 560, 'AGE_BINS': 240, 'GENDER_EMB_DIM': 32, 'HEAD_RELU': True, 'GENDER_RELU': True, 'LDL_DELTA': 15.0, 'LDL_LAMBDA': 0.5, 'AGG_CHANNELS': ['hand', 'r1', 'r2'], 'NORMALIZE': 'div255', 'USE_AUG': False, 'TAU_R1': 30, 'TAU_R2': 30, 'CLS_SIZE_REGION': 560, 'PRE': {'IMG_SIZE': 560, 'NORM_MODE': 'percentile', 'NORM_LO': 1.0, 'NORM_HI': 99.0, 'TOPHAT_MODE': 'add', 'TOPHAT_KFRAC': 0.1, 'TOPHAT_KSIZE': 0, 'TOPHAT_SHAPE': 'rect', 'TOPHAT_WEIGHT': 1.0, 'CLAHE_CLIP': 2.0, 'CLAHE_TILE': 8, 'SCALE_MODE': 'per_image', 'PAD_MODE': 'auto', 'PAD_BORDER_FRAC': 0.02, 'PAD_BORDER_PCTL': 25.0, 'PAD_ANCHOR': 'center'}, 'PRE_TAG': '560_np1-99_thadd-rect-f0.1-w1_c2t8_img_padauto', 'HAND_SOURCE': 'G:\\Project\\sinra_cho\\yolo_crop', 'BOX_CFG': {'r1': {'pad_x': 0.1, 'pad_y': 0.12, 'min_w': 0.48, 'min_h': 0.34}, 'r2': {'pad_x': 0.08, 'pad_y': 0.1, 'min_w': 0.62, 'min_h': 0.42}}, 'MERGE_COMPONENTS': True, 'BANDS': {'r1': {'x0': 0.12, 'y0': 0.52, 'x1': 0.88, 'y1': 0.98}, 'r2': {'x0': 0.06, 'y0': 0.1, 'x1': 0.94, 'y1': 0.62}}, 'CLAMP_TO_BAND': True, 'PAD_TO_SQUARE': True}
[02:47:12] 조기종료 | Phase I patience 8 | Phase II patience 15 (최소 65에폭 이후)
[02:47:12] 배치 수 | train 1559 | val 174 | test 25
[02:47:12] [backbone] timm 'legacy_xception' 로드 완료 (pretrained=True)
[02:47:12] [reg] backbone out (2048, 18, 18) -> z 6,400 | params 27.1M
[02:47:13] [LDL] loss = l_MAE + 0.5 * D_KL(G||p) | bins 240 | delta 15.0
[02:47:13] Phase II 새로 학습 시작
[02:47:49]   Epoch 001 100/1559 train_mae 19.44 kl 1.144 lr 3e-04 (37s)
[02:48:16]   Epoch 001 200/1559 train_mae 15.95 kl 0.952 lr 3e-04 (64s)
[02:48:41]   Epoch 001 300/1559 train_mae 14.33 kl 0.933 lr 3e-04 (88s)
[02:49:10]   Epoch 001 400/1559 train_mae 13.44 kl 0.875 lr 3e-04 (117s)
[02:49:42]   Epoch 001 500/1559 train_mae 12.75 kl 0.827 lr 3e-04 (149s)
[02:50:13]   Epoch 001 600/1559 train_mae 12.26 kl 0.789 lr 3e-04 (181s)
[02:50:45]   Epoch 001 700/1559 train_mae 11.86 kl 0.760 lr 3e-04 (212s)
[02:51:15]   Epoch 001 800/1559 train_mae 11.49 kl 0.730 lr 3e-04 (242s)
[02:51:40]   Epoch 001 900/1559 train_mae 11.16 kl 0.699 lr 3e-04 (267s)
[02:52:07]   Epoch 001 1000/1559 train_mae 10.90 kl 0.675 lr 3e-04 (295s)
[02:52:32]   Epoch 001 1100/1559 train_mae 10.63 kl 0.657 lr 3e-04 (319s)
[02:53:02]   Epoch 001 1200/1559 train_mae 10.37 kl 0.636 lr 3e-04 (350s)
[02:53:34]   Epoch 001 1300/1559 train_mae 10.18 kl 0.618 lr 3e-04 (381s)
[02:54:05]   Epoch 001 1400/1559 train_mae 9.97 kl 0.598 lr 3e-04 (412s)
[02:54:36]   Epoch 001 1500/1559 train_mae 9.83 kl 0.582 lr 3e-04 (443s)
[02:54:55]   Epoch 001 1559/1559 train_mae 9.74 kl 0.574 lr 3e-04 (462s)
[02:55:38] [Epoch 001 완료] train MAE 9.74 | val MAE 9.21 | val RMSE 12.26 | lr 3e-04 | * best 저장 (val MAE 9.21)
[02:55:54]   Epoch 002 100/1559 train_mae 7.03 kl 0.347 lr 3e-04 (16s)
[02:56:09]   Epoch 002 200/1559 train_mae 7.08 kl 0.363 lr 3e-04 (31s)
[02:56:24]   Epoch 002 300/1559 train_mae 7.00 kl 0.353 lr 3e-04 (46s)
[02:56:40]   Epoch 002 400/1559 train_mae 7.03 kl 0.353 lr 3e-04 (62s)
[02:56:59]   Epoch 002 500/1559 train_mae 6.93 kl 0.353 lr 3e-04 (81s)
[02:57:17]   Epoch 002 600/1559 train_mae 6.85 kl 0.349 lr 3e-04 (99s)
[02:57:35]   Epoch 002 700/1559 train_mae 6.87 kl 0.352 lr 3e-04 (117s)
[02:57:54]   Epoch 002 800/1559 train_mae 6.90 kl 0.359 lr 3e-04 (136s)
[02:58:13]   Epoch 002 900/1559 train_mae 6.96 kl 0.363 lr 3e-04 (155s)
[02:58:31]   Epoch 002 1000/1559 train_mae 6.90 kl 0.363 lr 3e-04 (173s)
[02:58:50]   Epoch 002 1100/1559 train_mae 6.90 kl 0.368 lr 3e-04 (192s)
[02:59:07]   Epoch 002 1200/1559 train_mae 6.88 kl 0.367 lr 3e-04 (209s)
[02:59:22]   Epoch 002 1300/1559 train_mae 6.87 kl 0.364 lr 3e-04 (224s)
[02:59:37]   Epoch 002 1400/1559 train_mae 6.86 kl 0.363 lr 3e-04 (239s)
[02:59:53]   Epoch 002 1500/1559 train_mae 6.85 kl 0.362 lr 3e-04 (255s)
[03:00:02]   Epoch 002 1559/1559 train_mae 6.83 kl 0.361 lr 3e-04 (264s)
[03:00:20] [Epoch 002 완료] train MAE 6.83 | val MAE 8.51 | val RMSE 11.25 | lr 3e-04 | * best 저장 (val MAE 8.51)
[03:00:38]   Epoch 003 100/1559 train_mae 6.21 kl 0.325 lr 3e-04 (17s)
[03:00:57]   Epoch 003 200/1559 train_mae 6.26 kl 0.332 lr 3e-04 (36s)
[03:01:15]   Epoch 003 300/1559 train_mae 6.24 kl 0.334 lr 3e-04 (55s)
[03:01:34]   Epoch 003 400/1559 train_mae 6.17 kl 0.329 lr 3e-04 (73s)
[03:01:52]   Epoch 003 500/1559 train_mae 6.08 kl 0.326 lr 3e-04 (92s)
[03:02:11]   Epoch 003 600/1559 train_mae 6.10 kl 0.330 lr 3e-04 (110s)
[03:02:30]   Epoch 003 700/1559 train_mae 6.06 kl 0.330 lr 3e-04 (129s)
[03:02:48]   Epoch 003 800/1559 train_mae 6.00 kl 0.329 lr 3e-04 (147s)
[03:03:03]   Epoch 003 900/1559 train_mae 6.03 kl 0.332 lr 3e-04 (162s)
[03:03:18]   Epoch 003 1000/1559 train_mae 6.05 kl 0.332 lr 3e-04 (178s)
[03:03:34]   Epoch 003 1100/1559 train_mae 6.07 kl 0.333 lr 3e-04 (193s)
[03:03:49]   Epoch 003 1200/1559 train_mae 6.08 kl 0.333 lr 3e-04 (208s)
[03:04:04]   Epoch 003 1300/1559 train_mae 6.06 kl 0.330 lr 3e-04 (223s)
[03:04:21]   Epoch 003 1400/1559 train_mae 6.05 kl 0.330 lr 3e-04 (240s)
[03:04:39]   Epoch 003 1500/1559 train_mae 6.05 kl 0.331 lr 3e-04 (258s)
[03:04:50]   Epoch 003 1559/1559 train_mae 6.06 kl 0.332 lr 3e-04 (269s)
[03:05:12] [Epoch 003 완료] train MAE 6.06 | val MAE 8.67 | val RMSE 11.49 | lr 3e-04 | 개선없음 1/15
[03:05:31]   Epoch 004 100/1559 train_mae 5.62 kl 0.324 lr 3e-04 (19s)
[03:05:50]   Epoch 004 200/1559 train_mae 5.52 kl 0.321 lr 3e-04 (37s)
[03:06:09]   Epoch 004 300/1559 train_mae 5.46 kl 0.312 lr 3e-04 (56s)
[03:06:27]   Epoch 004 400/1559 train_mae 5.46 kl 0.309 lr 3e-04 (75s)
[03:06:43]   Epoch 004 500/1559 train_mae 5.54 kl 0.310 lr 3e-04 (90s)
[03:06:58]   Epoch 004 600/1559 train_mae 5.59 kl 0.312 lr 3e-04 (105s)
[03:07:13]   Epoch 004 700/1559 train_mae 5.59 kl 0.312 lr 3e-04 (121s)
[03:07:29]   Epoch 004 800/1559 train_mae 5.52 kl 0.313 lr 3e-04 (136s)
[03:07:44]   Epoch 004 900/1559 train_mae 5.51 kl 0.314 lr 3e-04 (151s)
[03:08:00]   Epoch 004 1000/1559 train_mae 5.55 kl 0.314 lr 3e-04 (167s)
[03:08:19]   Epoch 004 1100/1559 train_mae 5.55 kl 0.315 lr 3e-04 (186s)
[03:08:37]   Epoch 004 1200/1559 train_mae 5.57 kl 0.314 lr 3e-04 (204s)
[03:08:56]   Epoch 004 1300/1559 train_mae 5.57 kl 0.314 lr 3e-04 (223s)
[03:09:15]   Epoch 004 1400/1559 train_mae 5.57 kl 0.315 lr 3e-04 (242s)
[03:09:33]   Epoch 004 1500/1559 train_mae 5.57 kl 0.315 lr 3e-04 (261s)
[03:09:44]   Epoch 004 1559/1559 train_mae 5.55 kl 0.314 lr 3e-04 (271s)
[03:10:06] [Epoch 004 완료] train MAE 5.55 | val MAE 8.01 | val RMSE 10.74 | lr 3e-04 | * best 저장 (val MAE 8.01)
[03:10:23]   Epoch 005 100/1559 train_mae 5.07 kl 0.285 lr 3e-04 (16s)
[03:10:38]   Epoch 005 200/1559 train_mae 5.03 kl 0.290 lr 3e-04 (32s)
[03:10:53]   Epoch 005 300/1559 train_mae 5.02 kl 0.293 lr 3e-04 (47s)
[03:11:09]   Epoch 005 400/1559 train_mae 4.99 kl 0.291 lr 3e-04 (62s)
[03:11:24]   Epoch 005 500/1559 train_mae 5.02 kl 0.288 lr 3e-04 (77s)
[03:11:39]   Epoch 005 600/1559 train_mae 5.01 kl 0.290 lr 3e-04 (93s)
[03:11:57]   Epoch 005 700/1559 train_mae 5.05 kl 0.290 lr 3e-04 (111s)
[03:12:16]   Epoch 005 800/1559 train_mae 5.06 kl 0.291 lr 3e-04 (130s)
[03:12:34]   Epoch 005 900/1559 train_mae 5.03 kl 0.289 lr 3e-04 (148s)
[03:12:53]   Epoch 005 1000/1559 train_mae 5.07 kl 0.290 lr 3e-04 (167s)
[03:13:12]   Epoch 005 1100/1559 train_mae 5.06 kl 0.290 lr 3e-04 (186s)
[03:13:31]   Epoch 005 1200/1559 train_mae 5.09 kl 0.294 lr 3e-04 (204s)
[03:13:49]   Epoch 005 1300/1559 train_mae 5.13 kl 0.295 lr 3e-04 (223s)
[03:14:07]   Epoch 005 1400/1559 train_mae 5.10 kl 0.294 lr 3e-04 (241s)
[03:14:22]   Epoch 005 1500/1559 train_mae 5.13 kl 0.295 lr 3e-04 (255s)
[03:14:31]   Epoch 005 1559/1559 train_mae 5.14 kl 0.296 lr 3e-04 (264s)
[03:14:50] [Epoch 005 완료] train MAE 5.14 | val MAE 7.92 | val RMSE 10.52 | lr 3e-04 | * best 저장 (val MAE 7.92)
[03:15:06]   Epoch 006 100/1559 train_mae 4.52 kl 0.282 lr 3e-04 (15s)
[03:15:21]   Epoch 006 200/1559 train_mae 4.56 kl 0.281 lr 3e-04 (30s)
[03:15:38]   Epoch 006 300/1559 train_mae 4.69 kl 0.286 lr 3e-04 (47s)
[03:15:56]   Epoch 006 400/1559 train_mae 4.69 kl 0.282 lr 3e-04 (66s)
[03:16:15]   Epoch 006 500/1559 train_mae 4.67 kl 0.282 lr 3e-04 (84s)
[03:16:34]   Epoch 006 600/1559 train_mae 4.64 kl 0.282 lr 3e-04 (103s)
[03:16:52]   Epoch 006 700/1559 train_mae 4.63 kl 0.280 lr 3e-04 (122s)
[03:17:11]   Epoch 006 800/1559 train_mae 4.66 kl 0.284 lr 3e-04 (140s)
[03:17:30]   Epoch 006 900/1559 train_mae 4.68 kl 0.284 lr 3e-04 (159s)
[03:17:48]   Epoch 006 1000/1559 train_mae 4.69 kl 0.283 lr 3e-04 (177s)
[03:18:03]   Epoch 006 1100/1559 train_mae 4.67 kl 0.282 lr 3e-04 (193s)
[03:18:18]   Epoch 006 1200/1559 train_mae 4.67 kl 0.281 lr 3e-04 (208s)
[03:18:34]   Epoch 006 1300/1559 train_mae 4.67 kl 0.280 lr 3e-04 (224s)
[03:18:49]   Epoch 006 1400/1559 train_mae 4.69 kl 0.281 lr 3e-04 (238s)
[03:19:04]   Epoch 006 1500/1559 train_mae 4.70 kl 0.283 lr 3e-04 (254s)
[03:19:13]   Epoch 006 1559/1559 train_mae 4.71 kl 0.283 lr 3e-04 (262s)
[03:19:34] [Epoch 006 완료] train MAE 4.71 | val MAE 8.14 | val RMSE 11.01 | lr 3e-04 | 개선없음 1/15
[03:19:53]   Epoch 007 100/1559 train_mae 4.35 kl 0.277 lr 3e-04 (19s)
[03:20:12]   Epoch 007 200/1559 train_mae 4.27 kl 0.276 lr 3e-04 (38s)
[03:20:31]   Epoch 007 300/1559 train_mae 4.19 kl 0.267 lr 3e-04 (56s)
[03:20:49]   Epoch 007 400/1559 train_mae 4.22 kl 0.262 lr 3e-04 (75s)
[03:21:08]   Epoch 007 500/1559 train_mae 4.25 kl 0.264 lr 3e-04 (93s)
[03:21:27]   Epoch 007 600/1559 train_mae 4.25 kl 0.266 lr 3e-04 (112s)
[03:21:43]   Epoch 007 700/1559 train_mae 4.24 kl 0.264 lr 3e-04 (128s)
[03:21:58]   Epoch 007 800/1559 train_mae 4.24 kl 0.263 lr 3e-04 (143s)
[03:22:13]   Epoch 007 900/1559 train_mae 4.25 kl 0.261 lr 3e-04 (158s)
[03:22:29]   Epoch 007 1000/1559 train_mae 4.27 kl 0.260 lr 3e-04 (174s)
[03:22:44]   Epoch 007 1100/1559 train_mae 4.28 kl 0.261 lr 3e-04 (189s)
[03:22:59]   Epoch 007 1200/1559 train_mae 4.29 kl 0.260 lr 3e-04 (204s)
[03:23:18]   Epoch 007 1300/1559 train_mae 4.29 kl 0.260 lr 3e-04 (223s)
[03:23:36]   Epoch 007 1400/1559 train_mae 4.30 kl 0.260 lr 3e-04 (241s)
[03:23:55]   Epoch 007 1500/1559 train_mae 4.31 kl 0.260 lr 3e-04 (260s)
[03:24:06]   Epoch 007 1559/1559 train_mae 4.34 kl 0.261 lr 3e-04 (271s)
[03:24:27] [Epoch 007 완료] train MAE 4.34 | val MAE 8.24 | val RMSE 10.91 | lr 3e-04 | 개선없음 2/15
[03:24:46]   Epoch 008 100/1559 train_mae 3.90 kl 0.248 lr 3e-04 (18s)
[03:25:04]   Epoch 008 200/1559 train_mae 3.96 kl 0.246 lr 3e-04 (37s)
[03:25:21]   Epoch 008 300/1559 train_mae 3.92 kl 0.243 lr 3e-04 (53s)
[03:25:36]   Epoch 008 400/1559 train_mae 3.96 kl 0.246 lr 3e-04 (69s)
[03:25:51]   Epoch 008 500/1559 train_mae 3.94 kl 0.245 lr 3e-04 (84s)
[03:26:07]   Epoch 008 600/1559 train_mae 3.94 kl 0.243 lr 3e-04 (100s)
[03:26:22]   Epoch 008 700/1559 train_mae 3.94 kl 0.241 lr 3e-04 (115s)
[03:26:37]   Epoch 008 800/1559 train_mae 3.93 kl 0.240 lr 3e-04 (130s)
[03:26:56]   Epoch 008 900/1559 train_mae 3.94 kl 0.240 lr 3e-04 (148s)
[03:27:14]   Epoch 008 1000/1559 train_mae 3.93 kl 0.240 lr 3e-04 (167s)
[03:27:33]   Epoch 008 1100/1559 train_mae 3.93 kl 0.239 lr 3e-04 (186s)
[03:27:52]   Epoch 008 1200/1559 train_mae 3.94 kl 0.242 lr 3e-04 (204s)
[03:28:10]   Epoch 008 1300/1559 train_mae 3.96 kl 0.242 lr 3e-04 (223s)
[03:28:29]   Epoch 008 1400/1559 train_mae 3.96 kl 0.243 lr 3e-04 (241s)
[03:28:47]   Epoch 008 1500/1559 train_mae 3.96 kl 0.243 lr 3e-04 (260s)
[03:28:58]   Epoch 008 1559/1559 train_mae 3.98 kl 0.243 lr 3e-04 (270s)
[03:29:15] [Epoch 008 완료] train MAE 3.98 | val MAE 7.94 | val RMSE 10.69 | lr 3e-04 | 개선없음 3/15
[03:29:31]   Epoch 009 100/1559 train_mae 3.63 kl 0.215 lr 3e-04 (15s)
[03:29:47]   Epoch 009 200/1559 train_mae 3.61 kl 0.209 lr 3e-04 (31s)
[03:30:02]   Epoch 009 300/1559 train_mae 3.60 kl 0.214 lr 3e-04 (46s)
[03:30:17]   Epoch 009 400/1559 train_mae 3.61 kl 0.217 lr 3e-04 (61s)
[03:30:32]   Epoch 009 500/1559 train_mae 3.60 kl 0.215 lr 3e-04 (77s)
[03:30:47]   Epoch 009 600/1559 train_mae 3.60 kl 0.218 lr 3e-04 (92s)
[03:31:03]   Epoch 009 700/1559 train_mae 3.61 kl 0.219 lr 3e-04 (107s)
[03:31:18]   Epoch 009 800/1559 train_mae 3.61 kl 0.218 lr 3e-04 (122s)
[03:31:33]   Epoch 009 900/1559 train_mae 3.61 kl 0.219 lr 3e-04 (137s)
[03:31:48]   Epoch 009 1000/1559 train_mae 3.61 kl 0.220 lr 3e-04 (152s)
[03:32:03]   Epoch 009 1100/1559 train_mae 3.62 kl 0.220 lr 3e-04 (167s)
[03:32:18]   Epoch 009 1200/1559 train_mae 3.62 kl 0.220 lr 3e-04 (183s)
[03:32:33]   Epoch 009 1300/1559 train_mae 3.63 kl 0.218 lr 3e-04 (198s)
[03:32:49]   Epoch 009 1400/1559 train_mae 3.64 kl 0.217 lr 3e-04 (213s)
[03:33:04]   Epoch 009 1500/1559 train_mae 3.61 kl 0.217 lr 3e-04 (228s)
[03:33:13]   Epoch 009 1559/1559 train_mae 3.62 kl 0.217 lr 3e-04 (237s)
[03:33:32] [Epoch 009 완료] train MAE 3.62 | val MAE 7.95 | val RMSE 10.56 | lr 3e-04 | 개선없음 4/15
[03:33:48]   Epoch 010 100/1559 train_mae 3.62 kl 0.220 lr 3e-04 (15s)
[03:34:03]   Epoch 010 200/1559 train_mae 3.51 kl 0.212 lr 3e-04 (30s)
[03:34:18]   Epoch 010 300/1559 train_mae 3.57 kl 0.214 lr 3e-04 (46s)
[03:34:33]   Epoch 010 400/1559 train_mae 3.57 kl 0.213 lr 3e-04 (61s)
[03:34:48]   Epoch 010 500/1559 train_mae 3.50 kl 0.210 lr 3e-04 (76s)
[03:35:04]   Epoch 010 600/1559 train_mae 3.45 kl 0.208 lr 3e-04 (91s)
[03:35:19]   Epoch 010 700/1559 train_mae 3.44 kl 0.207 lr 3e-04 (106s)
[03:35:34]   Epoch 010 800/1559 train_mae 3.44 kl 0.206 lr 3e-04 (122s)
[03:35:49]   Epoch 010 900/1559 train_mae 3.43 kl 0.206 lr 3e-04 (137s)
[03:36:05]   Epoch 010 1000/1559 train_mae 3.44 kl 0.206 lr 3e-04 (152s)
[03:36:20]   Epoch 010 1100/1559 train_mae 3.44 kl 0.206 lr 3e-04 (167s)
[03:36:35]   Epoch 010 1200/1559 train_mae 3.46 kl 0.206 lr 3e-04 (183s)
[03:36:50]   Epoch 010 1300/1559 train_mae 3.45 kl 0.206 lr 3e-04 (198s)
[03:37:05]   Epoch 010 1400/1559 train_mae 3.44 kl 0.207 lr 3e-04 (213s)
[03:37:21]   Epoch 010 1500/1559 train_mae 3.43 kl 0.208 lr 3e-04 (228s)
[03:37:30]   Epoch 010 1559/1559 train_mae 3.43 kl 0.208 lr 3e-04 (237s)
[03:37:49] [Epoch 010 완료] train MAE 3.43 | val MAE 7.94 | val RMSE 10.79 | lr 3e-04 | 개선없음 5/15
[03:38:05]   Epoch 011 100/1559 train_mae 3.30 kl 0.207 lr 3e-04 (15s)
[03:38:20]   Epoch 011 200/1559 train_mae 3.29 kl 0.209 lr 3e-04 (30s)
[03:38:35]   Epoch 011 300/1559 train_mae 3.21 kl 0.204 lr 3e-04 (46s)
[03:38:50]   Epoch 011 400/1559 train_mae 3.15 kl 0.198 lr 3e-04 (61s)
[03:39:06]   Epoch 011 500/1559 train_mae 3.13 kl 0.198 lr 3e-04 (76s)
[03:39:21]   Epoch 011 600/1559 train_mae 3.12 kl 0.198 lr 3e-04 (91s)
[03:39:36]   Epoch 011 700/1559 train_mae 3.13 kl 0.198 lr 3e-04 (107s)
[03:39:51]   Epoch 011 800/1559 train_mae 3.16 kl 0.198 lr 3e-04 (122s)
[03:40:06]   Epoch 011 900/1559 train_mae 3.14 kl 0.198 lr 3e-04 (137s)
[03:40:22]   Epoch 011 1000/1559 train_mae 3.15 kl 0.198 lr 3e-04 (152s)
[03:40:37]   Epoch 011 1100/1559 train_mae 3.16 kl 0.199 lr 3e-04 (167s)
[03:40:52]   Epoch 011 1200/1559 train_mae 3.15 kl 0.198 lr 3e-04 (183s)
[03:41:07]   Epoch 011 1300/1559 train_mae 3.15 kl 0.198 lr 3e-04 (198s)
[03:41:23]   Epoch 011 1400/1559 train_mae 3.15 kl 0.199 lr 3e-04 (213s)
[03:41:38]   Epoch 011 1500/1559 train_mae 3.17 kl 0.199 lr 3e-04 (228s)
[03:41:47]   Epoch 011 1559/1559 train_mae 3.18 kl 0.200 lr 3e-04 (237s)
[03:42:06] [Epoch 011 완료] train MAE 3.18 | val MAE 7.96 | val RMSE 10.73 | lr 3e-04 | 개선없음 6/15
[03:42:22]   Epoch 012 100/1559 train_mae 3.13 kl 0.178 lr 3e-04 (15s)
[03:42:37]   Epoch 012 200/1559 train_mae 3.13 kl 0.188 lr 3e-04 (30s)
[03:42:52]   Epoch 012 300/1559 train_mae 3.11 kl 0.189 lr 3e-04 (45s)
[03:43:07]   Epoch 012 400/1559 train_mae 3.07 kl 0.189 lr 3e-04 (61s)
[03:43:22]   Epoch 012 500/1559 train_mae 3.08 kl 0.187 lr 3e-04 (76s)
[03:43:38]   Epoch 012 600/1559 train_mae 3.05 kl 0.184 lr 3e-04 (91s)
[03:43:53]   Epoch 012 700/1559 train_mae 3.03 kl 0.184 lr 3e-04 (106s)
[03:44:08]   Epoch 012 800/1559 train_mae 3.01 kl 0.182 lr 3e-04 (121s)
[03:44:23]   Epoch 012 900/1559 train_mae 3.01 kl 0.180 lr 3e-04 (137s)
[03:44:39]   Epoch 012 1000/1559 train_mae 3.00 kl 0.180 lr 3e-04 (152s)
[03:44:54]   Epoch 012 1100/1559 train_mae 2.98 kl 0.181 lr 3e-04 (167s)
[03:45:09]   Epoch 012 1200/1559 train_mae 2.98 kl 0.183 lr 3e-04 (183s)
[03:45:24]   Epoch 012 1300/1559 train_mae 2.99 kl 0.183 lr 3e-04 (198s)
[03:45:40]   Epoch 012 1400/1559 train_mae 2.98 kl 0.183 lr 3e-04 (213s)
[03:45:55]   Epoch 012 1500/1559 train_mae 2.99 kl 0.183 lr 3e-04 (228s)
[03:46:04]   Epoch 012 1559/1559 train_mae 2.99 kl 0.184 lr 3e-04 (237s)
[03:46:23] [Epoch 012 완료] train MAE 2.99 | val MAE 7.85 | val RMSE 10.45 | lr 3e-04 | * best 저장 (val MAE 7.85)
[03:46:39]   Epoch 013 100/1559 train_mae 2.89 kl 0.188 lr 3e-04 (15s)
[03:46:54]   Epoch 013 200/1559 train_mae 2.94 kl 0.187 lr 3e-04 (30s)
[03:47:09]   Epoch 013 300/1559 train_mae 2.91 kl 0.185 lr 3e-04 (46s)
[03:47:25]   Epoch 013 400/1559 train_mae 2.89 kl 0.181 lr 3e-04 (61s)
[03:47:40]   Epoch 013 500/1559 train_mae 2.85 kl 0.180 lr 3e-04 (76s)
[03:47:55]   Epoch 013 600/1559 train_mae 2.85 kl 0.180 lr 3e-04 (91s)
[03:48:10]   Epoch 013 700/1559 train_mae 2.86 kl 0.179 lr 3e-04 (106s)
[03:48:25]   Epoch 013 800/1559 train_mae 2.82 kl 0.177 lr 3e-04 (122s)
[03:48:41]   Epoch 013 900/1559 train_mae 2.82 kl 0.176 lr 3e-04 (137s)
[03:48:56]   Epoch 013 1000/1559 train_mae 2.85 kl 0.178 lr 3e-04 (152s)
[03:49:11]   Epoch 013 1100/1559 train_mae 2.86 kl 0.179 lr 3e-04 (167s)
[03:49:26]   Epoch 013 1200/1559 train_mae 2.86 kl 0.178 lr 3e-04 (182s)
[03:49:41]   Epoch 013 1300/1559 train_mae 2.87 kl 0.178 lr 3e-04 (197s)
[03:49:56]   Epoch 013 1400/1559 train_mae 2.87 kl 0.179 lr 3e-04 (213s)
[03:50:12]   Epoch 013 1500/1559 train_mae 2.88 kl 0.179 lr 3e-04 (228s)
[03:50:21]   Epoch 013 1559/1559 train_mae 2.87 kl 0.179 lr 3e-04 (237s)
[03:50:40] [Epoch 013 완료] train MAE 2.87 | val MAE 7.79 | val RMSE 10.55 | lr 3e-04 | * best 저장 (val MAE 7.79)
[03:50:56]   Epoch 014 100/1559 train_mae 2.99 kl 0.184 lr 3e-04 (15s)
[03:51:11]   Epoch 014 200/1559 train_mae 2.85 kl 0.183 lr 3e-04 (30s)
[03:51:26]   Epoch 014 300/1559 train_mae 2.76 kl 0.176 lr 3e-04 (46s)
[03:51:41]   Epoch 014 400/1559 train_mae 2.69 kl 0.176 lr 3e-04 (61s)
[03:51:56]   Epoch 014 500/1559 train_mae 2.64 kl 0.174 lr 3e-04 (76s)
[03:52:11]   Epoch 014 600/1559 train_mae 2.66 kl 0.173 lr 3e-04 (91s)
[03:52:26]   Epoch 014 700/1559 train_mae 2.68 kl 0.172 lr 3e-04 (106s)
[03:52:42]   Epoch 014 800/1559 train_mae 2.67 kl 0.170 lr 3e-04 (121s)
[03:52:57]   Epoch 014 900/1559 train_mae 2.65 kl 0.170 lr 3e-04 (136s)
[03:53:11]   Epoch 014 1000/1559 train_mae 2.64 kl 0.170 lr 3e-04 (151s)
[03:53:26]   Epoch 014 1100/1559 train_mae 2.64 kl 0.170 lr 3e-04 (166s)
[03:53:41]   Epoch 014 1200/1559 train_mae 2.64 kl 0.169 lr 3e-04 (181s)
[03:53:56]   Epoch 014 1300/1559 train_mae 2.64 kl 0.168 lr 3e-04 (196s)
[03:54:12]   Epoch 014 1400/1559 train_mae 2.63 kl 0.168 lr 3e-04 (211s)
[03:54:27]   Epoch 014 1500/1559 train_mae 2.64 kl 0.167 lr 3e-04 (226s)
[03:54:35]   Epoch 014 1559/1559 train_mae 2.64 kl 0.167 lr 3e-04 (235s)
[03:54:55] [Epoch 014 완료] train MAE 2.64 | val MAE 8.18 | val RMSE 10.87 | lr 3e-04 | 개선없음 1/15
[03:55:10]   Epoch 015 100/1559 train_mae 2.49 kl 0.176 lr 3e-04 (15s)
[03:55:26]   Epoch 015 200/1559 train_mae 2.52 kl 0.173 lr 3e-04 (30s)
[03:55:41]   Epoch 015 300/1559 train_mae 2.61 kl 0.175 lr 3e-04 (46s)
[03:55:56]   Epoch 015 400/1559 train_mae 2.63 kl 0.170 lr 3e-04 (61s)
[03:56:11]   Epoch 015 500/1559 train_mae 2.64 kl 0.169 lr 3e-04 (76s)
[03:56:26]   Epoch 015 600/1559 train_mae 2.64 kl 0.167 lr 3e-04 (91s)
[03:56:41]   Epoch 015 700/1559 train_mae 2.65 kl 0.165 lr 3e-04 (106s)
[03:56:57]   Epoch 015 800/1559 train_mae 2.64 kl 0.166 lr 3e-04 (121s)
[03:57:12]   Epoch 015 900/1559 train_mae 2.62 kl 0.166 lr 3e-04 (136s)
[03:57:27]   Epoch 015 1000/1559 train_mae 2.59 kl 0.164 lr 3e-04 (151s)
[03:57:42]   Epoch 015 1100/1559 train_mae 2.58 kl 0.164 lr 3e-04 (167s)
[03:57:57]   Epoch 015 1200/1559 train_mae 2.59 kl 0.165 lr 3e-04 (182s)
[03:58:12]   Epoch 015 1300/1559 train_mae 2.58 kl 0.165 lr 3e-04 (197s)
[03:58:27]   Epoch 015 1400/1559 train_mae 2.57 kl 0.164 lr 3e-04 (212s)
[03:58:42]   Epoch 015 1500/1559 train_mae 2.57 kl 0.163 lr 3e-04 (227s)
[03:58:51]   Epoch 015 1559/1559 train_mae 2.56 kl 0.163 lr 3e-04 (236s)
[03:59:10] [Epoch 015 완료] train MAE 2.56 | val MAE 7.92 | val RMSE 10.74 | lr 3e-04 | 개선없음 2/15
[03:59:24]   Epoch 016 100/1559 train_mae 2.56 kl 0.156 lr 3e-04 (14s)
[03:59:38]   Epoch 016 200/1559 train_mae 2.57 kl 0.156 lr 3e-04 (28s)
[03:59:51]   Epoch 016 300/1559 train_mae 2.53 kl 0.160 lr 3e-04 (41s)
[04:00:06]   Epoch 016 400/1559 train_mae 2.47 kl 0.160 lr 3e-04 (55s)
[04:00:21]   Epoch 016 500/1559 train_mae 2.45 kl 0.159 lr 3e-04 (70s)
[04:00:36]   Epoch 016 600/1559 train_mae 2.49 kl 0.159 lr 3e-04 (86s)
[04:00:51]   Epoch 016 700/1559 train_mae 2.48 kl 0.158 lr 3e-04 (101s)
[04:01:06]   Epoch 016 800/1559 train_mae 2.45 kl 0.157 lr 3e-04 (116s)
[04:01:21]   Epoch 016 900/1559 train_mae 2.45 kl 0.157 lr 3e-04 (131s)
[04:01:37]   Epoch 016 1000/1559 train_mae 2.48 kl 0.157 lr 3e-04 (146s)
[04:01:52]   Epoch 016 1100/1559 train_mae 2.47 kl 0.157 lr 3e-04 (161s)
[04:02:07]   Epoch 016 1200/1559 train_mae 2.47 kl 0.157 lr 3e-04 (176s)
[04:02:21]   Epoch 016 1300/1559 train_mae 2.47 kl 0.158 lr 3e-04 (191s)
[04:02:35]   Epoch 016 1400/1559 train_mae 2.47 kl 0.158 lr 3e-04 (205s)
[04:02:50]   Epoch 016 1500/1559 train_mae 2.48 kl 0.158 lr 3e-04 (220s)
[04:02:59]   Epoch 016 1559/1559 train_mae 2.49 kl 0.158 lr 3e-04 (229s)
[04:03:16] [Epoch 016 완료] train MAE 2.49 | val MAE 7.87 | val RMSE 10.69 | lr 3e-04 | 개선없음 3/15
[04:03:32]   Epoch 017 100/1559 train_mae 2.56 kl 0.155 lr 3e-04 (15s)
[04:03:47]   Epoch 017 200/1559 train_mae 2.54 kl 0.153 lr 3e-04 (30s)
[04:04:02]   Epoch 017 300/1559 train_mae 2.52 kl 0.153 lr 3e-04 (45s)
[04:04:17]   Epoch 017 400/1559 train_mae 2.48 kl 0.149 lr 3e-04 (61s)
[04:04:32]   Epoch 017 500/1559 train_mae 2.44 kl 0.149 lr 3e-04 (76s)
[04:04:47]   Epoch 017 600/1559 train_mae 2.44 kl 0.150 lr 3e-04 (91s)
[04:05:02]   Epoch 017 700/1559 train_mae 2.40 kl 0.149 lr 3e-04 (106s)
[04:05:17]   Epoch 017 800/1559 train_mae 2.39 kl 0.147 lr 3e-04 (121s)
[04:05:33]   Epoch 017 900/1559 train_mae 2.40 kl 0.148 lr 3e-04 (136s)
[04:05:48]   Epoch 017 1000/1559 train_mae 2.39 kl 0.148 lr 3e-04 (151s)
[04:06:03]   Epoch 017 1100/1559 train_mae 2.38 kl 0.147 lr 3e-04 (166s)
[04:06:18]   Epoch 017 1200/1559 train_mae 2.38 kl 0.148 lr 3e-04 (181s)
[04:06:33]   Epoch 017 1300/1559 train_mae 2.38 kl 0.147 lr 3e-04 (196s)
[04:06:48]   Epoch 017 1400/1559 train_mae 2.38 kl 0.148 lr 3e-04 (211s)
[04:07:03]   Epoch 017 1500/1559 train_mae 2.37 kl 0.147 lr 3e-04 (226s)
[04:07:12]   Epoch 017 1559/1559 train_mae 2.37 kl 0.147 lr 3e-04 (235s)
[04:07:28] [Epoch 017 완료] train MAE 2.37 | val MAE 7.79 | val RMSE 10.52 | lr 3e-04 | 개선없음 4/15
[04:07:44]   Epoch 018 100/1559 train_mae 2.24 kl 0.147 lr 3e-04 (15s)
[04:07:59]   Epoch 018 200/1559 train_mae 2.25 kl 0.145 lr 3e-04 (31s)
[04:08:14]   Epoch 018 300/1559 train_mae 2.35 kl 0.147 lr 3e-04 (46s)
[04:08:29]   Epoch 018 400/1559 train_mae 2.35 kl 0.148 lr 3e-04 (61s)
[04:08:44]   Epoch 018 500/1559 train_mae 2.38 kl 0.147 lr 3e-04 (76s)
[04:09:00]   Epoch 018 600/1559 train_mae 2.33 kl 0.145 lr 3e-04 (91s)
[04:09:14]   Epoch 018 700/1559 train_mae 2.29 kl 0.144 lr 3e-04 (106s)
[04:09:29]   Epoch 018 800/1559 train_mae 2.27 kl 0.144 lr 3e-04 (121s)
[04:09:44]   Epoch 018 900/1559 train_mae 2.26 kl 0.145 lr 3e-04 (136s)
[04:09:59]   Epoch 018 1000/1559 train_mae 2.23 kl 0.144 lr 3e-04 (151s)
[04:10:14]   Epoch 018 1100/1559 train_mae 2.24 kl 0.144 lr 3e-04 (166s)
[04:10:30]   Epoch 018 1200/1559 train_mae 2.24 kl 0.144 lr 3e-04 (181s)
[04:10:45]   Epoch 018 1300/1559 train_mae 2.24 kl 0.143 lr 3e-04 (196s)
[04:11:00]   Epoch 018 1400/1559 train_mae 2.25 kl 0.144 lr 3e-04 (211s)
[04:11:13]   Epoch 018 1500/1559 train_mae 2.24 kl 0.143 lr 3e-04 (225s)
[04:11:22]   Epoch 018 1559/1559 train_mae 2.24 kl 0.143 lr 3e-04 (234s)
[04:11:42] [Epoch 018 완료] train MAE 2.24 | val MAE 7.74 | val RMSE 10.50 | lr 3e-04 | * best 저장 (val MAE 7.74)
[04:11:57]   Epoch 019 100/1559 train_mae 2.18 kl 0.140 lr 3e-04 (15s)
[04:12:12]   Epoch 019 200/1559 train_mae 2.26 kl 0.144 lr 3e-04 (30s)
[04:12:27]   Epoch 019 300/1559 train_mae 2.28 kl 0.142 lr 3e-04 (45s)
[04:12:42]   Epoch 019 400/1559 train_mae 2.22 kl 0.141 lr 3e-04 (60s)
[04:12:57]   Epoch 019 500/1559 train_mae 2.19 kl 0.139 lr 3e-04 (75s)
[04:13:12]   Epoch 019 600/1559 train_mae 2.17 kl 0.138 lr 3e-04 (90s)
[04:13:28]   Epoch 019 700/1559 train_mae 2.18 kl 0.139 lr 3e-04 (105s)
[04:13:43]   Epoch 019 800/1559 train_mae 2.20 kl 0.138 lr 3e-04 (121s)
[04:13:58]   Epoch 019 900/1559 train_mae 2.19 kl 0.138 lr 3e-04 (136s)
[04:14:13]   Epoch 019 1000/1559 train_mae 2.21 kl 0.137 lr 3e-04 (151s)
[04:14:27]   Epoch 019 1100/1559 train_mae 2.21 kl 0.136 lr 3e-04 (165s)
[04:14:42]   Epoch 019 1200/1559 train_mae 2.20 kl 0.136 lr 3e-04 (180s)
[04:14:57]   Epoch 019 1300/1559 train_mae 2.21 kl 0.137 lr 3e-04 (195s)
[04:15:12]   Epoch 019 1400/1559 train_mae 2.20 kl 0.136 lr 3e-04 (210s)
[04:15:27]   Epoch 019 1500/1559 train_mae 2.19 kl 0.135 lr 3e-04 (225s)
[04:15:36]   Epoch 019 1559/1559 train_mae 2.18 kl 0.135 lr 3e-04 (234s)
[04:15:54] [Epoch 019 완료] train MAE 2.18 | val MAE 7.87 | val RMSE 10.91 | lr 3e-04 | 개선없음 1/15
[04:16:10]   Epoch 020 100/1559 train_mae 2.16 kl 0.131 lr 3e-04 (15s)
[04:16:25]   Epoch 020 200/1559 train_mae 2.11 kl 0.134 lr 3e-04 (30s)
[04:16:40]   Epoch 020 300/1559 train_mae 2.12 kl 0.133 lr 3e-04 (46s)
[04:16:55]   Epoch 020 400/1559 train_mae 2.08 kl 0.133 lr 3e-04 (61s)
[04:17:10]   Epoch 020 500/1559 train_mae 2.08 kl 0.132 lr 3e-04 (76s)
[04:17:25]   Epoch 020 600/1559 train_mae 2.11 kl 0.132 lr 3e-04 (91s)
[04:17:41]   Epoch 020 700/1559 train_mae 2.09 kl 0.131 lr 3e-04 (106s)
[04:17:56]   Epoch 020 800/1559 train_mae 2.10 kl 0.131 lr 3e-04 (121s)
[04:18:11]   Epoch 020 900/1559 train_mae 2.09 kl 0.131 lr 3e-04 (137s)
[04:18:26]   Epoch 020 1000/1559 train_mae 2.07 kl 0.132 lr 3e-04 (152s)
[04:18:41]   Epoch 020 1100/1559 train_mae 2.10 kl 0.133 lr 3e-04 (167s)
[04:18:56]   Epoch 020 1200/1559 train_mae 2.11 kl 0.132 lr 3e-04 (182s)
[04:19:12]   Epoch 020 1300/1559 train_mae 2.11 kl 0.132 lr 3e-04 (197s)
[04:19:27]   Epoch 020 1400/1559 train_mae 2.11 kl 0.132 lr 3e-04 (212s)
[04:19:42]   Epoch 020 1500/1559 train_mae 2.12 kl 0.131 lr 3e-04 (228s)
[04:19:51]   Epoch 020 1559/1559 train_mae 2.12 kl 0.131 lr 3e-04 (237s)
[04:20:08] [Epoch 020 완료] train MAE 2.12 | val MAE 7.76 | val RMSE 10.73 | lr 3e-04 | 개선없음 2/15
[04:20:24]   Epoch 021 100/1559 train_mae 2.07 kl 0.139 lr 3e-04 (15s)
[04:20:39]   Epoch 021 200/1559 train_mae 2.05 kl 0.130 lr 3e-04 (30s)
[04:20:54]   Epoch 021 300/1559 train_mae 2.03 kl 0.127 lr 3e-04 (45s)
[04:21:09]   Epoch 021 400/1559 train_mae 2.02 kl 0.126 lr 3e-04 (61s)
[04:21:25]   Epoch 021 500/1559 train_mae 2.03 kl 0.128 lr 3e-04 (76s)
[04:21:40]   Epoch 021 600/1559 train_mae 2.03 kl 0.128 lr 3e-04 (91s)
[04:21:55]   Epoch 021 700/1559 train_mae 2.05 kl 0.127 lr 3e-04 (106s)
[04:22:10]   Epoch 021 800/1559 train_mae 2.03 kl 0.127 lr 3e-04 (121s)
[04:22:25]   Epoch 021 900/1559 train_mae 2.02 kl 0.128 lr 3e-04 (137s)
[04:22:41]   Epoch 021 1000/1559 train_mae 2.02 kl 0.130 lr 3e-04 (152s)
[04:22:56]   Epoch 021 1100/1559 train_mae 2.02 kl 0.130 lr 3e-04 (167s)
[04:23:11]   Epoch 021 1200/1559 train_mae 2.02 kl 0.131 lr 3e-04 (182s)
[04:23:26]   Epoch 021 1300/1559 train_mae 2.03 kl 0.131 lr 3e-04 (197s)
[04:23:41]   Epoch 021 1400/1559 train_mae 2.03 kl 0.131 lr 3e-04 (213s)
[04:23:57]   Epoch 021 1500/1559 train_mae 2.03 kl 0.132 lr 3e-04 (228s)
[04:24:06]   Epoch 021 1559/1559 train_mae 2.03 kl 0.131 lr 3e-04 (237s)
[04:24:25] [Epoch 021 완료] train MAE 2.03 | val MAE 7.81 | val RMSE 10.49 | lr 3e-04 | 개선없음 3/15
[04:24:40]   Epoch 022 100/1559 train_mae 2.13 kl 0.136 lr 3e-04 (15s)
[04:24:56]   Epoch 022 200/1559 train_mae 2.04 kl 0.126 lr 3e-04 (30s)
[04:25:10]   Epoch 022 300/1559 train_mae 2.01 kl 0.126 lr 3e-04 (45s)
[04:25:25]   Epoch 022 400/1559 train_mae 2.04 kl 0.124 lr 3e-04 (60s)
[04:25:41]   Epoch 022 500/1559 train_mae 2.06 kl 0.125 lr 3e-04 (75s)
[04:25:56]   Epoch 022 600/1559 train_mae 2.04 kl 0.126 lr 3e-04 (90s)
[04:26:11]   Epoch 022 700/1559 train_mae 2.00 kl 0.125 lr 3e-04 (106s)
[04:26:26]   Epoch 022 800/1559 train_mae 2.00 kl 0.124 lr 3e-04 (121s)
[04:26:41]   Epoch 022 900/1559 train_mae 1.98 kl 0.124 lr 3e-04 (136s)
[04:26:57]   Epoch 022 1000/1559 train_mae 1.97 kl 0.123 lr 3e-04 (151s)
[04:27:12]   Epoch 022 1100/1559 train_mae 1.94 kl 0.123 lr 3e-04 (166s)
[04:27:27]   Epoch 022 1200/1559 train_mae 1.94 kl 0.123 lr 3e-04 (182s)
[04:27:42]   Epoch 022 1300/1559 train_mae 1.94 kl 0.123 lr 3e-04 (197s)
[04:27:57]   Epoch 022 1400/1559 train_mae 1.94 kl 0.123 lr 3e-04 (212s)
[04:28:12]   Epoch 022 1500/1559 train_mae 1.93 kl 0.122 lr 3e-04 (227s)
[04:28:21]   Epoch 022 1559/1559 train_mae 1.93 kl 0.122 lr 3e-04 (236s)
[04:28:41] [Epoch 022 완료] train MAE 1.93 | val MAE 7.65 | val RMSE 10.57 | lr 3e-04 | * best 저장 (val MAE 7.65)
[04:28:56]   Epoch 023 100/1559 train_mae 1.95 kl 0.115 lr 3e-04 (15s)
[04:29:11]   Epoch 023 200/1559 train_mae 1.98 kl 0.126 lr 3e-04 (30s)
[04:29:27]   Epoch 023 300/1559 train_mae 1.94 kl 0.121 lr 3e-04 (45s)
[04:29:42]   Epoch 023 400/1559 train_mae 1.95 kl 0.119 lr 3e-04 (61s)
[04:29:57]   Epoch 023 500/1559 train_mae 1.93 kl 0.120 lr 3e-04 (76s)
[04:30:12]   Epoch 023 600/1559 train_mae 1.96 kl 0.123 lr 3e-04 (91s)
[04:30:27]   Epoch 023 700/1559 train_mae 1.93 kl 0.123 lr 3e-04 (106s)
[04:30:42]   Epoch 023 800/1559 train_mae 1.92 kl 0.123 lr 3e-04 (121s)
[04:30:56]   Epoch 023 900/1559 train_mae 1.92 kl 0.122 lr 3e-04 (135s)
[04:31:11]   Epoch 023 1000/1559 train_mae 1.91 kl 0.121 lr 3e-04 (150s)
[04:31:26]   Epoch 023 1100/1559 train_mae 1.91 kl 0.122 lr 3e-04 (165s)
[04:31:41]   Epoch 023 1200/1559 train_mae 1.91 kl 0.122 lr 3e-04 (180s)
[04:31:56]   Epoch 023 1300/1559 train_mae 1.91 kl 0.122 lr 3e-04 (195s)
[04:32:12]   Epoch 023 1400/1559 train_mae 1.91 kl 0.122 lr 3e-04 (210s)
[04:32:27]   Epoch 023 1500/1559 train_mae 1.91 kl 0.121 lr 3e-04 (226s)
[04:32:36]   Epoch 023 1559/1559 train_mae 1.91 kl 0.122 lr 3e-04 (235s)
[04:32:54] [Epoch 023 완료] train MAE 1.91 | val MAE 7.61 | val RMSE 10.56 | lr 3e-04 | * best 저장 (val MAE 7.61)
[04:33:10]   Epoch 024 100/1559 train_mae 1.85 kl 0.125 lr 3e-04 (15s)
[04:33:25]   Epoch 024 200/1559 train_mae 1.86 kl 0.124 lr 3e-04 (30s)
[04:33:40]   Epoch 024 300/1559 train_mae 1.89 kl 0.122 lr 3e-04 (46s)
[04:33:55]   Epoch 024 400/1559 train_mae 1.85 kl 0.124 lr 3e-04 (61s)
[04:34:10]   Epoch 024 500/1559 train_mae 1.84 kl 0.124 lr 3e-04 (76s)
[04:34:24]   Epoch 024 600/1559 train_mae 1.84 kl 0.123 lr 3e-04 (90s)
[04:34:39]   Epoch 024 700/1559 train_mae 1.85 kl 0.123 lr 3e-04 (105s)
[04:34:55]   Epoch 024 800/1559 train_mae 1.86 kl 0.123 lr 3e-04 (120s)
[04:35:10]   Epoch 024 900/1559 train_mae 1.85 kl 0.122 lr 3e-04 (135s)
[04:35:25]   Epoch 024 1000/1559 train_mae 1.87 kl 0.122 lr 3e-04 (151s)
[04:35:40]   Epoch 024 1100/1559 train_mae 1.87 kl 0.122 lr 3e-04 (166s)
[04:35:55]   Epoch 024 1200/1559 train_mae 1.88 kl 0.122 lr 3e-04 (181s)
[04:36:10]   Epoch 024 1300/1559 train_mae 1.89 kl 0.122 lr 3e-04 (196s)
[04:36:25]   Epoch 024 1400/1559 train_mae 1.88 kl 0.121 lr 3e-04 (211s)
[04:36:40]   Epoch 024 1500/1559 train_mae 1.87 kl 0.121 lr 3e-04 (226s)
[04:36:49]   Epoch 024 1559/1559 train_mae 1.87 kl 0.121 lr 3e-04 (235s)
[04:37:09] [Epoch 024 완료] train MAE 1.87 | val MAE 7.73 | val RMSE 10.54 | lr 3e-04 | 개선없음 1/15
[04:37:24]   Epoch 025 100/1559 train_mae 2.01 kl 0.123 lr 3e-04 (15s)
[04:37:39]   Epoch 025 200/1559 train_mae 1.97 kl 0.122 lr 3e-04 (30s)
[04:37:54]   Epoch 025 300/1559 train_mae 1.89 kl 0.121 lr 3e-04 (45s)
[04:38:10]   Epoch 025 400/1559 train_mae 1.87 kl 0.118 lr 3e-04 (60s)
[04:38:25]   Epoch 025 500/1559 train_mae 1.87 kl 0.118 lr 3e-04 (76s)
[04:38:40]   Epoch 025 600/1559 train_mae 1.88 kl 0.117 lr 3e-04 (91s)
[04:38:55]   Epoch 025 700/1559 train_mae 1.87 kl 0.117 lr 3e-04 (106s)
[04:39:10]   Epoch 025 800/1559 train_mae 1.86 kl 0.118 lr 3e-04 (121s)
[04:39:24]   Epoch 025 900/1559 train_mae 1.86 kl 0.118 lr 3e-04 (135s)
[04:39:39]   Epoch 025 1000/1559 train_mae 1.86 kl 0.118 lr 3e-04 (150s)
[04:39:54]   Epoch 025 1100/1559 train_mae 1.86 kl 0.118 lr 3e-04 (165s)
[04:40:09]   Epoch 025 1200/1559 train_mae 1.85 kl 0.118 lr 3e-04 (180s)
[04:40:24]   Epoch 025 1300/1559 train_mae 1.83 kl 0.119 lr 3e-04 (195s)
[04:40:39]   Epoch 025 1400/1559 train_mae 1.82 kl 0.119 lr 3e-04 (210s)
[04:40:53]   Epoch 025 1500/1559 train_mae 1.82 kl 0.118 lr 3e-04 (224s)
[04:41:01]   Epoch 025 1559/1559 train_mae 1.82 kl 0.118 lr 3e-04 (232s)
[04:41:17] [Epoch 025 완료] train MAE 1.82 | val MAE 7.80 | val RMSE 11.17 | lr 3e-04 | 개선없음 2/15
[04:41:33]   Epoch 026 100/1559 train_mae 1.78 kl 0.116 lr 3e-04 (15s)
[04:41:48]   Epoch 026 200/1559 train_mae 1.79 kl 0.114 lr 3e-04 (30s)
[04:42:03]   Epoch 026 300/1559 train_mae 1.81 kl 0.111 lr 3e-04 (45s)
[04:42:18]   Epoch 026 400/1559 train_mae 1.80 kl 0.110 lr 3e-04 (60s)
[04:42:33]   Epoch 026 500/1559 train_mae 1.75 kl 0.111 lr 3e-04 (75s)
[04:42:48]   Epoch 026 600/1559 train_mae 1.75 kl 0.111 lr 3e-04 (91s)
[04:43:03]   Epoch 026 700/1559 train_mae 1.76 kl 0.112 lr 3e-04 (106s)
[04:43:17]   Epoch 026 800/1559 train_mae 1.76 kl 0.112 lr 3e-04 (120s)
[04:43:32]   Epoch 026 900/1559 train_mae 1.76 kl 0.111 lr 3e-04 (135s)
[04:43:47]   Epoch 026 1000/1559 train_mae 1.75 kl 0.110 lr 3e-04 (150s)
[04:44:03]   Epoch 026 1100/1559 train_mae 1.74 kl 0.111 lr 3e-04 (165s)
[04:44:17]   Epoch 026 1200/1559 train_mae 1.74 kl 0.111 lr 3e-04 (180s)
[04:44:32]   Epoch 026 1300/1559 train_mae 1.74 kl 0.111 lr 3e-04 (195s)
[04:44:47]   Epoch 026 1400/1559 train_mae 1.74 kl 0.110 lr 3e-04 (209s)
[04:45:02]   Epoch 026 1500/1559 train_mae 1.74 kl 0.112 lr 3e-04 (225s)
[04:45:11]   Epoch 026 1559/1559 train_mae 1.75 kl 0.112 lr 3e-04 (234s)
[04:45:30] [Epoch 026 완료] train MAE 1.75 | val MAE 7.88 | val RMSE 10.81 | lr 3e-04 | 개선없음 3/15
[04:45:46]   Epoch 027 100/1559 train_mae 1.88 kl 0.114 lr 3e-04 (15s)
[04:46:01]   Epoch 027 200/1559 train_mae 1.76 kl 0.113 lr 3e-04 (31s)
[04:46:16]   Epoch 027 300/1559 train_mae 1.70 kl 0.111 lr 3e-04 (46s)
[04:46:31]   Epoch 027 400/1559 train_mae 1.67 kl 0.110 lr 3e-04 (61s)
[04:46:47]   Epoch 027 500/1559 train_mae 1.68 kl 0.112 lr 3e-04 (76s)
[04:47:02]   Epoch 027 600/1559 train_mae 1.69 kl 0.111 lr 3e-04 (91s)
[04:47:17]   Epoch 027 700/1559 train_mae 1.70 kl 0.111 lr 3e-04 (107s)
[04:47:32]   Epoch 027 800/1559 train_mae 1.70 kl 0.111 lr 3e-04 (122s)
[04:47:47]   Epoch 027 900/1559 train_mae 1.70 kl 0.110 lr 3e-04 (137s)
[04:48:03]   Epoch 027 1000/1559 train_mae 1.70 kl 0.110 lr 3e-04 (152s)
[04:48:18]   Epoch 027 1100/1559 train_mae 1.70 kl 0.109 lr 3e-04 (168s)
[04:48:33]   Epoch 027 1200/1559 train_mae 1.69 kl 0.110 lr 3e-04 (183s)
[04:48:48]   Epoch 027 1300/1559 train_mae 1.69 kl 0.110 lr 3e-04 (198s)
[04:49:04]   Epoch 027 1400/1559 train_mae 1.69 kl 0.110 lr 3e-04 (213s)
[04:49:19]   Epoch 027 1500/1559 train_mae 1.69 kl 0.111 lr 3e-04 (228s)
[04:49:28]   Epoch 027 1559/1559 train_mae 1.69 kl 0.110 lr 3e-04 (237s)
[04:49:47] [Epoch 027 완료] train MAE 1.69 | val MAE 7.83 | val RMSE 10.86 | lr 3e-04 | 개선없음 4/15
[04:50:02]   Epoch 028 100/1559 train_mae 1.82 kl 0.104 lr 3e-04 (15s)
[04:50:18]   Epoch 028 200/1559 train_mae 1.78 kl 0.105 lr 3e-04 (30s)
[04:50:33]   Epoch 028 300/1559 train_mae 1.75 kl 0.107 lr 3e-04 (46s)
[04:50:48]   Epoch 028 400/1559 train_mae 1.72 kl 0.111 lr 3e-04 (61s)
[04:51:03]   Epoch 028 500/1559 train_mae 1.75 kl 0.112 lr 3e-04 (76s)
[04:51:18]   Epoch 028 600/1559 train_mae 1.73 kl 0.112 lr 3e-04 (91s)
[04:51:34]   Epoch 028 700/1559 train_mae 1.72 kl 0.111 lr 3e-04 (107s)
[04:51:49]   Epoch 028 800/1559 train_mae 1.71 kl 0.111 lr 3e-04 (122s)
[04:52:04]   Epoch 028 900/1559 train_mae 1.68 kl 0.110 lr 3e-04 (137s)
[04:52:19]   Epoch 028 1000/1559 train_mae 1.68 kl 0.109 lr 3e-04 (152s)
[04:52:34]   Epoch 028 1100/1559 train_mae 1.67 kl 0.109 lr 3e-04 (167s)
[04:52:48]   Epoch 028 1200/1559 train_mae 1.65 kl 0.108 lr 3e-04 (181s)
[04:53:03]   Epoch 028 1300/1559 train_mae 1.65 kl 0.108 lr 3e-04 (196s)
[04:53:18]   Epoch 028 1400/1559 train_mae 1.65 kl 0.108 lr 3e-04 (211s)
[04:53:33]   Epoch 028 1500/1559 train_mae 1.65 kl 0.108 lr 3e-04 (226s)
[04:53:42]   Epoch 028 1559/1559 train_mae 1.64 kl 0.108 lr 3e-04 (235s)
[04:54:01] [Epoch 028 완료] train MAE 1.64 | val MAE 7.79 | val RMSE 10.77 | lr 3e-04 | 개선없음 5/15
[04:54:16]   Epoch 029 100/1559 train_mae 1.72 kl 0.102 lr 3e-04 (15s)
[04:54:32]   Epoch 029 200/1559 train_mae 1.69 kl 0.100 lr 3e-04 (30s)
[04:54:47]   Epoch 029 300/1559 train_mae 1.68 kl 0.102 lr 3e-04 (46s)
[04:55:02]   Epoch 029 400/1559 train_mae 1.66 kl 0.103 lr 3e-04 (61s)
[04:55:17]   Epoch 029 500/1559 train_mae 1.65 kl 0.109 lr 3e-04 (76s)
[04:55:32]   Epoch 029 600/1559 train_mae 1.64 kl 0.109 lr 3e-04 (91s)
[04:55:47]   Epoch 029 700/1559 train_mae 1.64 kl 0.108 lr 3e-04 (106s)
[04:56:02]   Epoch 029 800/1559 train_mae 1.63 kl 0.110 lr 3e-04 (121s)
[04:56:18]   Epoch 029 900/1559 train_mae 1.62 kl 0.108 lr 3e-04 (136s)
[04:56:33]   Epoch 029 1000/1559 train_mae 1.61 kl 0.109 lr 3e-04 (152s)
[04:56:48]   Epoch 029 1100/1559 train_mae 1.62 kl 0.109 lr 3e-04 (167s)
[04:57:03]   Epoch 029 1200/1559 train_mae 1.62 kl 0.109 lr 3e-04 (182s)
[04:57:18]   Epoch 029 1300/1559 train_mae 1.61 kl 0.110 lr 3e-04 (197s)
[04:57:33]   Epoch 029 1400/1559 train_mae 1.61 kl 0.110 lr 3e-04 (212s)
[04:57:48]   Epoch 029 1500/1559 train_mae 1.61 kl 0.110 lr 3e-04 (227s)
[04:57:57]   Epoch 029 1559/1559 train_mae 1.61 kl 0.110 lr 3e-04 (236s)
[04:58:17] [Epoch 029 완료] train MAE 1.61 | val MAE 7.80 | val RMSE 10.65 | lr 3e-04 | 개선없음 6/15
[04:58:32]   Epoch 030 100/1559 train_mae 1.63 kl 0.112 lr 3e-04 (15s)
[04:58:47]   Epoch 030 200/1559 train_mae 1.67 kl 0.107 lr 3e-04 (30s)
[04:59:03]   Epoch 030 300/1559 train_mae 1.60 kl 0.108 lr 3e-04 (46s)
[04:59:18]   Epoch 030 400/1559 train_mae 1.58 kl 0.107 lr 3e-04 (61s)
[04:59:33]   Epoch 030 500/1559 train_mae 1.59 kl 0.105 lr 3e-04 (76s)
[04:59:48]   Epoch 030 600/1559 train_mae 1.56 kl 0.104 lr 3e-04 (91s)
[05:00:03]   Epoch 030 700/1559 train_mae 1.54 kl 0.103 lr 3e-04 (106s)
[05:00:18]   Epoch 030 800/1559 train_mae 1.57 kl 0.105 lr 3e-04 (122s)
[05:00:34]   Epoch 030 900/1559 train_mae 1.56 kl 0.105 lr 3e-04 (137s)
[05:00:49]   Epoch 030 1000/1559 train_mae 1.56 kl 0.105 lr 3e-04 (152s)
[05:01:04]   Epoch 030 1100/1559 train_mae 1.55 kl 0.104 lr 3e-04 (167s)
[05:01:19]   Epoch 030 1200/1559 train_mae 1.54 kl 0.103 lr 3e-04 (182s)
[05:01:34]   Epoch 030 1300/1559 train_mae 1.54 kl 0.103 lr 3e-04 (197s)
[05:01:49]   Epoch 030 1400/1559 train_mae 1.55 kl 0.103 lr 3e-04 (212s)
[05:02:05]   Epoch 030 1500/1559 train_mae 1.55 kl 0.104 lr 3e-04 (228s)
[05:02:14]   Epoch 030 1559/1559 train_mae 1.56 kl 0.104 lr 3e-04 (237s)
[05:02:33] [Epoch 030 완료] train MAE 1.56 | val MAE 7.75 | val RMSE 10.65 | lr 3e-04 | 개선없음 7/15
[05:02:49]   Epoch 031 100/1559 train_mae 1.47 kl 0.111 lr 3e-04 (15s)
[05:03:04]   Epoch 031 200/1559 train_mae 1.54 kl 0.108 lr 3e-04 (30s)
[05:03:19]   Epoch 031 300/1559 train_mae 1.55 kl 0.103 lr 3e-04 (46s)
[05:03:34]   Epoch 031 400/1559 train_mae 1.57 kl 0.105 lr 3e-04 (61s)
[05:03:49]   Epoch 031 500/1559 train_mae 1.55 kl 0.104 lr 3e-04 (76s)
[05:04:04]   Epoch 031 600/1559 train_mae 1.54 kl 0.105 lr 3e-04 (91s)
[05:04:20]   Epoch 031 700/1559 train_mae 1.56 kl 0.105 lr 3e-04 (106s)
[05:04:35]   Epoch 031 800/1559 train_mae 1.55 kl 0.104 lr 3e-04 (122s)
[05:04:50]   Epoch 031 900/1559 train_mae 1.55 kl 0.105 lr 3e-04 (137s)
[05:05:05]   Epoch 031 1000/1559 train_mae 1.54 kl 0.105 lr 3e-04 (152s)
[05:05:20]   Epoch 031 1100/1559 train_mae 1.54 kl 0.105 lr 3e-04 (167s)
[05:05:35]   Epoch 031 1200/1559 train_mae 1.54 kl 0.105 lr 3e-04 (182s)
[05:05:51]   Epoch 031 1300/1559 train_mae 1.53 kl 0.105 lr 3e-04 (197s)
[05:06:06]   Epoch 031 1400/1559 train_mae 1.52 kl 0.104 lr 3e-04 (212s)
[05:06:21]   Epoch 031 1500/1559 train_mae 1.53 kl 0.104 lr 3e-04 (228s)
[05:06:30]   Epoch 031 1559/1559 train_mae 1.52 kl 0.103 lr 3e-04 (237s)
[05:06:49] [Epoch 031 완료] train MAE 1.52 | val MAE 7.97 | val RMSE 10.90 | lr 3e-04 | 개선없음 8/15
[05:07:05]   Epoch 032 100/1559 train_mae 1.50 kl 0.105 lr 3e-04 (15s)
[05:07:20]   Epoch 032 200/1559 train_mae 1.50 kl 0.105 lr 3e-04 (30s)
[05:07:35]   Epoch 032 300/1559 train_mae 1.52 kl 0.106 lr 3e-04 (46s)
[05:07:51]   Epoch 032 400/1559 train_mae 1.52 kl 0.106 lr 3e-04 (61s)
[05:08:06]   Epoch 032 500/1559 train_mae 1.52 kl 0.105 lr 3e-04 (76s)
[05:08:21]   Epoch 032 600/1559 train_mae 1.53 kl 0.106 lr 3e-04 (91s)
[05:08:36]   Epoch 032 700/1559 train_mae 1.52 kl 0.106 lr 3e-04 (107s)
[05:08:51]   Epoch 032 800/1559 train_mae 1.52 kl 0.106 lr 3e-04 (122s)
[05:09:07]   Epoch 032 900/1559 train_mae 1.52 kl 0.105 lr 3e-04 (137s)
[05:09:22]   Epoch 032 1000/1559 train_mae 1.51 kl 0.105 lr 3e-04 (152s)
[05:09:37]   Epoch 032 1100/1559 train_mae 1.52 kl 0.106 lr 3e-04 (167s)
[05:09:52]   Epoch 032 1200/1559 train_mae 1.51 kl 0.105 lr 3e-04 (182s)
[05:10:07]   Epoch 032 1300/1559 train_mae 1.50 kl 0.105 lr 3e-04 (198s)
[05:10:22]   Epoch 032 1400/1559 train_mae 1.51 kl 0.105 lr 3e-04 (213s)
[05:10:38]   Epoch 032 1500/1559 train_mae 1.50 kl 0.103 lr 3e-04 (228s)
[05:10:47]   Epoch 032 1559/1559 train_mae 1.49 kl 0.103 lr 3e-04 (237s)
[05:11:05] [Epoch 032 완료] train MAE 1.49 | val MAE 7.65 | val RMSE 10.54 | lr 3e-04 | 개선없음 9/15
[05:11:21]   Epoch 033 100/1559 train_mae 1.66 kl 0.117 lr 3e-04 (15s)
[05:11:36]   Epoch 033 200/1559 train_mae 1.59 kl 0.108 lr 3e-04 (30s)
[05:11:51]   Epoch 033 300/1559 train_mae 1.52 kl 0.105 lr 3e-04 (46s)
[05:12:07]   Epoch 033 400/1559 train_mae 1.48 kl 0.103 lr 3e-04 (61s)
[05:12:22]   Epoch 033 500/1559 train_mae 1.51 kl 0.103 lr 3e-04 (76s)
[05:12:37]   Epoch 033 600/1559 train_mae 1.51 kl 0.102 lr 3e-04 (91s)
[05:12:52]   Epoch 033 700/1559 train_mae 1.51 kl 0.101 lr 3e-04 (106s)
[05:13:07]   Epoch 033 800/1559 train_mae 1.52 kl 0.100 lr 3e-04 (121s)
[05:13:22]   Epoch 033 900/1559 train_mae 1.50 kl 0.100 lr 3e-04 (136s)
[05:13:35]   Epoch 033 1000/1559 train_mae 1.49 kl 0.099 lr 3e-04 (149s)
[05:13:48]   Epoch 033 1100/1559 train_mae 1.48 kl 0.098 lr 3e-04 (162s)
[05:14:02]   Epoch 033 1200/1559 train_mae 1.47 kl 0.098 lr 3e-04 (176s)
[05:14:17]   Epoch 033 1300/1559 train_mae 1.47 kl 0.098 lr 3e-04 (192s)
[05:14:33]   Epoch 033 1400/1559 train_mae 1.47 kl 0.099 lr 3e-04 (207s)
[05:14:48]   Epoch 033 1500/1559 train_mae 1.46 kl 0.099 lr 3e-04 (222s)
[05:14:57]   Epoch 033 1559/1559 train_mae 1.46 kl 0.099 lr 3e-04 (231s)
[05:15:16] [Epoch 033 완료] train MAE 1.46 | val MAE 7.72 | val RMSE 10.73 | lr 3e-04 | 개선없음 10/15
[05:15:31]   Epoch 034 100/1559 train_mae 1.55 kl 0.105 lr 3e-04 (15s)
[05:15:44]   Epoch 034 200/1559 train_mae 1.42 kl 0.094 lr 3e-04 (28s)
[05:15:59]   Epoch 034 300/1559 train_mae 1.42 kl 0.094 lr 3e-04 (43s)
[05:16:14]   Epoch 034 400/1559 train_mae 1.43 kl 0.096 lr 3e-04 (58s)
[05:16:30]   Epoch 034 500/1559 train_mae 1.42 kl 0.098 lr 3e-04 (73s)
[05:16:45]   Epoch 034 600/1559 train_mae 1.43 kl 0.098 lr 3e-04 (88s)
[05:17:00]   Epoch 034 700/1559 train_mae 1.43 kl 0.098 lr 3e-04 (103s)
[05:17:15]   Epoch 034 800/1559 train_mae 1.43 kl 0.098 lr 3e-04 (118s)
[05:17:30]   Epoch 034 900/1559 train_mae 1.43 kl 0.098 lr 3e-04 (134s)
[05:17:45]   Epoch 034 1000/1559 train_mae 1.44 kl 0.098 lr 3e-04 (149s)
[05:18:00]   Epoch 034 1100/1559 train_mae 1.42 kl 0.097 lr 3e-04 (164s)
[05:18:15]   Epoch 034 1200/1559 train_mae 1.42 kl 0.097 lr 3e-04 (179s)
[05:18:30]   Epoch 034 1300/1559 train_mae 1.41 kl 0.096 lr 3e-04 (194s)
[05:18:45]   Epoch 034 1400/1559 train_mae 1.41 kl 0.096 lr 3e-04 (209s)
[05:19:01]   Epoch 034 1500/1559 train_mae 1.41 kl 0.096 lr 3e-04 (224s)
[05:19:10]   Epoch 034 1559/1559 train_mae 1.42 kl 0.097 lr 3e-04 (233s)
[05:19:29] [Epoch 034 완료] train MAE 1.42 | val MAE 7.79 | val RMSE 10.67 | lr 3e-04 | 개선없음 11/15
[05:19:44]   Epoch 035 100/1559 train_mae 1.41 kl 0.101 lr 3e-04 (15s)
[05:20:00]   Epoch 035 200/1559 train_mae 1.44 kl 0.099 lr 3e-04 (30s)
[05:20:15]   Epoch 035 300/1559 train_mae 1.46 kl 0.101 lr 3e-04 (46s)
[05:20:30]   Epoch 035 400/1559 train_mae 1.41 kl 0.099 lr 3e-04 (60s)
[05:20:44]   Epoch 035 500/1559 train_mae 1.39 kl 0.097 lr 3e-04 (75s)
[05:20:58]   Epoch 035 600/1559 train_mae 1.38 kl 0.097 lr 3e-04 (88s)
[05:21:12]   Epoch 035 700/1559 train_mae 1.38 kl 0.097 lr 3e-04 (102s)
[05:21:26]   Epoch 035 800/1559 train_mae 1.38 kl 0.097 lr 3e-04 (117s)
[05:21:41]   Epoch 035 900/1559 train_mae 1.38 kl 0.097 lr 3e-04 (132s)
[05:21:56]   Epoch 035 1000/1559 train_mae 1.37 kl 0.097 lr 3e-04 (147s)
[05:22:12]   Epoch 035 1100/1559 train_mae 1.37 kl 0.096 lr 3e-04 (162s)
[05:22:27]   Epoch 035 1200/1559 train_mae 1.36 kl 0.096 lr 3e-04 (177s)
[05:22:42]   Epoch 035 1300/1559 train_mae 1.35 kl 0.096 lr 3e-04 (192s)
[05:22:57]   Epoch 035 1400/1559 train_mae 1.35 kl 0.096 lr 3e-04 (208s)
[05:23:12]   Epoch 035 1500/1559 train_mae 1.36 kl 0.096 lr 3e-04 (223s)
[05:23:21]   Epoch 035 1559/1559 train_mae 1.36 kl 0.096 lr 3e-04 (232s)
[05:23:39] [Epoch 035 완료] train MAE 1.36 | val MAE 7.78 | val RMSE 10.69 | lr 3e-04 | 개선없음 12/15
[05:23:55]   Epoch 036 100/1559 train_mae 1.45 kl 0.102 lr 3e-04 (15s)
[05:24:10]   Epoch 036 200/1559 train_mae 1.47 kl 0.101 lr 3e-04 (30s)
[05:24:25]   Epoch 036 300/1559 train_mae 1.42 kl 0.101 lr 3e-04 (46s)
[05:24:40]   Epoch 036 400/1559 train_mae 1.43 kl 0.099 lr 3e-04 (61s)
[05:24:55]   Epoch 036 500/1559 train_mae 1.40 kl 0.099 lr 3e-04 (76s)
[05:25:10]   Epoch 036 600/1559 train_mae 1.39 kl 0.098 lr 3e-04 (90s)
[05:25:23]   Epoch 036 700/1559 train_mae 1.40 kl 0.099 lr 3e-04 (104s)
[05:25:37]   Epoch 036 800/1559 train_mae 1.40 kl 0.098 lr 3e-04 (117s)
[05:25:51]   Epoch 036 900/1559 train_mae 1.39 kl 0.098 lr 3e-04 (132s)
[05:26:05]   Epoch 036 1000/1559 train_mae 1.38 kl 0.097 lr 3e-04 (145s)
[05:26:18]   Epoch 036 1100/1559 train_mae 1.38 kl 0.097 lr 3e-04 (159s)
[05:26:31]   Epoch 036 1200/1559 train_mae 1.37 kl 0.096 lr 3e-04 (172s)
[05:26:44]   Epoch 036 1300/1559 train_mae 1.36 kl 0.095 lr 3e-04 (185s)
[05:26:58]   Epoch 036 1400/1559 train_mae 1.37 kl 0.095 lr 3e-04 (199s)
[05:27:12]   Epoch 036 1500/1559 train_mae 1.36 kl 0.096 lr 3e-04 (212s)
[05:27:19]   Epoch 036 1559/1559 train_mae 1.36 kl 0.095 lr 3e-04 (220s)
[05:27:36] [Epoch 036 완료] train MAE 1.36 | val MAE 7.77 | val RMSE 10.67 | lr 3e-04 | 개선없음 13/15
[05:27:51]   Epoch 037 100/1559 train_mae 1.34 kl 0.097 lr 3e-04 (15s)
[05:28:06]   Epoch 037 200/1559 train_mae 1.33 kl 0.097 lr 3e-04 (30s)
[05:28:21]   Epoch 037 300/1559 train_mae 1.33 kl 0.099 lr 3e-04 (45s)
[05:28:35]   Epoch 037 400/1559 train_mae 1.30 kl 0.096 lr 3e-04 (59s)
[05:28:50]   Epoch 037 500/1559 train_mae 1.32 kl 0.096 lr 3e-04 (74s)
[05:29:05]   Epoch 037 600/1559 train_mae 1.31 kl 0.096 lr 3e-04 (89s)
[05:29:20]   Epoch 037 700/1559 train_mae 1.30 kl 0.097 lr 3e-04 (104s)
[05:29:34]   Epoch 037 800/1559 train_mae 1.30 kl 0.095 lr 3e-04 (118s)
[05:29:48]   Epoch 037 900/1559 train_mae 1.29 kl 0.096 lr 3e-04 (131s)
[05:30:01]   Epoch 037 1000/1559 train_mae 1.30 kl 0.095 lr 3e-04 (145s)
[05:30:14]   Epoch 037 1100/1559 train_mae 1.30 kl 0.095 lr 3e-04 (158s)
[05:30:28]   Epoch 037 1200/1559 train_mae 1.30 kl 0.095 lr 3e-04 (172s)
[05:30:42]   Epoch 037 1300/1559 train_mae 1.30 kl 0.094 lr 3e-04 (186s)
[05:30:57]   Epoch 037 1400/1559 train_mae 1.30 kl 0.094 lr 3e-04 (201s)
[05:31:12]   Epoch 037 1500/1559 train_mae 1.30 kl 0.094 lr 3e-04 (216s)
[05:31:21]   Epoch 037 1559/1559 train_mae 1.31 kl 0.094 lr 3e-04 (225s)
[05:31:37] [Epoch 037 완료] train MAE 1.31 | val MAE 7.76 | val RMSE 10.60 | lr 3e-04 | 개선없음 14/15
[05:31:53]   Epoch 038 100/1559 train_mae 1.33 kl 0.096 lr 3e-04 (15s)
[05:32:08]   Epoch 038 200/1559 train_mae 1.33 kl 0.094 lr 3e-04 (30s)
[05:32:23]   Epoch 038 300/1559 train_mae 1.33 kl 0.091 lr 3e-04 (45s)
[05:32:37]   Epoch 038 400/1559 train_mae 1.36 kl 0.095 lr 3e-04 (59s)
[05:32:51]   Epoch 038 500/1559 train_mae 1.34 kl 0.094 lr 3e-04 (73s)
[05:33:04]   Epoch 038 600/1559 train_mae 1.32 kl 0.093 lr 3e-04 (86s)
[05:33:18]   Epoch 038 700/1559 train_mae 1.32 kl 0.094 lr 3e-04 (100s)
[05:33:33]   Epoch 038 800/1559 train_mae 1.32 kl 0.093 lr 3e-04 (115s)
[05:33:48]   Epoch 038 900/1559 train_mae 1.32 kl 0.093 lr 3e-04 (130s)
[05:34:03]   Epoch 038 1000/1559 train_mae 1.33 kl 0.094 lr 3e-04 (145s)
[05:34:17]   Epoch 038 1100/1559 train_mae 1.32 kl 0.094 lr 3e-04 (159s)
[05:34:32]   Epoch 038 1200/1559 train_mae 1.31 kl 0.094 lr 3e-04 (175s)
[05:34:48]   Epoch 038 1300/1559 train_mae 1.31 kl 0.094 lr 3e-04 (190s)
[05:35:02]   Epoch 038 1400/1559 train_mae 1.31 kl 0.094 lr 3e-04 (204s)
[05:35:16]   Epoch 038 1500/1559 train_mae 1.31 kl 0.093 lr 3e-04 (218s)
[05:35:24]   Epoch 038 1559/1559 train_mae 1.31 kl 0.093 lr 3e-04 (227s)
[05:35:43] [Epoch 038 완료] train MAE 1.31 | val MAE 7.85 | val RMSE 10.84 | lr 3e-04 | 개선없음 15/15
[05:35:58]   Epoch 039 100/1559 train_mae 1.32 kl 0.101 lr 3e-04 (15s)
[05:36:13]   Epoch 039 200/1559 train_mae 1.27 kl 0.094 lr 3e-04 (30s)
[05:36:29]   Epoch 039 300/1559 train_mae 1.26 kl 0.093 lr 3e-04 (45s)
[05:36:44]   Epoch 039 400/1559 train_mae 1.26 kl 0.092 lr 3e-04 (61s)
[05:36:59]   Epoch 039 500/1559 train_mae 1.27 kl 0.091 lr 3e-04 (76s)
[05:37:12]   Epoch 039 600/1559 train_mae 1.27 kl 0.094 lr 3e-04 (89s)
[05:37:26]   Epoch 039 700/1559 train_mae 1.28 kl 0.093 lr 3e-04 (103s)
[05:37:41]   Epoch 039 800/1559 train_mae 1.28 kl 0.094 lr 3e-04 (118s)
[05:37:56]   Epoch 039 900/1559 train_mae 1.28 kl 0.093 lr 3e-04 (133s)
[05:38:11]   Epoch 039 1000/1559 train_mae 1.28 kl 0.093 lr 3e-04 (148s)
[05:38:25]   Epoch 039 1100/1559 train_mae 1.28 kl 0.094 lr 3e-04 (162s)
[05:38:38]   Epoch 039 1200/1559 train_mae 1.28 kl 0.094 lr 3e-04 (175s)
[05:38:51]   Epoch 039 1300/1559 train_mae 1.28 kl 0.092 lr 3e-04 (188s)
[05:39:07]   Epoch 039 1400/1559 train_mae 1.28 kl 0.092 lr 3e-04 (204s)
[05:39:21]   Epoch 039 1500/1559 train_mae 1.28 kl 0.092 lr 3e-04 (218s)
[05:39:29]   Epoch 039 1559/1559 train_mae 1.27 kl 0.091 lr 3e-04 (226s)
[05:39:45] [Epoch 039 완료] train MAE 1.27 | val MAE 7.73 | val RMSE 10.72 | lr 3e-04 | 개선없음 16/15
[05:40:01]   Epoch 040 100/1559 train_mae 1.28 kl 0.084 lr 3e-04 (15s)
[05:40:16]   Epoch 040 200/1559 train_mae 1.31 kl 0.085 lr 3e-04 (30s)
[05:40:30]   Epoch 040 300/1559 train_mae 1.29 kl 0.086 lr 3e-04 (44s)
[05:40:43]   Epoch 040 400/1559 train_mae 1.29 kl 0.089 lr 3e-04 (57s)
[05:40:56]   Epoch 040 500/1559 train_mae 1.27 kl 0.089 lr 3e-04 (71s)
[05:41:12]   Epoch 040 600/1559 train_mae 1.26 kl 0.090 lr 3e-04 (86s)
[05:41:26]   Epoch 040 700/1559 train_mae 1.26 kl 0.091 lr 3e-04 (101s)
[05:41:40]   Epoch 040 800/1559 train_mae 1.25 kl 0.090 lr 3e-04 (114s)
[05:41:54]   Epoch 040 900/1559 train_mae 1.23 kl 0.089 lr 3e-04 (128s)
[05:42:07]   Epoch 040 1000/1559 train_mae 1.23 kl 0.090 lr 3e-04 (141s)
[05:42:21]   Epoch 040 1100/1559 train_mae 1.23 kl 0.090 lr 3e-04 (156s)
[05:42:35]   Epoch 040 1200/1559 train_mae 1.22 kl 0.090 lr 3e-04 (169s)
[05:42:49]   Epoch 040 1300/1559 train_mae 1.22 kl 0.089 lr 3e-04 (184s)
[05:43:03]   Epoch 040 1400/1559 train_mae 1.22 kl 0.090 lr 3e-04 (197s)
[05:43:16]   Epoch 040 1500/1559 train_mae 1.22 kl 0.089 lr 3e-04 (211s)
[05:43:25]   Epoch 040 1559/1559 train_mae 1.21 kl 0.089 lr 3e-04 (219s)
[05:43:41] [Epoch 040 완료] train MAE 1.21 | val MAE 7.87 | val RMSE 10.83 | lr 3e-04 | 개선없음 17/15
[05:43:56]   Epoch 041 100/1559 train_mae 1.20 kl 0.086 lr 3e-04 (15s)
[05:44:12]   Epoch 041 200/1559 train_mae 1.18 kl 0.086 lr 3e-04 (30s)
[05:44:27]   Epoch 041 300/1559 train_mae 1.21 kl 0.090 lr 3e-04 (45s)
[05:44:42]   Epoch 041 400/1559 train_mae 1.19 kl 0.088 lr 3e-04 (60s)
[05:44:57]   Epoch 041 500/1559 train_mae 1.21 kl 0.087 lr 3e-04 (75s)
[05:45:11]   Epoch 041 600/1559 train_mae 1.22 kl 0.086 lr 3e-04 (90s)
[05:45:25]   Epoch 041 700/1559 train_mae 1.21 kl 0.087 lr 3e-04 (104s)
[05:45:38]   Epoch 041 800/1559 train_mae 1.21 kl 0.087 lr 3e-04 (117s)
[05:45:52]   Epoch 041 900/1559 train_mae 1.21 kl 0.086 lr 3e-04 (130s)
[05:46:07]   Epoch 041 1000/1559 train_mae 1.20 kl 0.086 lr 3e-04 (146s)
[05:46:22]   Epoch 041 1100/1559 train_mae 1.20 kl 0.086 lr 3e-04 (160s)
[05:46:37]   Epoch 041 1200/1559 train_mae 1.20 kl 0.087 lr 3e-04 (176s)
[05:46:51]   Epoch 041 1300/1559 train_mae 1.20 kl 0.088 lr 3e-04 (190s)
[05:47:06]   Epoch 041 1400/1559 train_mae 1.20 kl 0.087 lr 3e-04 (205s)
[05:47:21]   Epoch 041 1500/1559 train_mae 1.20 kl 0.087 lr 3e-04 (220s)
[05:47:29]   Epoch 041 1559/1559 train_mae 1.20 kl 0.087 lr 3e-04 (228s)
[05:47:45] [Epoch 041 완료] train MAE 1.20 | val MAE 7.67 | val RMSE 10.48 | lr 3e-04 | 개선없음 18/15
[05:48:01]   Epoch 042 100/1559 train_mae 1.20 kl 0.092 lr 3e-04 (15s)
[05:48:16]   Epoch 042 200/1559 train_mae 1.16 kl 0.097 lr 3e-04 (30s)
[05:48:31]   Epoch 042 300/1559 train_mae 1.18 kl 0.099 lr 3e-04 (46s)
[05:48:46]   Epoch 042 400/1559 train_mae 1.18 kl 0.097 lr 3e-04 (61s)
[05:49:01]   Epoch 042 500/1559 train_mae 1.19 kl 0.096 lr 3e-04 (76s)
[05:49:17]   Epoch 042 600/1559 train_mae 1.19 kl 0.095 lr 3e-04 (91s)
[05:49:32]   Epoch 042 700/1559 train_mae 1.18 kl 0.093 lr 3e-04 (106s)
[05:49:47]   Epoch 042 800/1559 train_mae 1.17 kl 0.092 lr 3e-04 (121s)
[05:50:03]   Epoch 042 900/1559 train_mae 1.19 kl 0.091 lr 3e-04 (137s)
[05:50:18]   Epoch 042 1000/1559 train_mae 1.19 kl 0.092 lr 3e-04 (152s)
[05:50:33]   Epoch 042 1100/1559 train_mae 1.18 kl 0.092 lr 3e-04 (167s)
[05:50:47]   Epoch 042 1200/1559 train_mae 1.17 kl 0.092 lr 3e-04 (182s)
[05:51:03]   Epoch 042 1300/1559 train_mae 1.16 kl 0.092 lr 3e-04 (197s)
[05:51:18]   Epoch 042 1400/1559 train_mae 1.16 kl 0.092 lr 3e-04 (212s)
[05:51:33]   Epoch 042 1500/1559 train_mae 1.17 kl 0.091 lr 3e-04 (227s)
[05:51:42]   Epoch 042 1559/1559 train_mae 1.17 kl 0.091 lr 3e-04 (236s)
[05:52:00] [Epoch 042 완료] train MAE 1.17 | val MAE 7.88 | val RMSE 10.88 | lr 3e-04 | 개선없음 19/15
[05:52:16]   Epoch 043 100/1559 train_mae 1.30 kl 0.093 lr 3e-04 (15s)
[05:52:31]   Epoch 043 200/1559 train_mae 1.29 kl 0.094 lr 3e-04 (30s)
[05:52:46]   Epoch 043 300/1559 train_mae 1.32 kl 0.093 lr 3e-04 (45s)
[05:53:01]   Epoch 043 400/1559 train_mae 1.30 kl 0.091 lr 3e-04 (61s)
[05:53:16]   Epoch 043 500/1559 train_mae 1.28 kl 0.092 lr 3e-04 (76s)
[05:53:31]   Epoch 043 600/1559 train_mae 1.26 kl 0.091 lr 3e-04 (91s)
[05:53:47]   Epoch 043 700/1559 train_mae 1.25 kl 0.091 lr 3e-04 (106s)
[05:54:02]   Epoch 043 800/1559 train_mae 1.25 kl 0.091 lr 3e-04 (121s)
[05:54:17]   Epoch 043 900/1559 train_mae 1.23 kl 0.090 lr 3e-04 (136s)
[05:54:32]   Epoch 043 1000/1559 train_mae 1.22 kl 0.089 lr 3e-04 (151s)
[05:54:47]   Epoch 043 1100/1559 train_mae 1.20 kl 0.088 lr 3e-04 (167s)
[05:55:02]   Epoch 043 1200/1559 train_mae 1.19 kl 0.087 lr 3e-04 (181s)
[05:55:16]   Epoch 043 1300/1559 train_mae 1.19 kl 0.088 lr 3e-04 (196s)
[05:55:31]   Epoch 043 1400/1559 train_mae 1.17 kl 0.087 lr 3e-04 (211s)
[05:55:47]   Epoch 043 1500/1559 train_mae 1.18 kl 0.087 lr 3e-04 (226s)
[05:55:56]   Epoch 043 1559/1559 train_mae 1.17 kl 0.088 lr 3e-04 (235s)
[05:56:12] [Epoch 043 완료] train MAE 1.17 | val MAE 7.87 | val RMSE 11.08 | lr 3e-04 | 개선없음 20/15
[05:56:27]   Epoch 044 100/1559 train_mae 1.04 kl 0.086 lr 3e-04 (15s)
[05:56:43]   Epoch 044 200/1559 train_mae 1.14 kl 0.093 lr 3e-04 (30s)
[05:56:57]   Epoch 044 300/1559 train_mae 1.15 kl 0.092 lr 3e-04 (45s)
[05:57:13]   Epoch 044 400/1559 train_mae 1.15 kl 0.089 lr 3e-04 (61s)
[05:57:28]   Epoch 044 500/1559 train_mae 1.15 kl 0.089 lr 3e-04 (76s)
[05:57:43]   Epoch 044 600/1559 train_mae 1.14 kl 0.088 lr 3e-04 (91s)
[05:57:58]   Epoch 044 700/1559 train_mae 1.13 kl 0.087 lr 3e-04 (106s)
[05:58:12]   Epoch 044 800/1559 train_mae 1.13 kl 0.087 lr 3e-04 (120s)
[05:58:27]   Epoch 044 900/1559 train_mae 1.14 kl 0.087 lr 3e-04 (135s)
[05:58:42]   Epoch 044 1000/1559 train_mae 1.13 kl 0.088 lr 3e-04 (150s)
[05:58:55]   Epoch 044 1100/1559 train_mae 1.13 kl 0.087 lr 3e-04 (163s)
[05:59:08]   Epoch 044 1200/1559 train_mae 1.12 kl 0.087 lr 3e-04 (176s)
[05:59:21]   Epoch 044 1300/1559 train_mae 1.13 kl 0.087 lr 3e-04 (189s)
[05:59:35]   Epoch 044 1400/1559 train_mae 1.13 kl 0.087 lr 3e-04 (203s)
[05:59:48]   Epoch 044 1500/1559 train_mae 1.13 kl 0.086 lr 3e-04 (216s)
[05:59:56]   Epoch 044 1559/1559 train_mae 1.13 kl 0.087 lr 3e-04 (224s)
[06:00:12] [Epoch 044 완료] train MAE 1.13 | val MAE 7.89 | val RMSE 10.85 | lr 3e-04 | 개선없음 21/15
[06:00:28]   Epoch 045 100/1559 train_mae 1.18 kl 0.094 lr 3e-04 (15s)
[06:00:42]   Epoch 045 200/1559 train_mae 1.14 kl 0.096 lr 3e-04 (29s)
[06:00:56]   Epoch 045 300/1559 train_mae 1.15 kl 0.094 lr 3e-04 (43s)
[06:01:10]   Epoch 045 400/1559 train_mae 1.14 kl 0.092 lr 3e-04 (58s)
[06:01:24]   Epoch 045 500/1559 train_mae 1.14 kl 0.090 lr 3e-04 (72s)
[06:01:39]   Epoch 045 600/1559 train_mae 1.14 kl 0.090 lr 3e-04 (86s)
[06:01:53]   Epoch 045 700/1559 train_mae 1.14 kl 0.089 lr 3e-04 (100s)
[06:02:07]   Epoch 045 800/1559 train_mae 1.13 kl 0.088 lr 3e-04 (114s)
[06:02:21]   Epoch 045 900/1559 train_mae 1.13 kl 0.088 lr 3e-04 (129s)
[06:02:35]   Epoch 045 1000/1559 train_mae 1.11 kl 0.087 lr 3e-04 (143s)
[06:02:50]   Epoch 045 1100/1559 train_mae 1.11 kl 0.086 lr 3e-04 (157s)
[06:03:04]   Epoch 045 1200/1559 train_mae 1.11 kl 0.087 lr 3e-04 (171s)
[06:03:18]   Epoch 045 1300/1559 train_mae 1.11 kl 0.087 lr 3e-04 (185s)
[06:03:32]   Epoch 045 1400/1559 train_mae 1.11 kl 0.088 lr 3e-04 (200s)
[06:03:47]   Epoch 045 1500/1559 train_mae 1.12 kl 0.088 lr 3e-04 (214s)
[06:03:55]   Epoch 045 1559/1559 train_mae 1.11 kl 0.088 lr 3e-04 (222s)
[06:04:12] [Epoch 045 완료] train MAE 1.11 | val MAE 7.70 | val RMSE 10.61 | lr 3e-04 | 개선없음 22/15
[06:04:27]   Epoch 046 100/1559 train_mae 1.20 kl 0.093 lr 3e-04 (14s)
[06:04:41]   Epoch 046 200/1559 train_mae 1.13 kl 0.083 lr 3e-04 (28s)
[06:04:55]   Epoch 046 300/1559 train_mae 1.14 kl 0.084 lr 3e-04 (42s)
[06:05:09]   Epoch 046 400/1559 train_mae 1.13 kl 0.086 lr 3e-04 (57s)
[06:05:24]   Epoch 046 500/1559 train_mae 1.15 kl 0.087 lr 3e-04 (71s)
[06:05:38]   Epoch 046 600/1559 train_mae 1.13 kl 0.087 lr 3e-04 (85s)
[06:05:52]   Epoch 046 700/1559 train_mae 1.11 kl 0.087 lr 3e-04 (99s)
[06:06:06]   Epoch 046 800/1559 train_mae 1.12 kl 0.087 lr 3e-04 (113s)
[06:06:20]   Epoch 046 900/1559 train_mae 1.11 kl 0.087 lr 3e-04 (127s)
[06:06:34]   Epoch 046 1000/1559 train_mae 1.10 kl 0.086 lr 3e-04 (141s)
[06:06:49]   Epoch 046 1100/1559 train_mae 1.10 kl 0.086 lr 3e-04 (156s)
[06:07:03]   Epoch 046 1200/1559 train_mae 1.10 kl 0.086 lr 3e-04 (170s)
[06:07:17]   Epoch 046 1300/1559 train_mae 1.10 kl 0.086 lr 3e-04 (184s)
[06:07:31]   Epoch 046 1400/1559 train_mae 1.10 kl 0.085 lr 3e-04 (198s)
[06:07:45]   Epoch 046 1500/1559 train_mae 1.10 kl 0.085 lr 3e-04 (213s)
[06:07:54]   Epoch 046 1559/1559 train_mae 1.10 kl 0.085 lr 3e-04 (221s)
[06:08:12] [Epoch 046 완료] train MAE 1.10 | val MAE 7.83 | val RMSE 10.71 | lr 3e-04 | 개선없음 23/15
[06:08:26]   Epoch 047 100/1559 train_mae 1.11 kl 0.088 lr 3e-04 (14s)
[06:08:40]   Epoch 047 200/1559 train_mae 1.10 kl 0.087 lr 3e-04 (28s)
[06:08:54]   Epoch 047 300/1559 train_mae 1.13 kl 0.085 lr 3e-04 (42s)
[06:09:09]   Epoch 047 400/1559 train_mae 1.08 kl 0.085 lr 3e-04 (57s)
[06:09:23]   Epoch 047 500/1559 train_mae 1.07 kl 0.086 lr 3e-04 (71s)
[06:09:37]   Epoch 047 600/1559 train_mae 1.05 kl 0.086 lr 3e-04 (85s)
[06:09:51]   Epoch 047 700/1559 train_mae 1.05 kl 0.086 lr 3e-04 (99s)
[06:10:05]   Epoch 047 800/1559 train_mae 1.06 kl 0.086 lr 3e-04 (113s)
[06:10:19]   Epoch 047 900/1559 train_mae 1.07 kl 0.087 lr 3e-04 (127s)
[06:10:33]   Epoch 047 1000/1559 train_mae 1.06 kl 0.086 lr 3e-04 (141s)
[06:10:47]   Epoch 047 1100/1559 train_mae 1.06 kl 0.086 lr 3e-04 (155s)
[06:11:01]   Epoch 047 1200/1559 train_mae 1.08 kl 0.087 lr 3e-04 (169s)
[06:11:15]   Epoch 047 1300/1559 train_mae 1.08 kl 0.087 lr 3e-04 (183s)
[06:11:30]   Epoch 047 1400/1559 train_mae 1.08 kl 0.087 lr 3e-04 (198s)
[06:11:44]   Epoch 047 1500/1559 train_mae 1.07 kl 0.086 lr 3e-04 (212s)
[06:11:52]   Epoch 047 1559/1559 train_mae 1.07 kl 0.086 lr 3e-04 (220s)
[06:12:10] [Epoch 047 완료] train MAE 1.07 | val MAE 7.88 | val RMSE 10.78 | lr 3e-04 | 개선없음 24/15
[06:12:25]   Epoch 048 100/1559 train_mae 1.00 kl 0.084 lr 3e-04 (15s)
[06:12:39]   Epoch 048 200/1559 train_mae 1.02 kl 0.081 lr 3e-04 (29s)
[06:12:53]   Epoch 048 300/1559 train_mae 1.01 kl 0.082 lr 3e-04 (43s)
[06:13:07]   Epoch 048 400/1559 train_mae 1.01 kl 0.082 lr 3e-04 (57s)
[06:13:21]   Epoch 048 500/1559 train_mae 1.03 kl 0.082 lr 3e-04 (71s)
[06:13:35]   Epoch 048 600/1559 train_mae 1.05 kl 0.082 lr 3e-04 (85s)
[06:13:50]   Epoch 048 700/1559 train_mae 1.05 kl 0.083 lr 3e-04 (99s)
[06:14:04]   Epoch 048 800/1559 train_mae 1.05 kl 0.084 lr 3e-04 (113s)
[06:14:18]   Epoch 048 900/1559 train_mae 1.04 kl 0.085 lr 3e-04 (128s)
[06:14:32]   Epoch 048 1000/1559 train_mae 1.04 kl 0.085 lr 3e-04 (142s)
[06:14:46]   Epoch 048 1100/1559 train_mae 1.04 kl 0.084 lr 3e-04 (156s)
[06:15:00]   Epoch 048 1200/1559 train_mae 1.03 kl 0.085 lr 3e-04 (170s)
[06:15:15]   Epoch 048 1300/1559 train_mae 1.03 kl 0.085 lr 3e-04 (184s)
[06:15:29]   Epoch 048 1400/1559 train_mae 1.03 kl 0.084 lr 3e-04 (198s)
[06:15:43]   Epoch 048 1500/1559 train_mae 1.02 kl 0.084 lr 3e-04 (213s)
[06:15:51]   Epoch 048 1559/1559 train_mae 1.02 kl 0.084 lr 3e-04 (221s)
[06:16:09] [Epoch 048 완료] train MAE 1.02 | val MAE 7.92 | val RMSE 10.82 | lr 3e-04 | 개선없음 25/15
[06:16:23]   Epoch 049 100/1559 train_mae 1.04 kl 0.077 lr 3e-04 (14s)
[06:16:37]   Epoch 049 200/1559 train_mae 1.06 kl 0.081 lr 3e-04 (28s)
[06:16:52]   Epoch 049 300/1559 train_mae 1.06 kl 0.082 lr 3e-04 (42s)
[06:17:06]   Epoch 049 400/1559 train_mae 1.04 kl 0.082 lr 3e-04 (57s)
[06:17:20]   Epoch 049 500/1559 train_mae 1.02 kl 0.082 lr 3e-04 (71s)
[06:17:34]   Epoch 049 600/1559 train_mae 1.01 kl 0.082 lr 3e-04 (85s)
[06:17:48]   Epoch 049 700/1559 train_mae 1.01 kl 0.082 lr 3e-04 (99s)
[06:18:03]   Epoch 049 800/1559 train_mae 1.01 kl 0.081 lr 3e-04 (114s)
[06:18:18]   Epoch 049 900/1559 train_mae 1.02 kl 0.081 lr 3e-04 (129s)
[06:18:33]   Epoch 049 1000/1559 train_mae 1.02 kl 0.082 lr 3e-04 (144s)
[06:18:48]   Epoch 049 1100/1559 train_mae 1.02 kl 0.082 lr 3e-04 (158s)
[06:19:02]   Epoch 049 1200/1559 train_mae 1.01 kl 0.082 lr 3e-04 (173s)
[06:19:16]   Epoch 049 1300/1559 train_mae 1.01 kl 0.082 lr 3e-04 (187s)
[06:19:31]   Epoch 049 1400/1559 train_mae 1.01 kl 0.082 lr 3e-04 (201s)
[06:19:45]   Epoch 049 1500/1559 train_mae 1.01 kl 0.083 lr 3e-04 (216s)
[06:19:53]   Epoch 049 1559/1559 train_mae 1.01 kl 0.083 lr 3e-04 (224s)
[06:20:11] [Epoch 049 완료] train MAE 1.01 | val MAE 7.71 | val RMSE 10.60 | lr 3e-04 | 개선없음 26/15
[06:20:25]   Epoch 050 100/1559 train_mae 1.03 kl 0.089 lr 3e-04 (14s)
[06:20:39]   Epoch 050 200/1559 train_mae 0.99 kl 0.083 lr 3e-04 (28s)
[06:20:53]   Epoch 050 300/1559 train_mae 1.00 kl 0.083 lr 3e-04 (42s)
[06:21:08]   Epoch 050 400/1559 train_mae 0.98 kl 0.081 lr 3e-04 (57s)
[06:21:22]   Epoch 050 500/1559 train_mae 0.99 kl 0.080 lr 3e-04 (71s)
[06:21:36]   Epoch 050 600/1559 train_mae 0.99 kl 0.080 lr 3e-04 (85s)
[06:21:50]   Epoch 050 700/1559 train_mae 1.00 kl 0.079 lr 3e-04 (99s)
[06:22:04]   Epoch 050 800/1559 train_mae 0.99 kl 0.079 lr 3e-04 (113s)
[06:22:19]   Epoch 050 900/1559 train_mae 0.99 kl 0.079 lr 3e-04 (128s)
[06:22:33]   Epoch 050 1000/1559 train_mae 0.99 kl 0.080 lr 3e-04 (142s)
[06:22:47]   Epoch 050 1100/1559 train_mae 0.99 kl 0.079 lr 3e-04 (156s)
[06:23:01]   Epoch 050 1200/1559 train_mae 0.99 kl 0.079 lr 3e-04 (170s)
[06:23:17]   Epoch 050 1300/1559 train_mae 0.99 kl 0.080 lr 3e-04 (186s)
[06:23:32]   Epoch 050 1400/1559 train_mae 0.99 kl 0.080 lr 3e-04 (201s)
[06:23:47]   Epoch 050 1500/1559 train_mae 0.99 kl 0.080 lr 3e-04 (216s)
[06:23:56]   Epoch 050 1559/1559 train_mae 0.99 kl 0.081 lr 3e-04 (225s)
[06:24:14] [Epoch 050 완료] train MAE 0.99 | val MAE 7.84 | val RMSE 10.76 | lr 3e-04 | 개선없음 27/15
[06:24:29]   Epoch 051 100/1559 train_mae 1.04 kl 0.081 lr 3e-04 (14s)
[06:24:43]   Epoch 051 200/1559 train_mae 1.02 kl 0.081 lr 3e-04 (28s)
[06:24:57]   Epoch 051 300/1559 train_mae 1.02 kl 0.078 lr 3e-04 (43s)
[06:25:11]   Epoch 051 400/1559 train_mae 1.00 kl 0.078 lr 3e-04 (57s)
[06:25:26]   Epoch 051 500/1559 train_mae 1.00 kl 0.080 lr 3e-04 (71s)
[06:25:40]   Epoch 051 600/1559 train_mae 1.00 kl 0.080 lr 3e-04 (85s)
[06:25:54]   Epoch 051 700/1559 train_mae 1.00 kl 0.080 lr 3e-04 (99s)
[06:26:08]   Epoch 051 800/1559 train_mae 1.00 kl 0.080 lr 3e-04 (113s)
[06:26:22]   Epoch 051 900/1559 train_mae 0.99 kl 0.079 lr 3e-04 (127s)
[06:26:36]   Epoch 051 1000/1559 train_mae 0.99 kl 0.079 lr 3e-04 (141s)
[06:26:50]   Epoch 051 1100/1559 train_mae 0.99 kl 0.079 lr 3e-04 (156s)
[06:27:05]   Epoch 051 1200/1559 train_mae 0.98 kl 0.079 lr 3e-04 (170s)
[06:27:19]   Epoch 051 1300/1559 train_mae 0.97 kl 0.079 lr 3e-04 (184s)
[06:27:33]   Epoch 051 1400/1559 train_mae 0.97 kl 0.080 lr 3e-04 (198s)
[06:27:47]   Epoch 051 1500/1559 train_mae 0.97 kl 0.079 lr 3e-04 (212s)
[06:27:55]   Epoch 051 1559/1559 train_mae 0.97 kl 0.080 lr 3e-04 (220s)
[06:28:13] [Epoch 051 완료] train MAE 0.97 | val MAE 7.88 | val RMSE 10.96 | lr 3e-04 | 개선없음 28/15
[06:28:27]   Epoch 052 100/1559 train_mae 0.98 kl 0.083 lr 3e-04 (14s)
[06:28:41]   Epoch 052 200/1559 train_mae 0.98 kl 0.081 lr 3e-04 (28s)
[06:28:55]   Epoch 052 300/1559 train_mae 0.97 kl 0.084 lr 3e-04 (42s)
[06:29:10]   Epoch 052 400/1559 train_mae 0.96 kl 0.082 lr 3e-04 (57s)
[06:29:24]   Epoch 052 500/1559 train_mae 0.97 kl 0.082 lr 3e-04 (71s)
[06:29:38]   Epoch 052 600/1559 train_mae 0.96 kl 0.081 lr 3e-04 (85s)
[06:29:52]   Epoch 052 700/1559 train_mae 0.97 kl 0.081 lr 3e-04 (99s)
[06:30:06]   Epoch 052 800/1559 train_mae 0.97 kl 0.081 lr 3e-04 (113s)
[06:30:20]   Epoch 052 900/1559 train_mae 0.97 kl 0.081 lr 3e-04 (127s)
[06:30:34]   Epoch 052 1000/1559 train_mae 0.96 kl 0.081 lr 3e-04 (141s)
[06:30:48]   Epoch 052 1100/1559 train_mae 0.97 kl 0.080 lr 3e-04 (155s)
[06:31:02]   Epoch 052 1200/1559 train_mae 0.97 kl 0.081 lr 3e-04 (169s)
[06:31:17]   Epoch 052 1300/1559 train_mae 0.97 kl 0.081 lr 3e-04 (184s)
[06:31:31]   Epoch 052 1400/1559 train_mae 0.97 kl 0.081 lr 3e-04 (198s)
[06:31:45]   Epoch 052 1500/1559 train_mae 0.97 kl 0.081 lr 3e-04 (212s)
[06:31:53]   Epoch 052 1559/1559 train_mae 0.97 kl 0.081 lr 3e-04 (220s)
[06:32:11] [Epoch 052 완료] train MAE 0.97 | val MAE 7.79 | val RMSE 10.86 | lr 3e-04 | 개선없음 29/15
[06:32:26]   Epoch 053 100/1559 train_mae 1.02 kl 0.077 lr 3e-04 (14s)
[06:32:40]   Epoch 053 200/1559 train_mae 0.98 kl 0.080 lr 3e-04 (28s)
[06:32:54]   Epoch 053 300/1559 train_mae 0.98 kl 0.077 lr 3e-04 (43s)
[06:33:08]   Epoch 053 400/1559 train_mae 0.98 kl 0.077 lr 3e-04 (57s)
[06:33:22]   Epoch 053 500/1559 train_mae 0.99 kl 0.079 lr 3e-04 (71s)
[06:33:37]   Epoch 053 600/1559 train_mae 0.98 kl 0.079 lr 3e-04 (85s)
[06:33:51]   Epoch 053 700/1559 train_mae 0.98 kl 0.079 lr 3e-04 (99s)
[06:34:05]   Epoch 053 800/1559 train_mae 0.98 kl 0.079 lr 3e-04 (114s)
[06:34:21]   Epoch 053 900/1559 train_mae 0.99 kl 0.079 lr 3e-04 (129s)
[06:34:35]   Epoch 053 1000/1559 train_mae 0.98 kl 0.078 lr 3e-04 (144s)
[06:34:50]   Epoch 053 1100/1559 train_mae 0.97 kl 0.077 lr 3e-04 (158s)
[06:35:04]   Epoch 053 1200/1559 train_mae 0.97 kl 0.077 lr 3e-04 (173s)
[06:35:18]   Epoch 053 1300/1559 train_mae 0.97 kl 0.077 lr 3e-04 (187s)
[06:35:32]   Epoch 053 1400/1559 train_mae 0.97 kl 0.077 lr 3e-04 (201s)
[06:35:46]   Epoch 053 1500/1559 train_mae 0.96 kl 0.078 lr 3e-04 (215s)
[06:35:55]   Epoch 053 1559/1559 train_mae 0.96 kl 0.078 lr 3e-04 (223s)
[06:36:12] [Epoch 053 완료] train MAE 0.96 | val MAE 7.94 | val RMSE 10.87 | lr 3e-04 | 개선없음 30/15
[06:36:27]   Epoch 054 100/1559 train_mae 0.87 kl 0.077 lr 3e-04 (14s)
[06:36:41]   Epoch 054 200/1559 train_mae 0.92 kl 0.079 lr 3e-04 (28s)
[06:36:55]   Epoch 054 300/1559 train_mae 0.96 kl 0.081 lr 3e-04 (42s)
[06:37:09]   Epoch 054 400/1559 train_mae 0.96 kl 0.081 lr 3e-04 (57s)
[06:37:24]   Epoch 054 500/1559 train_mae 0.97 kl 0.081 lr 3e-04 (71s)
[06:37:38]   Epoch 054 600/1559 train_mae 0.95 kl 0.080 lr 3e-04 (85s)
[06:37:52]   Epoch 054 700/1559 train_mae 0.94 kl 0.082 lr 3e-04 (99s)
[06:38:06]   Epoch 054 800/1559 train_mae 0.95 kl 0.083 lr 3e-04 (113s)
[06:38:20]   Epoch 054 900/1559 train_mae 0.95 kl 0.082 lr 3e-04 (128s)
[06:38:34]   Epoch 054 1000/1559 train_mae 0.96 kl 0.081 lr 3e-04 (142s)
[06:38:49]   Epoch 054 1100/1559 train_mae 0.95 kl 0.080 lr 3e-04 (156s)
[06:39:03]   Epoch 054 1200/1559 train_mae 0.95 kl 0.080 lr 3e-04 (170s)
[06:39:17]   Epoch 054 1300/1559 train_mae 0.94 kl 0.079 lr 3e-04 (185s)
[06:39:32]   Epoch 054 1400/1559 train_mae 0.94 kl 0.079 lr 3e-04 (199s)
[06:39:46]   Epoch 054 1500/1559 train_mae 0.94 kl 0.079 lr 3e-04 (213s)
[06:39:54]   Epoch 054 1559/1559 train_mae 0.94 kl 0.079 lr 3e-04 (222s)
[06:40:12] [Epoch 054 완료] train MAE 0.94 | val MAE 7.85 | val RMSE 10.83 | lr 3e-04 | 개선없음 31/15
[06:40:26]   Epoch 055 100/1559 train_mae 0.91 kl 0.081 lr 3e-04 (14s)
[06:40:41]   Epoch 055 200/1559 train_mae 0.92 kl 0.080 lr 3e-04 (28s)
[06:40:55]   Epoch 055 300/1559 train_mae 0.91 kl 0.079 lr 3e-04 (43s)
[06:41:09]   Epoch 055 400/1559 train_mae 0.91 kl 0.079 lr 3e-04 (57s)
[06:41:24]   Epoch 055 500/1559 train_mae 0.90 kl 0.080 lr 3e-04 (71s)
[06:41:38]   Epoch 055 600/1559 train_mae 0.90 kl 0.079 lr 3e-04 (86s)
[06:41:59]   Epoch 055 700/1559 train_mae 0.91 kl 0.078 lr 3e-04 (107s)
[06:42:23]   Epoch 055 800/1559 train_mae 0.91 kl 0.077 lr 3e-04 (131s)
[06:42:49]   Epoch 055 900/1559 train_mae 0.91 kl 0.079 lr 3e-04 (157s)
[06:43:07]   Epoch 055 1000/1559 train_mae 0.92 kl 0.079 lr 3e-04 (174s)
[06:43:21]   Epoch 055 1100/1559 train_mae 0.91 kl 0.079 lr 3e-04 (189s)
[06:43:36]   Epoch 055 1200/1559 train_mae 0.92 kl 0.079 lr 3e-04 (203s)
[06:43:50]   Epoch 055 1300/1559 train_mae 0.92 kl 0.079 lr 3e-04 (217s)
[06:44:04]   Epoch 055 1400/1559 train_mae 0.92 kl 0.079 lr 3e-04 (232s)
[06:44:18]   Epoch 055 1500/1559 train_mae 0.92 kl 0.079 lr 3e-04 (246s)
[06:44:27]   Epoch 055 1559/1559 train_mae 0.92 kl 0.078 lr 3e-04 (254s)
[06:44:44] [Epoch 055 완료] train MAE 0.92 | val MAE 7.75 | val RMSE 10.84 | lr 3e-04 | 개선없음 32/15
[06:44:59]   Epoch 056 100/1559 train_mae 0.93 kl 0.082 lr 3e-04 (14s)
[06:45:13]   Epoch 056 200/1559 train_mae 0.93 kl 0.078 lr 3e-04 (28s)
[06:45:28]   Epoch 056 300/1559 train_mae 0.90 kl 0.079 lr 3e-04 (43s)
[06:45:42]   Epoch 056 400/1559 train_mae 0.89 kl 0.079 lr 3e-04 (57s)
[06:45:56]   Epoch 056 500/1559 train_mae 0.88 kl 0.079 lr 3e-04 (71s)
[06:46:10]   Epoch 056 600/1559 train_mae 0.91 kl 0.080 lr 3e-04 (86s)
[06:46:25]   Epoch 056 700/1559 train_mae 0.92 kl 0.079 lr 3e-04 (100s)
[06:46:39]   Epoch 056 800/1559 train_mae 0.92 kl 0.079 lr 3e-04 (114s)
[06:46:53]   Epoch 056 900/1559 train_mae 0.93 kl 0.079 lr 3e-04 (129s)
[06:47:07]   Epoch 056 1000/1559 train_mae 0.93 kl 0.079 lr 3e-04 (143s)
[06:47:22]   Epoch 056 1100/1559 train_mae 0.92 kl 0.078 lr 3e-04 (157s)
[06:47:36]   Epoch 056 1200/1559 train_mae 0.92 kl 0.078 lr 3e-04 (171s)
[06:47:50]   Epoch 056 1300/1559 train_mae 0.91 kl 0.078 lr 3e-04 (185s)
[06:48:04]   Epoch 056 1400/1559 train_mae 0.91 kl 0.079 lr 3e-04 (200s)
[06:48:19]   Epoch 056 1500/1559 train_mae 0.91 kl 0.079 lr 3e-04 (214s)
[06:48:27]   Epoch 056 1559/1559 train_mae 0.90 kl 0.079 lr 3e-04 (222s)
[06:48:45] [Epoch 056 완료] train MAE 0.90 | val MAE 7.85 | val RMSE 10.93 | lr 3e-04 | 개선없음 33/15
[06:49:00]   Epoch 057 100/1559 train_mae 0.91 kl 0.089 lr 3e-04 (14s)
[06:49:14]   Epoch 057 200/1559 train_mae 0.88 kl 0.080 lr 3e-04 (28s)
[06:49:28]   Epoch 057 300/1559 train_mae 0.90 kl 0.078 lr 3e-04 (43s)
[06:49:42]   Epoch 057 400/1559 train_mae 0.89 kl 0.078 lr 3e-04 (57s)
[06:49:56]   Epoch 057 500/1559 train_mae 0.88 kl 0.078 lr 3e-04 (71s)
[06:50:11]   Epoch 057 600/1559 train_mae 0.88 kl 0.077 lr 3e-04 (85s)
[06:50:25]   Epoch 057 700/1559 train_mae 0.88 kl 0.076 lr 3e-04 (99s)
[06:50:39]   Epoch 057 800/1559 train_mae 0.87 kl 0.076 lr 3e-04 (113s)
[06:50:53]   Epoch 057 900/1559 train_mae 0.88 kl 0.075 lr 3e-04 (128s)
[06:51:07]   Epoch 057 1000/1559 train_mae 0.88 kl 0.076 lr 3e-04 (142s)
[06:51:21]   Epoch 057 1100/1559 train_mae 0.88 kl 0.076 lr 3e-04 (156s)
[06:51:35]   Epoch 057 1200/1559 train_mae 0.88 kl 0.077 lr 3e-04 (170s)
[06:51:50]   Epoch 057 1300/1559 train_mae 0.88 kl 0.077 lr 3e-04 (184s)
[06:52:04]   Epoch 057 1400/1559 train_mae 0.89 kl 0.077 lr 3e-04 (198s)
[06:52:18]   Epoch 057 1500/1559 train_mae 0.89 kl 0.077 lr 3e-04 (213s)
[06:52:26]   Epoch 057 1559/1559 train_mae 0.90 kl 0.077 lr 3e-04 (221s)
[06:52:44] [Epoch 057 완료] train MAE 0.90 | val MAE 8.03 | val RMSE 11.21 | lr 3e-04 | 개선없음 34/15
[06:52:59]   Epoch 058 100/1559 train_mae 0.91 kl 0.075 lr 3e-04 (14s)
[06:53:13]   Epoch 058 200/1559 train_mae 0.87 kl 0.073 lr 3e-04 (28s)
[06:53:27]   Epoch 058 300/1559 train_mae 0.87 kl 0.072 lr 3e-04 (43s)
[06:53:41]   Epoch 058 400/1559 train_mae 0.88 kl 0.074 lr 3e-04 (57s)
[06:53:55]   Epoch 058 500/1559 train_mae 0.89 kl 0.075 lr 3e-04 (71s)
[06:54:10]   Epoch 058 600/1559 train_mae 0.89 kl 0.076 lr 3e-04 (85s)
[06:54:24]   Epoch 058 700/1559 train_mae 0.88 kl 0.077 lr 3e-04 (99s)
[06:54:38]   Epoch 058 800/1559 train_mae 0.89 kl 0.076 lr 3e-04 (113s)
[06:54:52]   Epoch 058 900/1559 train_mae 0.89 kl 0.075 lr 3e-04 (127s)
[06:55:06]   Epoch 058 1000/1559 train_mae 0.88 kl 0.075 lr 3e-04 (141s)
[06:55:20]   Epoch 058 1100/1559 train_mae 0.88 kl 0.075 lr 3e-04 (156s)
[06:55:34]   Epoch 058 1200/1559 train_mae 0.88 kl 0.076 lr 3e-04 (170s)
[06:55:48]   Epoch 058 1300/1559 train_mae 0.87 kl 0.076 lr 3e-04 (184s)
[06:56:03]   Epoch 058 1400/1559 train_mae 0.87 kl 0.075 lr 3e-04 (198s)
[06:56:17]   Epoch 058 1500/1559 train_mae 0.87 kl 0.076 lr 3e-04 (212s)
[06:56:25]   Epoch 058 1559/1559 train_mae 0.87 kl 0.075 lr 3e-04 (221s)
[06:56:43] [Epoch 058 완료] train MAE 0.87 | val MAE 7.76 | val RMSE 10.70 | lr 3e-04 | 개선없음 35/15
[06:56:57]   Epoch 059 100/1559 train_mae 0.94 kl 0.073 lr 3e-04 (14s)
[06:57:11]   Epoch 059 200/1559 train_mae 0.89 kl 0.077 lr 3e-04 (28s)
[06:57:26]   Epoch 059 300/1559 train_mae 0.84 kl 0.075 lr 3e-04 (43s)
[06:57:40]   Epoch 059 400/1559 train_mae 0.85 kl 0.074 lr 3e-04 (57s)
[06:57:54]   Epoch 059 500/1559 train_mae 0.85 kl 0.074 lr 3e-04 (71s)
[06:58:08]   Epoch 059 600/1559 train_mae 0.85 kl 0.075 lr 3e-04 (85s)
[06:58:22]   Epoch 059 700/1559 train_mae 0.86 kl 0.076 lr 3e-04 (99s)
[06:58:37]   Epoch 059 800/1559 train_mae 0.86 kl 0.076 lr 3e-04 (114s)
[06:58:51]   Epoch 059 900/1559 train_mae 0.86 kl 0.075 lr 3e-04 (128s)
[06:59:05]   Epoch 059 1000/1559 train_mae 0.86 kl 0.076 lr 3e-04 (142s)
[06:59:19]   Epoch 059 1100/1559 train_mae 0.86 kl 0.076 lr 3e-04 (156s)
[06:59:34]   Epoch 059 1200/1559 train_mae 0.86 kl 0.075 lr 3e-04 (171s)
[06:59:48]   Epoch 059 1300/1559 train_mae 0.86 kl 0.075 lr 3e-04 (185s)
[07:00:02]   Epoch 059 1400/1559 train_mae 0.85 kl 0.075 lr 3e-04 (199s)
[07:00:16]   Epoch 059 1500/1559 train_mae 0.85 kl 0.075 lr 3e-04 (213s)
[07:00:25]   Epoch 059 1559/1559 train_mae 0.85 kl 0.075 lr 3e-04 (222s)
[07:00:42] [Epoch 059 완료] train MAE 0.85 | val MAE 7.85 | val RMSE 10.83 | lr 3e-04 | 개선없음 36/15
[07:00:57]   Epoch 060 100/1559 train_mae 0.87 kl 0.069 lr 3e-04 (14s)
[07:01:11]   Epoch 060 200/1559 train_mae 0.87 kl 0.074 lr 3e-04 (28s)
[07:01:25]   Epoch 060 300/1559 train_mae 0.89 kl 0.077 lr 3e-04 (42s)
[07:01:39]   Epoch 060 400/1559 train_mae 0.85 kl 0.076 lr 3e-04 (57s)
[07:01:53]   Epoch 060 500/1559 train_mae 0.84 kl 0.075 lr 3e-04 (71s)
[07:02:07]   Epoch 060 600/1559 train_mae 0.84 kl 0.074 lr 3e-04 (85s)
[07:02:22]   Epoch 060 700/1559 train_mae 0.84 kl 0.075 lr 3e-04 (99s)
[07:02:36]   Epoch 060 800/1559 train_mae 0.85 kl 0.075 lr 3e-04 (113s)
[07:02:50]   Epoch 060 900/1559 train_mae 0.85 kl 0.074 lr 3e-04 (127s)
[07:03:04]   Epoch 060 1000/1559 train_mae 0.85 kl 0.074 lr 3e-04 (142s)
[07:03:18]   Epoch 060 1100/1559 train_mae 0.85 kl 0.074 lr 3e-04 (156s)
[07:03:33]   Epoch 060 1200/1559 train_mae 0.85 kl 0.074 lr 3e-04 (170s)
[07:03:47]   Epoch 060 1300/1559 train_mae 0.84 kl 0.073 lr 3e-04 (184s)
[07:04:01]   Epoch 060 1400/1559 train_mae 0.85 kl 0.074 lr 3e-04 (199s)
[07:04:15]   Epoch 060 1500/1559 train_mae 0.84 kl 0.074 lr 3e-04 (213s)
[07:04:24]   Epoch 060 1559/1559 train_mae 0.84 kl 0.074 lr 3e-04 (221s)
[07:04:41] [Epoch 060 완료] train MAE 0.84 | val MAE 7.86 | val RMSE 10.96 | lr 3e-04 | 개선없음 37/15
[07:04:56]   Epoch 061 100/1559 train_mae 0.83 kl 0.074 lr 1e-04 (14s)
[07:05:10]   Epoch 061 200/1559 train_mae 0.80 kl 0.072 lr 1e-04 (28s)
[07:05:24]   Epoch 061 300/1559 train_mae 0.82 kl 0.075 lr 1e-04 (42s)
[07:05:38]   Epoch 061 400/1559 train_mae 0.81 kl 0.076 lr 1e-04 (56s)
[07:05:52]   Epoch 061 500/1559 train_mae 0.80 kl 0.075 lr 1e-04 (71s)
[07:06:06]   Epoch 061 600/1559 train_mae 0.79 kl 0.074 lr 1e-04 (85s)
[07:06:20]   Epoch 061 700/1559 train_mae 0.77 kl 0.074 lr 1e-04 (99s)
[07:06:35]   Epoch 061 800/1559 train_mae 0.76 kl 0.073 lr 1e-04 (113s)
[07:06:49]   Epoch 061 900/1559 train_mae 0.75 kl 0.074 lr 1e-04 (127s)
[07:07:03]   Epoch 061 1000/1559 train_mae 0.74 kl 0.073 lr 1e-04 (141s)
[07:07:17]   Epoch 061 1100/1559 train_mae 0.73 kl 0.073 lr 1e-04 (156s)
[07:07:32]   Epoch 061 1200/1559 train_mae 0.73 kl 0.073 lr 1e-04 (170s)
[07:07:46]   Epoch 061 1300/1559 train_mae 0.72 kl 0.073 lr 1e-04 (184s)
[07:08:00]   Epoch 061 1400/1559 train_mae 0.72 kl 0.072 lr 1e-04 (198s)
[07:08:14]   Epoch 061 1500/1559 train_mae 0.71 kl 0.072 lr 1e-04 (213s)
[07:08:22]   Epoch 061 1559/1559 train_mae 0.71 kl 0.072 lr 1e-04 (221s)
[07:08:40] [Epoch 061 완료] train MAE 0.71 | val MAE 7.76 | val RMSE 10.87 | lr 1e-04 | 개선없음 38/15
[07:08:55]   Epoch 062 100/1559 train_mae 0.50 kl 0.068 lr 1e-04 (14s)
[07:09:09]   Epoch 062 200/1559 train_mae 0.52 kl 0.068 lr 1e-04 (28s)
[07:09:23]   Epoch 062 300/1559 train_mae 0.52 kl 0.069 lr 1e-04 (43s)
[07:09:37]   Epoch 062 400/1559 train_mae 0.50 kl 0.068 lr 1e-04 (57s)
[07:09:52]   Epoch 062 500/1559 train_mae 0.50 kl 0.068 lr 1e-04 (71s)
[07:10:06]   Epoch 062 600/1559 train_mae 0.51 kl 0.068 lr 1e-04 (86s)
[07:10:20]   Epoch 062 700/1559 train_mae 0.51 kl 0.069 lr 1e-04 (100s)
[07:10:35]   Epoch 062 800/1559 train_mae 0.51 kl 0.069 lr 1e-04 (114s)
[07:10:49]   Epoch 062 900/1559 train_mae 0.52 kl 0.069 lr 1e-04 (129s)
[07:11:03]   Epoch 062 1000/1559 train_mae 0.52 kl 0.069 lr 1e-04 (143s)
[07:11:18]   Epoch 062 1100/1559 train_mae 0.52 kl 0.068 lr 1e-04 (157s)
[07:11:32]   Epoch 062 1200/1559 train_mae 0.51 kl 0.069 lr 1e-04 (171s)
[07:11:46]   Epoch 062 1300/1559 train_mae 0.51 kl 0.070 lr 1e-04 (186s)
[07:12:00]   Epoch 062 1400/1559 train_mae 0.51 kl 0.069 lr 1e-04 (200s)
[07:12:15]   Epoch 062 1500/1559 train_mae 0.52 kl 0.069 lr 1e-04 (214s)
[07:12:23]   Epoch 062 1559/1559 train_mae 0.52 kl 0.068 lr 1e-04 (222s)
[07:12:40] [Epoch 062 완료] train MAE 0.52 | val MAE 7.77 | val RMSE 10.85 | lr 1e-04 | 개선없음 39/15
[07:12:55]   Epoch 063 100/1559 train_mae 0.46 kl 0.073 lr 1e-04 (14s)
[07:13:09]   Epoch 063 200/1559 train_mae 0.44 kl 0.067 lr 1e-04 (28s)
[07:13:23]   Epoch 063 300/1559 train_mae 0.45 kl 0.067 lr 1e-04 (42s)
[07:13:37]   Epoch 063 400/1559 train_mae 0.43 kl 0.065 lr 1e-04 (56s)
[07:13:51]   Epoch 063 500/1559 train_mae 0.43 kl 0.065 lr 1e-04 (70s)
[07:14:05]   Epoch 063 600/1559 train_mae 0.44 kl 0.064 lr 1e-04 (85s)
[07:14:19]   Epoch 063 700/1559 train_mae 0.44 kl 0.065 lr 1e-04 (98s)
[07:14:33]   Epoch 063 800/1559 train_mae 0.44 kl 0.066 lr 1e-04 (113s)
[07:14:47]   Epoch 063 900/1559 train_mae 0.45 kl 0.066 lr 1e-04 (127s)
[07:15:02]   Epoch 063 1000/1559 train_mae 0.45 kl 0.066 lr 1e-04 (141s)
[07:15:16]   Epoch 063 1100/1559 train_mae 0.45 kl 0.066 lr 1e-04 (155s)
[07:15:30]   Epoch 063 1200/1559 train_mae 0.45 kl 0.065 lr 1e-04 (170s)
[07:15:44]   Epoch 063 1300/1559 train_mae 0.45 kl 0.066 lr 1e-04 (184s)
[07:15:59]   Epoch 063 1400/1559 train_mae 0.45 kl 0.066 lr 1e-04 (198s)
[07:16:13]   Epoch 063 1500/1559 train_mae 0.45 kl 0.066 lr 1e-04 (212s)
[07:16:21]   Epoch 063 1559/1559 train_mae 0.45 kl 0.066 lr 1e-04 (221s)
[07:16:39] [Epoch 063 완료] train MAE 0.45 | val MAE 7.74 | val RMSE 10.72 | lr 1e-04 | 개선없음 40/15
[07:16:53]   Epoch 064 100/1559 train_mae 0.48 kl 0.072 lr 1e-04 (14s)
[07:17:07]   Epoch 064 200/1559 train_mae 0.44 kl 0.066 lr 1e-04 (28s)
[07:17:21]   Epoch 064 300/1559 train_mae 0.42 kl 0.066 lr 1e-04 (42s)
[07:17:36]   Epoch 064 400/1559 train_mae 0.41 kl 0.065 lr 1e-04 (56s)
[07:17:50]   Epoch 064 500/1559 train_mae 0.43 kl 0.065 lr 1e-04 (71s)
[07:18:04]   Epoch 064 600/1559 train_mae 0.42 kl 0.065 lr 1e-04 (85s)
[07:18:18]   Epoch 064 700/1559 train_mae 0.43 kl 0.065 lr 1e-04 (99s)
[07:18:32]   Epoch 064 800/1559 train_mae 0.43 kl 0.064 lr 1e-04 (113s)
[07:18:47]   Epoch 064 900/1559 train_mae 0.43 kl 0.064 lr 1e-04 (127s)
[07:19:01]   Epoch 064 1000/1559 train_mae 0.43 kl 0.065 lr 1e-04 (142s)
[07:19:15]   Epoch 064 1100/1559 train_mae 0.42 kl 0.064 lr 1e-04 (156s)
[07:19:29]   Epoch 064 1200/1559 train_mae 0.43 kl 0.064 lr 1e-04 (170s)
[07:19:43]   Epoch 064 1300/1559 train_mae 0.43 kl 0.064 lr 1e-04 (184s)
[07:19:58]   Epoch 064 1400/1559 train_mae 0.42 kl 0.064 lr 1e-04 (199s)
[07:20:12]   Epoch 064 1500/1559 train_mae 0.42 kl 0.064 lr 1e-04 (213s)
[07:20:20]   Epoch 064 1559/1559 train_mae 0.42 kl 0.064 lr 1e-04 (221s)
[07:20:38] [Epoch 064 완료] train MAE 0.42 | val MAE 7.62 | val RMSE 10.58 | lr 1e-04 | 개선없음 41/15
[07:20:52]   Epoch 065 100/1559 train_mae 0.42 kl 0.065 lr 1e-04 (14s)
[07:21:07]   Epoch 065 200/1559 train_mae 0.42 kl 0.064 lr 1e-04 (29s)
[07:21:21]   Epoch 065 300/1559 train_mae 0.42 kl 0.066 lr 1e-04 (43s)
[07:21:35]   Epoch 065 400/1559 train_mae 0.42 kl 0.066 lr 1e-04 (57s)
[07:21:49]   Epoch 065 500/1559 train_mae 0.42 kl 0.067 lr 1e-04 (71s)
[07:22:04]   Epoch 065 600/1559 train_mae 0.42 kl 0.066 lr 1e-04 (85s)
[07:22:18]   Epoch 065 700/1559 train_mae 0.41 kl 0.065 lr 1e-04 (100s)
[07:22:32]   Epoch 065 800/1559 train_mae 0.41 kl 0.065 lr 1e-04 (114s)
[07:22:46]   Epoch 065 900/1559 train_mae 0.41 kl 0.065 lr 1e-04 (128s)
[07:23:01]   Epoch 065 1000/1559 train_mae 0.40 kl 0.064 lr 1e-04 (143s)
[07:23:15]   Epoch 065 1100/1559 train_mae 0.41 kl 0.064 lr 1e-04 (157s)
[07:23:29]   Epoch 065 1200/1559 train_mae 0.41 kl 0.064 lr 1e-04 (171s)
[07:23:44]   Epoch 065 1300/1559 train_mae 0.40 kl 0.064 lr 1e-04 (185s)
[07:23:58]   Epoch 065 1400/1559 train_mae 0.40 kl 0.064 lr 1e-04 (200s)
[07:24:12]   Epoch 065 1500/1559 train_mae 0.40 kl 0.064 lr 1e-04 (214s)
[07:24:20]   Epoch 065 1559/1559 train_mae 0.40 kl 0.064 lr 1e-04 (222s)
[07:24:38] [Epoch 065 완료] train MAE 0.40 | val MAE 7.71 | val RMSE 10.76 | lr 1e-04 | 개선없음 42/15
[07:24:38] 조기종료: 15에폭 연속 개선 없음 | 최고 val MAE 7.61 @ epoch 23
================================================================
[07:24:38] 최종 평가 (best.pt 로드)
[07:24:39] [backbone] timm 'legacy_xception' 로드 완료 (pretrained=False)
[07:24:39] [reg] backbone out (2048, 18, 18) -> z 6,400 | params 27.1M
[07:24:39] best.pt 로드 | 채널 ['hand', 'r1', 'r2'] | lambda 0.5 | delta 15.0
[07:24:39]  split |      N |  MAE(mo) |  RMSE(mo) |    bias
[07:27:23]  train | 12,473 |     1.96 |      3.07 |   -0.07
[07:27:40]    val |  1,386 |     7.61 |     10.56 |   -0.11
[07:27:48]   test |    195 |     7.69 |     10.62 |   +0.34
[07:27:56] 나이 분포 저장: G:\Project\sinra_cho\checkpoints_attention_v5\age_distribution.png
==========================================================
Attention + LDL 골연령 | 채널 hand+r1+r2
2026-07-30 07:24
==========================================================
 split |      N |  MAE(mo) |  RMSE(mo) |    bias
 train | 12,473 |     1.96 |      3.07 |   -0.07
   val |  1,386 |     7.61 |     10.56 |   -0.11
  test |    195 |     7.69 |     10.62 |   +0.34
----------------------------------------------------------
[test 연령대별]
  group |     N |    MAE |   RMSE |   bias
   0-4y |     8 |   8.17 |  10.19 |  +4.61
   4-8y |    33 |   9.89 |  12.73 |  +4.14
  8-12y |    64 |   9.62 |  13.31 |  +1.10
 12-16y |    79 |   5.07 |   6.37 |  -1.63
   >16y |    11 |   8.44 |  10.79 |  -4.38
==========================================================
[07:27:56] 결과 저장: G:\Project\sinra_cho\checkpoints_attention_v5\results.txt
[07:27:56] 추론 함수 준비 완료 · best.pt: G:\Project\sinra_cho\checkpoints_attention_v5\best.pt
[07:27:56] === 전체 완료 ===
