================================================================
[10:42:04] Attention-Guided RoI + LDL 골연령 - 프로세스 시작
[10:42:04] PyTorch 2.6.0+cu124 | torchvision 0.21.0+cu124 | timm 1.0.28
[10:42:04] device cuda | CUDA True
Traceback (most recent call last):
  File "C:\ProgramData\gpu-guard\gpu_guard.py", line 438, in <module>
    main()
    ~~~~^^
  File "C:\ProgramData\gpu-guard\gpu_guard.py", line 332, in main
    sys.exit(gate_only(parse_kv(argv[1:])))
             ~~~~~~~~~^^^^^^^^^^^^^^^^^^^^
  File "C:\ProgramData\gpu-guard\gpu_guard.py", line 220, in gate_only
    led = cleanup_dead_running(load_ledger())
                               ~~~~~~~~~~~^^
  File "C:\ProgramData\gpu-guard\common.py", line 54, in load_ledger
    data = json.load(f)
  File "G:\anaconda3\Lib\json\__init__.py", line 293, in load
    return loads(fp.read(),
        cls=cls, object_hook=object_hook,
        parse_float=parse_float, parse_int=parse_int,
        parse_constant=parse_constant, object_pairs_hook=object_pairs_hook, **kw)
  File "G:\anaconda3\Lib\json\__init__.py", line 346, in loads
    return _default_decoder.decode(s)
           ~~~~~~~~~~~~~~~~~~~~~~~^^^
  File "G:\anaconda3\Lib\json\decoder.py", line 345, in decode
    obj, end = self.raw_decode(s, idx=_w(s, 0).end())
               ~~~~~~~~~~~~~~~^^^^^^^^^^^^^^^^^^^^^^^
  File "G:\anaconda3\Lib\json\decoder.py", line 363, in raw_decode
    raise JSONDecodeError("Expecting value", s, err.value) from None
json.decoder.JSONDecodeError: Expecting value: line 1 column 1 (char 0)
[10:42:04] GPU NVIDIA A100 80GB PCIe | CUDA 12.4
[10:42:04] BASE_DIR G:\Project\sinra_cho
[10:42:04] PAPER_STRICT True | 정규화 div255 | 증강 False
[10:42:04] 집계 채널 ('hand', 'r1', 'erased') | tau(H/R1/R2) 20/50/50
================================================================
[10:42:04]   TRAIN_IMG OK  G:\Project\sinra_cho\boneage-training-dataset\boneage-training-dataset
[10:42:04]   TRAIN_CSV OK  G:\Project\sinra_cho\boneage-training-dataset\train.csv
[10:42:04]   VAL_IMG   OK  G:\Project\sinra_cho\boneage-validation-dataset\boneage-validation-dataset
[10:42:04]   VAL_CSV   OK  G:\Project\sinra_cho\boneage-validation-dataset\Validation Dataset.csv
[10:42:04]   TEST_IMG  OK  G:\Project\sinra_cho\Bone Age Test Set\Test Set Images
[10:42:04]   TEST_CSV  OK  G:\Project\sinra_cho\Bone Age Test Set\Bone age ground truth.csv
[10:42:04]   · train: 이상 이미지 138장 제외
[10:42:04]   · val: 이상 이미지 41장 제외
[10:42:04]   · test: 이상 이미지 5장 제외
[10:42:04] 라벨 | train 12,473 | val 1,384 | test 195 | 나이 127.6±40.9개월 | 남 54.2%
[10:42:04] 기본 리사이즈 캐시 생성 중 (원본 -> 560 / 300)...
[10:43:02]   기본캐시 train 2000/12473
[10:44:03]   기본캐시 train 4000/12473
[10:45:06]   기본캐시 train 6000/12473
[10:46:09]   기본캐시 train 8000/12473
[10:47:12]   기본캐시 train 10000/12473
[10:48:15]   기본캐시 train 12000/12473
[10:48:30] [base:train] 생성 12473 | 스킵 0 | 실패 0
[10:49:13] [base:val] 생성 1384 | 스킵 0 | 실패 0
[10:49:19] [base:test] 생성 195 | 스킵 0 | 실패 0
[10:49:19] 기본 리사이즈 캐시 완료
[10:49:19] 사용 가능 | train 12,473 | val 1,384 | test 195
[10:49:19] ### Phase I-a : Hand 영역 국소화 ###
[10:49:19] [cls-hand] 분류 모델 학습 시작 | pool=gap size=300 src=base300 epochs=70
[10:49:20] [backbone] timm 'inception_v3' 로드 완료 (pretrained=True)
[10:49:20] [cls-gap] feat (2048, 8, 8) -> FC 2048->240
[10:49:34]   [cls-hand] ep01 100/1559 loss 0.1669 lr 3e-04 (13s)
[10:49:46]   [cls-hand] ep01 200/1559 loss 0.1518 lr 3e-04 (26s)
[10:49:59]   [cls-hand] ep01 300/1559 loss 0.1444 lr 3e-04 (38s)
[10:50:11]   [cls-hand] ep01 400/1559 loss 0.1392 lr 3e-04 (51s)
[10:50:23]   [cls-hand] ep01 500/1559 loss 0.1352 lr 3e-04 (63s)
[10:50:34]   [cls-hand] ep01 600/1559 loss 0.1324 lr 3e-04 (74s)
[10:50:46]   [cls-hand] ep01 700/1559 loss 0.1302 lr 3e-04 (86s)
[10:50:58]   [cls-hand] ep01 800/1559 loss 0.1283 lr 3e-04 (98s)
[10:51:10]   [cls-hand] ep01 900/1559 loss 0.1266 lr 3e-04 (110s)
[10:51:23]   [cls-hand] ep01 1000/1559 loss 0.1247 lr 3e-04 (122s)
[10:51:35]   [cls-hand] ep01 1100/1559 loss 0.1234 lr 3e-04 (135s)
[10:51:48]   [cls-hand] ep01 1200/1559 loss 0.1218 lr 3e-04 (147s)
[10:52:00]   [cls-hand] ep01 1300/1559 loss 0.1205 lr 3e-04 (160s)
[10:52:13]   [cls-hand] ep01 1400/1559 loss 0.1193 lr 3e-04 (172s)
[10:52:25]   [cls-hand] ep01 1500/1559 loss 0.1177 lr 3e-04 (185s)
[10:52:33]   [cls-hand] ep01 1559/1559 loss 0.1169 lr 3e-04 (192s)
[10:52:48]   [cls-hand] Epoch 01 완료 | train L1 0.1169 | val argmax-MAE 11.77
[10:52:49]   [cls-hand] * best 저장 (argmax-MAE 11.77)
[10:52:55]   [cls-hand] ep02 100/1559 loss 0.0997 lr 3e-04 (6s)
[10:53:01]   [cls-hand] ep02 200/1559 loss 0.0972 lr 3e-04 (12s)
[10:53:07]   [cls-hand] ep02 300/1559 loss 0.0961 lr 3e-04 (19s)
[10:53:13]   [cls-hand] ep02 400/1559 loss 0.0950 lr 3e-04 (25s)
[10:53:20]   [cls-hand] ep02 500/1559 loss 0.0947 lr 3e-04 (31s)
[10:53:26]   [cls-hand] ep02 600/1559 loss 0.0939 lr 3e-04 (37s)
[10:53:32]   [cls-hand] ep02 700/1559 loss 0.0933 lr 3e-04 (44s)
[10:53:38]   [cls-hand] ep02 800/1559 loss 0.0928 lr 3e-04 (50s)
[10:53:45]   [cls-hand] ep02 900/1559 loss 0.0926 lr 3e-04 (56s)
[10:53:51]   [cls-hand] ep02 1000/1559 loss 0.0923 lr 3e-04 (62s)
[10:53:57]   [cls-hand] ep02 1100/1559 loss 0.0921 lr 3e-04 (69s)
[10:54:03]   [cls-hand] ep02 1200/1559 loss 0.0921 lr 3e-04 (75s)
[10:54:10]   [cls-hand] ep02 1300/1559 loss 0.0917 lr 3e-04 (81s)
[10:54:16]   [cls-hand] ep02 1400/1559 loss 0.0917 lr 3e-04 (87s)
[10:54:22]   [cls-hand] ep02 1500/1559 loss 0.0914 lr 3e-04 (93s)
[10:54:26]   [cls-hand] ep02 1559/1559 loss 0.0913 lr 3e-04 (97s)
[10:54:31]   [cls-hand] Epoch 02 완료 | train L1 0.0913 | val argmax-MAE 11.60
[10:54:31]   [cls-hand] * best 저장 (argmax-MAE 11.60)
[10:54:37]   [cls-hand] ep03 100/1559 loss 0.0798 lr 3e-04 (6s)
[10:54:43]   [cls-hand] ep03 200/1559 loss 0.0799 lr 3e-04 (12s)
[10:54:49]   [cls-hand] ep03 300/1559 loss 0.0791 lr 3e-04 (19s)
[10:54:56]   [cls-hand] ep03 400/1559 loss 0.0794 lr 3e-04 (25s)
[10:55:02]   [cls-hand] ep03 500/1559 loss 0.0800 lr 3e-04 (31s)
[10:55:08]   [cls-hand] ep03 600/1559 loss 0.0803 lr 3e-04 (37s)
[10:55:14]   [cls-hand] ep03 700/1559 loss 0.0806 lr 3e-04 (43s)
[10:55:20]   [cls-hand] ep03 800/1559 loss 0.0812 lr 3e-04 (50s)
[10:55:27]   [cls-hand] ep03 900/1559 loss 0.0811 lr 3e-04 (56s)
[10:55:33]   [cls-hand] ep03 1000/1559 loss 0.0808 lr 3e-04 (62s)
[10:55:39]   [cls-hand] ep03 1100/1559 loss 0.0808 lr 3e-04 (68s)
[10:55:45]   [cls-hand] ep03 1200/1559 loss 0.0806 lr 3e-04 (74s)
[10:55:51]   [cls-hand] ep03 1300/1559 loss 0.0804 lr 3e-04 (81s)
[10:55:58]   [cls-hand] ep03 1400/1559 loss 0.0805 lr 3e-04 (87s)
[10:56:04]   [cls-hand] ep03 1500/1559 loss 0.0807 lr 3e-04 (93s)
[10:56:08]   [cls-hand] ep03 1559/1559 loss 0.0806 lr 3e-04 (97s)
[10:56:13]   [cls-hand] Epoch 03 완료 | train L1 0.0806 | val argmax-MAE 10.00
[10:56:13]   [cls-hand] * best 저장 (argmax-MAE 10.00)
[10:56:19]   [cls-hand] ep04 100/1559 loss 0.0733 lr 3e-04 (6s)
[10:56:25]   [cls-hand] ep04 200/1559 loss 0.0752 lr 3e-04 (13s)
[10:56:32]   [cls-hand] ep04 300/1559 loss 0.0749 lr 3e-04 (19s)
[10:56:38]   [cls-hand] ep04 400/1559 loss 0.0752 lr 3e-04 (25s)
[10:56:44]   [cls-hand] ep04 500/1559 loss 0.0752 lr 3e-04 (31s)
[10:56:50]   [cls-hand] ep04 600/1559 loss 0.0751 lr 3e-04 (37s)
[10:56:55]   [cls-hand] ep04 700/1559 loss 0.0754 lr 3e-04 (42s)
[10:57:01]   [cls-hand] ep04 800/1559 loss 0.0753 lr 3e-04 (49s)
[10:57:08]   [cls-hand] ep04 900/1559 loss 0.0750 lr 3e-04 (55s)
[10:57:14]   [cls-hand] ep04 1000/1559 loss 0.0747 lr 3e-04 (61s)
[10:57:20]   [cls-hand] ep04 1100/1559 loss 0.0749 lr 3e-04 (67s)
[10:57:26]   [cls-hand] ep04 1200/1559 loss 0.0749 lr 3e-04 (74s)
[10:57:33]   [cls-hand] ep04 1300/1559 loss 0.0748 lr 3e-04 (80s)
[10:57:39]   [cls-hand] ep04 1400/1559 loss 0.0747 lr 3e-04 (86s)
[10:57:45]   [cls-hand] ep04 1500/1559 loss 0.0748 lr 3e-04 (92s)
[10:57:49]   [cls-hand] ep04 1559/1559 loss 0.0749 lr 3e-04 (96s)
[10:57:54]   [cls-hand] Epoch 04 완료 | train L1 0.0749 | val argmax-MAE 9.73
[10:57:54]   [cls-hand] * best 저장 (argmax-MAE 9.73)
[10:58:00]   [cls-hand] ep05 100/1559 loss 0.0686 lr 3e-04 (6s)
[10:58:06]   [cls-hand] ep05 200/1559 loss 0.0671 lr 3e-04 (12s)
[10:58:13]   [cls-hand] ep05 300/1559 loss 0.0669 lr 3e-04 (19s)
[10:58:19]   [cls-hand] ep05 400/1559 loss 0.0676 lr 3e-04 (25s)
[10:58:25]   [cls-hand] ep05 500/1559 loss 0.0684 lr 3e-04 (31s)
[10:58:31]   [cls-hand] ep05 600/1559 loss 0.0684 lr 3e-04 (37s)
[10:58:38]   [cls-hand] ep05 700/1559 loss 0.0681 lr 3e-04 (44s)
[10:58:44]   [cls-hand] ep05 800/1559 loss 0.0680 lr 3e-04 (50s)
[10:58:50]   [cls-hand] ep05 900/1559 loss 0.0683 lr 3e-04 (56s)
[10:58:56]   [cls-hand] ep05 1000/1559 loss 0.0686 lr 3e-04 (62s)
[10:59:03]   [cls-hand] ep05 1100/1559 loss 0.0685 lr 3e-04 (69s)
[10:59:09]   [cls-hand] ep05 1200/1559 loss 0.0686 lr 3e-04 (75s)
[10:59:15]   [cls-hand] ep05 1300/1559 loss 0.0684 lr 3e-04 (81s)
[10:59:21]   [cls-hand] ep05 1400/1559 loss 0.0686 lr 3e-04 (87s)
[10:59:27]   [cls-hand] ep05 1500/1559 loss 0.0686 lr 3e-04 (93s)
[10:59:31]   [cls-hand] ep05 1559/1559 loss 0.0685 lr 3e-04 (97s)
[10:59:36]   [cls-hand] Epoch 05 완료 | train L1 0.0685 | val argmax-MAE 9.80
[10:59:42]   [cls-hand] ep06 100/1559 loss 0.0627 lr 3e-04 (6s)
[10:59:49]   [cls-hand] ep06 200/1559 loss 0.0631 lr 3e-04 (12s)
[10:59:55]   [cls-hand] ep06 300/1559 loss 0.0642 lr 3e-04 (19s)
[11:00:01]   [cls-hand] ep06 400/1559 loss 0.0634 lr 3e-04 (25s)
[11:00:07]   [cls-hand] ep06 500/1559 loss 0.0648 lr 3e-04 (31s)
[11:00:13]   [cls-hand] ep06 600/1559 loss 0.0651 lr 3e-04 (37s)
[11:00:20]   [cls-hand] ep06 700/1559 loss 0.0648 lr 3e-04 (44s)
[11:00:26]   [cls-hand] ep06 800/1559 loss 0.0649 lr 3e-04 (50s)
[11:00:32]   [cls-hand] ep06 900/1559 loss 0.0651 lr 3e-04 (56s)
[11:00:38]   [cls-hand] ep06 1000/1559 loss 0.0652 lr 3e-04 (62s)
[11:00:44]   [cls-hand] ep06 1100/1559 loss 0.0652 lr 3e-04 (68s)
[11:00:51]   [cls-hand] ep06 1200/1559 loss 0.0650 lr 3e-04 (75s)
[11:00:57]   [cls-hand] ep06 1300/1559 loss 0.0650 lr 3e-04 (81s)
[11:01:03]   [cls-hand] ep06 1400/1559 loss 0.0649 lr 3e-04 (87s)
[11:01:09]   [cls-hand] ep06 1500/1559 loss 0.0650 lr 3e-04 (93s)
[11:01:13]   [cls-hand] ep06 1559/1559 loss 0.0649 lr 3e-04 (97s)
[11:01:18]   [cls-hand] Epoch 06 완료 | train L1 0.0649 | val argmax-MAE 10.49
[11:01:24]   [cls-hand] ep07 100/1559 loss 0.0579 lr 3e-04 (6s)
[11:01:31]   [cls-hand] ep07 200/1559 loss 0.0583 lr 3e-04 (12s)
[11:01:37]   [cls-hand] ep07 300/1559 loss 0.0587 lr 3e-04 (19s)
[11:01:43]   [cls-hand] ep07 400/1559 loss 0.0590 lr 3e-04 (25s)
[11:01:49]   [cls-hand] ep07 500/1559 loss 0.0592 lr 3e-04 (31s)
[11:01:55]   [cls-hand] ep07 600/1559 loss 0.0589 lr 3e-04 (37s)
[11:02:02]   [cls-hand] ep07 700/1559 loss 0.0591 lr 3e-04 (44s)
[11:02:08]   [cls-hand] ep07 800/1559 loss 0.0589 lr 3e-04 (50s)
[11:02:14]   [cls-hand] ep07 900/1559 loss 0.0590 lr 3e-04 (56s)
[11:02:20]   [cls-hand] ep07 1000/1559 loss 0.0593 lr 3e-04 (62s)
[11:02:27]   [cls-hand] ep07 1100/1559 loss 0.0595 lr 3e-04 (69s)
[11:02:33]   [cls-hand] ep07 1200/1559 loss 0.0595 lr 3e-04 (75s)
[11:02:39]   [cls-hand] ep07 1300/1559 loss 0.0594 lr 3e-04 (81s)
[11:02:45]   [cls-hand] ep07 1400/1559 loss 0.0596 lr 3e-04 (87s)
[11:02:52]   [cls-hand] ep07 1500/1559 loss 0.0595 lr 3e-04 (94s)
[11:02:55]   [cls-hand] ep07 1559/1559 loss 0.0596 lr 3e-04 (97s)
[11:03:00]   [cls-hand] Epoch 07 완료 | train L1 0.0596 | val argmax-MAE 10.33
[11:03:06]   [cls-hand] ep08 100/1559 loss 0.0538 lr 3e-04 (6s)
[11:03:13]   [cls-hand] ep08 200/1559 loss 0.0558 lr 3e-04 (12s)
[11:03:19]   [cls-hand] ep08 300/1559 loss 0.0545 lr 3e-04 (19s)
[11:03:25]   [cls-hand] ep08 400/1559 loss 0.0541 lr 3e-04 (25s)
[11:03:31]   [cls-hand] ep08 500/1559 loss 0.0545 lr 3e-04 (31s)
[11:03:38]   [cls-hand] ep08 600/1559 loss 0.0546 lr 3e-04 (37s)
[11:03:44]   [cls-hand] ep08 700/1559 loss 0.0550 lr 3e-04 (44s)
[11:03:49]   [cls-hand] ep08 800/1559 loss 0.0552 lr 3e-04 (49s)
[11:03:56]   [cls-hand] ep08 900/1559 loss 0.0554 lr 3e-04 (55s)
[11:04:02]   [cls-hand] ep08 1000/1559 loss 0.0553 lr 3e-04 (62s)
[11:04:08]   [cls-hand] ep08 1100/1559 loss 0.0552 lr 3e-04 (68s)
[11:04:14]   [cls-hand] ep08 1200/1559 loss 0.0553 lr 3e-04 (74s)
[11:04:20]   [cls-hand] ep08 1300/1559 loss 0.0553 lr 3e-04 (80s)
[11:04:27]   [cls-hand] ep08 1400/1559 loss 0.0554 lr 3e-04 (86s)
[11:04:33]   [cls-hand] ep08 1500/1559 loss 0.0555 lr 3e-04 (93s)
[11:04:37]   [cls-hand] ep08 1559/1559 loss 0.0553 lr 3e-04 (96s)
[11:04:42]   [cls-hand] Epoch 08 완료 | train L1 0.0553 | val argmax-MAE 10.02
[11:04:48]   [cls-hand] ep09 100/1559 loss 0.0507 lr 3e-04 (6s)
[11:04:54]   [cls-hand] ep09 200/1559 loss 0.0510 lr 3e-04 (12s)
[11:05:00]   [cls-hand] ep09 300/1559 loss 0.0512 lr 3e-04 (19s)
[11:05:06]   [cls-hand] ep09 400/1559 loss 0.0512 lr 3e-04 (25s)
[11:05:13]   [cls-hand] ep09 500/1559 loss 0.0509 lr 3e-04 (31s)
[11:05:19]   [cls-hand] ep09 600/1559 loss 0.0513 lr 3e-04 (37s)
[11:05:25]   [cls-hand] ep09 700/1559 loss 0.0511 lr 3e-04 (44s)
[11:05:31]   [cls-hand] ep09 800/1559 loss 0.0514 lr 3e-04 (50s)
[11:05:38]   [cls-hand] ep09 900/1559 loss 0.0515 lr 3e-04 (56s)
[11:05:44]   [cls-hand] ep09 1000/1559 loss 0.0517 lr 3e-04 (62s)
[11:05:50]   [cls-hand] ep09 1100/1559 loss 0.0520 lr 3e-04 (69s)
[11:05:56]   [cls-hand] ep09 1200/1559 loss 0.0520 lr 3e-04 (75s)
[11:06:03]   [cls-hand] ep09 1300/1559 loss 0.0519 lr 3e-04 (81s)
[11:06:09]   [cls-hand] ep09 1400/1559 loss 0.0521 lr 3e-04 (87s)
[11:06:15]   [cls-hand] ep09 1500/1559 loss 0.0520 lr 3e-04 (93s)
[11:06:19]   [cls-hand] ep09 1559/1559 loss 0.0521 lr 3e-04 (97s)
[11:06:24]   [cls-hand] Epoch 09 완료 | train L1 0.0521 | val argmax-MAE 10.29
[11:06:30]   [cls-hand] ep10 100/1559 loss 0.0479 lr 3e-04 (6s)
[11:06:36]   [cls-hand] ep10 200/1559 loss 0.0473 lr 3e-04 (12s)
[11:06:42]   [cls-hand] ep10 300/1559 loss 0.0477 lr 3e-04 (19s)
[11:06:49]   [cls-hand] ep10 400/1559 loss 0.0479 lr 3e-04 (25s)
[11:06:55]   [cls-hand] ep10 500/1559 loss 0.0479 lr 3e-04 (31s)
[11:07:01]   [cls-hand] ep10 600/1559 loss 0.0480 lr 3e-04 (37s)
[11:07:07]   [cls-hand] ep10 700/1559 loss 0.0478 lr 3e-04 (43s)
[11:07:13]   [cls-hand] ep10 800/1559 loss 0.0479 lr 3e-04 (50s)
[11:07:20]   [cls-hand] ep10 900/1559 loss 0.0478 lr 3e-04 (56s)
[11:07:26]   [cls-hand] ep10 1000/1559 loss 0.0479 lr 3e-04 (62s)
[11:07:32]   [cls-hand] ep10 1100/1559 loss 0.0479 lr 3e-04 (68s)
[11:07:38]   [cls-hand] ep10 1200/1559 loss 0.0479 lr 3e-04 (74s)
[11:07:44]   [cls-hand] ep10 1300/1559 loss 0.0480 lr 3e-04 (81s)
[11:07:51]   [cls-hand] ep10 1400/1559 loss 0.0481 lr 3e-04 (87s)
[11:07:57]   [cls-hand] ep10 1500/1559 loss 0.0480 lr 3e-04 (93s)
[11:08:01]   [cls-hand] ep10 1559/1559 loss 0.0480 lr 3e-04 (97s)
[11:08:05]   [cls-hand] Epoch 10 완료 | train L1 0.0480 | val argmax-MAE 9.24
[11:08:06]   [cls-hand] * best 저장 (argmax-MAE 9.24)
[11:08:12]   [cls-hand] ep11 100/1559 loss 0.0484 lr 3e-04 (6s)
[11:08:18]   [cls-hand] ep11 200/1559 loss 0.0497 lr 3e-04 (12s)
[11:08:24]   [cls-hand] ep11 300/1559 loss 0.0491 lr 3e-04 (19s)
[11:08:30]   [cls-hand] ep11 400/1559 loss 0.0494 lr 3e-04 (25s)
[11:08:37]   [cls-hand] ep11 500/1559 loss 0.0490 lr 3e-04 (31s)
[11:08:43]   [cls-hand] ep11 600/1559 loss 0.0485 lr 3e-04 (37s)
[11:08:49]   [cls-hand] ep11 700/1559 loss 0.0483 lr 3e-04 (43s)
[11:08:55]   [cls-hand] ep11 800/1559 loss 0.0479 lr 3e-04 (50s)
[11:09:01]   [cls-hand] ep11 900/1559 loss 0.0478 lr 3e-04 (56s)
[11:09:08]   [cls-hand] ep11 1000/1559 loss 0.0476 lr 3e-04 (62s)
[11:09:14]   [cls-hand] ep11 1100/1559 loss 0.0475 lr 3e-04 (68s)
[11:09:20]   [cls-hand] ep11 1200/1559 loss 0.0472 lr 3e-04 (74s)
[11:09:26]   [cls-hand] ep11 1300/1559 loss 0.0469 lr 3e-04 (81s)
[11:09:32]   [cls-hand] ep11 1400/1559 loss 0.0467 lr 3e-04 (87s)
[11:09:39]   [cls-hand] ep11 1500/1559 loss 0.0466 lr 3e-04 (93s)
[11:09:42]   [cls-hand] ep11 1559/1559 loss 0.0467 lr 3e-04 (97s)
[11:09:47]   [cls-hand] Epoch 11 완료 | train L1 0.0467 | val argmax-MAE 9.46
[11:09:53]   [cls-hand] ep12 100/1559 loss 0.0417 lr 3e-04 (6s)
[11:10:00]   [cls-hand] ep12 200/1559 loss 0.0419 lr 3e-04 (12s)
[11:10:06]   [cls-hand] ep12 300/1559 loss 0.0420 lr 3e-04 (19s)
[11:10:12]   [cls-hand] ep12 400/1559 loss 0.0428 lr 3e-04 (25s)
[11:10:18]   [cls-hand] ep12 500/1559 loss 0.0431 lr 3e-04 (31s)
[11:10:24]   [cls-hand] ep12 600/1559 loss 0.0430 lr 3e-04 (37s)
[11:10:31]   [cls-hand] ep12 700/1559 loss 0.0429 lr 3e-04 (43s)
[11:10:37]   [cls-hand] ep12 800/1559 loss 0.0426 lr 3e-04 (50s)
[11:10:43]   [cls-hand] ep12 900/1559 loss 0.0425 lr 3e-04 (56s)
[11:10:49]   [cls-hand] ep12 1000/1559 loss 0.0425 lr 3e-04 (62s)
[11:10:55]   [cls-hand] ep12 1100/1559 loss 0.0427 lr 3e-04 (68s)
[11:11:02]   [cls-hand] ep12 1200/1559 loss 0.0426 lr 3e-04 (74s)
[11:11:08]   [cls-hand] ep12 1300/1559 loss 0.0426 lr 3e-04 (81s)
[11:11:14]   [cls-hand] ep12 1400/1559 loss 0.0425 lr 3e-04 (87s)
[11:11:20]   [cls-hand] ep12 1500/1559 loss 0.0425 lr 3e-04 (93s)
[11:11:24]   [cls-hand] ep12 1559/1559 loss 0.0426 lr 3e-04 (97s)
[11:11:29]   [cls-hand] Epoch 12 완료 | train L1 0.0426 | val argmax-MAE 9.15
[11:11:29]   [cls-hand] * best 저장 (argmax-MAE 9.15)
[11:11:35]   [cls-hand] ep13 100/1559 loss 0.0398 lr 3e-04 (6s)
[11:11:41]   [cls-hand] ep13 200/1559 loss 0.0406 lr 3e-04 (12s)
[11:11:47]   [cls-hand] ep13 300/1559 loss 0.0404 lr 3e-04 (19s)
[11:11:54]   [cls-hand] ep13 400/1559 loss 0.0409 lr 3e-04 (25s)
[11:12:00]   [cls-hand] ep13 500/1559 loss 0.0406 lr 3e-04 (31s)
[11:12:06]   [cls-hand] ep13 600/1559 loss 0.0406 lr 3e-04 (37s)
[11:12:12]   [cls-hand] ep13 700/1559 loss 0.0404 lr 3e-04 (43s)
[11:12:18]   [cls-hand] ep13 800/1559 loss 0.0407 lr 3e-04 (50s)
[11:12:25]   [cls-hand] ep13 900/1559 loss 0.0408 lr 3e-04 (56s)
[11:12:31]   [cls-hand] ep13 1000/1559 loss 0.0407 lr 3e-04 (62s)
[11:12:37]   [cls-hand] ep13 1100/1559 loss 0.0408 lr 3e-04 (68s)
[11:12:43]   [cls-hand] ep13 1200/1559 loss 0.0407 lr 3e-04 (74s)
[11:12:49]   [cls-hand] ep13 1300/1559 loss 0.0407 lr 3e-04 (80s)
[11:12:56]   [cls-hand] ep13 1400/1559 loss 0.0410 lr 3e-04 (87s)
[11:13:02]   [cls-hand] ep13 1500/1559 loss 0.0412 lr 3e-04 (93s)
[11:13:05]   [cls-hand] ep13 1559/1559 loss 0.0412 lr 3e-04 (97s)
[11:13:10]   [cls-hand] Epoch 13 완료 | train L1 0.0412 | val argmax-MAE 9.56
[11:13:17]   [cls-hand] ep14 100/1559 loss 0.0377 lr 3e-04 (6s)
[11:13:23]   [cls-hand] ep14 200/1559 loss 0.0389 lr 3e-04 (12s)
[11:13:29]   [cls-hand] ep14 300/1559 loss 0.0396 lr 3e-04 (19s)
[11:13:35]   [cls-hand] ep14 400/1559 loss 0.0394 lr 3e-04 (25s)
[11:13:41]   [cls-hand] ep14 500/1559 loss 0.0392 lr 3e-04 (31s)
[11:13:48]   [cls-hand] ep14 600/1559 loss 0.0389 lr 3e-04 (37s)
[11:13:54]   [cls-hand] ep14 700/1559 loss 0.0387 lr 3e-04 (43s)
[11:14:00]   [cls-hand] ep14 800/1559 loss 0.0386 lr 3e-04 (50s)
[11:14:06]   [cls-hand] ep14 900/1559 loss 0.0385 lr 3e-04 (56s)
[11:14:12]   [cls-hand] ep14 1000/1559 loss 0.0385 lr 3e-04 (62s)
[11:14:19]   [cls-hand] ep14 1100/1559 loss 0.0386 lr 3e-04 (68s)
[11:14:25]   [cls-hand] ep14 1200/1559 loss 0.0386 lr 3e-04 (74s)
[11:14:31]   [cls-hand] ep14 1300/1559 loss 0.0387 lr 3e-04 (80s)
[11:14:37]   [cls-hand] ep14 1400/1559 loss 0.0388 lr 3e-04 (87s)
[11:14:43]   [cls-hand] ep14 1500/1559 loss 0.0388 lr 3e-04 (93s)
[11:14:47]   [cls-hand] ep14 1559/1559 loss 0.0387 lr 3e-04 (97s)
[11:14:52]   [cls-hand] Epoch 14 완료 | train L1 0.0387 | val argmax-MAE 9.30
[11:14:58]   [cls-hand] ep15 100/1559 loss 0.0354 lr 3e-04 (6s)
[11:15:04]   [cls-hand] ep15 200/1559 loss 0.0361 lr 3e-04 (12s)
[11:15:10]   [cls-hand] ep15 300/1559 loss 0.0366 lr 3e-04 (19s)
[11:15:17]   [cls-hand] ep15 400/1559 loss 0.0364 lr 3e-04 (25s)
[11:15:23]   [cls-hand] ep15 500/1559 loss 0.0367 lr 3e-04 (31s)
[11:15:29]   [cls-hand] ep15 600/1559 loss 0.0371 lr 3e-04 (37s)
[11:15:35]   [cls-hand] ep15 700/1559 loss 0.0369 lr 3e-04 (43s)
[11:15:41]   [cls-hand] ep15 800/1559 loss 0.0369 lr 3e-04 (50s)
[11:15:48]   [cls-hand] ep15 900/1559 loss 0.0366 lr 3e-04 (56s)
[11:15:54]   [cls-hand] ep15 1000/1559 loss 0.0365 lr 3e-04 (62s)
[11:16:00]   [cls-hand] ep15 1100/1559 loss 0.0365 lr 3e-04 (68s)
[11:16:06]   [cls-hand] ep15 1200/1559 loss 0.0366 lr 3e-04 (74s)
[11:16:12]   [cls-hand] ep15 1300/1559 loss 0.0367 lr 3e-04 (81s)
[11:16:19]   [cls-hand] ep15 1400/1559 loss 0.0368 lr 3e-04 (87s)
[11:16:25]   [cls-hand] ep15 1500/1559 loss 0.0369 lr 3e-04 (93s)
[11:16:29]   [cls-hand] ep15 1559/1559 loss 0.0369 lr 3e-04 (97s)
[11:16:33]   [cls-hand] Epoch 15 완료 | train L1 0.0369 | val argmax-MAE 9.27
[11:16:40]   [cls-hand] ep16 100/1559 loss 0.0356 lr 3e-04 (6s)
[11:16:46]   [cls-hand] ep16 200/1559 loss 0.0354 lr 3e-04 (12s)
[11:16:52]   [cls-hand] ep16 300/1559 loss 0.0353 lr 3e-04 (19s)
[11:16:58]   [cls-hand] ep16 400/1559 loss 0.0352 lr 3e-04 (25s)
[11:17:05]   [cls-hand] ep16 500/1559 loss 0.0351 lr 3e-04 (31s)
[11:17:11]   [cls-hand] ep16 600/1559 loss 0.0347 lr 3e-04 (37s)
[11:17:17]   [cls-hand] ep16 700/1559 loss 0.0345 lr 3e-04 (43s)
[11:17:23]   [cls-hand] ep16 800/1559 loss 0.0345 lr 3e-04 (50s)
[11:17:29]   [cls-hand] ep16 900/1559 loss 0.0346 lr 3e-04 (56s)
[11:17:36]   [cls-hand] ep16 1000/1559 loss 0.0348 lr 3e-04 (62s)
[11:17:42]   [cls-hand] ep16 1100/1559 loss 0.0349 lr 3e-04 (68s)
[11:17:48]   [cls-hand] ep16 1200/1559 loss 0.0350 lr 3e-04 (75s)
[11:17:54]   [cls-hand] ep16 1300/1559 loss 0.0351 lr 3e-04 (81s)
[11:18:00]   [cls-hand] ep16 1400/1559 loss 0.0351 lr 3e-04 (87s)
[11:18:07]   [cls-hand] ep16 1500/1559 loss 0.0351 lr 3e-04 (93s)
[11:18:10]   [cls-hand] ep16 1559/1559 loss 0.0352 lr 3e-04 (97s)
[11:18:15]   [cls-hand] Epoch 16 완료 | train L1 0.0352 | val argmax-MAE 8.92
[11:18:16]   [cls-hand] * best 저장 (argmax-MAE 8.92)
[11:18:22]   [cls-hand] ep17 100/1559 loss 0.0325 lr 3e-04 (6s)
[11:18:28]   [cls-hand] ep17 200/1559 loss 0.0327 lr 3e-04 (12s)
[11:18:34]   [cls-hand] ep17 300/1559 loss 0.0333 lr 3e-04 (19s)
[11:18:40]   [cls-hand] ep17 400/1559 loss 0.0333 lr 3e-04 (25s)
[11:18:47]   [cls-hand] ep17 500/1559 loss 0.0334 lr 3e-04 (31s)
[11:18:53]   [cls-hand] ep17 600/1559 loss 0.0336 lr 3e-04 (37s)
[11:18:59]   [cls-hand] ep17 700/1559 loss 0.0337 lr 3e-04 (44s)
[11:19:05]   [cls-hand] ep17 800/1559 loss 0.0336 lr 3e-04 (50s)
[11:19:12]   [cls-hand] ep17 900/1559 loss 0.0336 lr 3e-04 (56s)
[11:19:18]   [cls-hand] ep17 1000/1559 loss 0.0337 lr 3e-04 (62s)
[11:19:24]   [cls-hand] ep17 1100/1559 loss 0.0337 lr 3e-04 (68s)
[11:19:30]   [cls-hand] ep17 1200/1559 loss 0.0338 lr 3e-04 (75s)
[11:19:37]   [cls-hand] ep17 1300/1559 loss 0.0338 lr 3e-04 (81s)
[11:19:43]   [cls-hand] ep17 1400/1559 loss 0.0338 lr 3e-04 (87s)
[11:19:49]   [cls-hand] ep17 1500/1559 loss 0.0337 lr 3e-04 (93s)
[11:19:53]   [cls-hand] ep17 1559/1559 loss 0.0338 lr 3e-04 (97s)
[11:19:58]   [cls-hand] Epoch 17 완료 | train L1 0.0338 | val argmax-MAE 9.54
[11:20:04]   [cls-hand] ep18 100/1559 loss 0.0350 lr 3e-04 (6s)
[11:20:10]   [cls-hand] ep18 200/1559 loss 0.0339 lr 3e-04 (12s)
[11:20:16]   [cls-hand] ep18 300/1559 loss 0.0327 lr 3e-04 (19s)
[11:20:23]   [cls-hand] ep18 400/1559 loss 0.0325 lr 3e-04 (25s)
[11:20:29]   [cls-hand] ep18 500/1559 loss 0.0321 lr 3e-04 (31s)
[11:20:35]   [cls-hand] ep18 600/1559 loss 0.0323 lr 3e-04 (37s)
[11:20:41]   [cls-hand] ep18 700/1559 loss 0.0324 lr 3e-04 (44s)
[11:20:47]   [cls-hand] ep18 800/1559 loss 0.0325 lr 3e-04 (50s)
[11:20:54]   [cls-hand] ep18 900/1559 loss 0.0324 lr 3e-04 (56s)
[11:21:00]   [cls-hand] ep18 1000/1559 loss 0.0326 lr 3e-04 (62s)
[11:21:06]   [cls-hand] ep18 1100/1559 loss 0.0326 lr 3e-04 (68s)
[11:21:11]   [cls-hand] ep18 1200/1559 loss 0.0326 lr 3e-04 (74s)
[11:21:18]   [cls-hand] ep18 1300/1559 loss 0.0328 lr 3e-04 (80s)
[11:21:24]   [cls-hand] ep18 1400/1559 loss 0.0330 lr 3e-04 (86s)
[11:21:30]   [cls-hand] ep18 1500/1559 loss 0.0331 lr 3e-04 (92s)
[11:21:34]   [cls-hand] ep18 1559/1559 loss 0.0330 lr 3e-04 (96s)
[11:21:39]   [cls-hand] Epoch 18 완료 | train L1 0.0330 | val argmax-MAE 9.37
[11:21:45]   [cls-hand] ep19 100/1559 loss 0.0313 lr 3e-04 (6s)
[11:21:51]   [cls-hand] ep19 200/1559 loss 0.0311 lr 3e-04 (12s)
[11:21:57]   [cls-hand] ep19 300/1559 loss 0.0313 lr 3e-04 (19s)
[11:22:04]   [cls-hand] ep19 400/1559 loss 0.0313 lr 3e-04 (25s)
[11:22:10]   [cls-hand] ep19 500/1559 loss 0.0312 lr 3e-04 (31s)
[11:22:16]   [cls-hand] ep19 600/1559 loss 0.0312 lr 3e-04 (37s)
[11:22:22]   [cls-hand] ep19 700/1559 loss 0.0309 lr 3e-04 (44s)
[11:22:28]   [cls-hand] ep19 800/1559 loss 0.0310 lr 3e-04 (50s)
[11:22:35]   [cls-hand] ep19 900/1559 loss 0.0313 lr 3e-04 (56s)
[11:22:41]   [cls-hand] ep19 1000/1559 loss 0.0312 lr 3e-04 (62s)
[11:22:47]   [cls-hand] ep19 1100/1559 loss 0.0315 lr 3e-04 (68s)
[11:22:53]   [cls-hand] ep19 1200/1559 loss 0.0317 lr 3e-04 (75s)
[11:22:59]   [cls-hand] ep19 1300/1559 loss 0.0318 lr 3e-04 (81s)
[11:23:06]   [cls-hand] ep19 1400/1559 loss 0.0319 lr 3e-04 (87s)
[11:23:12]   [cls-hand] ep19 1500/1559 loss 0.0321 lr 3e-04 (93s)
[11:23:16]   [cls-hand] ep19 1559/1559 loss 0.0321 lr 3e-04 (97s)
[11:23:21]   [cls-hand] Epoch 19 완료 | train L1 0.0321 | val argmax-MAE 9.12
[11:23:27]   [cls-hand] ep20 100/1559 loss 0.0308 lr 3e-04 (6s)
[11:23:33]   [cls-hand] ep20 200/1559 loss 0.0368 lr 3e-04 (12s)
[11:23:39]   [cls-hand] ep20 300/1559 loss 0.0353 lr 3e-04 (19s)
[11:23:45]   [cls-hand] ep20 400/1559 loss 0.0346 lr 3e-04 (25s)
[11:23:52]   [cls-hand] ep20 500/1559 loss 0.0340 lr 3e-04 (31s)
[11:23:58]   [cls-hand] ep20 600/1559 loss 0.0333 lr 3e-04 (37s)
[11:24:04]   [cls-hand] ep20 700/1559 loss 0.0327 lr 3e-04 (44s)
[11:24:10]   [cls-hand] ep20 800/1559 loss 0.0325 lr 3e-04 (50s)
[11:24:17]   [cls-hand] ep20 900/1559 loss 0.0324 lr 3e-04 (56s)
[11:24:23]   [cls-hand] ep20 1000/1559 loss 0.0323 lr 3e-04 (62s)
[11:24:29]   [cls-hand] ep20 1100/1559 loss 0.0322 lr 3e-04 (69s)
[11:24:35]   [cls-hand] ep20 1200/1559 loss 0.0322 lr 3e-04 (75s)
[11:24:42]   [cls-hand] ep20 1300/1559 loss 0.0320 lr 3e-04 (81s)
[11:24:48]   [cls-hand] ep20 1400/1559 loss 0.0320 lr 3e-04 (87s)
[11:24:54]   [cls-hand] ep20 1500/1559 loss 0.0318 lr 3e-04 (94s)
[11:24:58]   [cls-hand] ep20 1559/1559 loss 0.0318 lr 3e-04 (97s)
[11:25:03]   [cls-hand] Epoch 20 완료 | train L1 0.0318 | val argmax-MAE 8.90
[11:25:03]   [cls-hand] * best 저장 (argmax-MAE 8.90)
[11:25:09]   [cls-hand] ep21 100/1559 loss 0.0298 lr 3e-04 (6s)
[11:25:14]   [cls-hand] ep21 200/1559 loss 0.0299 lr 3e-04 (11s)
[11:25:20]   [cls-hand] ep21 300/1559 loss 0.0298 lr 3e-04 (17s)
[11:25:26]   [cls-hand] ep21 400/1559 loss 0.0301 lr 3e-04 (23s)
[11:25:32]   [cls-hand] ep21 500/1559 loss 0.0301 lr 3e-04 (29s)
[11:25:39]   [cls-hand] ep21 600/1559 loss 0.0296 lr 3e-04 (36s)
[11:25:45]   [cls-hand] ep21 700/1559 loss 0.0293 lr 3e-04 (42s)
[11:25:51]   [cls-hand] ep21 800/1559 loss 0.0295 lr 3e-04 (48s)
[11:25:57]   [cls-hand] ep21 900/1559 loss 0.0296 lr 3e-04 (54s)
[11:26:04]   [cls-hand] ep21 1000/1559 loss 0.0295 lr 3e-04 (61s)
[11:26:10]   [cls-hand] ep21 1100/1559 loss 0.0295 lr 3e-04 (67s)
[11:26:16]   [cls-hand] ep21 1200/1559 loss 0.0296 lr 3e-04 (73s)
[11:26:23]   [cls-hand] ep21 1300/1559 loss 0.0295 lr 3e-04 (79s)
[11:26:29]   [cls-hand] ep21 1400/1559 loss 0.0297 lr 3e-04 (86s)
[11:26:35]   [cls-hand] ep21 1500/1559 loss 0.0298 lr 3e-04 (92s)
[11:26:39]   [cls-hand] ep21 1559/1559 loss 0.0298 lr 3e-04 (96s)
[11:26:44]   [cls-hand] Epoch 21 완료 | train L1 0.0298 | val argmax-MAE 9.42
[11:26:50]   [cls-hand] ep22 100/1559 loss 0.0290 lr 3e-04 (6s)
[11:26:56]   [cls-hand] ep22 200/1559 loss 0.0282 lr 3e-04 (13s)
[11:27:03]   [cls-hand] ep22 300/1559 loss 0.0279 lr 3e-04 (19s)
[11:27:09]   [cls-hand] ep22 400/1559 loss 0.0283 lr 3e-04 (25s)
[11:27:15]   [cls-hand] ep22 500/1559 loss 0.0289 lr 3e-04 (31s)
[11:27:21]   [cls-hand] ep22 600/1559 loss 0.0288 lr 3e-04 (38s)
[11:27:28]   [cls-hand] ep22 700/1559 loss 0.0291 lr 3e-04 (44s)
[11:27:34]   [cls-hand] ep22 800/1559 loss 0.0290 lr 3e-04 (50s)
[11:27:40]   [cls-hand] ep22 900/1559 loss 0.0291 lr 3e-04 (56s)
[11:27:46]   [cls-hand] ep22 1000/1559 loss 0.0291 lr 3e-04 (62s)
[11:27:52]   [cls-hand] ep22 1100/1559 loss 0.0290 lr 3e-04 (69s)
[11:27:59]   [cls-hand] ep22 1200/1559 loss 0.0292 lr 3e-04 (75s)
[11:28:05]   [cls-hand] ep22 1300/1559 loss 0.0293 lr 3e-04 (81s)
[11:28:11]   [cls-hand] ep22 1400/1559 loss 0.0293 lr 3e-04 (87s)
[11:28:17]   [cls-hand] ep22 1500/1559 loss 0.0294 lr 3e-04 (94s)
[11:28:21]   [cls-hand] ep22 1559/1559 loss 0.0295 lr 3e-04 (97s)
[11:28:26]   [cls-hand] Epoch 22 완료 | train L1 0.0295 | val argmax-MAE 9.41
[11:28:32]   [cls-hand] ep23 100/1559 loss 0.0261 lr 3e-04 (6s)
[11:28:39]   [cls-hand] ep23 200/1559 loss 0.0272 lr 3e-04 (12s)
[11:28:45]   [cls-hand] ep23 300/1559 loss 0.0279 lr 3e-04 (19s)
[11:28:51]   [cls-hand] ep23 400/1559 loss 0.0281 lr 3e-04 (25s)
[11:28:57]   [cls-hand] ep23 500/1559 loss 0.0279 lr 3e-04 (31s)
[11:29:04]   [cls-hand] ep23 600/1559 loss 0.0282 lr 3e-04 (37s)
[11:29:10]   [cls-hand] ep23 700/1559 loss 0.0280 lr 3e-04 (44s)
[11:29:16]   [cls-hand] ep23 800/1559 loss 0.0283 lr 3e-04 (50s)
[11:29:22]   [cls-hand] ep23 900/1559 loss 0.0283 lr 3e-04 (56s)
[11:29:28]   [cls-hand] ep23 1000/1559 loss 0.0283 lr 3e-04 (62s)
[11:29:35]   [cls-hand] ep23 1100/1559 loss 0.0284 lr 3e-04 (69s)
[11:29:41]   [cls-hand] ep23 1200/1559 loss 0.0285 lr 3e-04 (75s)
[11:29:47]   [cls-hand] ep23 1300/1559 loss 0.0286 lr 3e-04 (81s)
[11:29:53]   [cls-hand] ep23 1400/1559 loss 0.0286 lr 3e-04 (87s)
[11:30:00]   [cls-hand] ep23 1500/1559 loss 0.0287 lr 3e-04 (93s)
[11:30:03]   [cls-hand] ep23 1559/1559 loss 0.0286 lr 3e-04 (97s)
[11:30:08]   [cls-hand] Epoch 23 완료 | train L1 0.0286 | val argmax-MAE 9.16
[11:30:15]   [cls-hand] ep24 100/1559 loss 0.0279 lr 3e-04 (6s)
[11:30:21]   [cls-hand] ep24 200/1559 loss 0.0278 lr 3e-04 (12s)
[11:30:27]   [cls-hand] ep24 300/1559 loss 0.0277 lr 3e-04 (19s)
[11:30:33]   [cls-hand] ep24 400/1559 loss 0.0275 lr 3e-04 (25s)
[11:30:39]   [cls-hand] ep24 500/1559 loss 0.0274 lr 3e-04 (31s)
[11:30:46]   [cls-hand] ep24 600/1559 loss 0.0270 lr 3e-04 (37s)
[11:30:52]   [cls-hand] ep24 700/1559 loss 0.0270 lr 3e-04 (44s)
[11:30:58]   [cls-hand] ep24 800/1559 loss 0.0270 lr 3e-04 (50s)
[11:31:04]   [cls-hand] ep24 900/1559 loss 0.0268 lr 3e-04 (56s)
[11:31:11]   [cls-hand] ep24 1000/1559 loss 0.0268 lr 3e-04 (62s)
[11:31:17]   [cls-hand] ep24 1100/1559 loss 0.0270 lr 3e-04 (69s)
[11:31:23]   [cls-hand] ep24 1200/1559 loss 0.0272 lr 3e-04 (75s)
[11:31:29]   [cls-hand] ep24 1300/1559 loss 0.0275 lr 3e-04 (81s)
[11:31:35]   [cls-hand] ep24 1400/1559 loss 0.0276 lr 3e-04 (87s)
[11:31:42]   [cls-hand] ep24 1500/1559 loss 0.0278 lr 3e-04 (93s)
[11:31:45]   [cls-hand] ep24 1559/1559 loss 0.0280 lr 3e-04 (97s)
[11:31:50]   [cls-hand] Epoch 24 완료 | train L1 0.0280 | val argmax-MAE 9.36
[11:31:57]   [cls-hand] ep25 100/1559 loss 0.0280 lr 3e-04 (6s)
[11:32:03]   [cls-hand] ep25 200/1559 loss 0.0276 lr 3e-04 (12s)
[11:32:09]   [cls-hand] ep25 300/1559 loss 0.0274 lr 3e-04 (19s)
[11:32:15]   [cls-hand] ep25 400/1559 loss 0.0276 lr 3e-04 (25s)
[11:32:22]   [cls-hand] ep25 500/1559 loss 0.0279 lr 3e-04 (31s)
[11:32:28]   [cls-hand] ep25 600/1559 loss 0.0274 lr 3e-04 (37s)
[11:32:34]   [cls-hand] ep25 700/1559 loss 0.0273 lr 3e-04 (44s)
[11:32:40]   [cls-hand] ep25 800/1559 loss 0.0273 lr 3e-04 (50s)
[11:32:46]   [cls-hand] ep25 900/1559 loss 0.0276 lr 3e-04 (56s)
[11:32:53]   [cls-hand] ep25 1000/1559 loss 0.0276 lr 3e-04 (62s)
[11:32:59]   [cls-hand] ep25 1100/1559 loss 0.0281 lr 3e-04 (69s)
[11:33:05]   [cls-hand] ep25 1200/1559 loss 0.0279 lr 3e-04 (75s)
[11:33:11]   [cls-hand] ep25 1300/1559 loss 0.0280 lr 3e-04 (81s)
[11:33:18]   [cls-hand] ep25 1400/1559 loss 0.0280 lr 3e-04 (87s)
[11:33:24]   [cls-hand] ep25 1500/1559 loss 0.0281 lr 3e-04 (94s)
[11:33:28]   [cls-hand] ep25 1559/1559 loss 0.0282 lr 3e-04 (97s)
[11:33:33]   [cls-hand] Epoch 25 완료 | train L1 0.0282 | val argmax-MAE 9.20
[11:33:39]   [cls-hand] ep26 100/1559 loss 0.0279 lr 3e-04 (6s)
[11:33:45]   [cls-hand] ep26 200/1559 loss 0.0265 lr 3e-04 (12s)
[11:33:51]   [cls-hand] ep26 300/1559 loss 0.0262 lr 3e-04 (19s)
[11:33:57]   [cls-hand] ep26 400/1559 loss 0.0263 lr 3e-04 (25s)
[11:34:04]   [cls-hand] ep26 500/1559 loss 0.0264 lr 3e-04 (31s)
[11:34:10]   [cls-hand] ep26 600/1559 loss 0.0267 lr 3e-04 (37s)
[11:34:16]   [cls-hand] ep26 700/1559 loss 0.0265 lr 3e-04 (43s)
[11:34:22]   [cls-hand] ep26 800/1559 loss 0.0263 lr 3e-04 (50s)
[11:34:28]   [cls-hand] ep26 900/1559 loss 0.0261 lr 3e-04 (56s)
[11:34:35]   [cls-hand] ep26 1000/1559 loss 0.0263 lr 3e-04 (62s)
[11:34:41]   [cls-hand] ep26 1100/1559 loss 0.0263 lr 3e-04 (68s)
[11:34:47]   [cls-hand] ep26 1200/1559 loss 0.0266 lr 3e-04 (74s)
[11:34:53]   [cls-hand] ep26 1300/1559 loss 0.0268 lr 3e-04 (81s)
[11:34:59]   [cls-hand] ep26 1400/1559 loss 0.0268 lr 3e-04 (87s)
[11:35:06]   [cls-hand] ep26 1500/1559 loss 0.0269 lr 3e-04 (93s)
[11:35:09]   [cls-hand] ep26 1559/1559 loss 0.0270 lr 3e-04 (97s)
[11:35:14]   [cls-hand] Epoch 26 완료 | train L1 0.0270 | val argmax-MAE 9.29
[11:35:20]   [cls-hand] ep27 100/1559 loss 0.0258 lr 3e-04 (6s)
[11:35:27]   [cls-hand] ep27 200/1559 loss 0.0257 lr 3e-04 (12s)
[11:35:33]   [cls-hand] ep27 300/1559 loss 0.0261 lr 3e-04 (19s)
[11:35:39]   [cls-hand] ep27 400/1559 loss 0.0263 lr 3e-04 (25s)
[11:35:45]   [cls-hand] ep27 500/1559 loss 0.0264 lr 3e-04 (31s)
[11:35:51]   [cls-hand] ep27 600/1559 loss 0.0262 lr 3e-04 (37s)
[11:35:58]   [cls-hand] ep27 700/1559 loss 0.0261 lr 3e-04 (43s)
[11:36:03]   [cls-hand] ep27 800/1559 loss 0.0261 lr 3e-04 (49s)
[11:36:09]   [cls-hand] ep27 900/1559 loss 0.0258 lr 3e-04 (55s)
[11:36:15]   [cls-hand] ep27 1000/1559 loss 0.0259 lr 3e-04 (61s)
[11:36:22]   [cls-hand] ep27 1100/1559 loss 0.0260 lr 3e-04 (67s)
[11:36:27]   [cls-hand] ep27 1200/1559 loss 0.0259 lr 3e-04 (73s)
[11:36:33]   [cls-hand] ep27 1300/1559 loss 0.0259 lr 3e-04 (79s)
[11:36:39]   [cls-hand] ep27 1400/1559 loss 0.0261 lr 3e-04 (85s)
[11:36:46]   [cls-hand] ep27 1500/1559 loss 0.0261 lr 3e-04 (91s)
[11:36:49]   [cls-hand] ep27 1559/1559 loss 0.0261 lr 3e-04 (95s)
[11:36:54]   [cls-hand] Epoch 27 완료 | train L1 0.0261 | val argmax-MAE 8.97
[11:37:00]   [cls-hand] ep28 100/1559 loss 0.0267 lr 3e-04 (6s)
[11:37:07]   [cls-hand] ep28 200/1559 loss 0.0257 lr 3e-04 (12s)
[11:37:13]   [cls-hand] ep28 300/1559 loss 0.0248 lr 3e-04 (19s)
[11:37:19]   [cls-hand] ep28 400/1559 loss 0.0247 lr 3e-04 (25s)
[11:37:25]   [cls-hand] ep28 500/1559 loss 0.0253 lr 3e-04 (31s)
[11:37:32]   [cls-hand] ep28 600/1559 loss 0.0250 lr 3e-04 (37s)
[11:37:38]   [cls-hand] ep28 700/1559 loss 0.0250 lr 3e-04 (44s)
[11:37:44]   [cls-hand] ep28 800/1559 loss 0.0252 lr 3e-04 (50s)
[11:37:50]   [cls-hand] ep28 900/1559 loss 0.0253 lr 3e-04 (56s)
[11:37:57]   [cls-hand] ep28 1000/1559 loss 0.0252 lr 3e-04 (62s)
[11:38:03]   [cls-hand] ep28 1100/1559 loss 0.0252 lr 3e-04 (69s)
[11:38:09]   [cls-hand] ep28 1200/1559 loss 0.0254 lr 3e-04 (75s)
[11:38:15]   [cls-hand] ep28 1300/1559 loss 0.0254 lr 3e-04 (81s)
[11:38:21]   [cls-hand] ep28 1400/1559 loss 0.0253 lr 3e-04 (87s)
[11:38:28]   [cls-hand] ep28 1500/1559 loss 0.0254 lr 3e-04 (93s)
[11:38:31]   [cls-hand] ep28 1559/1559 loss 0.0254 lr 3e-04 (97s)
[11:38:36]   [cls-hand] Epoch 28 완료 | train L1 0.0254 | val argmax-MAE 9.35
[11:38:42]   [cls-hand] ep29 100/1559 loss 0.0242 lr 3e-04 (6s)
[11:38:49]   [cls-hand] ep29 200/1559 loss 0.0245 lr 3e-04 (13s)
[11:38:55]   [cls-hand] ep29 300/1559 loss 0.0245 lr 3e-04 (19s)
[11:39:01]   [cls-hand] ep29 400/1559 loss 0.0245 lr 3e-04 (25s)
[11:39:07]   [cls-hand] ep29 500/1559 loss 0.0243 lr 3e-04 (31s)
[11:39:13]   [cls-hand] ep29 600/1559 loss 0.0243 lr 3e-04 (37s)
[11:39:20]   [cls-hand] ep29 700/1559 loss 0.0242 lr 3e-04 (44s)
[11:39:26]   [cls-hand] ep29 800/1559 loss 0.0241 lr 3e-04 (50s)
[11:39:32]   [cls-hand] ep29 900/1559 loss 0.0241 lr 3e-04 (56s)
[11:39:38]   [cls-hand] ep29 1000/1559 loss 0.0241 lr 3e-04 (62s)
[11:39:45]   [cls-hand] ep29 1100/1559 loss 0.0241 lr 3e-04 (69s)
[11:39:50]   [cls-hand] ep29 1200/1559 loss 0.0240 lr 3e-04 (74s)
[11:39:56]   [cls-hand] ep29 1300/1559 loss 0.0242 lr 3e-04 (80s)
[11:40:03]   [cls-hand] ep29 1400/1559 loss 0.0243 lr 3e-04 (87s)
[11:40:09]   [cls-hand] ep29 1500/1559 loss 0.0243 lr 3e-04 (93s)
[11:40:13]   [cls-hand] ep29 1559/1559 loss 0.0243 lr 3e-04 (97s)
[11:40:18]   [cls-hand] Epoch 29 완료 | train L1 0.0243 | val argmax-MAE 9.07
[11:40:24]   [cls-hand] ep30 100/1559 loss 0.0244 lr 3e-04 (6s)
[11:40:30]   [cls-hand] ep30 200/1559 loss 0.0253 lr 3e-04 (12s)
[11:40:36]   [cls-hand] ep30 300/1559 loss 0.0248 lr 3e-04 (19s)
[11:40:42]   [cls-hand] ep30 400/1559 loss 0.0249 lr 3e-04 (25s)
[11:40:49]   [cls-hand] ep30 500/1559 loss 0.0245 lr 3e-04 (31s)
[11:40:55]   [cls-hand] ep30 600/1559 loss 0.0245 lr 3e-04 (37s)
[11:41:01]   [cls-hand] ep30 700/1559 loss 0.0245 lr 3e-04 (44s)
[11:41:07]   [cls-hand] ep30 800/1559 loss 0.0243 lr 3e-04 (50s)
[11:41:14]   [cls-hand] ep30 900/1559 loss 0.0243 lr 3e-04 (56s)
[11:41:20]   [cls-hand] ep30 1000/1559 loss 0.0243 lr 3e-04 (62s)
[11:41:26]   [cls-hand] ep30 1100/1559 loss 0.0244 lr 3e-04 (69s)
[11:41:32]   [cls-hand] ep30 1200/1559 loss 0.0245 lr 3e-04 (75s)
[11:41:39]   [cls-hand] ep30 1300/1559 loss 0.0247 lr 3e-04 (81s)
[11:41:45]   [cls-hand] ep30 1400/1559 loss 0.0248 lr 3e-04 (87s)
[11:41:51]   [cls-hand] ep30 1500/1559 loss 0.0246 lr 3e-04 (93s)
[11:41:55]   [cls-hand] ep30 1559/1559 loss 0.0247 lr 3e-04 (97s)
[11:42:00]   [cls-hand] Epoch 30 완료 | train L1 0.0247 | val argmax-MAE 9.56
[11:42:06]   [cls-hand] ep31 100/1559 loss 0.0224 lr 3e-04 (6s)
[11:42:12]   [cls-hand] ep31 200/1559 loss 0.0229 lr 3e-04 (12s)
[11:42:18]   [cls-hand] ep31 300/1559 loss 0.0236 lr 3e-04 (19s)
[11:42:25]   [cls-hand] ep31 400/1559 loss 0.0237 lr 3e-04 (25s)
[11:42:31]   [cls-hand] ep31 500/1559 loss 0.0243 lr 3e-04 (31s)
[11:42:37]   [cls-hand] ep31 600/1559 loss 0.0245 lr 3e-04 (37s)
[11:42:43]   [cls-hand] ep31 700/1559 loss 0.0245 lr 3e-04 (44s)
[11:42:50]   [cls-hand] ep31 800/1559 loss 0.0245 lr 3e-04 (50s)
[11:42:56]   [cls-hand] ep31 900/1559 loss 0.0244 lr 3e-04 (56s)
[11:43:02]   [cls-hand] ep31 1000/1559 loss 0.0245 lr 3e-04 (62s)
[11:43:08]   [cls-hand] ep31 1100/1559 loss 0.0244 lr 3e-04 (69s)
[11:43:15]   [cls-hand] ep31 1200/1559 loss 0.0244 lr 3e-04 (75s)
[11:43:21]   [cls-hand] ep31 1300/1559 loss 0.0242 lr 3e-04 (81s)
[11:43:27]   [cls-hand] ep31 1400/1559 loss 0.0243 lr 3e-04 (87s)
[11:43:33]   [cls-hand] ep31 1500/1559 loss 0.0244 lr 3e-04 (94s)
[11:43:37]   [cls-hand] ep31 1559/1559 loss 0.0244 lr 3e-04 (97s)
[11:43:42]   [cls-hand] Epoch 31 완료 | train L1 0.0244 | val argmax-MAE 9.29
[11:43:48]   [cls-hand] ep32 100/1559 loss 0.0241 lr 3e-04 (6s)
[11:43:55]   [cls-hand] ep32 200/1559 loss 0.0230 lr 3e-04 (12s)
[11:44:01]   [cls-hand] ep32 300/1559 loss 0.0225 lr 3e-04 (19s)
[11:44:07]   [cls-hand] ep32 400/1559 loss 0.0227 lr 3e-04 (25s)
[11:44:13]   [cls-hand] ep32 500/1559 loss 0.0232 lr 3e-04 (31s)
[11:44:19]   [cls-hand] ep32 600/1559 loss 0.0230 lr 3e-04 (37s)
[11:44:26]   [cls-hand] ep32 700/1559 loss 0.0230 lr 3e-04 (44s)
[11:44:32]   [cls-hand] ep32 800/1559 loss 0.0226 lr 3e-04 (50s)
[11:44:38]   [cls-hand] ep32 900/1559 loss 0.0226 lr 3e-04 (56s)
[11:44:44]   [cls-hand] ep32 1000/1559 loss 0.0228 lr 3e-04 (62s)
[11:44:51]   [cls-hand] ep32 1100/1559 loss 0.0231 lr 3e-04 (69s)
[11:44:57]   [cls-hand] ep32 1200/1559 loss 0.0230 lr 3e-04 (75s)
[11:45:03]   [cls-hand] ep32 1300/1559 loss 0.0229 lr 3e-04 (81s)
[11:45:09]   [cls-hand] ep32 1400/1559 loss 0.0229 lr 3e-04 (87s)
[11:45:16]   [cls-hand] ep32 1500/1559 loss 0.0229 lr 3e-04 (94s)
[11:45:19]   [cls-hand] ep32 1559/1559 loss 0.0230 lr 3e-04 (97s)
[11:45:24]   [cls-hand] Epoch 32 완료 | train L1 0.0230 | val argmax-MAE 8.97
[11:45:31]   [cls-hand] ep33 100/1559 loss 0.0210 lr 3e-04 (6s)
[11:45:37]   [cls-hand] ep33 200/1559 loss 0.0222 lr 3e-04 (12s)
[11:45:43]   [cls-hand] ep33 300/1559 loss 0.0227 lr 3e-04 (19s)
[11:45:49]   [cls-hand] ep33 400/1559 loss 0.0229 lr 3e-04 (25s)
[11:45:56]   [cls-hand] ep33 500/1559 loss 0.0227 lr 3e-04 (31s)
[11:46:02]   [cls-hand] ep33 600/1559 loss 0.0228 lr 3e-04 (38s)
[11:46:08]   [cls-hand] ep33 700/1559 loss 0.0226 lr 3e-04 (44s)
[11:46:14]   [cls-hand] ep33 800/1559 loss 0.0225 lr 3e-04 (50s)
[11:46:21]   [cls-hand] ep33 900/1559 loss 0.0228 lr 3e-04 (56s)
[11:46:27]   [cls-hand] ep33 1000/1559 loss 0.0228 lr 3e-04 (63s)
[11:46:33]   [cls-hand] ep33 1100/1559 loss 0.0228 lr 3e-04 (69s)
[11:46:39]   [cls-hand] ep33 1200/1559 loss 0.0228 lr 3e-04 (75s)
[11:46:46]   [cls-hand] ep33 1300/1559 loss 0.0228 lr 3e-04 (81s)
[11:46:52]   [cls-hand] ep33 1400/1559 loss 0.0230 lr 3e-04 (88s)
[11:46:58]   [cls-hand] ep33 1500/1559 loss 0.0230 lr 3e-04 (94s)
[11:47:02]   [cls-hand] ep33 1559/1559 loss 0.0231 lr 3e-04 (97s)
[11:47:07]   [cls-hand] Epoch 33 완료 | train L1 0.0231 | val argmax-MAE 9.65
[11:47:13]   [cls-hand] ep34 100/1559 loss 0.0249 lr 3e-04 (6s)
[11:47:19]   [cls-hand] ep34 200/1559 loss 0.0237 lr 3e-04 (12s)
[11:47:26]   [cls-hand] ep34 300/1559 loss 0.0229 lr 3e-04 (19s)
[11:47:32]   [cls-hand] ep34 400/1559 loss 0.0225 lr 3e-04 (25s)
[11:47:38]   [cls-hand] ep34 500/1559 loss 0.0226 lr 3e-04 (31s)
[11:47:44]   [cls-hand] ep34 600/1559 loss 0.0224 lr 3e-04 (37s)
[11:47:50]   [cls-hand] ep34 700/1559 loss 0.0223 lr 3e-04 (44s)
[11:47:57]   [cls-hand] ep34 800/1559 loss 0.0223 lr 3e-04 (50s)
[11:48:03]   [cls-hand] ep34 900/1559 loss 0.0224 lr 3e-04 (56s)
[11:48:09]   [cls-hand] ep34 1000/1559 loss 0.0224 lr 3e-04 (62s)
[11:48:15]   [cls-hand] ep34 1100/1559 loss 0.0224 lr 3e-04 (69s)
[11:48:22]   [cls-hand] ep34 1200/1559 loss 0.0224 lr 3e-04 (75s)
[11:48:28]   [cls-hand] ep34 1300/1559 loss 0.0227 lr 3e-04 (81s)
[11:48:34]   [cls-hand] ep34 1400/1559 loss 0.0226 lr 3e-04 (87s)
[11:48:40]   [cls-hand] ep34 1500/1559 loss 0.0225 lr 3e-04 (94s)
[11:48:44]   [cls-hand] ep34 1559/1559 loss 0.0226 lr 3e-04 (97s)
[11:48:49]   [cls-hand] Epoch 34 완료 | train L1 0.0226 | val argmax-MAE 9.16
[11:48:55]   [cls-hand] ep35 100/1559 loss 0.0233 lr 3e-04 (6s)
[11:49:02]   [cls-hand] ep35 200/1559 loss 0.0228 lr 3e-04 (12s)
[11:49:08]   [cls-hand] ep35 300/1559 loss 0.0224 lr 3e-04 (19s)
[11:49:14]   [cls-hand] ep35 400/1559 loss 0.0223 lr 3e-04 (25s)
[11:49:20]   [cls-hand] ep35 500/1559 loss 0.0224 lr 3e-04 (31s)
[11:49:27]   [cls-hand] ep35 600/1559 loss 0.0224 lr 3e-04 (37s)
[11:49:33]   [cls-hand] ep35 700/1559 loss 0.0221 lr 3e-04 (44s)
[11:49:39]   [cls-hand] ep35 800/1559 loss 0.0221 lr 3e-04 (50s)
[11:49:45]   [cls-hand] ep35 900/1559 loss 0.0222 lr 3e-04 (56s)
[11:49:51]   [cls-hand] ep35 1000/1559 loss 0.0221 lr 3e-04 (62s)
[11:49:57]   [cls-hand] ep35 1100/1559 loss 0.0221 lr 3e-04 (68s)
[11:50:04]   [cls-hand] ep35 1200/1559 loss 0.0221 lr 3e-04 (75s)
[11:50:10]   [cls-hand] ep35 1300/1559 loss 0.0222 lr 3e-04 (81s)
[11:50:16]   [cls-hand] ep35 1400/1559 loss 0.0222 lr 3e-04 (87s)
[11:50:22]   [cls-hand] ep35 1500/1559 loss 0.0222 lr 3e-04 (93s)
[11:50:26]   [cls-hand] ep35 1559/1559 loss 0.0222 lr 3e-04 (97s)
[11:50:31]   [cls-hand] Epoch 35 완료 | train L1 0.0222 | val argmax-MAE 9.19
[11:50:37]   [cls-hand] ep36 100/1559 loss 0.0216 lr 3e-04 (6s)
[11:50:43]   [cls-hand] ep36 200/1559 loss 0.0223 lr 3e-04 (12s)
[11:50:49]   [cls-hand] ep36 300/1559 loss 0.0220 lr 3e-04 (19s)
[11:50:56]   [cls-hand] ep36 400/1559 loss 0.0217 lr 3e-04 (25s)
[11:51:02]   [cls-hand] ep36 500/1559 loss 0.0218 lr 3e-04 (31s)
[11:51:08]   [cls-hand] ep36 600/1559 loss 0.0219 lr 3e-04 (37s)
[11:51:14]   [cls-hand] ep36 700/1559 loss 0.0219 lr 3e-04 (43s)
[11:51:20]   [cls-hand] ep36 800/1559 loss 0.0221 lr 3e-04 (50s)
[11:51:27]   [cls-hand] ep36 900/1559 loss 0.0217 lr 3e-04 (56s)
[11:51:33]   [cls-hand] ep36 1000/1559 loss 0.0217 lr 3e-04 (62s)
[11:51:39]   [cls-hand] ep36 1100/1559 loss 0.0218 lr 3e-04 (68s)
[11:51:45]   [cls-hand] ep36 1200/1559 loss 0.0218 lr 3e-04 (74s)
[11:51:51]   [cls-hand] ep36 1300/1559 loss 0.0218 lr 3e-04 (81s)
[11:51:58]   [cls-hand] ep36 1400/1559 loss 0.0219 lr 3e-04 (87s)
[11:52:04]   [cls-hand] ep36 1500/1559 loss 0.0219 lr 3e-04 (93s)
[11:52:07]   [cls-hand] ep36 1559/1559 loss 0.0219 lr 3e-04 (97s)
[11:52:12]   [cls-hand] Epoch 36 완료 | train L1 0.0219 | val argmax-MAE 8.95
[11:52:19]   [cls-hand] ep37 100/1559 loss 0.0207 lr 3e-04 (6s)
[11:52:25]   [cls-hand] ep37 200/1559 loss 0.0217 lr 3e-04 (12s)
[11:52:31]   [cls-hand] ep37 300/1559 loss 0.0214 lr 3e-04 (19s)
[11:52:37]   [cls-hand] ep37 400/1559 loss 0.0210 lr 3e-04 (25s)
[11:52:43]   [cls-hand] ep37 500/1559 loss 0.0207 lr 3e-04 (31s)
[11:52:50]   [cls-hand] ep37 600/1559 loss 0.0209 lr 3e-04 (37s)
[11:52:56]   [cls-hand] ep37 700/1559 loss 0.0209 lr 3e-04 (43s)
[11:53:02]   [cls-hand] ep37 800/1559 loss 0.0210 lr 3e-04 (50s)
[11:53:08]   [cls-hand] ep37 900/1559 loss 0.0209 lr 3e-04 (56s)
[11:53:14]   [cls-hand] ep37 1000/1559 loss 0.0210 lr 3e-04 (62s)
[11:53:21]   [cls-hand] ep37 1100/1559 loss 0.0213 lr 3e-04 (68s)
[11:53:27]   [cls-hand] ep37 1200/1559 loss 0.0213 lr 3e-04 (74s)
[11:53:33]   [cls-hand] ep37 1300/1559 loss 0.0213 lr 3e-04 (81s)
[11:53:39]   [cls-hand] ep37 1400/1559 loss 0.0213 lr 3e-04 (87s)
[11:53:45]   [cls-hand] ep37 1500/1559 loss 0.0215 lr 3e-04 (93s)
[11:53:49]   [cls-hand] ep37 1559/1559 loss 0.0214 lr 3e-04 (97s)
[11:53:54]   [cls-hand] Epoch 37 완료 | train L1 0.0214 | val argmax-MAE 8.92
[11:54:00]   [cls-hand] ep38 100/1559 loss 0.0211 lr 3e-04 (6s)
[11:54:07]   [cls-hand] ep38 200/1559 loss 0.0207 lr 3e-04 (12s)
[11:54:13]   [cls-hand] ep38 300/1559 loss 0.0205 lr 3e-04 (19s)
[11:54:19]   [cls-hand] ep38 400/1559 loss 0.0203 lr 3e-04 (25s)
[11:54:25]   [cls-hand] ep38 500/1559 loss 0.0207 lr 3e-04 (31s)
[11:54:31]   [cls-hand] ep38 600/1559 loss 0.0203 lr 3e-04 (37s)
[11:54:38]   [cls-hand] ep38 700/1559 loss 0.0203 lr 3e-04 (43s)
[11:54:44]   [cls-hand] ep38 800/1559 loss 0.0204 lr 3e-04 (50s)
[11:54:50]   [cls-hand] ep38 900/1559 loss 0.0206 lr 3e-04 (56s)
[11:54:56]   [cls-hand] ep38 1000/1559 loss 0.0207 lr 3e-04 (62s)
[11:55:03]   [cls-hand] ep38 1100/1559 loss 0.0207 lr 3e-04 (68s)
[11:55:09]   [cls-hand] ep38 1200/1559 loss 0.0208 lr 3e-04 (75s)
[11:55:15]   [cls-hand] ep38 1300/1559 loss 0.0208 lr 3e-04 (81s)
[11:55:21]   [cls-hand] ep38 1400/1559 loss 0.0207 lr 3e-04 (87s)
[11:55:27]   [cls-hand] ep38 1500/1559 loss 0.0208 lr 3e-04 (93s)
[11:55:31]   [cls-hand] ep38 1559/1559 loss 0.0207 lr 3e-04 (97s)
[11:55:36]   [cls-hand] Epoch 38 완료 | train L1 0.0207 | val argmax-MAE 8.96
[11:55:42]   [cls-hand] ep39 100/1559 loss 0.0209 lr 3e-04 (6s)
[11:55:48]   [cls-hand] ep39 200/1559 loss 0.0213 lr 3e-04 (12s)
[11:55:54]   [cls-hand] ep39 300/1559 loss 0.0207 lr 3e-04 (19s)
[11:56:01]   [cls-hand] ep39 400/1559 loss 0.0206 lr 3e-04 (25s)
[11:56:07]   [cls-hand] ep39 500/1559 loss 0.0203 lr 3e-04 (31s)
[11:56:13]   [cls-hand] ep39 600/1559 loss 0.0204 lr 3e-04 (37s)
[11:56:19]   [cls-hand] ep39 700/1559 loss 0.0204 lr 3e-04 (43s)
[11:56:25]   [cls-hand] ep39 800/1559 loss 0.0204 lr 3e-04 (50s)
[11:56:32]   [cls-hand] ep39 900/1559 loss 0.0203 lr 3e-04 (56s)
[11:56:38]   [cls-hand] ep39 1000/1559 loss 0.0201 lr 3e-04 (62s)
[11:56:44]   [cls-hand] ep39 1100/1559 loss 0.0204 lr 3e-04 (68s)
[11:56:50]   [cls-hand] ep39 1200/1559 loss 0.0207 lr 3e-04 (74s)
[11:56:56]   [cls-hand] ep39 1300/1559 loss 0.0207 lr 3e-04 (80s)
[11:57:03]   [cls-hand] ep39 1400/1559 loss 0.0206 lr 3e-04 (87s)
[11:57:09]   [cls-hand] ep39 1500/1559 loss 0.0205 lr 3e-04 (93s)
[11:57:12]   [cls-hand] ep39 1559/1559 loss 0.0206 lr 3e-04 (97s)
[11:57:17]   [cls-hand] Epoch 39 완료 | train L1 0.0206 | val argmax-MAE 8.79
[11:57:18]   [cls-hand] * best 저장 (argmax-MAE 8.79)
[11:57:24]   [cls-hand] ep40 100/1559 loss 0.0185 lr 3e-04 (6s)
[11:57:30]   [cls-hand] ep40 200/1559 loss 0.0198 lr 3e-04 (12s)
[11:57:36]   [cls-hand] ep40 300/1559 loss 0.0214 lr 3e-04 (19s)
[11:57:42]   [cls-hand] ep40 400/1559 loss 0.0217 lr 3e-04 (25s)
[11:57:48]   [cls-hand] ep40 500/1559 loss 0.0214 lr 3e-04 (31s)
[11:57:55]   [cls-hand] ep40 600/1559 loss 0.0215 lr 3e-04 (37s)
[11:58:01]   [cls-hand] ep40 700/1559 loss 0.0216 lr 3e-04 (43s)
[11:58:07]   [cls-hand] ep40 800/1559 loss 0.0212 lr 3e-04 (50s)
[11:58:13]   [cls-hand] ep40 900/1559 loss 0.0210 lr 3e-04 (56s)
[11:58:19]   [cls-hand] ep40 1000/1559 loss 0.0208 lr 3e-04 (62s)
[11:58:26]   [cls-hand] ep40 1100/1559 loss 0.0207 lr 3e-04 (68s)
[11:58:32]   [cls-hand] ep40 1200/1559 loss 0.0206 lr 3e-04 (74s)
[11:58:38]   [cls-hand] ep40 1300/1559 loss 0.0209 lr 3e-04 (81s)
[11:58:44]   [cls-hand] ep40 1400/1559 loss 0.0212 lr 3e-04 (87s)
[11:58:50]   [cls-hand] ep40 1500/1559 loss 0.0213 lr 3e-04 (93s)
[11:58:54]   [cls-hand] ep40 1559/1559 loss 0.0213 lr 3e-04 (97s)
[11:58:59]   [cls-hand] Epoch 40 완료 | train L1 0.0213 | val argmax-MAE 8.94
[11:59:05]   [cls-hand] ep41 100/1559 loss 0.0188 lr 3e-04 (6s)
[11:59:11]   [cls-hand] ep41 200/1559 loss 0.0198 lr 3e-04 (12s)
[11:59:18]   [cls-hand] ep41 300/1559 loss 0.0197 lr 3e-04 (19s)
[11:59:24]   [cls-hand] ep41 400/1559 loss 0.0199 lr 3e-04 (25s)
[11:59:30]   [cls-hand] ep41 500/1559 loss 0.0201 lr 3e-04 (31s)
[11:59:36]   [cls-hand] ep41 600/1559 loss 0.0202 lr 3e-04 (37s)
[11:59:42]   [cls-hand] ep41 700/1559 loss 0.0201 lr 3e-04 (43s)
[11:59:49]   [cls-hand] ep41 800/1559 loss 0.0203 lr 3e-04 (50s)
[11:59:55]   [cls-hand] ep41 900/1559 loss 0.0201 lr 3e-04 (56s)
[12:00:01]   [cls-hand] ep41 1000/1559 loss 0.0201 lr 3e-04 (62s)
[12:00:07]   [cls-hand] ep41 1100/1559 loss 0.0202 lr 3e-04 (68s)
[12:00:13]   [cls-hand] ep41 1200/1559 loss 0.0204 lr 3e-04 (74s)
[12:00:20]   [cls-hand] ep41 1300/1559 loss 0.0204 lr 3e-04 (81s)
[12:00:26]   [cls-hand] ep41 1400/1559 loss 0.0204 lr 3e-04 (87s)
[12:00:32]   [cls-hand] ep41 1500/1559 loss 0.0204 lr 3e-04 (93s)
[12:00:36]   [cls-hand] ep41 1559/1559 loss 0.0204 lr 3e-04 (97s)
[12:00:41]   [cls-hand] Epoch 41 완료 | train L1 0.0204 | val argmax-MAE 9.80
[12:00:47]   [cls-hand] ep42 100/1559 loss 0.0182 lr 3e-04 (6s)
[12:00:53]   [cls-hand] ep42 200/1559 loss 0.0183 lr 3e-04 (12s)
[12:00:59]   [cls-hand] ep42 300/1559 loss 0.0187 lr 3e-04 (19s)
[12:01:05]   [cls-hand] ep42 400/1559 loss 0.0188 lr 3e-04 (25s)
[12:01:12]   [cls-hand] ep42 500/1559 loss 0.0188 lr 3e-04 (31s)
[12:01:18]   [cls-hand] ep42 600/1559 loss 0.0188 lr 3e-04 (37s)
[12:01:24]   [cls-hand] ep42 700/1559 loss 0.0189 lr 3e-04 (43s)
[12:01:30]   [cls-hand] ep42 800/1559 loss 0.0188 lr 3e-04 (50s)
[12:01:36]   [cls-hand] ep42 900/1559 loss 0.0190 lr 3e-04 (56s)
[12:01:43]   [cls-hand] ep42 1000/1559 loss 0.0191 lr 3e-04 (62s)
[12:01:49]   [cls-hand] ep42 1100/1559 loss 0.0192 lr 3e-04 (68s)
[12:01:55]   [cls-hand] ep42 1200/1559 loss 0.0192 lr 3e-04 (74s)
[12:02:01]   [cls-hand] ep42 1300/1559 loss 0.0191 lr 3e-04 (81s)
[12:02:07]   [cls-hand] ep42 1400/1559 loss 0.0191 lr 3e-04 (87s)
[12:02:13]   [cls-hand] ep42 1500/1559 loss 0.0191 lr 3e-04 (93s)
[12:02:17]   [cls-hand] ep42 1559/1559 loss 0.0191 lr 3e-04 (97s)
[12:02:22]   [cls-hand] Epoch 42 완료 | train L1 0.0191 | val argmax-MAE 9.12
[12:02:28]   [cls-hand] ep43 100/1559 loss 0.0196 lr 3e-04 (6s)
[12:02:34]   [cls-hand] ep43 200/1559 loss 0.0198 lr 3e-04 (12s)
[12:02:41]   [cls-hand] ep43 300/1559 loss 0.0195 lr 3e-04 (19s)
[12:02:47]   [cls-hand] ep43 400/1559 loss 0.0195 lr 3e-04 (25s)
[12:02:53]   [cls-hand] ep43 500/1559 loss 0.0195 lr 3e-04 (31s)
[12:02:59]   [cls-hand] ep43 600/1559 loss 0.0197 lr 3e-04 (37s)
[12:03:05]   [cls-hand] ep43 700/1559 loss 0.0195 lr 3e-04 (43s)
[12:03:12]   [cls-hand] ep43 800/1559 loss 0.0192 lr 3e-04 (50s)
[12:03:18]   [cls-hand] ep43 900/1559 loss 0.0190 lr 3e-04 (56s)
[12:03:24]   [cls-hand] ep43 1000/1559 loss 0.0188 lr 3e-04 (62s)
[12:03:30]   [cls-hand] ep43 1100/1559 loss 0.0188 lr 3e-04 (68s)
[12:03:36]   [cls-hand] ep43 1200/1559 loss 0.0187 lr 3e-04 (74s)
[12:03:43]   [cls-hand] ep43 1300/1559 loss 0.0187 lr 3e-04 (81s)
[12:03:49]   [cls-hand] ep43 1400/1559 loss 0.0186 lr 3e-04 (87s)
[12:03:55]   [cls-hand] ep43 1500/1559 loss 0.0186 lr 3e-04 (93s)
[12:03:59]   [cls-hand] ep43 1559/1559 loss 0.0187 lr 3e-04 (97s)
[12:04:04]   [cls-hand] Epoch 43 완료 | train L1 0.0187 | val argmax-MAE 9.23
[12:04:10]   [cls-hand] ep44 100/1559 loss 0.0188 lr 3e-04 (6s)
[12:04:16]   [cls-hand] ep44 200/1559 loss 0.0190 lr 3e-04 (12s)
[12:04:22]   [cls-hand] ep44 300/1559 loss 0.0188 lr 3e-04 (19s)
[12:04:28]   [cls-hand] ep44 400/1559 loss 0.0184 lr 3e-04 (25s)
[12:04:35]   [cls-hand] ep44 500/1559 loss 0.0185 lr 3e-04 (31s)
[12:04:41]   [cls-hand] ep44 600/1559 loss 0.0186 lr 3e-04 (37s)
[12:04:47]   [cls-hand] ep44 700/1559 loss 0.0188 lr 3e-04 (43s)
[12:04:53]   [cls-hand] ep44 800/1559 loss 0.0187 lr 3e-04 (50s)
[12:04:59]   [cls-hand] ep44 900/1559 loss 0.0187 lr 3e-04 (56s)
[12:05:06]   [cls-hand] ep44 1000/1559 loss 0.0187 lr 3e-04 (62s)
[12:05:12]   [cls-hand] ep44 1100/1559 loss 0.0185 lr 3e-04 (68s)
[12:05:18]   [cls-hand] ep44 1200/1559 loss 0.0185 lr 3e-04 (74s)
[12:05:24]   [cls-hand] ep44 1300/1559 loss 0.0185 lr 3e-04 (80s)
[12:05:30]   [cls-hand] ep44 1400/1559 loss 0.0185 lr 3e-04 (87s)
[12:05:37]   [cls-hand] ep44 1500/1559 loss 0.0185 lr 3e-04 (93s)
[12:05:40]   [cls-hand] ep44 1559/1559 loss 0.0186 lr 3e-04 (97s)
[12:05:45]   [cls-hand] Epoch 44 완료 | train L1 0.0186 | val argmax-MAE 9.37
[12:05:51]   [cls-hand] ep45 100/1559 loss 0.0182 lr 3e-04 (6s)
[12:05:58]   [cls-hand] ep45 200/1559 loss 0.0182 lr 3e-04 (12s)
[12:06:04]   [cls-hand] ep45 300/1559 loss 0.0178 lr 3e-04 (19s)
[12:06:10]   [cls-hand] ep45 400/1559 loss 0.0178 lr 3e-04 (25s)
[12:06:16]   [cls-hand] ep45 500/1559 loss 0.0177 lr 3e-04 (31s)
[12:06:22]   [cls-hand] ep45 600/1559 loss 0.0178 lr 3e-04 (37s)
[12:06:29]   [cls-hand] ep45 700/1559 loss 0.0177 lr 3e-04 (43s)
[12:06:35]   [cls-hand] ep45 800/1559 loss 0.0178 lr 3e-04 (50s)
[12:06:41]   [cls-hand] ep45 900/1559 loss 0.0180 lr 3e-04 (56s)
[12:06:47]   [cls-hand] ep45 1000/1559 loss 0.0181 lr 3e-04 (62s)
[12:06:53]   [cls-hand] ep45 1100/1559 loss 0.0181 lr 3e-04 (68s)
[12:07:00]   [cls-hand] ep45 1200/1559 loss 0.0182 lr 3e-04 (74s)
[12:07:06]   [cls-hand] ep45 1300/1559 loss 0.0183 lr 3e-04 (81s)
[12:07:12]   [cls-hand] ep45 1400/1559 loss 0.0184 lr 3e-04 (87s)
[12:07:18]   [cls-hand] ep45 1500/1559 loss 0.0185 lr 3e-04 (93s)
[12:07:22]   [cls-hand] ep45 1559/1559 loss 0.0185 lr 3e-04 (97s)
[12:07:27]   [cls-hand] Epoch 45 완료 | train L1 0.0185 | val argmax-MAE 9.67
[12:07:33]   [cls-hand] ep46 100/1559 loss 0.0183 lr 3e-04 (6s)
[12:07:39]   [cls-hand] ep46 200/1559 loss 0.0181 lr 3e-04 (12s)
[12:07:45]   [cls-hand] ep46 300/1559 loss 0.0181 lr 3e-04 (19s)
[12:07:52]   [cls-hand] ep46 400/1559 loss 0.0180 lr 3e-04 (25s)
[12:07:58]   [cls-hand] ep46 500/1559 loss 0.0181 lr 3e-04 (31s)
[12:08:04]   [cls-hand] ep46 600/1559 loss 0.0180 lr 3e-04 (37s)
[12:08:10]   [cls-hand] ep46 700/1559 loss 0.0182 lr 3e-04 (43s)
[12:08:16]   [cls-hand] ep46 800/1559 loss 0.0182 lr 3e-04 (50s)
[12:08:23]   [cls-hand] ep46 900/1559 loss 0.0183 lr 3e-04 (56s)
[12:08:29]   [cls-hand] ep46 1000/1559 loss 0.0183 lr 3e-04 (62s)
[12:08:35]   [cls-hand] ep46 1100/1559 loss 0.0181 lr 3e-04 (68s)
[12:08:41]   [cls-hand] ep46 1200/1559 loss 0.0182 lr 3e-04 (74s)
[12:08:47]   [cls-hand] ep46 1300/1559 loss 0.0182 lr 3e-04 (81s)
[12:08:53]   [cls-hand] ep46 1400/1559 loss 0.0182 lr 3e-04 (87s)
[12:09:00]   [cls-hand] ep46 1500/1559 loss 0.0180 lr 3e-04 (93s)
[12:09:03]   [cls-hand] ep46 1559/1559 loss 0.0182 lr 3e-04 (96s)
[12:09:08]   [cls-hand] Epoch 46 완료 | train L1 0.0182 | val argmax-MAE 9.34
[12:09:14]   [cls-hand] ep47 100/1559 loss 0.0200 lr 3e-04 (6s)
[12:09:21]   [cls-hand] ep47 200/1559 loss 0.0245 lr 3e-04 (12s)
[12:09:27]   [cls-hand] ep47 300/1559 loss 0.0238 lr 3e-04 (18s)
[12:09:33]   [cls-hand] ep47 400/1559 loss 0.0229 lr 3e-04 (25s)
[12:09:39]   [cls-hand] ep47 500/1559 loss 0.0223 lr 3e-04 (31s)
[12:09:45]   [cls-hand] ep47 600/1559 loss 0.0215 lr 3e-04 (37s)
[12:09:51]   [cls-hand] ep47 700/1559 loss 0.0209 lr 3e-04 (43s)
[12:09:58]   [cls-hand] ep47 800/1559 loss 0.0205 lr 3e-04 (49s)
[12:10:04]   [cls-hand] ep47 900/1559 loss 0.0201 lr 3e-04 (56s)
[12:10:10]   [cls-hand] ep47 1000/1559 loss 0.0199 lr 3e-04 (62s)
[12:10:16]   [cls-hand] ep47 1100/1559 loss 0.0199 lr 3e-04 (68s)
[12:10:22]   [cls-hand] ep47 1200/1559 loss 0.0196 lr 3e-04 (74s)
[12:10:29]   [cls-hand] ep47 1300/1559 loss 0.0193 lr 3e-04 (80s)
[12:10:35]   [cls-hand] ep47 1400/1559 loss 0.0192 lr 3e-04 (87s)
[12:10:41]   [cls-hand] ep47 1500/1559 loss 0.0192 lr 3e-04 (93s)
[12:10:45]   [cls-hand] ep47 1559/1559 loss 0.0191 lr 3e-04 (96s)
[12:10:50]   [cls-hand] Epoch 47 완료 | train L1 0.0191 | val argmax-MAE 9.43
[12:10:56]   [cls-hand] ep48 100/1559 loss 0.0155 lr 3e-04 (6s)
[12:11:02]   [cls-hand] ep48 200/1559 loss 0.0160 lr 3e-04 (12s)
[12:11:08]   [cls-hand] ep48 300/1559 loss 0.0163 lr 3e-04 (19s)
[12:11:14]   [cls-hand] ep48 400/1559 loss 0.0162 lr 3e-04 (25s)
[12:11:21]   [cls-hand] ep48 500/1559 loss 0.0162 lr 3e-04 (31s)
[12:11:27]   [cls-hand] ep48 600/1559 loss 0.0163 lr 3e-04 (37s)
[12:11:33]   [cls-hand] ep48 700/1559 loss 0.0164 lr 3e-04 (43s)
[12:11:39]   [cls-hand] ep48 800/1559 loss 0.0163 lr 3e-04 (50s)
[12:11:45]   [cls-hand] ep48 900/1559 loss 0.0162 lr 3e-04 (56s)
[12:11:52]   [cls-hand] ep48 1000/1559 loss 0.0162 lr 3e-04 (62s)
[12:11:58]   [cls-hand] ep48 1100/1559 loss 0.0163 lr 3e-04 (68s)
[12:12:04]   [cls-hand] ep48 1200/1559 loss 0.0163 lr 3e-04 (74s)
[12:12:10]   [cls-hand] ep48 1300/1559 loss 0.0163 lr 3e-04 (81s)
[12:12:16]   [cls-hand] ep48 1400/1559 loss 0.0162 lr 3e-04 (87s)
[12:12:23]   [cls-hand] ep48 1500/1559 loss 0.0164 lr 3e-04 (93s)
[12:12:26]   [cls-hand] ep48 1559/1559 loss 0.0164 lr 3e-04 (97s)
[12:12:31]   [cls-hand] Epoch 48 완료 | train L1 0.0164 | val argmax-MAE 9.01
[12:12:37]   [cls-hand] ep49 100/1559 loss 0.0167 lr 3e-04 (6s)
[12:12:44]   [cls-hand] ep49 200/1559 loss 0.0155 lr 3e-04 (12s)
[12:12:50]   [cls-hand] ep49 300/1559 loss 0.0155 lr 3e-04 (19s)
[12:12:56]   [cls-hand] ep49 400/1559 loss 0.0157 lr 3e-04 (25s)
[12:13:02]   [cls-hand] ep49 500/1559 loss 0.0164 lr 3e-04 (31s)
[12:13:08]   [cls-hand] ep49 600/1559 loss 0.0165 lr 3e-04 (37s)
[12:13:14]   [cls-hand] ep49 700/1559 loss 0.0165 lr 3e-04 (43s)
[12:13:21]   [cls-hand] ep49 800/1559 loss 0.0165 lr 3e-04 (49s)
[12:13:27]   [cls-hand] ep49 900/1559 loss 0.0168 lr 3e-04 (56s)
[12:13:33]   [cls-hand] ep49 1000/1559 loss 0.0170 lr 3e-04 (62s)
[12:13:39]   [cls-hand] ep49 1100/1559 loss 0.0170 lr 3e-04 (68s)
[12:13:46]   [cls-hand] ep49 1200/1559 loss 0.0173 lr 3e-04 (74s)
[12:13:52]   [cls-hand] ep49 1300/1559 loss 0.0174 lr 3e-04 (81s)
[12:13:58]   [cls-hand] ep49 1400/1559 loss 0.0173 lr 3e-04 (87s)
[12:14:04]   [cls-hand] ep49 1500/1559 loss 0.0173 lr 3e-04 (93s)
[12:14:08]   [cls-hand] ep49 1559/1559 loss 0.0173 lr 3e-04 (97s)
[12:14:13]   [cls-hand] Epoch 49 완료 | train L1 0.0173 | val argmax-MAE 9.39
[12:14:19]   [cls-hand] ep50 100/1559 loss 0.0159 lr 3e-04 (6s)
[12:14:25]   [cls-hand] ep50 200/1559 loss 0.0165 lr 3e-04 (12s)
[12:14:31]   [cls-hand] ep50 300/1559 loss 0.0160 lr 3e-04 (19s)
[12:14:38]   [cls-hand] ep50 400/1559 loss 0.0163 lr 3e-04 (25s)
[12:14:44]   [cls-hand] ep50 500/1559 loss 0.0167 lr 3e-04 (31s)
[12:14:50]   [cls-hand] ep50 600/1559 loss 0.0165 lr 3e-04 (37s)
[12:14:56]   [cls-hand] ep50 700/1559 loss 0.0164 lr 3e-04 (43s)
[12:15:02]   [cls-hand] ep50 800/1559 loss 0.0166 lr 3e-04 (50s)
[12:15:09]   [cls-hand] ep50 900/1559 loss 0.0166 lr 3e-04 (56s)
[12:15:15]   [cls-hand] ep50 1000/1559 loss 0.0167 lr 3e-04 (62s)
[12:15:21]   [cls-hand] ep50 1100/1559 loss 0.0168 lr 3e-04 (68s)
[12:15:27]   [cls-hand] ep50 1200/1559 loss 0.0168 lr 3e-04 (74s)
[12:15:33]   [cls-hand] ep50 1300/1559 loss 0.0169 lr 3e-04 (81s)
[12:15:39]   [cls-hand] ep50 1400/1559 loss 0.0171 lr 3e-04 (87s)
[12:15:46]   [cls-hand] ep50 1500/1559 loss 0.0171 lr 3e-04 (93s)
[12:15:49]   [cls-hand] ep50 1559/1559 loss 0.0171 lr 3e-04 (97s)
[12:15:54]   [cls-hand] Epoch 50 완료 | train L1 0.0171 | val argmax-MAE 8.97
[12:16:01]   [cls-hand] ep51 100/1559 loss 0.0127 lr 1e-04 (6s)
[12:16:07]   [cls-hand] ep51 200/1559 loss 0.0132 lr 1e-04 (12s)
[12:16:13]   [cls-hand] ep51 300/1559 loss 0.0133 lr 1e-04 (19s)
[12:16:19]   [cls-hand] ep51 400/1559 loss 0.0135 lr 1e-04 (25s)
[12:16:25]   [cls-hand] ep51 500/1559 loss 0.0133 lr 1e-04 (31s)
[12:16:31]   [cls-hand] ep51 600/1559 loss 0.0133 lr 1e-04 (37s)
[12:16:38]   [cls-hand] ep51 700/1559 loss 0.0131 lr 1e-04 (43s)
[12:16:44]   [cls-hand] ep51 800/1559 loss 0.0129 lr 1e-04 (50s)
[12:16:50]   [cls-hand] ep51 900/1559 loss 0.0130 lr 1e-04 (56s)
[12:16:56]   [cls-hand] ep51 1000/1559 loss 0.0129 lr 1e-04 (62s)
[12:17:02]   [cls-hand] ep51 1100/1559 loss 0.0127 lr 1e-04 (68s)
[12:17:09]   [cls-hand] ep51 1200/1559 loss 0.0126 lr 1e-04 (74s)
[12:17:15]   [cls-hand] ep51 1300/1559 loss 0.0127 lr 1e-04 (80s)
[12:17:21]   [cls-hand] ep51 1400/1559 loss 0.0126 lr 1e-04 (87s)
[12:17:27]   [cls-hand] ep51 1500/1559 loss 0.0126 lr 1e-04 (93s)
[12:17:31]   [cls-hand] ep51 1559/1559 loss 0.0126 lr 1e-04 (97s)
[12:17:36]   [cls-hand] Epoch 51 완료 | train L1 0.0126 | val argmax-MAE 9.03
[12:17:42]   [cls-hand] ep52 100/1559 loss 0.0115 lr 1e-04 (6s)
[12:17:48]   [cls-hand] ep52 200/1559 loss 0.0105 lr 1e-04 (12s)
[12:17:54]   [cls-hand] ep52 300/1559 loss 0.0104 lr 1e-04 (19s)
[12:18:00]   [cls-hand] ep52 400/1559 loss 0.0104 lr 1e-04 (25s)
[12:18:07]   [cls-hand] ep52 500/1559 loss 0.0103 lr 1e-04 (31s)
[12:18:13]   [cls-hand] ep52 600/1559 loss 0.0102 lr 1e-04 (37s)
[12:18:19]   [cls-hand] ep52 700/1559 loss 0.0103 lr 1e-04 (43s)
[12:18:25]   [cls-hand] ep52 800/1559 loss 0.0102 lr 1e-04 (50s)
[12:18:32]   [cls-hand] ep52 900/1559 loss 0.0102 lr 1e-04 (56s)
[12:18:38]   [cls-hand] ep52 1000/1559 loss 0.0101 lr 1e-04 (62s)
[12:18:44]   [cls-hand] ep52 1100/1559 loss 0.0101 lr 1e-04 (68s)
[12:18:50]   [cls-hand] ep52 1200/1559 loss 0.0101 lr 1e-04 (75s)
[12:18:57]   [cls-hand] ep52 1300/1559 loss 0.0101 lr 1e-04 (81s)
[12:19:03]   [cls-hand] ep52 1400/1559 loss 0.0101 lr 1e-04 (87s)
[12:19:09]   [cls-hand] ep52 1500/1559 loss 0.0102 lr 1e-04 (93s)
[12:19:13]   [cls-hand] ep52 1559/1559 loss 0.0102 lr 1e-04 (97s)
[12:19:17]   [cls-hand] Epoch 52 완료 | train L1 0.0102 | val argmax-MAE 8.94
[12:19:22]   [cls-hand] ep53 100/1559 loss 0.0102 lr 1e-04 (5s)
[12:19:28]   [cls-hand] ep53 200/1559 loss 0.0102 lr 1e-04 (11s)
[12:19:34]   [cls-hand] ep53 300/1559 loss 0.0099 lr 1e-04 (17s)
[12:19:41]   [cls-hand] ep53 400/1559 loss 0.0095 lr 1e-04 (24s)
[12:19:47]   [cls-hand] ep53 500/1559 loss 0.0096 lr 1e-04 (30s)
[12:19:53]   [cls-hand] ep53 600/1559 loss 0.0098 lr 1e-04 (36s)
[12:19:59]   [cls-hand] ep53 700/1559 loss 0.0098 lr 1e-04 (42s)
[12:20:05]   [cls-hand] ep53 800/1559 loss 0.0097 lr 1e-04 (48s)
[12:20:11]   [cls-hand] ep53 900/1559 loss 0.0098 lr 1e-04 (54s)
[12:20:18]   [cls-hand] ep53 1000/1559 loss 0.0097 lr 1e-04 (61s)
[12:20:24]   [cls-hand] ep53 1100/1559 loss 0.0095 lr 1e-04 (67s)
[12:20:30]   [cls-hand] ep53 1200/1559 loss 0.0095 lr 1e-04 (73s)
[12:20:36]   [cls-hand] ep53 1300/1559 loss 0.0095 lr 1e-04 (79s)
[12:20:43]   [cls-hand] ep53 1400/1559 loss 0.0095 lr 1e-04 (85s)
[12:20:49]   [cls-hand] ep53 1500/1559 loss 0.0095 lr 1e-04 (92s)
[12:20:53]   [cls-hand] ep53 1559/1559 loss 0.0095 lr 1e-04 (95s)
[12:20:58]   [cls-hand] Epoch 53 완료 | train L1 0.0095 | val argmax-MAE 9.04
[12:21:04]   [cls-hand] ep54 100/1559 loss 0.0090 lr 1e-04 (6s)
[12:21:10]   [cls-hand] ep54 200/1559 loss 0.0089 lr 1e-04 (13s)
[12:21:16]   [cls-hand] ep54 300/1559 loss 0.0086 lr 1e-04 (19s)
[12:21:23]   [cls-hand] ep54 400/1559 loss 0.0085 lr 1e-04 (25s)
[12:21:29]   [cls-hand] ep54 500/1559 loss 0.0085 lr 1e-04 (31s)
[12:21:35]   [cls-hand] ep54 600/1559 loss 0.0086 lr 1e-04 (38s)
[12:21:41]   [cls-hand] ep54 700/1559 loss 0.0086 lr 1e-04 (44s)
[12:21:48]   [cls-hand] ep54 800/1559 loss 0.0086 lr 1e-04 (50s)
[12:21:54]   [cls-hand] ep54 900/1559 loss 0.0086 lr 1e-04 (56s)
[12:22:00]   [cls-hand] ep54 1000/1559 loss 0.0086 lr 1e-04 (62s)
[12:22:06]   [cls-hand] ep54 1100/1559 loss 0.0086 lr 1e-04 (69s)
[12:22:13]   [cls-hand] ep54 1200/1559 loss 0.0087 lr 1e-04 (75s)
[12:22:19]   [cls-hand] ep54 1300/1559 loss 0.0087 lr 1e-04 (81s)
[12:22:25]   [cls-hand] ep54 1400/1559 loss 0.0089 lr 1e-04 (87s)
[12:22:31]   [cls-hand] ep54 1500/1559 loss 0.0089 lr 1e-04 (94s)
[12:22:35]   [cls-hand] ep54 1559/1559 loss 0.0089 lr 1e-04 (97s)
[12:22:40]   [cls-hand] Epoch 54 완료 | train L1 0.0089 | val argmax-MAE 9.03
[12:22:46]   [cls-hand] ep55 100/1559 loss 0.0092 lr 1e-04 (6s)
[12:22:52]   [cls-hand] ep55 200/1559 loss 0.0086 lr 1e-04 (12s)
[12:22:59]   [cls-hand] ep55 300/1559 loss 0.0088 lr 1e-04 (19s)
[12:23:05]   [cls-hand] ep55 400/1559 loss 0.0088 lr 1e-04 (25s)
[12:23:11]   [cls-hand] ep55 500/1559 loss 0.0088 lr 1e-04 (31s)
[12:23:17]   [cls-hand] ep55 600/1559 loss 0.0088 lr 1e-04 (37s)
[12:23:24]   [cls-hand] ep55 700/1559 loss 0.0087 lr 1e-04 (44s)
[12:23:30]   [cls-hand] ep55 800/1559 loss 0.0086 lr 1e-04 (50s)
[12:23:36]   [cls-hand] ep55 900/1559 loss 0.0087 lr 1e-04 (56s)
[12:23:42]   [cls-hand] ep55 1000/1559 loss 0.0088 lr 1e-04 (62s)
[12:23:48]   [cls-hand] ep55 1100/1559 loss 0.0088 lr 1e-04 (68s)
[12:23:55]   [cls-hand] ep55 1200/1559 loss 0.0087 lr 1e-04 (75s)
[12:24:01]   [cls-hand] ep55 1300/1559 loss 0.0087 lr 1e-04 (81s)
[12:24:07]   [cls-hand] ep55 1400/1559 loss 0.0087 lr 1e-04 (87s)
[12:24:13]   [cls-hand] ep55 1500/1559 loss 0.0087 lr 1e-04 (93s)
[12:24:17]   [cls-hand] ep55 1559/1559 loss 0.0088 lr 1e-04 (97s)
[12:24:22]   [cls-hand] Epoch 55 완료 | train L1 0.0088 | val argmax-MAE 8.94
[12:24:28]   [cls-hand] ep56 100/1559 loss 0.0090 lr 1e-04 (6s)
[12:24:35]   [cls-hand] ep56 200/1559 loss 0.0085 lr 1e-04 (12s)
[12:24:41]   [cls-hand] ep56 300/1559 loss 0.0082 lr 1e-04 (19s)
[12:24:47]   [cls-hand] ep56 400/1559 loss 0.0084 lr 1e-04 (25s)
[12:24:53]   [cls-hand] ep56 500/1559 loss 0.0082 lr 1e-04 (31s)
[12:24:59]   [cls-hand] ep56 600/1559 loss 0.0083 lr 1e-04 (37s)
[12:25:06]   [cls-hand] ep56 700/1559 loss 0.0084 lr 1e-04 (44s)
[12:25:12]   [cls-hand] ep56 800/1559 loss 0.0083 lr 1e-04 (50s)
[12:25:18]   [cls-hand] ep56 900/1559 loss 0.0085 lr 1e-04 (56s)
[12:25:24]   [cls-hand] ep56 1000/1559 loss 0.0084 lr 1e-04 (62s)
[12:25:31]   [cls-hand] ep56 1100/1559 loss 0.0085 lr 1e-04 (69s)
[12:25:37]   [cls-hand] ep56 1200/1559 loss 0.0084 lr 1e-04 (75s)
[12:25:43]   [cls-hand] ep56 1300/1559 loss 0.0084 lr 1e-04 (81s)
[12:25:49]   [cls-hand] ep56 1400/1559 loss 0.0084 lr 1e-04 (87s)
[12:25:56]   [cls-hand] ep56 1500/1559 loss 0.0084 lr 1e-04 (93s)
[12:25:59]   [cls-hand] ep56 1559/1559 loss 0.0085 lr 1e-04 (97s)
[12:26:04]   [cls-hand] Epoch 56 완료 | train L1 0.0085 | val argmax-MAE 8.98
[12:26:11]   [cls-hand] ep57 100/1559 loss 0.0077 lr 1e-04 (6s)
[12:26:17]   [cls-hand] ep57 200/1559 loss 0.0084 lr 1e-04 (13s)
[12:26:23]   [cls-hand] ep57 300/1559 loss 0.0082 lr 1e-04 (19s)
[12:26:29]   [cls-hand] ep57 400/1559 loss 0.0082 lr 1e-04 (25s)
[12:26:36]   [cls-hand] ep57 500/1559 loss 0.0082 lr 1e-04 (31s)
[12:26:42]   [cls-hand] ep57 600/1559 loss 0.0083 lr 1e-04 (38s)
[12:26:48]   [cls-hand] ep57 700/1559 loss 0.0083 lr 1e-04 (44s)
[12:26:54]   [cls-hand] ep57 800/1559 loss 0.0083 lr 1e-04 (50s)
[12:27:01]   [cls-hand] ep57 900/1559 loss 0.0084 lr 1e-04 (56s)
[12:27:07]   [cls-hand] ep57 1000/1559 loss 0.0084 lr 1e-04 (63s)
[12:27:13]   [cls-hand] ep57 1100/1559 loss 0.0084 lr 1e-04 (69s)
[12:27:19]   [cls-hand] ep57 1200/1559 loss 0.0083 lr 1e-04 (75s)
[12:27:25]   [cls-hand] ep57 1300/1559 loss 0.0083 lr 1e-04 (81s)
[12:27:32]   [cls-hand] ep57 1400/1559 loss 0.0084 lr 1e-04 (87s)
[12:27:38]   [cls-hand] ep57 1500/1559 loss 0.0084 lr 1e-04 (94s)
[12:27:42]   [cls-hand] ep57 1559/1559 loss 0.0084 lr 1e-04 (97s)
[12:27:47]   [cls-hand] Epoch 57 완료 | train L1 0.0084 | val argmax-MAE 8.79
[12:27:53]   [cls-hand] ep58 100/1559 loss 0.0081 lr 1e-04 (6s)
[12:27:59]   [cls-hand] ep58 200/1559 loss 0.0083 lr 1e-04 (12s)
[12:28:05]   [cls-hand] ep58 300/1559 loss 0.0082 lr 1e-04 (19s)
[12:28:12]   [cls-hand] ep58 400/1559 loss 0.0081 lr 1e-04 (25s)
[12:28:18]   [cls-hand] ep58 500/1559 loss 0.0080 lr 1e-04 (31s)
[12:28:24]   [cls-hand] ep58 600/1559 loss 0.0081 lr 1e-04 (37s)
[12:28:30]   [cls-hand] ep58 700/1559 loss 0.0081 lr 1e-04 (44s)
[12:28:36]   [cls-hand] ep58 800/1559 loss 0.0082 lr 1e-04 (50s)
[12:28:43]   [cls-hand] ep58 900/1559 loss 0.0081 lr 1e-04 (56s)
[12:28:49]   [cls-hand] ep58 1000/1559 loss 0.0081 lr 1e-04 (62s)
[12:28:55]   [cls-hand] ep58 1100/1559 loss 0.0081 lr 1e-04 (69s)
[12:29:01]   [cls-hand] ep58 1200/1559 loss 0.0081 lr 1e-04 (75s)
[12:29:08]   [cls-hand] ep58 1300/1559 loss 0.0081 lr 1e-04 (81s)
[12:29:14]   [cls-hand] ep58 1400/1559 loss 0.0082 lr 1e-04 (87s)
[12:29:20]   [cls-hand] ep58 1500/1559 loss 0.0082 lr 1e-04 (94s)
[12:29:24]   [cls-hand] ep58 1559/1559 loss 0.0081 lr 1e-04 (97s)
[12:29:29]   [cls-hand] Epoch 58 완료 | train L1 0.0081 | val argmax-MAE 8.88
[12:29:35]   [cls-hand] ep59 100/1559 loss 0.0079 lr 1e-04 (6s)
[12:29:41]   [cls-hand] ep59 200/1559 loss 0.0081 lr 1e-04 (12s)
[12:29:48]   [cls-hand] ep59 300/1559 loss 0.0080 lr 1e-04 (19s)
[12:29:54]   [cls-hand] ep59 400/1559 loss 0.0083 lr 1e-04 (25s)
[12:30:00]   [cls-hand] ep59 500/1559 loss 0.0083 lr 1e-04 (31s)
[12:30:06]   [cls-hand] ep59 600/1559 loss 0.0081 lr 1e-04 (37s)
[12:30:13]   [cls-hand] ep59 700/1559 loss 0.0081 lr 1e-04 (44s)
[12:30:19]   [cls-hand] ep59 800/1559 loss 0.0081 lr 1e-04 (50s)
[12:30:25]   [cls-hand] ep59 900/1559 loss 0.0082 lr 1e-04 (56s)
[12:30:31]   [cls-hand] ep59 1000/1559 loss 0.0082 lr 1e-04 (62s)
[12:30:38]   [cls-hand] ep59 1100/1559 loss 0.0082 lr 1e-04 (69s)
[12:30:44]   [cls-hand] ep59 1200/1559 loss 0.0081 lr 1e-04 (75s)
[12:30:50]   [cls-hand] ep59 1300/1559 loss 0.0080 lr 1e-04 (81s)
[12:30:56]   [cls-hand] ep59 1400/1559 loss 0.0080 lr 1e-04 (87s)
[12:31:02]   [cls-hand] ep59 1500/1559 loss 0.0080 lr 1e-04 (93s)
[12:31:06]   [cls-hand] ep59 1559/1559 loss 0.0080 lr 1e-04 (97s)
[12:31:11]   [cls-hand] Epoch 59 완료 | train L1 0.0080 | val argmax-MAE 8.78
[12:31:11]   [cls-hand] * best 저장 (argmax-MAE 8.78)
[12:31:17]   [cls-hand] ep60 100/1559 loss 0.0086 lr 1e-04 (6s)
[12:31:24]   [cls-hand] ep60 200/1559 loss 0.0083 lr 1e-04 (12s)
[12:31:30]   [cls-hand] ep60 300/1559 loss 0.0080 lr 1e-04 (19s)
[12:31:36]   [cls-hand] ep60 400/1559 loss 0.0078 lr 1e-04 (25s)
[12:31:42]   [cls-hand] ep60 500/1559 loss 0.0078 lr 1e-04 (31s)
[12:31:49]   [cls-hand] ep60 600/1559 loss 0.0078 lr 1e-04 (37s)
[12:31:55]   [cls-hand] ep60 700/1559 loss 0.0076 lr 1e-04 (44s)
[12:32:01]   [cls-hand] ep60 800/1559 loss 0.0075 lr 1e-04 (50s)
[12:32:07]   [cls-hand] ep60 900/1559 loss 0.0076 lr 1e-04 (56s)
[12:32:13]   [cls-hand] ep60 1000/1559 loss 0.0077 lr 1e-04 (62s)
[12:32:20]   [cls-hand] ep60 1100/1559 loss 0.0078 lr 1e-04 (69s)
[12:32:26]   [cls-hand] ep60 1200/1559 loss 0.0079 lr 1e-04 (75s)
[12:32:32]   [cls-hand] ep60 1300/1559 loss 0.0079 lr 1e-04 (81s)
[12:32:38]   [cls-hand] ep60 1400/1559 loss 0.0079 lr 1e-04 (87s)
[12:32:45]   [cls-hand] ep60 1500/1559 loss 0.0079 lr 1e-04 (94s)
[12:32:48]   [cls-hand] ep60 1559/1559 loss 0.0079 lr 1e-04 (97s)
[12:32:53]   [cls-hand] Epoch 60 완료 | train L1 0.0079 | val argmax-MAE 8.72
[12:32:54]   [cls-hand] * best 저장 (argmax-MAE 8.72)
[12:33:00]   [cls-hand] ep61 100/1559 loss 0.0079 lr 1e-04 (6s)
[12:33:06]   [cls-hand] ep61 200/1559 loss 0.0076 lr 1e-04 (12s)
[12:33:12]   [cls-hand] ep61 300/1559 loss 0.0074 lr 1e-04 (19s)
[12:33:19]   [cls-hand] ep61 400/1559 loss 0.0077 lr 1e-04 (25s)
[12:33:25]   [cls-hand] ep61 500/1559 loss 0.0077 lr 1e-04 (31s)
[12:33:31]   [cls-hand] ep61 600/1559 loss 0.0077 lr 1e-04 (38s)
[12:33:37]   [cls-hand] ep61 700/1559 loss 0.0078 lr 1e-04 (44s)
[12:33:44]   [cls-hand] ep61 800/1559 loss 0.0077 lr 1e-04 (50s)
[12:33:50]   [cls-hand] ep61 900/1559 loss 0.0078 lr 1e-04 (56s)
[12:33:56]   [cls-hand] ep61 1000/1559 loss 0.0078 lr 1e-04 (63s)
[12:34:02]   [cls-hand] ep61 1100/1559 loss 0.0078 lr 1e-04 (69s)
[12:34:08]   [cls-hand] ep61 1200/1559 loss 0.0078 lr 1e-04 (75s)
[12:34:15]   [cls-hand] ep61 1300/1559 loss 0.0077 lr 1e-04 (81s)
[12:34:21]   [cls-hand] ep61 1400/1559 loss 0.0077 lr 1e-04 (87s)
[12:34:27]   [cls-hand] ep61 1500/1559 loss 0.0077 lr 1e-04 (94s)
[12:34:31]   [cls-hand] ep61 1559/1559 loss 0.0077 lr 1e-04 (97s)
[12:34:36]   [cls-hand] Epoch 61 완료 | train L1 0.0077 | val argmax-MAE 8.92
[12:34:42]   [cls-hand] ep62 100/1559 loss 0.0069 lr 1e-04 (6s)
[12:34:48]   [cls-hand] ep62 200/1559 loss 0.0069 lr 1e-04 (13s)
[12:34:55]   [cls-hand] ep62 300/1559 loss 0.0069 lr 1e-04 (19s)
[12:35:01]   [cls-hand] ep62 400/1559 loss 0.0071 lr 1e-04 (25s)
[12:35:07]   [cls-hand] ep62 500/1559 loss 0.0074 lr 1e-04 (31s)
[12:35:13]   [cls-hand] ep62 600/1559 loss 0.0075 lr 1e-04 (37s)
[12:35:20]   [cls-hand] ep62 700/1559 loss 0.0075 lr 1e-04 (44s)
[12:35:26]   [cls-hand] ep62 800/1559 loss 0.0075 lr 1e-04 (50s)
[12:35:32]   [cls-hand] ep62 900/1559 loss 0.0076 lr 1e-04 (56s)
[12:35:38]   [cls-hand] ep62 1000/1559 loss 0.0075 lr 1e-04 (62s)
[12:35:45]   [cls-hand] ep62 1100/1559 loss 0.0075 lr 1e-04 (69s)
[12:35:51]   [cls-hand] ep62 1200/1559 loss 0.0074 lr 1e-04 (75s)
[12:35:57]   [cls-hand] ep62 1300/1559 loss 0.0074 lr 1e-04 (81s)
[12:36:03]   [cls-hand] ep62 1400/1559 loss 0.0074 lr 1e-04 (87s)
[12:36:09]   [cls-hand] ep62 1500/1559 loss 0.0075 lr 1e-04 (93s)
[12:36:13]   [cls-hand] ep62 1559/1559 loss 0.0075 lr 1e-04 (97s)
[12:36:18]   [cls-hand] Epoch 62 완료 | train L1 0.0075 | val argmax-MAE 8.82
[12:36:24]   [cls-hand] ep63 100/1559 loss 0.0066 lr 1e-04 (6s)
[12:36:30]   [cls-hand] ep63 200/1559 loss 0.0068 lr 1e-04 (13s)
[12:36:37]   [cls-hand] ep63 300/1559 loss 0.0072 lr 1e-04 (19s)
[12:36:43]   [cls-hand] ep63 400/1559 loss 0.0074 lr 1e-04 (25s)
[12:36:49]   [cls-hand] ep63 500/1559 loss 0.0074 lr 1e-04 (31s)
[12:36:55]   [cls-hand] ep63 600/1559 loss 0.0073 lr 1e-04 (37s)
[12:37:02]   [cls-hand] ep63 700/1559 loss 0.0073 lr 1e-04 (44s)
[12:37:08]   [cls-hand] ep63 800/1559 loss 0.0073 lr 1e-04 (50s)
[12:37:14]   [cls-hand] ep63 900/1559 loss 0.0073 lr 1e-04 (56s)
[12:37:20]   [cls-hand] ep63 1000/1559 loss 0.0072 lr 1e-04 (62s)
[12:37:26]   [cls-hand] ep63 1100/1559 loss 0.0072 lr 1e-04 (68s)
[12:37:33]   [cls-hand] ep63 1200/1559 loss 0.0073 lr 1e-04 (75s)
[12:37:39]   [cls-hand] ep63 1300/1559 loss 0.0073 lr 1e-04 (81s)
[12:37:45]   [cls-hand] ep63 1400/1559 loss 0.0073 lr 1e-04 (87s)
[12:37:51]   [cls-hand] ep63 1500/1559 loss 0.0073 lr 1e-04 (93s)
[12:37:55]   [cls-hand] ep63 1559/1559 loss 0.0074 lr 1e-04 (97s)
[12:38:00]   [cls-hand] Epoch 63 완료 | train L1 0.0074 | val argmax-MAE 8.91
[12:38:06]   [cls-hand] ep64 100/1559 loss 0.0075 lr 1e-04 (6s)
[12:38:12]   [cls-hand] ep64 200/1559 loss 0.0074 lr 1e-04 (12s)
[12:38:19]   [cls-hand] ep64 300/1559 loss 0.0073 lr 1e-04 (19s)
[12:38:25]   [cls-hand] ep64 400/1559 loss 0.0074 lr 1e-04 (25s)
[12:38:31]   [cls-hand] ep64 500/1559 loss 0.0072 lr 1e-04 (31s)
[12:38:37]   [cls-hand] ep64 600/1559 loss 0.0072 lr 1e-04 (37s)
[12:38:44]   [cls-hand] ep64 700/1559 loss 0.0073 lr 1e-04 (44s)
[12:38:50]   [cls-hand] ep64 800/1559 loss 0.0072 lr 1e-04 (50s)
[12:38:56]   [cls-hand] ep64 900/1559 loss 0.0071 lr 1e-04 (56s)
[12:39:02]   [cls-hand] ep64 1000/1559 loss 0.0071 lr 1e-04 (62s)
[12:39:08]   [cls-hand] ep64 1100/1559 loss 0.0072 lr 1e-04 (68s)
[12:39:14]   [cls-hand] ep64 1200/1559 loss 0.0071 lr 1e-04 (74s)
[12:39:20]   [cls-hand] ep64 1300/1559 loss 0.0072 lr 1e-04 (80s)
[12:39:26]   [cls-hand] ep64 1400/1559 loss 0.0072 lr 1e-04 (86s)
[12:39:32]   [cls-hand] ep64 1500/1559 loss 0.0072 lr 1e-04 (93s)
[12:39:36]   [cls-hand] ep64 1559/1559 loss 0.0072 lr 1e-04 (96s)
[12:39:41]   [cls-hand] Epoch 64 완료 | train L1 0.0072 | val argmax-MAE 8.73
[12:39:47]   [cls-hand] ep65 100/1559 loss 0.0082 lr 1e-04 (6s)
[12:39:54]   [cls-hand] ep65 200/1559 loss 0.0075 lr 1e-04 (12s)
[12:40:00]   [cls-hand] ep65 300/1559 loss 0.0074 lr 1e-04 (19s)
[12:40:06]   [cls-hand] ep65 400/1559 loss 0.0073 lr 1e-04 (25s)
[12:40:12]   [cls-hand] ep65 500/1559 loss 0.0072 lr 1e-04 (31s)
[12:40:19]   [cls-hand] ep65 600/1559 loss 0.0071 lr 1e-04 (38s)
[12:40:25]   [cls-hand] ep65 700/1559 loss 0.0069 lr 1e-04 (44s)
[12:40:31]   [cls-hand] ep65 800/1559 loss 0.0070 lr 1e-04 (50s)
[12:40:37]   [cls-hand] ep65 900/1559 loss 0.0070 lr 1e-04 (55s)
[12:40:43]   [cls-hand] ep65 1000/1559 loss 0.0070 lr 1e-04 (61s)
[12:40:49]   [cls-hand] ep65 1100/1559 loss 0.0070 lr 1e-04 (68s)
[12:40:55]   [cls-hand] ep65 1200/1559 loss 0.0070 lr 1e-04 (74s)
[12:41:01]   [cls-hand] ep65 1300/1559 loss 0.0070 lr 1e-04 (80s)
[12:41:08]   [cls-hand] ep65 1400/1559 loss 0.0071 lr 1e-04 (86s)
[12:41:14]   [cls-hand] ep65 1500/1559 loss 0.0071 lr 1e-04 (93s)
[12:41:18]   [cls-hand] ep65 1559/1559 loss 0.0071 lr 1e-04 (96s)
[12:41:23]   [cls-hand] Epoch 65 완료 | train L1 0.0071 | val argmax-MAE 8.95
[12:41:29]   [cls-hand] ep66 100/1559 loss 0.0077 lr 1e-04 (6s)
[12:41:35]   [cls-hand] ep66 200/1559 loss 0.0075 lr 1e-04 (12s)
[12:41:41]   [cls-hand] ep66 300/1559 loss 0.0073 lr 1e-04 (19s)
[12:41:47]   [cls-hand] ep66 400/1559 loss 0.0073 lr 1e-04 (25s)
[12:41:54]   [cls-hand] ep66 500/1559 loss 0.0074 lr 1e-04 (31s)
[12:42:00]   [cls-hand] ep66 600/1559 loss 0.0073 lr 1e-04 (37s)
[12:42:06]   [cls-hand] ep66 700/1559 loss 0.0073 lr 1e-04 (44s)
[12:42:12]   [cls-hand] ep66 800/1559 loss 0.0073 lr 1e-04 (50s)
[12:42:19]   [cls-hand] ep66 900/1559 loss 0.0073 lr 1e-04 (56s)
[12:42:25]   [cls-hand] ep66 1000/1559 loss 0.0072 lr 1e-04 (62s)
[12:42:31]   [cls-hand] ep66 1100/1559 loss 0.0072 lr 1e-04 (69s)
[12:42:37]   [cls-hand] ep66 1200/1559 loss 0.0072 lr 1e-04 (75s)
[12:42:44]   [cls-hand] ep66 1300/1559 loss 0.0072 lr 1e-04 (81s)
[12:42:50]   [cls-hand] ep66 1400/1559 loss 0.0071 lr 1e-04 (87s)
[12:42:56]   [cls-hand] ep66 1500/1559 loss 0.0071 lr 1e-04 (93s)
[12:43:00]   [cls-hand] ep66 1559/1559 loss 0.0072 lr 1e-04 (97s)
[12:43:05]   [cls-hand] Epoch 66 완료 | train L1 0.0072 | val argmax-MAE 9.04
[12:43:11]   [cls-hand] ep67 100/1559 loss 0.0066 lr 1e-04 (6s)
[12:43:17]   [cls-hand] ep67 200/1559 loss 0.0069 lr 1e-04 (13s)
[12:43:23]   [cls-hand] ep67 300/1559 loss 0.0066 lr 1e-04 (19s)
[12:43:30]   [cls-hand] ep67 400/1559 loss 0.0066 lr 1e-04 (25s)
[12:43:36]   [cls-hand] ep67 500/1559 loss 0.0067 lr 1e-04 (31s)
[12:43:42]   [cls-hand] ep67 600/1559 loss 0.0068 lr 1e-04 (37s)
[12:43:48]   [cls-hand] ep67 700/1559 loss 0.0067 lr 1e-04 (44s)
[12:43:55]   [cls-hand] ep67 800/1559 loss 0.0068 lr 1e-04 (50s)
[12:44:01]   [cls-hand] ep67 900/1559 loss 0.0068 lr 1e-04 (56s)
[12:44:07]   [cls-hand] ep67 1000/1559 loss 0.0068 lr 1e-04 (62s)
[12:44:13]   [cls-hand] ep67 1100/1559 loss 0.0068 lr 1e-04 (69s)
[12:44:20]   [cls-hand] ep67 1200/1559 loss 0.0068 lr 1e-04 (75s)
[12:44:26]   [cls-hand] ep67 1300/1559 loss 0.0069 lr 1e-04 (81s)
[12:44:32]   [cls-hand] ep67 1400/1559 loss 0.0070 lr 1e-04 (87s)
[12:44:38]   [cls-hand] ep67 1500/1559 loss 0.0070 lr 1e-04 (94s)
[12:44:42]   [cls-hand] ep67 1559/1559 loss 0.0070 lr 1e-04 (97s)
[12:44:47]   [cls-hand] Epoch 67 완료 | train L1 0.0070 | val argmax-MAE 8.86
[12:44:53]   [cls-hand] ep68 100/1559 loss 0.0076 lr 1e-04 (6s)
[12:44:59]   [cls-hand] ep68 200/1559 loss 0.0071 lr 1e-04 (12s)
[12:45:06]   [cls-hand] ep68 300/1559 loss 0.0070 lr 1e-04 (19s)
[12:45:12]   [cls-hand] ep68 400/1559 loss 0.0069 lr 1e-04 (25s)
[12:45:18]   [cls-hand] ep68 500/1559 loss 0.0069 lr 1e-04 (31s)
[12:45:24]   [cls-hand] ep68 600/1559 loss 0.0069 lr 1e-04 (37s)
[12:45:31]   [cls-hand] ep68 700/1559 loss 0.0070 lr 1e-04 (44s)
[12:45:37]   [cls-hand] ep68 800/1559 loss 0.0070 lr 1e-04 (50s)
[12:45:43]   [cls-hand] ep68 900/1559 loss 0.0070 lr 1e-04 (56s)
[12:45:49]   [cls-hand] ep68 1000/1559 loss 0.0070 lr 1e-04 (62s)
[12:45:55]   [cls-hand] ep68 1100/1559 loss 0.0069 lr 1e-04 (68s)
[12:46:02]   [cls-hand] ep68 1200/1559 loss 0.0069 lr 1e-04 (75s)
[12:46:08]   [cls-hand] ep68 1300/1559 loss 0.0068 lr 1e-04 (81s)
[12:46:14]   [cls-hand] ep68 1400/1559 loss 0.0068 lr 1e-04 (87s)
[12:46:20]   [cls-hand] ep68 1500/1559 loss 0.0068 lr 1e-04 (93s)
[12:46:24]   [cls-hand] ep68 1559/1559 loss 0.0069 lr 1e-04 (97s)
[12:46:29]   [cls-hand] Epoch 68 완료 | train L1 0.0069 | val argmax-MAE 8.96
[12:46:35]   [cls-hand] ep69 100/1559 loss 0.0068 lr 1e-04 (6s)
[12:46:40]   [cls-hand] ep69 200/1559 loss 0.0066 lr 1e-04 (11s)
[12:46:45]   [cls-hand] ep69 300/1559 loss 0.0067 lr 1e-04 (16s)
[12:46:50]   [cls-hand] ep69 400/1559 loss 0.0069 lr 1e-04 (21s)
[12:46:56]   [cls-hand] ep69 500/1559 loss 0.0069 lr 1e-04 (27s)
[12:47:03]   [cls-hand] ep69 600/1559 loss 0.0069 lr 1e-04 (33s)
[12:47:09]   [cls-hand] ep69 700/1559 loss 0.0069 lr 1e-04 (40s)
[12:47:15]   [cls-hand] ep69 800/1559 loss 0.0068 lr 1e-04 (46s)
[12:47:21]   [cls-hand] ep69 900/1559 loss 0.0068 lr 1e-04 (52s)
[12:47:27]   [cls-hand] ep69 1000/1559 loss 0.0067 lr 1e-04 (58s)
[12:47:34]   [cls-hand] ep69 1100/1559 loss 0.0068 lr 1e-04 (65s)
[12:47:40]   [cls-hand] ep69 1200/1559 loss 0.0068 lr 1e-04 (71s)
[12:47:46]   [cls-hand] ep69 1300/1559 loss 0.0068 lr 1e-04 (77s)
[12:47:52]   [cls-hand] ep69 1400/1559 loss 0.0068 lr 1e-04 (83s)
[12:47:58]   [cls-hand] ep69 1500/1559 loss 0.0067 lr 1e-04 (89s)
[12:48:02]   [cls-hand] ep69 1559/1559 loss 0.0067 lr 1e-04 (93s)
[12:48:07]   [cls-hand] Epoch 69 완료 | train L1 0.0067 | val argmax-MAE 9.04
[12:48:13]   [cls-hand] ep70 100/1559 loss 0.0073 lr 1e-04 (6s)
[12:48:19]   [cls-hand] ep70 200/1559 loss 0.0067 lr 1e-04 (12s)
[12:48:26]   [cls-hand] ep70 300/1559 loss 0.0068 lr 1e-04 (19s)
[12:48:32]   [cls-hand] ep70 400/1559 loss 0.0068 lr 1e-04 (25s)
[12:48:38]   [cls-hand] ep70 500/1559 loss 0.0066 lr 1e-04 (31s)
[12:48:44]   [cls-hand] ep70 600/1559 loss 0.0065 lr 1e-04 (37s)
[12:48:51]   [cls-hand] ep70 700/1559 loss 0.0065 lr 1e-04 (43s)
[12:48:57]   [cls-hand] ep70 800/1559 loss 0.0065 lr 1e-04 (50s)
[12:49:03]   [cls-hand] ep70 900/1559 loss 0.0066 lr 1e-04 (56s)
[12:49:09]   [cls-hand] ep70 1000/1559 loss 0.0065 lr 1e-04 (62s)
[12:49:15]   [cls-hand] ep70 1100/1559 loss 0.0065 lr 1e-04 (68s)
[12:49:22]   [cls-hand] ep70 1200/1559 loss 0.0066 lr 1e-04 (74s)
[12:49:28]   [cls-hand] ep70 1300/1559 loss 0.0066 lr 1e-04 (81s)
[12:49:34]   [cls-hand] ep70 1400/1559 loss 0.0066 lr 1e-04 (87s)
[12:49:40]   [cls-hand] ep70 1500/1559 loss 0.0067 lr 1e-04 (93s)
[12:49:44]   [cls-hand] ep70 1559/1559 loss 0.0067 lr 1e-04 (97s)
[12:49:49]   [cls-hand] Epoch 70 완료 | train L1 0.0067 | val argmax-MAE 9.11
[12:49:49] [cls-hand] 학습 완료 | best argmax-MAE 8.72
[12:50:25]   [hand] train 1000/12473  (마스크실패 0)
[12:50:55]   [hand] train 2000/12473  (마스크실패 0)
[12:51:27]   [hand] train 3000/12473  (마스크실패 0)
[12:52:03]   [hand] train 4000/12473  (마스크실패 0)
[12:52:39]   [hand] train 5000/12473  (마스크실패 0)
[12:53:14]   [hand] train 6000/12473  (마스크실패 0)
[12:53:50]   [hand] train 7000/12473  (마스크실패 0)
[12:54:25]   [hand] train 8000/12473  (마스크실패 0)
[12:55:01]   [hand] train 9000/12473  (마스크실패 0)
[12:55:37]   [hand] train 10000/12473  (마스크실패 0)
[12:56:13]   [hand] train 11000/12473  (마스크실패 0)
[12:56:48]   [hand] train 12000/12473  (마스크실패 0)
[12:57:05] [hand:train] 완료 | 정상 12473 | 마스크실패(전체영역 대체) 0
[12:57:40]   [hand] val 1000/1384  (마스크실패 0)
[12:57:54] [hand:val] 완료 | 정상 1384 | 마스크실패(전체영역 대체) 0
[12:58:02] [hand:test] 완료 | 정상 195 | 마스크실패(전체영역 대체) 0
[12:58:02] ### Phase I-b : Region-1(수근골) 국소화 + Erased 생성 ###
[12:58:02] [cls-r1] 분류 모델 학습 시작 | pool=gmp size=560 src=base560 epochs=70
[12:58:02] [backbone] timm 'inception_v3' 로드 완료 (pretrained=True)
[12:58:02] [cls-gmp] feat (2048, 16, 16) -> FC 2048->240
[12:58:18]   [cls-r1] ep01 100/1559 loss 0.2737 lr 3e-04 (15s)
[12:58:33]   [cls-r1] ep01 200/1559 loss 0.2149 lr 3e-04 (30s)
[12:58:47]   [cls-r1] ep01 300/1559 loss 0.1887 lr 3e-04 (45s)
[12:59:02]   [cls-r1] ep01 400/1559 loss 0.1734 lr 3e-04 (60s)
[12:59:18]   [cls-r1] ep01 500/1559 loss 0.1609 lr 3e-04 (75s)
[12:59:33]   [cls-r1] ep01 600/1559 loss 0.1524 lr 3e-04 (91s)
[12:59:49]   [cls-r1] ep01 700/1559 loss 0.1455 lr 3e-04 (106s)
[13:00:04]   [cls-r1] ep01 800/1559 loss 0.1408 lr 3e-04 (122s)
[13:00:20]   [cls-r1] ep01 900/1559 loss 0.1368 lr 3e-04 (137s)
[13:00:35]   [cls-r1] ep01 1000/1559 loss 0.1332 lr 3e-04 (153s)
[13:00:51]   [cls-r1] ep01 1100/1559 loss 0.1301 lr 3e-04 (168s)
[13:01:06]   [cls-r1] ep01 1200/1559 loss 0.1273 lr 3e-04 (183s)
[13:01:21]   [cls-r1] ep01 1300/1559 loss 0.1251 lr 3e-04 (199s)
[13:01:37]   [cls-r1] ep01 1400/1559 loss 0.1228 lr 3e-04 (214s)
[13:01:52]   [cls-r1] ep01 1500/1559 loss 0.1210 lr 3e-04 (230s)
[13:02:01]   [cls-r1] ep01 1559/1559 loss 0.1198 lr 3e-04 (239s)
[13:02:21]   [cls-r1] Epoch 01 완료 | train L1 0.1198 | val argmax-MAE 11.88
[13:02:21]   [cls-r1] * best 저장 (argmax-MAE 11.88)
[13:02:30]   [cls-r1] ep02 100/1559 loss 0.0919 lr 3e-04 (9s)
[13:02:39]   [cls-r1] ep02 200/1559 loss 0.0906 lr 3e-04 (18s)
[13:02:48]   [cls-r1] ep02 300/1559 loss 0.0895 lr 3e-04 (27s)
[13:02:57]   [cls-r1] ep02 400/1559 loss 0.0884 lr 3e-04 (37s)
[13:03:07]   [cls-r1] ep02 500/1559 loss 0.0891 lr 3e-04 (46s)
[13:03:16]   [cls-r1] ep02 600/1559 loss 0.0888 lr 3e-04 (55s)
[13:03:25]   [cls-r1] ep02 700/1559 loss 0.0885 lr 3e-04 (64s)
[13:03:34]   [cls-r1] ep02 800/1559 loss 0.0881 lr 3e-04 (73s)
[13:03:43]   [cls-r1] ep02 900/1559 loss 0.0883 lr 3e-04 (82s)
[13:03:51]   [cls-r1] ep02 1000/1559 loss 0.0875 lr 3e-04 (90s)
[13:03:59]   [cls-r1] ep02 1100/1559 loss 0.0873 lr 3e-04 (98s)
[13:04:06]   [cls-r1] ep02 1200/1559 loss 0.0871 lr 3e-04 (106s)
[13:04:14]   [cls-r1] ep02 1300/1559 loss 0.0867 lr 3e-04 (113s)
[13:04:22]   [cls-r1] ep02 1400/1559 loss 0.0868 lr 3e-04 (121s)
[13:04:31]   [cls-r1] ep02 1500/1559 loss 0.0866 lr 3e-04 (130s)
[13:04:36]   [cls-r1] ep02 1559/1559 loss 0.0865 lr 3e-04 (136s)
[13:04:45]   [cls-r1] Epoch 02 완료 | train L1 0.0865 | val argmax-MAE 9.95
[13:04:45]   [cls-r1] * best 저장 (argmax-MAE 9.95)
[13:04:54]   [cls-r1] ep03 100/1559 loss 0.0811 lr 3e-04 (9s)
[13:05:03]   [cls-r1] ep03 200/1559 loss 0.0795 lr 3e-04 (18s)
[13:05:12]   [cls-r1] ep03 300/1559 loss 0.0800 lr 3e-04 (27s)
[13:05:21]   [cls-r1] ep03 400/1559 loss 0.0796 lr 3e-04 (36s)
[13:05:30]   [cls-r1] ep03 500/1559 loss 0.0797 lr 3e-04 (46s)
[13:05:40]   [cls-r1] ep03 600/1559 loss 0.0799 lr 3e-04 (55s)
[13:05:49]   [cls-r1] ep03 700/1559 loss 0.0791 lr 3e-04 (64s)
[13:05:58]   [cls-r1] ep03 800/1559 loss 0.0790 lr 3e-04 (73s)
[13:06:07]   [cls-r1] ep03 900/1559 loss 0.0794 lr 3e-04 (82s)
[13:06:16]   [cls-r1] ep03 1000/1559 loss 0.0791 lr 3e-04 (91s)
[13:06:25]   [cls-r1] ep03 1100/1559 loss 0.0791 lr 3e-04 (100s)
[13:06:34]   [cls-r1] ep03 1200/1559 loss 0.0791 lr 3e-04 (109s)
[13:06:43]   [cls-r1] ep03 1300/1559 loss 0.0788 lr 3e-04 (118s)
[13:06:52]   [cls-r1] ep03 1400/1559 loss 0.0786 lr 3e-04 (127s)
[13:07:02]   [cls-r1] ep03 1500/1559 loss 0.0784 lr 3e-04 (137s)
[13:07:07]   [cls-r1] ep03 1559/1559 loss 0.0783 lr 3e-04 (142s)
[13:07:15]   [cls-r1] Epoch 03 완료 | train L1 0.0783 | val argmax-MAE 10.33
[13:07:24]   [cls-r1] ep04 100/1559 loss 0.0709 lr 3e-04 (9s)
[13:07:34]   [cls-r1] ep04 200/1559 loss 0.0694 lr 3e-04 (18s)
[13:07:43]   [cls-r1] ep04 300/1559 loss 0.0704 lr 3e-04 (27s)
[13:07:52]   [cls-r1] ep04 400/1559 loss 0.0711 lr 3e-04 (37s)
[13:08:01]   [cls-r1] ep04 500/1559 loss 0.0716 lr 3e-04 (46s)
[13:08:10]   [cls-r1] ep04 600/1559 loss 0.0718 lr 3e-04 (55s)
[13:08:19]   [cls-r1] ep04 700/1559 loss 0.0719 lr 3e-04 (64s)
[13:08:28]   [cls-r1] ep04 800/1559 loss 0.0718 lr 3e-04 (73s)
[13:08:37]   [cls-r1] ep04 900/1559 loss 0.0719 lr 3e-04 (82s)
[13:08:46]   [cls-r1] ep04 1000/1559 loss 0.0719 lr 3e-04 (91s)
[13:08:55]   [cls-r1] ep04 1100/1559 loss 0.0717 lr 3e-04 (100s)
[13:09:05]   [cls-r1] ep04 1200/1559 loss 0.0718 lr 3e-04 (109s)
[13:09:14]   [cls-r1] ep04 1300/1559 loss 0.0720 lr 3e-04 (118s)
[13:09:23]   [cls-r1] ep04 1400/1559 loss 0.0721 lr 3e-04 (127s)
[13:09:32]   [cls-r1] ep04 1500/1559 loss 0.0720 lr 3e-04 (137s)
[13:09:37]   [cls-r1] ep04 1559/1559 loss 0.0719 lr 3e-04 (142s)
[13:09:46]   [cls-r1] Epoch 04 완료 | train L1 0.0719 | val argmax-MAE 10.14
[13:09:55]   [cls-r1] ep05 100/1559 loss 0.0664 lr 3e-04 (9s)
[13:10:04]   [cls-r1] ep05 200/1559 loss 0.0656 lr 3e-04 (18s)
[13:10:13]   [cls-r1] ep05 300/1559 loss 0.0652 lr 3e-04 (27s)
[13:10:22]   [cls-r1] ep05 400/1559 loss 0.0660 lr 3e-04 (37s)
[13:10:31]   [cls-r1] ep05 500/1559 loss 0.0663 lr 3e-04 (46s)
[13:10:40]   [cls-r1] ep05 600/1559 loss 0.0662 lr 3e-04 (55s)
[13:10:49]   [cls-r1] ep05 700/1559 loss 0.0661 lr 3e-04 (64s)
[13:10:58]   [cls-r1] ep05 800/1559 loss 0.0661 lr 3e-04 (73s)
[13:11:07]   [cls-r1] ep05 900/1559 loss 0.0662 lr 3e-04 (82s)
[13:11:17]   [cls-r1] ep05 1000/1559 loss 0.0661 lr 3e-04 (91s)
[13:11:26]   [cls-r1] ep05 1100/1559 loss 0.0661 lr 3e-04 (100s)
[13:11:35]   [cls-r1] ep05 1200/1559 loss 0.0659 lr 3e-04 (109s)
[13:11:44]   [cls-r1] ep05 1300/1559 loss 0.0661 lr 3e-04 (118s)
[13:11:53]   [cls-r1] ep05 1400/1559 loss 0.0664 lr 3e-04 (128s)
[13:12:02]   [cls-r1] ep05 1500/1559 loss 0.0665 lr 3e-04 (137s)
[13:12:07]   [cls-r1] ep05 1559/1559 loss 0.0664 lr 3e-04 (142s)
[13:12:16]   [cls-r1] Epoch 05 완료 | train L1 0.0664 | val argmax-MAE 10.46
[13:12:25]   [cls-r1] ep06 100/1559 loss 0.0637 lr 3e-04 (9s)
[13:12:34]   [cls-r1] ep06 200/1559 loss 0.0615 lr 3e-04 (18s)
[13:12:43]   [cls-r1] ep06 300/1559 loss 0.0618 lr 3e-04 (27s)
[13:12:52]   [cls-r1] ep06 400/1559 loss 0.0610 lr 3e-04 (36s)
[13:13:01]   [cls-r1] ep06 500/1559 loss 0.0610 lr 3e-04 (45s)
[13:13:10]   [cls-r1] ep06 600/1559 loss 0.0611 lr 3e-04 (55s)
[13:13:19]   [cls-r1] ep06 700/1559 loss 0.0610 lr 3e-04 (64s)
[13:13:28]   [cls-r1] ep06 800/1559 loss 0.0619 lr 3e-04 (73s)
[13:13:38]   [cls-r1] ep06 900/1559 loss 0.0620 lr 3e-04 (82s)
[13:13:47]   [cls-r1] ep06 1000/1559 loss 0.0621 lr 3e-04 (91s)
[13:13:56]   [cls-r1] ep06 1100/1559 loss 0.0620 lr 3e-04 (100s)
[13:14:05]   [cls-r1] ep06 1200/1559 loss 0.0617 lr 3e-04 (109s)
[13:14:14]   [cls-r1] ep06 1300/1559 loss 0.0619 lr 3e-04 (118s)
[13:14:23]   [cls-r1] ep06 1400/1559 loss 0.0619 lr 3e-04 (127s)
[13:14:32]   [cls-r1] ep06 1500/1559 loss 0.0620 lr 3e-04 (136s)
[13:14:38]   [cls-r1] ep06 1559/1559 loss 0.0620 lr 3e-04 (142s)
[13:14:46]   [cls-r1] Epoch 06 완료 | train L1 0.0620 | val argmax-MAE 9.82
[13:14:46]   [cls-r1] * best 저장 (argmax-MAE 9.82)
[13:14:55]   [cls-r1] ep07 100/1559 loss 0.0538 lr 3e-04 (9s)
[13:15:04]   [cls-r1] ep07 200/1559 loss 0.0538 lr 3e-04 (18s)
[13:15:13]   [cls-r1] ep07 300/1559 loss 0.0547 lr 3e-04 (27s)
[13:15:22]   [cls-r1] ep07 400/1559 loss 0.0556 lr 3e-04 (36s)
[13:15:32]   [cls-r1] ep07 500/1559 loss 0.0562 lr 3e-04 (46s)
[13:15:41]   [cls-r1] ep07 600/1559 loss 0.0562 lr 3e-04 (55s)
[13:15:50]   [cls-r1] ep07 700/1559 loss 0.0567 lr 3e-04 (64s)
[13:15:59]   [cls-r1] ep07 800/1559 loss 0.0568 lr 3e-04 (73s)
[13:16:08]   [cls-r1] ep07 900/1559 loss 0.0569 lr 3e-04 (82s)
[13:16:16]   [cls-r1] ep07 1000/1559 loss 0.0567 lr 3e-04 (90s)
[13:16:24]   [cls-r1] ep07 1100/1559 loss 0.0568 lr 3e-04 (98s)
[13:16:32]   [cls-r1] ep07 1200/1559 loss 0.0568 lr 3e-04 (106s)
[13:16:40]   [cls-r1] ep07 1300/1559 loss 0.0570 lr 3e-04 (114s)
[13:16:49]   [cls-r1] ep07 1400/1559 loss 0.0570 lr 3e-04 (123s)
[13:16:58]   [cls-r1] ep07 1500/1559 loss 0.0568 lr 3e-04 (132s)
[13:17:03]   [cls-r1] ep07 1559/1559 loss 0.0569 lr 3e-04 (137s)
[13:17:12]   [cls-r1] Epoch 07 완료 | train L1 0.0569 | val argmax-MAE 9.40
[13:17:12]   [cls-r1] * best 저장 (argmax-MAE 9.40)
[13:17:21]   [cls-r1] ep08 100/1559 loss 0.0496 lr 3e-04 (9s)
[13:17:30]   [cls-r1] ep08 200/1559 loss 0.0508 lr 3e-04 (18s)
[13:17:39]   [cls-r1] ep08 300/1559 loss 0.0514 lr 3e-04 (27s)
[13:17:48]   [cls-r1] ep08 400/1559 loss 0.0513 lr 3e-04 (37s)
[13:17:57]   [cls-r1] ep08 500/1559 loss 0.0511 lr 3e-04 (45s)
[13:18:06]   [cls-r1] ep08 600/1559 loss 0.0514 lr 3e-04 (54s)
[13:18:15]   [cls-r1] ep08 700/1559 loss 0.0514 lr 3e-04 (64s)
[13:18:24]   [cls-r1] ep08 800/1559 loss 0.0516 lr 3e-04 (73s)
[13:18:34]   [cls-r1] ep08 900/1559 loss 0.0518 lr 3e-04 (82s)
[13:18:43]   [cls-r1] ep08 1000/1559 loss 0.0520 lr 3e-04 (91s)
[13:18:52]   [cls-r1] ep08 1100/1559 loss 0.0520 lr 3e-04 (100s)
[13:19:01]   [cls-r1] ep08 1200/1559 loss 0.0522 lr 3e-04 (109s)
[13:19:10]   [cls-r1] ep08 1300/1559 loss 0.0524 lr 3e-04 (119s)
[13:19:19]   [cls-r1] ep08 1400/1559 loss 0.0525 lr 3e-04 (128s)
[13:19:28]   [cls-r1] ep08 1500/1559 loss 0.0526 lr 3e-04 (137s)
[13:19:34]   [cls-r1] ep08 1559/1559 loss 0.0528 lr 3e-04 (142s)
[13:19:42]   [cls-r1] Epoch 08 완료 | train L1 0.0528 | val argmax-MAE 9.42
[13:19:51]   [cls-r1] ep09 100/1559 loss 0.0490 lr 3e-04 (9s)
[13:20:01]   [cls-r1] ep09 200/1559 loss 0.0481 lr 3e-04 (18s)
[13:20:10]   [cls-r1] ep09 300/1559 loss 0.0477 lr 3e-04 (27s)
[13:20:19]   [cls-r1] ep09 400/1559 loss 0.0477 lr 3e-04 (37s)
[13:20:28]   [cls-r1] ep09 500/1559 loss 0.0478 lr 3e-04 (46s)
[13:20:37]   [cls-r1] ep09 600/1559 loss 0.0477 lr 3e-04 (55s)
[13:20:46]   [cls-r1] ep09 700/1559 loss 0.0477 lr 3e-04 (64s)
[13:20:55]   [cls-r1] ep09 800/1559 loss 0.0480 lr 3e-04 (73s)
[13:21:04]   [cls-r1] ep09 900/1559 loss 0.0480 lr 3e-04 (82s)
[13:21:14]   [cls-r1] ep09 1000/1559 loss 0.0481 lr 3e-04 (91s)
[13:21:23]   [cls-r1] ep09 1100/1559 loss 0.0483 lr 3e-04 (100s)
[13:21:32]   [cls-r1] ep09 1200/1559 loss 0.0482 lr 3e-04 (110s)
[13:21:41]   [cls-r1] ep09 1300/1559 loss 0.0485 lr 3e-04 (119s)
[13:21:50]   [cls-r1] ep09 1400/1559 loss 0.0486 lr 3e-04 (128s)
[13:21:59]   [cls-r1] ep09 1500/1559 loss 0.0486 lr 3e-04 (137s)
[13:22:05]   [cls-r1] ep09 1559/1559 loss 0.0485 lr 3e-04 (142s)
[13:22:12]   [cls-r1] Epoch 09 완료 | train L1 0.0485 | val argmax-MAE 9.59
[13:22:21]   [cls-r1] ep10 100/1559 loss 0.0454 lr 3e-04 (9s)
[13:22:30]   [cls-r1] ep10 200/1559 loss 0.0451 lr 3e-04 (18s)
[13:22:39]   [cls-r1] ep10 300/1559 loss 0.0445 lr 3e-04 (27s)
[13:22:48]   [cls-r1] ep10 400/1559 loss 0.0448 lr 3e-04 (36s)
[13:22:57]   [cls-r1] ep10 500/1559 loss 0.0447 lr 3e-04 (45s)
[13:23:07]   [cls-r1] ep10 600/1559 loss 0.0449 lr 3e-04 (55s)
[13:23:16]   [cls-r1] ep10 700/1559 loss 0.0448 lr 3e-04 (64s)
[13:23:25]   [cls-r1] ep10 800/1559 loss 0.0447 lr 3e-04 (73s)
[13:23:34]   [cls-r1] ep10 900/1559 loss 0.0450 lr 3e-04 (82s)
[13:23:43]   [cls-r1] ep10 1000/1559 loss 0.0450 lr 3e-04 (91s)
[13:23:52]   [cls-r1] ep10 1100/1559 loss 0.0452 lr 3e-04 (100s)
[13:24:01]   [cls-r1] ep10 1200/1559 loss 0.0453 lr 3e-04 (109s)
[13:24:10]   [cls-r1] ep10 1300/1559 loss 0.0455 lr 3e-04 (118s)
[13:24:19]   [cls-r1] ep10 1400/1559 loss 0.0457 lr 3e-04 (128s)
[13:24:29]   [cls-r1] ep10 1500/1559 loss 0.0456 lr 3e-04 (137s)
[13:24:34]   [cls-r1] ep10 1559/1559 loss 0.0457 lr 3e-04 (142s)
[13:24:42]   [cls-r1] Epoch 10 완료 | train L1 0.0457 | val argmax-MAE 9.50
[13:24:51]   [cls-r1] ep11 100/1559 loss 0.0449 lr 3e-04 (9s)
[13:25:01]   [cls-r1] ep11 200/1559 loss 0.0428 lr 3e-04 (18s)
[13:25:10]   [cls-r1] ep11 300/1559 loss 0.0424 lr 3e-04 (27s)
[13:25:19]   [cls-r1] ep11 400/1559 loss 0.0421 lr 3e-04 (37s)
[13:25:28]   [cls-r1] ep11 500/1559 loss 0.0421 lr 3e-04 (46s)
[13:25:37]   [cls-r1] ep11 600/1559 loss 0.0421 lr 3e-04 (55s)
[13:25:46]   [cls-r1] ep11 700/1559 loss 0.0426 lr 3e-04 (64s)
[13:25:55]   [cls-r1] ep11 800/1559 loss 0.0426 lr 3e-04 (73s)
[13:26:05]   [cls-r1] ep11 900/1559 loss 0.0425 lr 3e-04 (82s)
[13:26:14]   [cls-r1] ep11 1000/1559 loss 0.0425 lr 3e-04 (91s)
[13:26:23]   [cls-r1] ep11 1100/1559 loss 0.0426 lr 3e-04 (100s)
[13:26:32]   [cls-r1] ep11 1200/1559 loss 0.0426 lr 3e-04 (110s)
[13:26:41]   [cls-r1] ep11 1300/1559 loss 0.0425 lr 3e-04 (119s)
[13:26:50]   [cls-r1] ep11 1400/1559 loss 0.0427 lr 3e-04 (128s)
[13:26:58]   [cls-r1] ep11 1500/1559 loss 0.0426 lr 3e-04 (136s)
[13:27:03]   [cls-r1] ep11 1559/1559 loss 0.0427 lr 3e-04 (141s)
[13:27:12]   [cls-r1] Epoch 11 완료 | train L1 0.0427 | val argmax-MAE 9.39
[13:27:12]   [cls-r1] * best 저장 (argmax-MAE 9.39)
[13:27:21]   [cls-r1] ep12 100/1559 loss 0.0377 lr 3e-04 (9s)
[13:27:30]   [cls-r1] ep12 200/1559 loss 0.0401 lr 3e-04 (18s)
[13:27:39]   [cls-r1] ep12 300/1559 loss 0.0400 lr 3e-04 (27s)
[13:27:48]   [cls-r1] ep12 400/1559 loss 0.0393 lr 3e-04 (36s)
[13:27:58]   [cls-r1] ep12 500/1559 loss 0.0393 lr 3e-04 (46s)
[13:28:07]   [cls-r1] ep12 600/1559 loss 0.0392 lr 3e-04 (55s)
[13:28:16]   [cls-r1] ep12 700/1559 loss 0.0391 lr 3e-04 (64s)
[13:28:25]   [cls-r1] ep12 800/1559 loss 0.0394 lr 3e-04 (73s)
[13:28:34]   [cls-r1] ep12 900/1559 loss 0.0393 lr 3e-04 (82s)
[13:28:43]   [cls-r1] ep12 1000/1559 loss 0.0394 lr 3e-04 (91s)
[13:28:52]   [cls-r1] ep12 1100/1559 loss 0.0395 lr 3e-04 (100s)
[13:29:01]   [cls-r1] ep12 1200/1559 loss 0.0396 lr 3e-04 (109s)
[13:29:10]   [cls-r1] ep12 1300/1559 loss 0.0398 lr 3e-04 (118s)
[13:29:20]   [cls-r1] ep12 1400/1559 loss 0.0398 lr 3e-04 (128s)
[13:29:29]   [cls-r1] ep12 1500/1559 loss 0.0399 lr 3e-04 (137s)
[13:29:34]   [cls-r1] ep12 1559/1559 loss 0.0399 lr 3e-04 (142s)
[13:29:42]   [cls-r1] Epoch 12 완료 | train L1 0.0399 | val argmax-MAE 9.35
[13:29:43]   [cls-r1] * best 저장 (argmax-MAE 9.35)
[13:29:52]   [cls-r1] ep13 100/1559 loss 0.0372 lr 3e-04 (9s)
[13:30:01]   [cls-r1] ep13 200/1559 loss 0.0378 lr 3e-04 (18s)
[13:30:10]   [cls-r1] ep13 300/1559 loss 0.0374 lr 3e-04 (27s)
[13:30:19]   [cls-r1] ep13 400/1559 loss 0.0372 lr 3e-04 (37s)
[13:30:28]   [cls-r1] ep13 500/1559 loss 0.0375 lr 3e-04 (46s)
[13:30:37]   [cls-r1] ep13 600/1559 loss 0.0379 lr 3e-04 (55s)
[13:30:47]   [cls-r1] ep13 700/1559 loss 0.0380 lr 3e-04 (64s)
[13:30:56]   [cls-r1] ep13 800/1559 loss 0.0380 lr 3e-04 (73s)
[13:31:05]   [cls-r1] ep13 900/1559 loss 0.0379 lr 3e-04 (82s)
[13:31:14]   [cls-r1] ep13 1000/1559 loss 0.0378 lr 3e-04 (91s)
[13:31:23]   [cls-r1] ep13 1100/1559 loss 0.0381 lr 3e-04 (100s)
[13:31:32]   [cls-r1] ep13 1200/1559 loss 0.0382 lr 3e-04 (110s)
[13:31:41]   [cls-r1] ep13 1300/1559 loss 0.0383 lr 3e-04 (119s)
[13:31:50]   [cls-r1] ep13 1400/1559 loss 0.0383 lr 3e-04 (128s)
[13:32:00]   [cls-r1] ep13 1500/1559 loss 0.0382 lr 3e-04 (137s)
[13:32:05]   [cls-r1] ep13 1559/1559 loss 0.0383 lr 3e-04 (142s)
[13:32:13]   [cls-r1] Epoch 13 완료 | train L1 0.0383 | val argmax-MAE 9.20
[13:32:14]   [cls-r1] * best 저장 (argmax-MAE 9.20)
[13:32:23]   [cls-r1] ep14 100/1559 loss 0.0375 lr 3e-04 (9s)
[13:32:32]   [cls-r1] ep14 200/1559 loss 0.0364 lr 3e-04 (18s)
[13:32:41]   [cls-r1] ep14 300/1559 loss 0.0367 lr 3e-04 (27s)
[13:32:50]   [cls-r1] ep14 400/1559 loss 0.0365 lr 3e-04 (36s)
[13:32:59]   [cls-r1] ep14 500/1559 loss 0.0368 lr 3e-04 (46s)
[13:33:08]   [cls-r1] ep14 600/1559 loss 0.0371 lr 3e-04 (55s)
[13:33:17]   [cls-r1] ep14 700/1559 loss 0.0369 lr 3e-04 (64s)
[13:33:26]   [cls-r1] ep14 800/1559 loss 0.0368 lr 3e-04 (73s)
[13:33:35]   [cls-r1] ep14 900/1559 loss 0.0368 lr 3e-04 (82s)
[13:33:45]   [cls-r1] ep14 1000/1559 loss 0.0367 lr 3e-04 (91s)
[13:33:54]   [cls-r1] ep14 1100/1559 loss 0.0366 lr 3e-04 (100s)
[13:34:03]   [cls-r1] ep14 1200/1559 loss 0.0364 lr 3e-04 (109s)
[13:34:12]   [cls-r1] ep14 1300/1559 loss 0.0363 lr 3e-04 (118s)
[13:34:21]   [cls-r1] ep14 1400/1559 loss 0.0360 lr 3e-04 (128s)
[13:34:30]   [cls-r1] ep14 1500/1559 loss 0.0361 lr 3e-04 (137s)
[13:34:36]   [cls-r1] ep14 1559/1559 loss 0.0361 lr 3e-04 (142s)
[13:34:44]   [cls-r1] Epoch 14 완료 | train L1 0.0361 | val argmax-MAE 9.40
[13:34:53]   [cls-r1] ep15 100/1559 loss 0.0353 lr 3e-04 (9s)
[13:35:02]   [cls-r1] ep15 200/1559 loss 0.0350 lr 3e-04 (18s)
[13:35:11]   [cls-r1] ep15 300/1559 loss 0.0345 lr 3e-04 (27s)
[13:35:20]   [cls-r1] ep15 400/1559 loss 0.0343 lr 3e-04 (36s)
[13:35:30]   [cls-r1] ep15 500/1559 loss 0.0344 lr 3e-04 (46s)
[13:35:39]   [cls-r1] ep15 600/1559 loss 0.0343 lr 3e-04 (55s)
[13:35:48]   [cls-r1] ep15 700/1559 loss 0.0346 lr 3e-04 (64s)
[13:35:57]   [cls-r1] ep15 800/1559 loss 0.0345 lr 3e-04 (73s)
[13:36:06]   [cls-r1] ep15 900/1559 loss 0.0344 lr 3e-04 (82s)
[13:36:15]   [cls-r1] ep15 1000/1559 loss 0.0344 lr 3e-04 (91s)
[13:36:24]   [cls-r1] ep15 1100/1559 loss 0.0346 lr 3e-04 (100s)
[13:36:33]   [cls-r1] ep15 1200/1559 loss 0.0345 lr 3e-04 (110s)
[13:36:43]   [cls-r1] ep15 1300/1559 loss 0.0347 lr 3e-04 (119s)
[13:36:52]   [cls-r1] ep15 1400/1559 loss 0.0347 lr 3e-04 (128s)
[13:37:01]   [cls-r1] ep15 1500/1559 loss 0.0346 lr 3e-04 (137s)
[13:37:06]   [cls-r1] ep15 1559/1559 loss 0.0347 lr 3e-04 (142s)
[13:37:15]   [cls-r1] Epoch 15 완료 | train L1 0.0347 | val argmax-MAE 9.01
[13:37:15]   [cls-r1] * best 저장 (argmax-MAE 9.01)
[13:37:24]   [cls-r1] ep16 100/1559 loss 0.0333 lr 3e-04 (9s)
[13:37:33]   [cls-r1] ep16 200/1559 loss 0.0332 lr 3e-04 (18s)
[13:37:42]   [cls-r1] ep16 300/1559 loss 0.0336 lr 3e-04 (27s)
[13:37:51]   [cls-r1] ep16 400/1559 loss 0.0332 lr 3e-04 (37s)
[13:38:00]   [cls-r1] ep16 500/1559 loss 0.0332 lr 3e-04 (46s)
[13:38:10]   [cls-r1] ep16 600/1559 loss 0.0331 lr 3e-04 (55s)
[13:38:19]   [cls-r1] ep16 700/1559 loss 0.0333 lr 3e-04 (64s)
[13:38:28]   [cls-r1] ep16 800/1559 loss 0.0334 lr 3e-04 (73s)
[13:38:37]   [cls-r1] ep16 900/1559 loss 0.0333 lr 3e-04 (82s)
[13:38:46]   [cls-r1] ep16 1000/1559 loss 0.0334 lr 3e-04 (91s)
[13:38:55]   [cls-r1] ep16 1100/1559 loss 0.0333 lr 3e-04 (100s)
[13:39:04]   [cls-r1] ep16 1200/1559 loss 0.0333 lr 3e-04 (110s)
[13:39:14]   [cls-r1] ep16 1300/1559 loss 0.0333 lr 3e-04 (119s)
[13:39:23]   [cls-r1] ep16 1400/1559 loss 0.0333 lr 3e-04 (128s)
[13:39:32]   [cls-r1] ep16 1500/1559 loss 0.0333 lr 3e-04 (137s)
[13:39:37]   [cls-r1] ep16 1559/1559 loss 0.0332 lr 3e-04 (142s)
[13:39:46]   [cls-r1] Epoch 16 완료 | train L1 0.0332 | val argmax-MAE 9.19
[13:39:55]   [cls-r1] ep17 100/1559 loss 0.0312 lr 3e-04 (9s)
[13:40:04]   [cls-r1] ep17 200/1559 loss 0.0313 lr 3e-04 (18s)
[13:40:13]   [cls-r1] ep17 300/1559 loss 0.0315 lr 3e-04 (27s)
[13:40:22]   [cls-r1] ep17 400/1559 loss 0.0323 lr 3e-04 (36s)
[13:40:31]   [cls-r1] ep17 500/1559 loss 0.0323 lr 3e-04 (46s)
[13:40:40]   [cls-r1] ep17 600/1559 loss 0.0320 lr 3e-04 (55s)
[13:40:49]   [cls-r1] ep17 700/1559 loss 0.0321 lr 3e-04 (64s)
[13:40:58]   [cls-r1] ep17 800/1559 loss 0.0320 lr 3e-04 (73s)
[13:41:08]   [cls-r1] ep17 900/1559 loss 0.0321 lr 3e-04 (82s)
[13:41:17]   [cls-r1] ep17 1000/1559 loss 0.0322 lr 3e-04 (91s)
[13:41:26]   [cls-r1] ep17 1100/1559 loss 0.0320 lr 3e-04 (100s)
[13:41:35]   [cls-r1] ep17 1200/1559 loss 0.0321 lr 3e-04 (109s)
[13:41:44]   [cls-r1] ep17 1300/1559 loss 0.0321 lr 3e-04 (118s)
[13:41:53]   [cls-r1] ep17 1400/1559 loss 0.0321 lr 3e-04 (128s)
[13:42:02]   [cls-r1] ep17 1500/1559 loss 0.0322 lr 3e-04 (137s)
[13:42:08]   [cls-r1] ep17 1559/1559 loss 0.0321 lr 3e-04 (142s)
[13:42:16]   [cls-r1] Epoch 17 완료 | train L1 0.0321 | val argmax-MAE 9.05
[13:42:25]   [cls-r1] ep18 100/1559 loss 0.0293 lr 3e-04 (9s)
[13:42:34]   [cls-r1] ep18 200/1559 loss 0.0299 lr 3e-04 (18s)
[13:42:43]   [cls-r1] ep18 300/1559 loss 0.0296 lr 3e-04 (27s)
[13:42:52]   [cls-r1] ep18 400/1559 loss 0.0299 lr 3e-04 (36s)
[13:43:01]   [cls-r1] ep18 500/1559 loss 0.0300 lr 3e-04 (45s)
[13:43:11]   [cls-r1] ep18 600/1559 loss 0.0302 lr 3e-04 (55s)
[13:43:20]   [cls-r1] ep18 700/1559 loss 0.0305 lr 3e-04 (64s)
[13:43:29]   [cls-r1] ep18 800/1559 loss 0.0303 lr 3e-04 (73s)
[13:43:38]   [cls-r1] ep18 900/1559 loss 0.0305 lr 3e-04 (82s)
[13:43:47]   [cls-r1] ep18 1000/1559 loss 0.0305 lr 3e-04 (91s)
[13:43:56]   [cls-r1] ep18 1100/1559 loss 0.0306 lr 3e-04 (100s)
[13:44:05]   [cls-r1] ep18 1200/1559 loss 0.0305 lr 3e-04 (109s)
[13:44:14]   [cls-r1] ep18 1300/1559 loss 0.0304 lr 3e-04 (118s)
[13:44:24]   [cls-r1] ep18 1400/1559 loss 0.0304 lr 3e-04 (128s)
[13:44:33]   [cls-r1] ep18 1500/1559 loss 0.0303 lr 3e-04 (137s)
[13:44:38]   [cls-r1] ep18 1559/1559 loss 0.0304 lr 3e-04 (142s)
[13:44:46]   [cls-r1] Epoch 18 완료 | train L1 0.0304 | val argmax-MAE 9.05
[13:44:56]   [cls-r1] ep19 100/1559 loss 0.0279 lr 3e-04 (9s)
[13:45:05]   [cls-r1] ep19 200/1559 loss 0.0277 lr 3e-04 (18s)
[13:45:14]   [cls-r1] ep19 300/1559 loss 0.0279 lr 3e-04 (27s)
[13:45:23]   [cls-r1] ep19 400/1559 loss 0.0289 lr 3e-04 (37s)
[13:45:32]   [cls-r1] ep19 500/1559 loss 0.0291 lr 3e-04 (46s)
[13:45:41]   [cls-r1] ep19 600/1559 loss 0.0291 lr 3e-04 (55s)
[13:45:50]   [cls-r1] ep19 700/1559 loss 0.0289 lr 3e-04 (64s)
[13:46:00]   [cls-r1] ep19 800/1559 loss 0.0288 lr 3e-04 (73s)
[13:46:09]   [cls-r1] ep19 900/1559 loss 0.0292 lr 3e-04 (82s)
[13:46:18]   [cls-r1] ep19 1000/1559 loss 0.0292 lr 3e-04 (91s)
[13:46:27]   [cls-r1] ep19 1100/1559 loss 0.0291 lr 3e-04 (100s)
[13:46:36]   [cls-r1] ep19 1200/1559 loss 0.0292 lr 3e-04 (109s)
[13:46:44]   [cls-r1] ep19 1300/1559 loss 0.0292 lr 3e-04 (117s)
[13:46:53]   [cls-r1] ep19 1400/1559 loss 0.0291 lr 3e-04 (126s)
[13:47:02]   [cls-r1] ep19 1500/1559 loss 0.0292 lr 3e-04 (136s)
[13:47:07]   [cls-r1] ep19 1559/1559 loss 0.0294 lr 3e-04 (141s)
[13:47:16]   [cls-r1] Epoch 19 완료 | train L1 0.0294 | val argmax-MAE 8.92
[13:47:16]   [cls-r1] * best 저장 (argmax-MAE 8.92)
[13:47:25]   [cls-r1] ep20 100/1559 loss 0.0283 lr 3e-04 (9s)
[13:47:34]   [cls-r1] ep20 200/1559 loss 0.0285 lr 3e-04 (18s)
[13:47:43]   [cls-r1] ep20 300/1559 loss 0.0293 lr 3e-04 (27s)
[13:47:53]   [cls-r1] ep20 400/1559 loss 0.0293 lr 3e-04 (37s)
[13:48:02]   [cls-r1] ep20 500/1559 loss 0.0289 lr 3e-04 (46s)
[13:48:11]   [cls-r1] ep20 600/1559 loss 0.0289 lr 3e-04 (55s)
[13:48:20]   [cls-r1] ep20 700/1559 loss 0.0286 lr 3e-04 (64s)
[13:48:29]   [cls-r1] ep20 800/1559 loss 0.0286 lr 3e-04 (73s)
[13:48:37]   [cls-r1] ep20 900/1559 loss 0.0284 lr 3e-04 (81s)
[13:48:46]   [cls-r1] ep20 1000/1559 loss 0.0283 lr 3e-04 (91s)
[13:48:56]   [cls-r1] ep20 1100/1559 loss 0.0282 lr 3e-04 (100s)
[13:49:05]   [cls-r1] ep20 1200/1559 loss 0.0280 lr 3e-04 (109s)
[13:49:14]   [cls-r1] ep20 1300/1559 loss 0.0282 lr 3e-04 (118s)
[13:49:23]   [cls-r1] ep20 1400/1559 loss 0.0283 lr 3e-04 (127s)
[13:49:32]   [cls-r1] ep20 1500/1559 loss 0.0283 lr 3e-04 (136s)
[13:49:38]   [cls-r1] ep20 1559/1559 loss 0.0283 lr 3e-04 (142s)
[13:49:46]   [cls-r1] Epoch 20 완료 | train L1 0.0283 | val argmax-MAE 8.96
[13:49:55]   [cls-r1] ep21 100/1559 loss 0.0301 lr 3e-04 (9s)
[13:50:04]   [cls-r1] ep21 200/1559 loss 0.0289 lr 3e-04 (18s)
[13:50:13]   [cls-r1] ep21 300/1559 loss 0.0279 lr 3e-04 (27s)
[13:50:22]   [cls-r1] ep21 400/1559 loss 0.0272 lr 3e-04 (36s)
[13:50:32]   [cls-r1] ep21 500/1559 loss 0.0270 lr 3e-04 (46s)
[13:50:41]   [cls-r1] ep21 600/1559 loss 0.0274 lr 3e-04 (55s)
[13:50:50]   [cls-r1] ep21 700/1559 loss 0.0273 lr 3e-04 (64s)
[13:50:59]   [cls-r1] ep21 800/1559 loss 0.0274 lr 3e-04 (73s)
[13:51:08]   [cls-r1] ep21 900/1559 loss 0.0277 lr 3e-04 (82s)
[13:51:17]   [cls-r1] ep21 1000/1559 loss 0.0277 lr 3e-04 (91s)
[13:51:26]   [cls-r1] ep21 1100/1559 loss 0.0277 lr 3e-04 (101s)
[13:51:36]   [cls-r1] ep21 1200/1559 loss 0.0276 lr 3e-04 (110s)
[13:51:45]   [cls-r1] ep21 1300/1559 loss 0.0277 lr 3e-04 (119s)
[13:51:54]   [cls-r1] ep21 1400/1559 loss 0.0277 lr 3e-04 (128s)
[13:52:03]   [cls-r1] ep21 1500/1559 loss 0.0277 lr 3e-04 (137s)
[13:52:08]   [cls-r1] ep21 1559/1559 loss 0.0277 lr 3e-04 (143s)
[13:52:17]   [cls-r1] Epoch 21 완료 | train L1 0.0277 | val argmax-MAE 9.17
[13:52:26]   [cls-r1] ep22 100/1559 loss 0.0278 lr 3e-04 (9s)
[13:52:35]   [cls-r1] ep22 200/1559 loss 0.0268 lr 3e-04 (18s)
[13:52:44]   [cls-r1] ep22 300/1559 loss 0.0271 lr 3e-04 (27s)
[13:52:53]   [cls-r1] ep22 400/1559 loss 0.0277 lr 3e-04 (36s)
[13:53:03]   [cls-r1] ep22 500/1559 loss 0.0274 lr 3e-04 (46s)
[13:53:12]   [cls-r1] ep22 600/1559 loss 0.0276 lr 3e-04 (55s)
[13:53:21]   [cls-r1] ep22 700/1559 loss 0.0271 lr 3e-04 (64s)
[13:53:36]   [cls-r1] ep22 800/1559 loss 0.0273 lr 3e-04 (79s)
[13:53:51]   [cls-r1] ep22 900/1559 loss 0.0275 lr 3e-04 (94s)
[13:54:06]   [cls-r1] ep22 1000/1559 loss 0.0272 lr 3e-04 (109s)
[13:54:22]   [cls-r1] ep22 1100/1559 loss 0.0270 lr 3e-04 (125s)
[13:54:37]   [cls-r1] ep22 1200/1559 loss 0.0269 lr 3e-04 (140s)
[13:54:52]   [cls-r1] ep22 1300/1559 loss 0.0269 lr 3e-04 (155s)
[13:55:08]   [cls-r1] ep22 1400/1559 loss 0.0269 lr 3e-04 (171s)
[13:55:24]   [cls-r1] ep22 1500/1559 loss 0.0269 lr 3e-04 (187s)
[13:55:33]   [cls-r1] ep22 1559/1559 loss 0.0269 lr 3e-04 (196s)
[13:55:52]   [cls-r1] Epoch 22 완료 | train L1 0.0269 | val argmax-MAE 8.78
[13:55:52]   [cls-r1] * best 저장 (argmax-MAE 8.78)
[13:56:04]   [cls-r1] ep23 100/1559 loss 0.0256 lr 3e-04 (12s)
[13:56:16]   [cls-r1] ep23 200/1559 loss 0.0260 lr 3e-04 (24s)
[13:56:28]   [cls-r1] ep23 300/1559 loss 0.0264 lr 3e-04 (36s)
[13:56:40]   [cls-r1] ep23 400/1559 loss 0.0266 lr 3e-04 (48s)
[13:56:53]   [cls-r1] ep23 500/1559 loss 0.0265 lr 3e-04 (61s)
[13:57:05]   [cls-r1] ep23 600/1559 loss 0.0264 lr 3e-04 (73s)
[13:57:17]   [cls-r1] ep23 700/1559 loss 0.0262 lr 3e-04 (85s)
[13:57:29]   [cls-r1] ep23 800/1559 loss 0.0262 lr 3e-04 (97s)
[13:57:41]   [cls-r1] ep23 900/1559 loss 0.0260 lr 3e-04 (109s)
[13:57:54]   [cls-r1] ep23 1000/1559 loss 0.0259 lr 3e-04 (122s)
[13:58:06]   [cls-r1] ep23 1100/1559 loss 0.0259 lr 3e-04 (134s)
[13:58:18]   [cls-r1] ep23 1200/1559 loss 0.0258 lr 3e-04 (146s)
[13:58:30]   [cls-r1] ep23 1300/1559 loss 0.0257 lr 3e-04 (158s)
[13:58:42]   [cls-r1] ep23 1400/1559 loss 0.0258 lr 3e-04 (170s)
[13:58:54]   [cls-r1] ep23 1500/1559 loss 0.0258 lr 3e-04 (182s)
[13:59:01]   [cls-r1] ep23 1559/1559 loss 0.0259 lr 3e-04 (189s)
[13:59:09]   [cls-r1] Epoch 23 완료 | train L1 0.0259 | val argmax-MAE 8.95
[13:59:18]   [cls-r1] ep24 100/1559 loss 0.0256 lr 3e-04 (9s)
[13:59:27]   [cls-r1] ep24 200/1559 loss 0.0253 lr 3e-04 (18s)
[13:59:37]   [cls-r1] ep24 300/1559 loss 0.0247 lr 3e-04 (27s)
[13:59:46]   [cls-r1] ep24 400/1559 loss 0.0252 lr 3e-04 (36s)
[13:59:55]   [cls-r1] ep24 500/1559 loss 0.0257 lr 3e-04 (46s)
[14:00:04]   [cls-r1] ep24 600/1559 loss 0.0257 lr 3e-04 (55s)
[14:00:13]   [cls-r1] ep24 700/1559 loss 0.0260 lr 3e-04 (64s)
[14:00:22]   [cls-r1] ep24 800/1559 loss 0.0260 lr 3e-04 (73s)
[14:00:31]   [cls-r1] ep24 900/1559 loss 0.0262 lr 3e-04 (82s)
[14:00:41]   [cls-r1] ep24 1000/1559 loss 0.0261 lr 3e-04 (91s)
[14:00:50]   [cls-r1] ep24 1100/1559 loss 0.0260 lr 3e-04 (100s)
[14:00:59]   [cls-r1] ep24 1200/1559 loss 0.0258 lr 3e-04 (110s)
[14:01:08]   [cls-r1] ep24 1300/1559 loss 0.0257 lr 3e-04 (119s)
[14:01:17]   [cls-r1] ep24 1400/1559 loss 0.0257 lr 3e-04 (128s)
[14:01:26]   [cls-r1] ep24 1500/1559 loss 0.0256 lr 3e-04 (137s)
[14:01:31]   [cls-r1] ep24 1559/1559 loss 0.0256 lr 3e-04 (142s)
[14:01:40]   [cls-r1] Epoch 24 완료 | train L1 0.0256 | val argmax-MAE 8.78
[14:01:40]   [cls-r1] * best 저장 (argmax-MAE 8.78)
[14:01:49]   [cls-r1] ep25 100/1559 loss 0.0235 lr 3e-04 (9s)
[14:01:58]   [cls-r1] ep25 200/1559 loss 0.0243 lr 3e-04 (18s)
[14:02:07]   [cls-r1] ep25 300/1559 loss 0.0245 lr 3e-04 (27s)
[14:02:16]   [cls-r1] ep25 400/1559 loss 0.0244 lr 3e-04 (36s)
[14:02:25]   [cls-r1] ep25 500/1559 loss 0.0245 lr 3e-04 (45s)
[14:02:34]   [cls-r1] ep25 600/1559 loss 0.0244 lr 3e-04 (55s)
[14:02:43]   [cls-r1] ep25 700/1559 loss 0.0245 lr 3e-04 (64s)
[14:02:53]   [cls-r1] ep25 800/1559 loss 0.0245 lr 3e-04 (73s)
[14:03:02]   [cls-r1] ep25 900/1559 loss 0.0246 lr 3e-04 (82s)
[14:03:11]   [cls-r1] ep25 1000/1559 loss 0.0249 lr 3e-04 (91s)
[14:03:20]   [cls-r1] ep25 1100/1559 loss 0.0250 lr 3e-04 (100s)
[14:03:29]   [cls-r1] ep25 1200/1559 loss 0.0251 lr 3e-04 (109s)
[14:03:38]   [cls-r1] ep25 1300/1559 loss 0.0250 lr 3e-04 (118s)
[14:03:47]   [cls-r1] ep25 1400/1559 loss 0.0250 lr 3e-04 (127s)
[14:03:56]   [cls-r1] ep25 1500/1559 loss 0.0250 lr 3e-04 (136s)
[14:04:02]   [cls-r1] ep25 1559/1559 loss 0.0250 lr 3e-04 (142s)
[14:04:10]   [cls-r1] Epoch 25 완료 | train L1 0.0250 | val argmax-MAE 8.93
[14:04:19]   [cls-r1] ep26 100/1559 loss 0.0227 lr 3e-04 (9s)
[14:04:28]   [cls-r1] ep26 200/1559 loss 0.0241 lr 3e-04 (18s)
[14:04:37]   [cls-r1] ep26 300/1559 loss 0.0243 lr 3e-04 (27s)
[14:04:46]   [cls-r1] ep26 400/1559 loss 0.0240 lr 3e-04 (36s)
[14:04:55]   [cls-r1] ep26 500/1559 loss 0.0242 lr 3e-04 (45s)
[14:05:04]   [cls-r1] ep26 600/1559 loss 0.0242 lr 3e-04 (55s)
[14:05:14]   [cls-r1] ep26 700/1559 loss 0.0243 lr 3e-04 (64s)
[14:05:23]   [cls-r1] ep26 800/1559 loss 0.0241 lr 3e-04 (73s)
[14:05:32]   [cls-r1] ep26 900/1559 loss 0.0242 lr 3e-04 (82s)
[14:05:41]   [cls-r1] ep26 1000/1559 loss 0.0242 lr 3e-04 (91s)
[14:05:50]   [cls-r1] ep26 1100/1559 loss 0.0242 lr 3e-04 (100s)
[14:05:59]   [cls-r1] ep26 1200/1559 loss 0.0241 lr 3e-04 (109s)
[14:06:08]   [cls-r1] ep26 1300/1559 loss 0.0241 lr 3e-04 (118s)
[14:06:17]   [cls-r1] ep26 1400/1559 loss 0.0241 lr 3e-04 (127s)
[14:06:26]   [cls-r1] ep26 1500/1559 loss 0.0242 lr 3e-04 (136s)
[14:06:32]   [cls-r1] ep26 1559/1559 loss 0.0242 lr 3e-04 (142s)
[14:06:40]   [cls-r1] Epoch 26 완료 | train L1 0.0242 | val argmax-MAE 9.41
[14:06:49]   [cls-r1] ep27 100/1559 loss 0.0226 lr 3e-04 (9s)
[14:06:58]   [cls-r1] ep27 200/1559 loss 0.0236 lr 3e-04 (18s)
[14:07:07]   [cls-r1] ep27 300/1559 loss 0.0235 lr 3e-04 (27s)
[14:07:16]   [cls-r1] ep27 400/1559 loss 0.0235 lr 3e-04 (36s)
[14:07:25]   [cls-r1] ep27 500/1559 loss 0.0235 lr 3e-04 (46s)
[14:07:34]   [cls-r1] ep27 600/1559 loss 0.0231 lr 3e-04 (55s)
[14:07:44]   [cls-r1] ep27 700/1559 loss 0.0230 lr 3e-04 (64s)
[14:07:53]   [cls-r1] ep27 800/1559 loss 0.0231 lr 3e-04 (73s)
[14:08:02]   [cls-r1] ep27 900/1559 loss 0.0229 lr 3e-04 (82s)
[14:08:11]   [cls-r1] ep27 1000/1559 loss 0.0229 lr 3e-04 (91s)
[14:08:20]   [cls-r1] ep27 1100/1559 loss 0.0227 lr 3e-04 (100s)
[14:08:29]   [cls-r1] ep27 1200/1559 loss 0.0228 lr 3e-04 (109s)
[14:08:38]   [cls-r1] ep27 1300/1559 loss 0.0228 lr 3e-04 (118s)
[14:08:47]   [cls-r1] ep27 1400/1559 loss 0.0227 lr 3e-04 (127s)
[14:08:56]   [cls-r1] ep27 1500/1559 loss 0.0229 lr 3e-04 (137s)
[14:09:02]   [cls-r1] ep27 1559/1559 loss 0.0228 lr 3e-04 (142s)
[14:09:10]   [cls-r1] Epoch 27 완료 | train L1 0.0228 | val argmax-MAE 8.74
[14:09:10]   [cls-r1] * best 저장 (argmax-MAE 8.74)
[14:09:19]   [cls-r1] ep28 100/1559 loss 0.0234 lr 3e-04 (9s)
[14:09:28]   [cls-r1] ep28 200/1559 loss 0.0237 lr 3e-04 (18s)
[14:09:38]   [cls-r1] ep28 300/1559 loss 0.0234 lr 3e-04 (27s)
[14:09:47]   [cls-r1] ep28 400/1559 loss 0.0229 lr 3e-04 (36s)
[14:09:56]   [cls-r1] ep28 500/1559 loss 0.0229 lr 3e-04 (45s)
[14:10:05]   [cls-r1] ep28 600/1559 loss 0.0229 lr 3e-04 (54s)
[14:10:14]   [cls-r1] ep28 700/1559 loss 0.0225 lr 3e-04 (64s)
[14:10:23]   [cls-r1] ep28 800/1559 loss 0.0225 lr 3e-04 (73s)
[14:10:32]   [cls-r1] ep28 900/1559 loss 0.0225 lr 3e-04 (82s)
[14:10:41]   [cls-r1] ep28 1000/1559 loss 0.0225 lr 3e-04 (91s)
[14:10:50]   [cls-r1] ep28 1100/1559 loss 0.0223 lr 3e-04 (100s)
[14:10:59]   [cls-r1] ep28 1200/1559 loss 0.0225 lr 3e-04 (109s)
[14:11:08]   [cls-r1] ep28 1300/1559 loss 0.0224 lr 3e-04 (118s)
[14:11:17]   [cls-r1] ep28 1400/1559 loss 0.0226 lr 3e-04 (127s)
[14:11:27]   [cls-r1] ep28 1500/1559 loss 0.0226 lr 3e-04 (136s)
[14:11:32]   [cls-r1] ep28 1559/1559 loss 0.0226 lr 3e-04 (142s)
[14:11:40]   [cls-r1] Epoch 28 완료 | train L1 0.0226 | val argmax-MAE 8.78
[14:11:49]   [cls-r1] ep29 100/1559 loss 0.0228 lr 3e-04 (9s)
[14:11:58]   [cls-r1] ep29 200/1559 loss 0.0228 lr 3e-04 (18s)
[14:12:08]   [cls-r1] ep29 300/1559 loss 0.0227 lr 3e-04 (27s)
[14:12:17]   [cls-r1] ep29 400/1559 loss 0.0230 lr 3e-04 (36s)
[14:12:26]   [cls-r1] ep29 500/1559 loss 0.0228 lr 3e-04 (45s)
[14:12:35]   [cls-r1] ep29 600/1559 loss 0.0227 lr 3e-04 (55s)
[14:12:44]   [cls-r1] ep29 700/1559 loss 0.0223 lr 3e-04 (64s)
[14:12:53]   [cls-r1] ep29 800/1559 loss 0.0225 lr 3e-04 (73s)
[14:13:02]   [cls-r1] ep29 900/1559 loss 0.0225 lr 3e-04 (82s)
[14:13:11]   [cls-r1] ep29 1000/1559 loss 0.0223 lr 3e-04 (91s)
[14:13:20]   [cls-r1] ep29 1100/1559 loss 0.0223 lr 3e-04 (100s)
[14:13:29]   [cls-r1] ep29 1200/1559 loss 0.0222 lr 3e-04 (109s)
[14:13:38]   [cls-r1] ep29 1300/1559 loss 0.0222 lr 3e-04 (118s)
[14:13:48]   [cls-r1] ep29 1400/1559 loss 0.0222 lr 3e-04 (127s)
[14:13:57]   [cls-r1] ep29 1500/1559 loss 0.0222 lr 3e-04 (136s)
[14:14:02]   [cls-r1] ep29 1559/1559 loss 0.0222 lr 3e-04 (142s)
[14:14:10]   [cls-r1] Epoch 29 완료 | train L1 0.0222 | val argmax-MAE 8.73
[14:14:11]   [cls-r1] * best 저장 (argmax-MAE 8.73)
[14:14:20]   [cls-r1] ep30 100/1559 loss 0.0225 lr 3e-04 (9s)
[14:14:29]   [cls-r1] ep30 200/1559 loss 0.0222 lr 3e-04 (18s)
[14:14:38]   [cls-r1] ep30 300/1559 loss 0.0215 lr 3e-04 (27s)
[14:14:47]   [cls-r1] ep30 400/1559 loss 0.0216 lr 3e-04 (36s)
[14:14:56]   [cls-r1] ep30 500/1559 loss 0.0215 lr 3e-04 (45s)
[14:15:05]   [cls-r1] ep30 600/1559 loss 0.0215 lr 3e-04 (55s)
[14:15:14]   [cls-r1] ep30 700/1559 loss 0.0213 lr 3e-04 (64s)
[14:15:23]   [cls-r1] ep30 800/1559 loss 0.0215 lr 3e-04 (73s)
[14:15:33]   [cls-r1] ep30 900/1559 loss 0.0213 lr 3e-04 (82s)
[14:15:42]   [cls-r1] ep30 1000/1559 loss 0.0212 lr 3e-04 (91s)
[14:15:51]   [cls-r1] ep30 1100/1559 loss 0.0213 lr 3e-04 (100s)
[14:16:00]   [cls-r1] ep30 1200/1559 loss 0.0216 lr 3e-04 (109s)
[14:16:09]   [cls-r1] ep30 1300/1559 loss 0.0217 lr 3e-04 (118s)
[14:16:18]   [cls-r1] ep30 1400/1559 loss 0.0217 lr 3e-04 (128s)
[14:16:27]   [cls-r1] ep30 1500/1559 loss 0.0218 lr 3e-04 (137s)
[14:16:33]   [cls-r1] ep30 1559/1559 loss 0.0218 lr 3e-04 (142s)
[14:16:41]   [cls-r1] Epoch 30 완료 | train L1 0.0218 | val argmax-MAE 8.85
[14:16:50]   [cls-r1] ep31 100/1559 loss 0.0215 lr 3e-04 (9s)
[14:16:59]   [cls-r1] ep31 200/1559 loss 0.0217 lr 3e-04 (18s)
[14:17:08]   [cls-r1] ep31 300/1559 loss 0.0215 lr 3e-04 (27s)
[14:17:17]   [cls-r1] ep31 400/1559 loss 0.0213 lr 3e-04 (36s)
[14:17:27]   [cls-r1] ep31 500/1559 loss 0.0213 lr 3e-04 (46s)
[14:17:36]   [cls-r1] ep31 600/1559 loss 0.0214 lr 3e-04 (55s)
[14:17:44]   [cls-r1] ep31 700/1559 loss 0.0213 lr 3e-04 (63s)
[14:17:53]   [cls-r1] ep31 800/1559 loss 0.0210 lr 3e-04 (72s)
[14:18:02]   [cls-r1] ep31 900/1559 loss 0.0212 lr 3e-04 (81s)
[14:18:11]   [cls-r1] ep31 1000/1559 loss 0.0211 lr 3e-04 (90s)
[14:18:21]   [cls-r1] ep31 1100/1559 loss 0.0212 lr 3e-04 (100s)
[14:18:30]   [cls-r1] ep31 1200/1559 loss 0.0212 lr 3e-04 (109s)
[14:18:39]   [cls-r1] ep31 1300/1559 loss 0.0212 lr 3e-04 (118s)
[14:18:48]   [cls-r1] ep31 1400/1559 loss 0.0212 lr 3e-04 (127s)
[14:18:57]   [cls-r1] ep31 1500/1559 loss 0.0211 lr 3e-04 (136s)
[14:19:02]   [cls-r1] ep31 1559/1559 loss 0.0211 lr 3e-04 (141s)
[14:19:11]   [cls-r1] Epoch 31 완료 | train L1 0.0211 | val argmax-MAE 9.10
[14:19:20]   [cls-r1] ep32 100/1559 loss 0.0211 lr 3e-04 (9s)
[14:19:29]   [cls-r1] ep32 200/1559 loss 0.0205 lr 3e-04 (18s)
[14:19:38]   [cls-r1] ep32 300/1559 loss 0.0203 lr 3e-04 (27s)
[14:19:48]   [cls-r1] ep32 400/1559 loss 0.0208 lr 3e-04 (37s)
[14:19:57]   [cls-r1] ep32 500/1559 loss 0.0209 lr 3e-04 (46s)
[14:20:06]   [cls-r1] ep32 600/1559 loss 0.0210 lr 3e-04 (55s)
[14:20:15]   [cls-r1] ep32 700/1559 loss 0.0211 lr 3e-04 (64s)
[14:20:24]   [cls-r1] ep32 800/1559 loss 0.0211 lr 3e-04 (73s)
[14:20:33]   [cls-r1] ep32 900/1559 loss 0.0209 lr 3e-04 (82s)
[14:20:42]   [cls-r1] ep32 1000/1559 loss 0.0210 lr 3e-04 (91s)
[14:20:52]   [cls-r1] ep32 1100/1559 loss 0.0210 lr 3e-04 (101s)
[14:21:01]   [cls-r1] ep32 1200/1559 loss 0.0209 lr 3e-04 (110s)
[14:21:10]   [cls-r1] ep32 1300/1559 loss 0.0209 lr 3e-04 (119s)
[14:21:19]   [cls-r1] ep32 1400/1559 loss 0.0208 lr 3e-04 (128s)
[14:21:28]   [cls-r1] ep32 1500/1559 loss 0.0208 lr 3e-04 (137s)
[14:21:33]   [cls-r1] ep32 1559/1559 loss 0.0208 lr 3e-04 (142s)
[14:21:42]   [cls-r1] Epoch 32 완료 | train L1 0.0208 | val argmax-MAE 9.12
[14:21:51]   [cls-r1] ep33 100/1559 loss 0.0197 lr 3e-04 (9s)
[14:22:00]   [cls-r1] ep33 200/1559 loss 0.0200 lr 3e-04 (18s)
[14:22:09]   [cls-r1] ep33 300/1559 loss 0.0194 lr 3e-04 (27s)
[14:22:18]   [cls-r1] ep33 400/1559 loss 0.0194 lr 3e-04 (36s)
[14:22:27]   [cls-r1] ep33 500/1559 loss 0.0196 lr 3e-04 (45s)
[14:22:37]   [cls-r1] ep33 600/1559 loss 0.0200 lr 3e-04 (55s)
[14:22:46]   [cls-r1] ep33 700/1559 loss 0.0202 lr 3e-04 (64s)
[14:22:55]   [cls-r1] ep33 800/1559 loss 0.0203 lr 3e-04 (73s)
[14:23:04]   [cls-r1] ep33 900/1559 loss 0.0204 lr 3e-04 (82s)
[14:23:13]   [cls-r1] ep33 1000/1559 loss 0.0202 lr 3e-04 (91s)
[14:23:22]   [cls-r1] ep33 1100/1559 loss 0.0202 lr 3e-04 (100s)
[14:23:31]   [cls-r1] ep33 1200/1559 loss 0.0202 lr 3e-04 (109s)
[14:23:40]   [cls-r1] ep33 1300/1559 loss 0.0203 lr 3e-04 (119s)
[14:23:50]   [cls-r1] ep33 1400/1559 loss 0.0202 lr 3e-04 (128s)
[14:23:59]   [cls-r1] ep33 1500/1559 loss 0.0201 lr 3e-04 (137s)
[14:24:04]   [cls-r1] ep33 1559/1559 loss 0.0201 lr 3e-04 (142s)
[14:24:12]   [cls-r1] Epoch 33 완료 | train L1 0.0201 | val argmax-MAE 8.89
[14:24:22]   [cls-r1] ep34 100/1559 loss 0.0224 lr 3e-04 (9s)
[14:24:31]   [cls-r1] ep34 200/1559 loss 0.0216 lr 3e-04 (18s)
[14:24:40]   [cls-r1] ep34 300/1559 loss 0.0209 lr 3e-04 (27s)
[14:24:49]   [cls-r1] ep34 400/1559 loss 0.0208 lr 3e-04 (37s)
[14:24:58]   [cls-r1] ep34 500/1559 loss 0.0207 lr 3e-04 (46s)
[14:25:07]   [cls-r1] ep34 600/1559 loss 0.0204 lr 3e-04 (55s)
[14:25:17]   [cls-r1] ep34 700/1559 loss 0.0202 lr 3e-04 (64s)
[14:25:26]   [cls-r1] ep34 800/1559 loss 0.0203 lr 3e-04 (73s)
[14:25:35]   [cls-r1] ep34 900/1559 loss 0.0202 lr 3e-04 (82s)
[14:25:44]   [cls-r1] ep34 1000/1559 loss 0.0202 lr 3e-04 (91s)
[14:25:53]   [cls-r1] ep34 1100/1559 loss 0.0200 lr 3e-04 (101s)
[14:26:02]   [cls-r1] ep34 1200/1559 loss 0.0199 lr 3e-04 (110s)
[14:26:11]   [cls-r1] ep34 1300/1559 loss 0.0200 lr 3e-04 (119s)
[14:26:21]   [cls-r1] ep34 1400/1559 loss 0.0198 lr 3e-04 (128s)
[14:26:30]   [cls-r1] ep34 1500/1559 loss 0.0199 lr 3e-04 (137s)
[14:26:35]   [cls-r1] ep34 1559/1559 loss 0.0199 lr 3e-04 (142s)
[14:26:43]   [cls-r1] Epoch 34 완료 | train L1 0.0199 | val argmax-MAE 8.86
[14:26:52]   [cls-r1] ep35 100/1559 loss 0.0205 lr 3e-04 (9s)
[14:27:02]   [cls-r1] ep35 200/1559 loss 0.0204 lr 3e-04 (18s)
[14:27:11]   [cls-r1] ep35 300/1559 loss 0.0197 lr 3e-04 (27s)
[14:27:20]   [cls-r1] ep35 400/1559 loss 0.0196 lr 3e-04 (37s)
[14:27:29]   [cls-r1] ep35 500/1559 loss 0.0192 lr 3e-04 (46s)
[14:27:38]   [cls-r1] ep35 600/1559 loss 0.0191 lr 3e-04 (55s)
[14:27:47]   [cls-r1] ep35 700/1559 loss 0.0191 lr 3e-04 (64s)
[14:27:57]   [cls-r1] ep35 800/1559 loss 0.0191 lr 3e-04 (73s)
[14:28:06]   [cls-r1] ep35 900/1559 loss 0.0191 lr 3e-04 (82s)
[14:28:15]   [cls-r1] ep35 1000/1559 loss 0.0189 lr 3e-04 (91s)
[14:28:24]   [cls-r1] ep35 1100/1559 loss 0.0188 lr 3e-04 (100s)
[14:28:33]   [cls-r1] ep35 1200/1559 loss 0.0189 lr 3e-04 (110s)
[14:28:42]   [cls-r1] ep35 1300/1559 loss 0.0188 lr 3e-04 (119s)
[14:28:51]   [cls-r1] ep35 1400/1559 loss 0.0189 lr 3e-04 (128s)
[14:29:00]   [cls-r1] ep35 1500/1559 loss 0.0189 lr 3e-04 (137s)
[14:29:06]   [cls-r1] ep35 1559/1559 loss 0.0190 lr 3e-04 (142s)
[14:29:14]   [cls-r1] Epoch 35 완료 | train L1 0.0190 | val argmax-MAE 8.99
[14:29:23]   [cls-r1] ep36 100/1559 loss 0.0197 lr 3e-04 (9s)
[14:29:32]   [cls-r1] ep36 200/1559 loss 0.0191 lr 3e-04 (18s)
[14:29:42]   [cls-r1] ep36 300/1559 loss 0.0184 lr 3e-04 (27s)
[14:29:51]   [cls-r1] ep36 400/1559 loss 0.0183 lr 3e-04 (36s)
[14:30:00]   [cls-r1] ep36 500/1559 loss 0.0182 lr 3e-04 (46s)
[14:30:09]   [cls-r1] ep36 600/1559 loss 0.0182 lr 3e-04 (55s)
[14:30:18]   [cls-r1] ep36 700/1559 loss 0.0182 lr 3e-04 (64s)
[14:30:27]   [cls-r1] ep36 800/1559 loss 0.0182 lr 3e-04 (73s)
[14:30:36]   [cls-r1] ep36 900/1559 loss 0.0180 lr 3e-04 (82s)
[14:30:45]   [cls-r1] ep36 1000/1559 loss 0.0181 lr 3e-04 (91s)
[14:30:55]   [cls-r1] ep36 1100/1559 loss 0.0181 lr 3e-04 (100s)
[14:31:04]   [cls-r1] ep36 1200/1559 loss 0.0183 lr 3e-04 (109s)
[14:31:13]   [cls-r1] ep36 1300/1559 loss 0.0182 lr 3e-04 (119s)
[14:31:22]   [cls-r1] ep36 1400/1559 loss 0.0182 lr 3e-04 (128s)
[14:31:31]   [cls-r1] ep36 1500/1559 loss 0.0182 lr 3e-04 (137s)
[14:31:36]   [cls-r1] ep36 1559/1559 loss 0.0182 lr 3e-04 (142s)
[14:31:45]   [cls-r1] Epoch 36 완료 | train L1 0.0182 | val argmax-MAE 9.08
[14:31:54]   [cls-r1] ep37 100/1559 loss 0.0180 lr 3e-04 (9s)
[14:32:03]   [cls-r1] ep37 200/1559 loss 0.0181 lr 3e-04 (18s)
[14:32:12]   [cls-r1] ep37 300/1559 loss 0.0183 lr 3e-04 (27s)
[14:32:21]   [cls-r1] ep37 400/1559 loss 0.0182 lr 3e-04 (36s)
[14:32:30]   [cls-r1] ep37 500/1559 loss 0.0185 lr 3e-04 (46s)
[14:32:40]   [cls-r1] ep37 600/1559 loss 0.0185 lr 3e-04 (55s)
[14:32:49]   [cls-r1] ep37 700/1559 loss 0.0184 lr 3e-04 (64s)
[14:32:58]   [cls-r1] ep37 800/1559 loss 0.0184 lr 3e-04 (73s)
[14:33:07]   [cls-r1] ep37 900/1559 loss 0.0184 lr 3e-04 (82s)
[14:33:16]   [cls-r1] ep37 1000/1559 loss 0.0185 lr 3e-04 (91s)
[14:33:25]   [cls-r1] ep37 1100/1559 loss 0.0185 lr 3e-04 (100s)
[14:33:34]   [cls-r1] ep37 1200/1559 loss 0.0185 lr 3e-04 (109s)
[14:33:43]   [cls-r1] ep37 1300/1559 loss 0.0185 lr 3e-04 (119s)
[14:33:53]   [cls-r1] ep37 1400/1559 loss 0.0185 lr 3e-04 (128s)
[14:34:02]   [cls-r1] ep37 1500/1559 loss 0.0184 lr 3e-04 (137s)
[14:34:07]   [cls-r1] ep37 1559/1559 loss 0.0185 lr 3e-04 (142s)
[14:34:16]   [cls-r1] Epoch 37 완료 | train L1 0.0185 | val argmax-MAE 8.62
[14:34:16]   [cls-r1] * best 저장 (argmax-MAE 8.62)
[14:34:25]   [cls-r1] ep38 100/1559 loss 0.0178 lr 3e-04 (9s)
[14:34:34]   [cls-r1] ep38 200/1559 loss 0.0176 lr 3e-04 (18s)
[14:34:43]   [cls-r1] ep38 300/1559 loss 0.0183 lr 3e-04 (27s)
[14:34:52]   [cls-r1] ep38 400/1559 loss 0.0184 lr 3e-04 (37s)
[14:35:02]   [cls-r1] ep38 500/1559 loss 0.0184 lr 3e-04 (46s)
[14:35:11]   [cls-r1] ep38 600/1559 loss 0.0182 lr 3e-04 (55s)
[14:35:20]   [cls-r1] ep38 700/1559 loss 0.0180 lr 3e-04 (64s)
[14:35:29]   [cls-r1] ep38 800/1559 loss 0.0182 lr 3e-04 (73s)
[14:35:38]   [cls-r1] ep38 900/1559 loss 0.0184 lr 3e-04 (82s)
[14:35:47]   [cls-r1] ep38 1000/1559 loss 0.0182 lr 3e-04 (91s)
[14:35:56]   [cls-r1] ep38 1100/1559 loss 0.0183 lr 3e-04 (100s)
[14:36:05]   [cls-r1] ep38 1200/1559 loss 0.0182 lr 3e-04 (110s)
[14:36:14]   [cls-r1] ep38 1300/1559 loss 0.0181 lr 3e-04 (119s)
[14:36:24]   [cls-r1] ep38 1400/1559 loss 0.0181 lr 3e-04 (128s)
[14:36:33]   [cls-r1] ep38 1500/1559 loss 0.0180 lr 3e-04 (137s)
[14:36:38]   [cls-r1] ep38 1559/1559 loss 0.0180 lr 3e-04 (142s)
[14:36:46]   [cls-r1] Epoch 38 완료 | train L1 0.0180 | val argmax-MAE 8.89
[14:36:54]   [cls-r1] ep39 100/1559 loss 0.0184 lr 3e-04 (8s)
[14:37:03]   [cls-r1] ep39 200/1559 loss 0.0193 lr 3e-04 (17s)
[14:37:12]   [cls-r1] ep39 300/1559 loss 0.0186 lr 3e-04 (26s)
[14:37:21]   [cls-r1] ep39 400/1559 loss 0.0183 lr 3e-04 (35s)
[14:37:31]   [cls-r1] ep39 500/1559 loss 0.0179 lr 3e-04 (44s)
[14:37:40]   [cls-r1] ep39 600/1559 loss 0.0179 lr 3e-04 (54s)
[14:37:49]   [cls-r1] ep39 700/1559 loss 0.0179 lr 3e-04 (63s)
[14:37:58]   [cls-r1] ep39 800/1559 loss 0.0179 lr 3e-04 (72s)
[14:38:07]   [cls-r1] ep39 900/1559 loss 0.0180 lr 3e-04 (81s)
[14:38:16]   [cls-r1] ep39 1000/1559 loss 0.0179 lr 3e-04 (90s)
[14:38:25]   [cls-r1] ep39 1100/1559 loss 0.0179 lr 3e-04 (99s)
[14:38:34]   [cls-r1] ep39 1200/1559 loss 0.0179 lr 3e-04 (108s)
[14:38:44]   [cls-r1] ep39 1300/1559 loss 0.0178 lr 3e-04 (118s)
[14:38:53]   [cls-r1] ep39 1400/1559 loss 0.0177 lr 3e-04 (127s)
[14:39:02]   [cls-r1] ep39 1500/1559 loss 0.0176 lr 3e-04 (136s)
[14:39:07]   [cls-r1] ep39 1559/1559 loss 0.0176 lr 3e-04 (141s)
[14:39:16]   [cls-r1] Epoch 39 완료 | train L1 0.0176 | val argmax-MAE 9.00
[14:39:25]   [cls-r1] ep40 100/1559 loss 0.0188 lr 3e-04 (9s)
[14:39:34]   [cls-r1] ep40 200/1559 loss 0.0185 lr 3e-04 (18s)
[14:39:43]   [cls-r1] ep40 300/1559 loss 0.0185 lr 3e-04 (27s)
[14:39:52]   [cls-r1] ep40 400/1559 loss 0.0180 lr 3e-04 (37s)
[14:40:01]   [cls-r1] ep40 500/1559 loss 0.0178 lr 3e-04 (46s)
[14:40:10]   [cls-r1] ep40 600/1559 loss 0.0175 lr 3e-04 (55s)
[14:40:20]   [cls-r1] ep40 700/1559 loss 0.0175 lr 3e-04 (64s)
[14:40:29]   [cls-r1] ep40 800/1559 loss 0.0173 lr 3e-04 (73s)
[14:40:38]   [cls-r1] ep40 900/1559 loss 0.0172 lr 3e-04 (82s)
[14:40:47]   [cls-r1] ep40 1000/1559 loss 0.0173 lr 3e-04 (91s)
[14:40:56]   [cls-r1] ep40 1100/1559 loss 0.0175 lr 3e-04 (100s)
[14:41:05]   [cls-r1] ep40 1200/1559 loss 0.0174 lr 3e-04 (109s)
[14:41:14]   [cls-r1] ep40 1300/1559 loss 0.0174 lr 3e-04 (119s)
[14:41:23]   [cls-r1] ep40 1400/1559 loss 0.0173 lr 3e-04 (128s)
[14:41:32]   [cls-r1] ep40 1500/1559 loss 0.0173 lr 3e-04 (137s)
[14:41:38]   [cls-r1] ep40 1559/1559 loss 0.0173 lr 3e-04 (142s)
[14:41:46]   [cls-r1] Epoch 40 완료 | train L1 0.0173 | val argmax-MAE 8.68
[14:41:55]   [cls-r1] ep41 100/1559 loss 0.0153 lr 3e-04 (9s)
[14:42:05]   [cls-r1] ep41 200/1559 loss 0.0159 lr 3e-04 (18s)
[14:42:14]   [cls-r1] ep41 300/1559 loss 0.0158 lr 3e-04 (27s)
[14:42:23]   [cls-r1] ep41 400/1559 loss 0.0162 lr 3e-04 (37s)
[14:42:32]   [cls-r1] ep41 500/1559 loss 0.0159 lr 3e-04 (46s)
[14:42:41]   [cls-r1] ep41 600/1559 loss 0.0159 lr 3e-04 (55s)
[14:42:50]   [cls-r1] ep41 700/1559 loss 0.0164 lr 3e-04 (64s)
[14:42:59]   [cls-r1] ep41 800/1559 loss 0.0164 lr 3e-04 (73s)
[14:43:08]   [cls-r1] ep41 900/1559 loss 0.0164 lr 3e-04 (82s)
[14:43:18]   [cls-r1] ep41 1000/1559 loss 0.0164 lr 3e-04 (91s)
[14:43:27]   [cls-r1] ep41 1100/1559 loss 0.0165 lr 3e-04 (100s)
[14:43:36]   [cls-r1] ep41 1200/1559 loss 0.0166 lr 3e-04 (110s)
[14:43:45]   [cls-r1] ep41 1300/1559 loss 0.0167 lr 3e-04 (119s)
[14:43:54]   [cls-r1] ep41 1400/1559 loss 0.0167 lr 3e-04 (128s)
[14:44:03]   [cls-r1] ep41 1500/1559 loss 0.0167 lr 3e-04 (137s)
[14:44:09]   [cls-r1] ep41 1559/1559 loss 0.0168 lr 3e-04 (142s)
[14:44:17]   [cls-r1] Epoch 41 완료 | train L1 0.0168 | val argmax-MAE 8.95
[14:44:26]   [cls-r1] ep42 100/1559 loss 0.0153 lr 3e-04 (9s)
[14:44:35]   [cls-r1] ep42 200/1559 loss 0.0153 lr 3e-04 (18s)
[14:44:44]   [cls-r1] ep42 300/1559 loss 0.0159 lr 3e-04 (27s)
[14:44:54]   [cls-r1] ep42 400/1559 loss 0.0163 lr 3e-04 (37s)
[14:45:03]   [cls-r1] ep42 500/1559 loss 0.0162 lr 3e-04 (46s)
[14:45:12]   [cls-r1] ep42 600/1559 loss 0.0165 lr 3e-04 (55s)
[14:45:21]   [cls-r1] ep42 700/1559 loss 0.0163 lr 3e-04 (64s)
[14:45:30]   [cls-r1] ep42 800/1559 loss 0.0164 lr 3e-04 (73s)
[14:45:39]   [cls-r1] ep42 900/1559 loss 0.0163 lr 3e-04 (82s)
[14:45:48]   [cls-r1] ep42 1000/1559 loss 0.0163 lr 3e-04 (91s)
[14:45:58]   [cls-r1] ep42 1100/1559 loss 0.0163 lr 3e-04 (100s)
[14:46:07]   [cls-r1] ep42 1200/1559 loss 0.0163 lr 3e-04 (110s)
[14:46:16]   [cls-r1] ep42 1300/1559 loss 0.0164 lr 3e-04 (119s)
[14:46:25]   [cls-r1] ep42 1400/1559 loss 0.0165 lr 3e-04 (128s)
[14:46:34]   [cls-r1] ep42 1500/1559 loss 0.0166 lr 3e-04 (137s)
[14:46:39]   [cls-r1] ep42 1559/1559 loss 0.0166 lr 3e-04 (142s)
[14:46:48]   [cls-r1] Epoch 42 완료 | train L1 0.0166 | val argmax-MAE 8.85
[14:46:57]   [cls-r1] ep43 100/1559 loss 0.0172 lr 3e-04 (9s)
[14:47:06]   [cls-r1] ep43 200/1559 loss 0.0166 lr 3e-04 (18s)
[14:47:15]   [cls-r1] ep43 300/1559 loss 0.0160 lr 3e-04 (27s)
[14:47:24]   [cls-r1] ep43 400/1559 loss 0.0161 lr 3e-04 (37s)
[14:47:34]   [cls-r1] ep43 500/1559 loss 0.0162 lr 3e-04 (46s)
[14:47:43]   [cls-r1] ep43 600/1559 loss 0.0162 lr 3e-04 (55s)
[14:47:52]   [cls-r1] ep43 700/1559 loss 0.0160 lr 3e-04 (64s)
[14:48:01]   [cls-r1] ep43 800/1559 loss 0.0161 lr 3e-04 (73s)
[14:48:10]   [cls-r1] ep43 900/1559 loss 0.0161 lr 3e-04 (82s)
[14:48:19]   [cls-r1] ep43 1000/1559 loss 0.0161 lr 3e-04 (91s)
[14:48:28]   [cls-r1] ep43 1100/1559 loss 0.0162 lr 3e-04 (101s)
[14:48:38]   [cls-r1] ep43 1200/1559 loss 0.0162 lr 3e-04 (110s)
[14:48:47]   [cls-r1] ep43 1300/1559 loss 0.0162 lr 3e-04 (119s)
[14:48:56]   [cls-r1] ep43 1400/1559 loss 0.0161 lr 3e-04 (128s)
[14:49:05]   [cls-r1] ep43 1500/1559 loss 0.0162 lr 3e-04 (137s)
[14:49:10]   [cls-r1] ep43 1559/1559 loss 0.0163 lr 3e-04 (142s)
[14:49:19]   [cls-r1] Epoch 43 완료 | train L1 0.0163 | val argmax-MAE 8.69
[14:49:28]   [cls-r1] ep44 100/1559 loss 0.0149 lr 3e-04 (9s)
[14:49:37]   [cls-r1] ep44 200/1559 loss 0.0157 lr 3e-04 (18s)
[14:49:46]   [cls-r1] ep44 300/1559 loss 0.0154 lr 3e-04 (27s)
[14:49:55]   [cls-r1] ep44 400/1559 loss 0.0155 lr 3e-04 (37s)
[14:50:04]   [cls-r1] ep44 500/1559 loss 0.0154 lr 3e-04 (46s)
[14:50:14]   [cls-r1] ep44 600/1559 loss 0.0156 lr 3e-04 (55s)
[14:50:23]   [cls-r1] ep44 700/1559 loss 0.0158 lr 3e-04 (64s)
[14:50:32]   [cls-r1] ep44 800/1559 loss 0.0157 lr 3e-04 (73s)
[14:50:41]   [cls-r1] ep44 900/1559 loss 0.0156 lr 3e-04 (82s)
[14:50:50]   [cls-r1] ep44 1000/1559 loss 0.0157 lr 3e-04 (91s)
[14:50:59]   [cls-r1] ep44 1100/1559 loss 0.0157 lr 3e-04 (100s)
[14:51:08]   [cls-r1] ep44 1200/1559 loss 0.0156 lr 3e-04 (110s)
[14:51:17]   [cls-r1] ep44 1300/1559 loss 0.0157 lr 3e-04 (119s)
[14:51:26]   [cls-r1] ep44 1400/1559 loss 0.0157 lr 3e-04 (128s)
[14:51:36]   [cls-r1] ep44 1500/1559 loss 0.0158 lr 3e-04 (137s)
[14:51:41]   [cls-r1] ep44 1559/1559 loss 0.0158 lr 3e-04 (142s)
[14:51:49]   [cls-r1] Epoch 44 완료 | train L1 0.0158 | val argmax-MAE 8.71
[14:51:58]   [cls-r1] ep45 100/1559 loss 0.0154 lr 3e-04 (9s)
[14:52:07]   [cls-r1] ep45 200/1559 loss 0.0155 lr 3e-04 (18s)
[14:52:16]   [cls-r1] ep45 300/1559 loss 0.0156 lr 3e-04 (27s)
[14:52:25]   [cls-r1] ep45 400/1559 loss 0.0154 lr 3e-04 (36s)
[14:52:34]   [cls-r1] ep45 500/1559 loss 0.0153 lr 3e-04 (45s)
[14:52:43]   [cls-r1] ep45 600/1559 loss 0.0157 lr 3e-04 (54s)
[14:52:52]   [cls-r1] ep45 700/1559 loss 0.0156 lr 3e-04 (63s)
[14:53:01]   [cls-r1] ep45 800/1559 loss 0.0155 lr 3e-04 (72s)
[14:53:10]   [cls-r1] ep45 900/1559 loss 0.0156 lr 3e-04 (81s)
[14:53:19]   [cls-r1] ep45 1000/1559 loss 0.0157 lr 3e-04 (90s)
[14:53:28]   [cls-r1] ep45 1100/1559 loss 0.0158 lr 3e-04 (99s)
[14:53:37]   [cls-r1] ep45 1200/1559 loss 0.0158 lr 3e-04 (108s)
[14:53:46]   [cls-r1] ep45 1300/1559 loss 0.0158 lr 3e-04 (117s)
[14:53:55]   [cls-r1] ep45 1400/1559 loss 0.0157 lr 3e-04 (126s)
[14:54:04]   [cls-r1] ep45 1500/1559 loss 0.0157 lr 3e-04 (135s)
[14:54:09]   [cls-r1] ep45 1559/1559 loss 0.0158 lr 3e-04 (140s)
[14:54:18]   [cls-r1] Epoch 45 완료 | train L1 0.0158 | val argmax-MAE 9.02
[14:54:27]   [cls-r1] ep46 100/1559 loss 0.0141 lr 3e-04 (9s)
[14:54:36]   [cls-r1] ep46 200/1559 loss 0.0138 lr 3e-04 (18s)
[14:54:45]   [cls-r1] ep46 300/1559 loss 0.0144 lr 3e-04 (27s)
[14:54:54]   [cls-r1] ep46 400/1559 loss 0.0149 lr 3e-04 (36s)
[14:55:03]   [cls-r1] ep46 500/1559 loss 0.0150 lr 3e-04 (45s)
[14:55:12]   [cls-r1] ep46 600/1559 loss 0.0150 lr 3e-04 (54s)
[14:55:21]   [cls-r1] ep46 700/1559 loss 0.0150 lr 3e-04 (63s)
[14:55:30]   [cls-r1] ep46 800/1559 loss 0.0150 lr 3e-04 (72s)
[14:55:39]   [cls-r1] ep46 900/1559 loss 0.0150 lr 3e-04 (81s)
[14:55:48]   [cls-r1] ep46 1000/1559 loss 0.0149 lr 3e-04 (90s)
[14:55:57]   [cls-r1] ep46 1100/1559 loss 0.0148 lr 3e-04 (99s)
[14:56:06]   [cls-r1] ep46 1200/1559 loss 0.0150 lr 3e-04 (108s)
[14:56:15]   [cls-r1] ep46 1300/1559 loss 0.0151 lr 3e-04 (117s)
[14:56:24]   [cls-r1] ep46 1400/1559 loss 0.0152 lr 3e-04 (126s)
[14:56:33]   [cls-r1] ep46 1500/1559 loss 0.0151 lr 3e-04 (135s)
[14:56:38]   [cls-r1] ep46 1559/1559 loss 0.0151 lr 3e-04 (141s)
[14:56:47]   [cls-r1] Epoch 46 완료 | train L1 0.0151 | val argmax-MAE 9.05
[14:56:56]   [cls-r1] ep47 100/1559 loss 0.0154 lr 3e-04 (9s)
[14:57:05]   [cls-r1] ep47 200/1559 loss 0.0152 lr 3e-04 (18s)
[14:57:14]   [cls-r1] ep47 300/1559 loss 0.0150 lr 3e-04 (27s)
[14:57:23]   [cls-r1] ep47 400/1559 loss 0.0151 lr 3e-04 (36s)
[14:57:32]   [cls-r1] ep47 500/1559 loss 0.0151 lr 3e-04 (45s)
[14:57:41]   [cls-r1] ep47 600/1559 loss 0.0153 lr 3e-04 (54s)
[14:57:50]   [cls-r1] ep47 700/1559 loss 0.0151 lr 3e-04 (63s)
[14:57:59]   [cls-r1] ep47 800/1559 loss 0.0152 lr 3e-04 (72s)
[14:58:08]   [cls-r1] ep47 900/1559 loss 0.0152 lr 3e-04 (81s)
[14:58:17]   [cls-r1] ep47 1000/1559 loss 0.0152 lr 3e-04 (90s)
[14:58:26]   [cls-r1] ep47 1100/1559 loss 0.0152 lr 3e-04 (99s)
[14:58:35]   [cls-r1] ep47 1200/1559 loss 0.0153 lr 3e-04 (108s)
[14:58:44]   [cls-r1] ep47 1300/1559 loss 0.0154 lr 3e-04 (117s)
[14:58:53]   [cls-r1] ep47 1400/1559 loss 0.0153 lr 3e-04 (126s)
[14:59:02]   [cls-r1] ep47 1500/1559 loss 0.0153 lr 3e-04 (135s)
[14:59:07]   [cls-r1] ep47 1559/1559 loss 0.0153 lr 3e-04 (141s)
[14:59:15]   [cls-r1] Epoch 47 완료 | train L1 0.0153 | val argmax-MAE 8.83
[14:59:24]   [cls-r1] ep48 100/1559 loss 0.0148 lr 3e-04 (9s)
[14:59:33]   [cls-r1] ep48 200/1559 loss 0.0151 lr 3e-04 (18s)
[14:59:42]   [cls-r1] ep48 300/1559 loss 0.0150 lr 3e-04 (27s)
[14:59:52]   [cls-r1] ep48 400/1559 loss 0.0150 lr 3e-04 (36s)
[15:00:01]   [cls-r1] ep48 500/1559 loss 0.0146 lr 3e-04 (45s)
[15:00:10]   [cls-r1] ep48 600/1559 loss 0.0145 lr 3e-04 (54s)
[15:00:19]   [cls-r1] ep48 700/1559 loss 0.0146 lr 3e-04 (63s)
[15:00:28]   [cls-r1] ep48 800/1559 loss 0.0145 lr 3e-04 (72s)
[15:00:37]   [cls-r1] ep48 900/1559 loss 0.0145 lr 3e-04 (81s)
[15:00:46]   [cls-r1] ep48 1000/1559 loss 0.0147 lr 3e-04 (90s)
[15:00:55]   [cls-r1] ep48 1100/1559 loss 0.0147 lr 3e-04 (99s)
[15:01:04]   [cls-r1] ep48 1200/1559 loss 0.0148 lr 3e-04 (108s)
[15:01:13]   [cls-r1] ep48 1300/1559 loss 0.0148 lr 3e-04 (117s)
[15:01:22]   [cls-r1] ep48 1400/1559 loss 0.0149 lr 3e-04 (126s)
[15:01:31]   [cls-r1] ep48 1500/1559 loss 0.0148 lr 3e-04 (135s)
[15:01:36]   [cls-r1] ep48 1559/1559 loss 0.0148 lr 3e-04 (141s)
[15:01:44]   [cls-r1] Epoch 48 완료 | train L1 0.0148 | val argmax-MAE 9.18
[15:01:53]   [cls-r1] ep49 100/1559 loss 0.0147 lr 3e-04 (9s)
[15:02:02]   [cls-r1] ep49 200/1559 loss 0.0151 lr 3e-04 (18s)
[15:02:11]   [cls-r1] ep49 300/1559 loss 0.0156 lr 3e-04 (27s)
[15:02:20]   [cls-r1] ep49 400/1559 loss 0.0153 lr 3e-04 (36s)
[15:02:29]   [cls-r1] ep49 500/1559 loss 0.0153 lr 3e-04 (45s)
[15:02:38]   [cls-r1] ep49 600/1559 loss 0.0148 lr 3e-04 (54s)
[15:02:47]   [cls-r1] ep49 700/1559 loss 0.0148 lr 3e-04 (63s)
[15:02:56]   [cls-r1] ep49 800/1559 loss 0.0148 lr 3e-04 (72s)
[15:03:05]   [cls-r1] ep49 900/1559 loss 0.0147 lr 3e-04 (81s)
[15:03:14]   [cls-r1] ep49 1000/1559 loss 0.0146 lr 3e-04 (90s)
[15:03:23]   [cls-r1] ep49 1100/1559 loss 0.0146 lr 3e-04 (99s)
[15:03:32]   [cls-r1] ep49 1200/1559 loss 0.0146 lr 3e-04 (108s)
[15:03:41]   [cls-r1] ep49 1300/1559 loss 0.0146 lr 3e-04 (117s)
[15:03:51]   [cls-r1] ep49 1400/1559 loss 0.0145 lr 3e-04 (126s)
[15:04:00]   [cls-r1] ep49 1500/1559 loss 0.0145 lr 3e-04 (135s)
[15:04:05]   [cls-r1] ep49 1559/1559 loss 0.0146 lr 3e-04 (141s)
[15:04:13]   [cls-r1] Epoch 49 완료 | train L1 0.0146 | val argmax-MAE 8.72
[15:04:22]   [cls-r1] ep50 100/1559 loss 0.0142 lr 3e-04 (9s)
[15:04:31]   [cls-r1] ep50 200/1559 loss 0.0140 lr 3e-04 (18s)
[15:04:40]   [cls-r1] ep50 300/1559 loss 0.0141 lr 3e-04 (27s)
[15:04:49]   [cls-r1] ep50 400/1559 loss 0.0142 lr 3e-04 (36s)
[15:04:58]   [cls-r1] ep50 500/1559 loss 0.0143 lr 3e-04 (45s)
[15:05:07]   [cls-r1] ep50 600/1559 loss 0.0143 lr 3e-04 (54s)
[15:05:16]   [cls-r1] ep50 700/1559 loss 0.0141 lr 3e-04 (63s)
[15:05:25]   [cls-r1] ep50 800/1559 loss 0.0141 lr 3e-04 (72s)
[15:05:34]   [cls-r1] ep50 900/1559 loss 0.0142 lr 3e-04 (81s)
[15:05:43]   [cls-r1] ep50 1000/1559 loss 0.0142 lr 3e-04 (90s)
[15:05:52]   [cls-r1] ep50 1100/1559 loss 0.0144 lr 3e-04 (99s)
[15:06:01]   [cls-r1] ep50 1200/1559 loss 0.0144 lr 3e-04 (108s)
[15:06:10]   [cls-r1] ep50 1300/1559 loss 0.0143 lr 3e-04 (117s)
[15:06:19]   [cls-r1] ep50 1400/1559 loss 0.0143 lr 3e-04 (126s)
[15:06:28]   [cls-r1] ep50 1500/1559 loss 0.0143 lr 3e-04 (135s)
[15:06:34]   [cls-r1] ep50 1559/1559 loss 0.0143 lr 3e-04 (140s)
[15:06:42]   [cls-r1] Epoch 50 완료 | train L1 0.0143 | val argmax-MAE 9.11
[15:06:51]   [cls-r1] ep51 100/1559 loss 0.0111 lr 1e-04 (9s)
[15:07:00]   [cls-r1] ep51 200/1559 loss 0.0116 lr 1e-04 (18s)
[15:07:09]   [cls-r1] ep51 300/1559 loss 0.0116 lr 1e-04 (27s)
[15:07:18]   [cls-r1] ep51 400/1559 loss 0.0114 lr 1e-04 (36s)
[15:07:27]   [cls-r1] ep51 500/1559 loss 0.0115 lr 1e-04 (45s)
[15:07:36]   [cls-r1] ep51 600/1559 loss 0.0112 lr 1e-04 (54s)
[15:07:45]   [cls-r1] ep51 700/1559 loss 0.0113 lr 1e-04 (63s)
[15:07:54]   [cls-r1] ep51 800/1559 loss 0.0111 lr 1e-04 (72s)
[15:08:03]   [cls-r1] ep51 900/1559 loss 0.0110 lr 1e-04 (81s)
[15:08:12]   [cls-r1] ep51 1000/1559 loss 0.0110 lr 1e-04 (90s)
[15:08:21]   [cls-r1] ep51 1100/1559 loss 0.0109 lr 1e-04 (99s)
[15:08:30]   [cls-r1] ep51 1200/1559 loss 0.0108 lr 1e-04 (108s)
[15:08:39]   [cls-r1] ep51 1300/1559 loss 0.0107 lr 1e-04 (117s)
[15:08:48]   [cls-r1] ep51 1400/1559 loss 0.0108 lr 1e-04 (126s)
[15:08:57]   [cls-r1] ep51 1500/1559 loss 0.0107 lr 1e-04 (135s)
[15:09:02]   [cls-r1] ep51 1559/1559 loss 0.0106 lr 1e-04 (141s)
[15:09:11]   [cls-r1] Epoch 51 완료 | train L1 0.0106 | val argmax-MAE 8.70
[15:09:20]   [cls-r1] ep52 100/1559 loss 0.0078 lr 1e-04 (9s)
[15:09:29]   [cls-r1] ep52 200/1559 loss 0.0084 lr 1e-04 (18s)
[15:09:38]   [cls-r1] ep52 300/1559 loss 0.0088 lr 1e-04 (27s)
[15:09:47]   [cls-r1] ep52 400/1559 loss 0.0087 lr 1e-04 (36s)
[15:09:56]   [cls-r1] ep52 500/1559 loss 0.0087 lr 1e-04 (45s)
[15:10:05]   [cls-r1] ep52 600/1559 loss 0.0088 lr 1e-04 (54s)
[15:10:14]   [cls-r1] ep52 700/1559 loss 0.0088 lr 1e-04 (63s)
[15:10:23]   [cls-r1] ep52 800/1559 loss 0.0088 lr 1e-04 (72s)
[15:10:32]   [cls-r1] ep52 900/1559 loss 0.0088 lr 1e-04 (81s)
[15:10:41]   [cls-r1] ep52 1000/1559 loss 0.0088 lr 1e-04 (90s)
[15:10:50]   [cls-r1] ep52 1100/1559 loss 0.0088 lr 1e-04 (99s)
[15:10:59]   [cls-r1] ep52 1200/1559 loss 0.0088 lr 1e-04 (108s)
[15:11:08]   [cls-r1] ep52 1300/1559 loss 0.0088 lr 1e-04 (117s)
[15:11:17]   [cls-r1] ep52 1400/1559 loss 0.0088 lr 1e-04 (126s)
[15:11:26]   [cls-r1] ep52 1500/1559 loss 0.0088 lr 1e-04 (135s)
[15:11:31]   [cls-r1] ep52 1559/1559 loss 0.0088 lr 1e-04 (141s)
[15:11:40]   [cls-r1] Epoch 52 완료 | train L1 0.0088 | val argmax-MAE 8.65
[15:11:49]   [cls-r1] ep53 100/1559 loss 0.0081 lr 1e-04 (9s)
[15:11:58]   [cls-r1] ep53 200/1559 loss 0.0084 lr 1e-04 (18s)
[15:12:07]   [cls-r1] ep53 300/1559 loss 0.0082 lr 1e-04 (27s)
[15:12:16]   [cls-r1] ep53 400/1559 loss 0.0081 lr 1e-04 (36s)
[15:12:25]   [cls-r1] ep53 500/1559 loss 0.0083 lr 1e-04 (45s)
[15:12:34]   [cls-r1] ep53 600/1559 loss 0.0083 lr 1e-04 (54s)
[15:12:43]   [cls-r1] ep53 700/1559 loss 0.0084 lr 1e-04 (63s)
[15:12:52]   [cls-r1] ep53 800/1559 loss 0.0083 lr 1e-04 (72s)
[15:13:01]   [cls-r1] ep53 900/1559 loss 0.0082 lr 1e-04 (81s)
[15:13:10]   [cls-r1] ep53 1000/1559 loss 0.0082 lr 1e-04 (90s)
[15:13:19]   [cls-r1] ep53 1100/1559 loss 0.0082 lr 1e-04 (99s)
[15:13:28]   [cls-r1] ep53 1200/1559 loss 0.0080 lr 1e-04 (108s)
[15:13:37]   [cls-r1] ep53 1300/1559 loss 0.0080 lr 1e-04 (117s)
[15:13:46]   [cls-r1] ep53 1400/1559 loss 0.0081 lr 1e-04 (126s)
[15:13:55]   [cls-r1] ep53 1500/1559 loss 0.0080 lr 1e-04 (136s)
[15:14:01]   [cls-r1] ep53 1559/1559 loss 0.0080 lr 1e-04 (141s)
[15:14:09]   [cls-r1] Epoch 53 완료 | train L1 0.0080 | val argmax-MAE 8.74
[15:14:18]   [cls-r1] ep54 100/1559 loss 0.0080 lr 1e-04 (9s)
[15:14:27]   [cls-r1] ep54 200/1559 loss 0.0078 lr 1e-04 (18s)
[15:14:36]   [cls-r1] ep54 300/1559 loss 0.0079 lr 1e-04 (27s)
[15:14:45]   [cls-r1] ep54 400/1559 loss 0.0079 lr 1e-04 (36s)
[15:14:54]   [cls-r1] ep54 500/1559 loss 0.0078 lr 1e-04 (45s)
[15:15:03]   [cls-r1] ep54 600/1559 loss 0.0077 lr 1e-04 (54s)
[15:15:12]   [cls-r1] ep54 700/1559 loss 0.0076 lr 1e-04 (63s)
[15:15:21]   [cls-r1] ep54 800/1559 loss 0.0077 lr 1e-04 (73s)
[15:15:30]   [cls-r1] ep54 900/1559 loss 0.0078 lr 1e-04 (82s)
[15:15:39]   [cls-r1] ep54 1000/1559 loss 0.0078 lr 1e-04 (91s)
[15:15:49]   [cls-r1] ep54 1100/1559 loss 0.0077 lr 1e-04 (100s)
[15:15:58]   [cls-r1] ep54 1200/1559 loss 0.0077 lr 1e-04 (109s)
[15:16:07]   [cls-r1] ep54 1300/1559 loss 0.0077 lr 1e-04 (118s)
[15:16:16]   [cls-r1] ep54 1400/1559 loss 0.0076 lr 1e-04 (127s)
[15:16:25]   [cls-r1] ep54 1500/1559 loss 0.0076 lr 1e-04 (136s)
[15:16:30]   [cls-r1] ep54 1559/1559 loss 0.0076 lr 1e-04 (141s)
[15:16:38]   [cls-r1] Epoch 54 완료 | train L1 0.0076 | val argmax-MAE 8.69
[15:16:48]   [cls-r1] ep55 100/1559 loss 0.0079 lr 1e-04 (9s)
[15:16:57]   [cls-r1] ep55 200/1559 loss 0.0076 lr 1e-04 (18s)
[15:17:06]   [cls-r1] ep55 300/1559 loss 0.0077 lr 1e-04 (27s)
[15:17:15]   [cls-r1] ep55 400/1559 loss 0.0076 lr 1e-04 (36s)
[15:17:24]   [cls-r1] ep55 500/1559 loss 0.0077 lr 1e-04 (45s)
[15:17:33]   [cls-r1] ep55 600/1559 loss 0.0075 lr 1e-04 (54s)
[15:17:42]   [cls-r1] ep55 700/1559 loss 0.0074 lr 1e-04 (63s)
[15:17:51]   [cls-r1] ep55 800/1559 loss 0.0074 lr 1e-04 (73s)
[15:18:00]   [cls-r1] ep55 900/1559 loss 0.0074 lr 1e-04 (82s)
[15:18:09]   [cls-r1] ep55 1000/1559 loss 0.0075 lr 1e-04 (91s)
[15:18:18]   [cls-r1] ep55 1100/1559 loss 0.0074 lr 1e-04 (99s)
[15:18:27]   [cls-r1] ep55 1200/1559 loss 0.0074 lr 1e-04 (109s)
[15:18:36]   [cls-r1] ep55 1300/1559 loss 0.0074 lr 1e-04 (118s)
[15:18:45]   [cls-r1] ep55 1400/1559 loss 0.0075 lr 1e-04 (127s)
[15:18:54]   [cls-r1] ep55 1500/1559 loss 0.0075 lr 1e-04 (136s)
[15:19:00]   [cls-r1] ep55 1559/1559 loss 0.0074 lr 1e-04 (141s)
[15:19:08]   [cls-r1] Epoch 55 완료 | train L1 0.0074 | val argmax-MAE 8.61
[15:19:08]   [cls-r1] * best 저장 (argmax-MAE 8.61)
[15:19:18]   [cls-r1] ep56 100/1559 loss 0.0074 lr 1e-04 (9s)
[15:19:27]   [cls-r1] ep56 200/1559 loss 0.0069 lr 1e-04 (18s)
[15:19:36]   [cls-r1] ep56 300/1559 loss 0.0067 lr 1e-04 (27s)
[15:19:45]   [cls-r1] ep56 400/1559 loss 0.0071 lr 1e-04 (37s)
[15:19:54]   [cls-r1] ep56 500/1559 loss 0.0071 lr 1e-04 (46s)
[15:20:03]   [cls-r1] ep56 600/1559 loss 0.0071 lr 1e-04 (55s)
[15:20:12]   [cls-r1] ep56 700/1559 loss 0.0071 lr 1e-04 (64s)
[15:20:21]   [cls-r1] ep56 800/1559 loss 0.0073 lr 1e-04 (73s)
[15:20:31]   [cls-r1] ep56 900/1559 loss 0.0073 lr 1e-04 (82s)
[15:20:40]   [cls-r1] ep56 1000/1559 loss 0.0073 lr 1e-04 (91s)
[15:20:49]   [cls-r1] ep56 1100/1559 loss 0.0073 lr 1e-04 (100s)
[15:20:58]   [cls-r1] ep56 1200/1559 loss 0.0073 lr 1e-04 (110s)
[15:21:07]   [cls-r1] ep56 1300/1559 loss 0.0073 lr 1e-04 (119s)
[15:21:16]   [cls-r1] ep56 1400/1559 loss 0.0072 lr 1e-04 (128s)
[15:21:25]   [cls-r1] ep56 1500/1559 loss 0.0072 lr 1e-04 (137s)
[15:21:31]   [cls-r1] ep56 1559/1559 loss 0.0072 lr 1e-04 (142s)
[15:21:39]   [cls-r1] Epoch 56 완료 | train L1 0.0072 | val argmax-MAE 8.55
[15:21:39]   [cls-r1] * best 저장 (argmax-MAE 8.55)
[15:21:49]   [cls-r1] ep57 100/1559 loss 0.0079 lr 1e-04 (9s)
[15:21:58]   [cls-r1] ep57 200/1559 loss 0.0075 lr 1e-04 (18s)
[15:22:07]   [cls-r1] ep57 300/1559 loss 0.0075 lr 1e-04 (27s)
[15:22:16]   [cls-r1] ep57 400/1559 loss 0.0075 lr 1e-04 (37s)
[15:22:25]   [cls-r1] ep57 500/1559 loss 0.0072 lr 1e-04 (46s)
[15:22:34]   [cls-r1] ep57 600/1559 loss 0.0072 lr 1e-04 (55s)
[15:22:43]   [cls-r1] ep57 700/1559 loss 0.0071 lr 1e-04 (64s)
[15:22:52]   [cls-r1] ep57 800/1559 loss 0.0071 lr 1e-04 (73s)
[15:23:02]   [cls-r1] ep57 900/1559 loss 0.0071 lr 1e-04 (82s)
[15:23:11]   [cls-r1] ep57 1000/1559 loss 0.0071 lr 1e-04 (91s)
[15:23:20]   [cls-r1] ep57 1100/1559 loss 0.0070 lr 1e-04 (100s)
[15:23:29]   [cls-r1] ep57 1200/1559 loss 0.0071 lr 1e-04 (110s)
[15:23:38]   [cls-r1] ep57 1300/1559 loss 0.0071 lr 1e-04 (119s)
[15:23:47]   [cls-r1] ep57 1400/1559 loss 0.0071 lr 1e-04 (128s)
[15:23:56]   [cls-r1] ep57 1500/1559 loss 0.0071 lr 1e-04 (137s)
[15:24:02]   [cls-r1] ep57 1559/1559 loss 0.0071 lr 1e-04 (142s)
[15:24:10]   [cls-r1] Epoch 57 완료 | train L1 0.0071 | val argmax-MAE 8.58
[15:24:19]   [cls-r1] ep58 100/1559 loss 0.0062 lr 1e-04 (9s)
[15:24:28]   [cls-r1] ep58 200/1559 loss 0.0065 lr 1e-04 (18s)
[15:24:38]   [cls-r1] ep58 300/1559 loss 0.0067 lr 1e-04 (27s)
[15:24:47]   [cls-r1] ep58 400/1559 loss 0.0069 lr 1e-04 (36s)
[15:24:56]   [cls-r1] ep58 500/1559 loss 0.0068 lr 1e-04 (46s)
[15:25:05]   [cls-r1] ep58 600/1559 loss 0.0069 lr 1e-04 (55s)
[15:25:14]   [cls-r1] ep58 700/1559 loss 0.0069 lr 1e-04 (64s)
[15:25:23]   [cls-r1] ep58 800/1559 loss 0.0070 lr 1e-04 (73s)
[15:25:32]   [cls-r1] ep58 900/1559 loss 0.0069 lr 1e-04 (82s)
[15:25:41]   [cls-r1] ep58 1000/1559 loss 0.0069 lr 1e-04 (91s)
[15:25:51]   [cls-r1] ep58 1100/1559 loss 0.0069 lr 1e-04 (100s)
[15:26:00]   [cls-r1] ep58 1200/1559 loss 0.0069 lr 1e-04 (109s)
[15:26:09]   [cls-r1] ep58 1300/1559 loss 0.0069 lr 1e-04 (119s)
[15:26:18]   [cls-r1] ep58 1400/1559 loss 0.0069 lr 1e-04 (128s)
[15:26:27]   [cls-r1] ep58 1500/1559 loss 0.0069 lr 1e-04 (137s)
[15:26:32]   [cls-r1] ep58 1559/1559 loss 0.0069 lr 1e-04 (142s)
[15:26:41]   [cls-r1] Epoch 58 완료 | train L1 0.0069 | val argmax-MAE 8.62
[15:26:50]   [cls-r1] ep59 100/1559 loss 0.0068 lr 1e-04 (9s)
[15:26:59]   [cls-r1] ep59 200/1559 loss 0.0068 lr 1e-04 (18s)
[15:27:08]   [cls-r1] ep59 300/1559 loss 0.0068 lr 1e-04 (27s)
[15:27:17]   [cls-r1] ep59 400/1559 loss 0.0068 lr 1e-04 (36s)
[15:27:26]   [cls-r1] ep59 500/1559 loss 0.0069 lr 1e-04 (45s)
[15:27:35]   [cls-r1] ep59 600/1559 loss 0.0069 lr 1e-04 (55s)
[15:27:44]   [cls-r1] ep59 700/1559 loss 0.0069 lr 1e-04 (64s)
[15:27:53]   [cls-r1] ep59 800/1559 loss 0.0069 lr 1e-04 (73s)
[15:28:03]   [cls-r1] ep59 900/1559 loss 0.0068 lr 1e-04 (82s)
[15:28:12]   [cls-r1] ep59 1000/1559 loss 0.0067 lr 1e-04 (91s)
[15:28:21]   [cls-r1] ep59 1100/1559 loss 0.0067 lr 1e-04 (100s)
[15:28:30]   [cls-r1] ep59 1200/1559 loss 0.0067 lr 1e-04 (109s)
[15:28:39]   [cls-r1] ep59 1300/1559 loss 0.0067 lr 1e-04 (118s)
[15:28:48]   [cls-r1] ep59 1400/1559 loss 0.0068 lr 1e-04 (127s)
[15:28:57]   [cls-r1] ep59 1500/1559 loss 0.0068 lr 1e-04 (136s)
[15:29:03]   [cls-r1] ep59 1559/1559 loss 0.0068 lr 1e-04 (142s)
[15:29:11]   [cls-r1] Epoch 59 완료 | train L1 0.0068 | val argmax-MAE 8.52
[15:29:11]   [cls-r1] * best 저장 (argmax-MAE 8.52)
[15:29:20]   [cls-r1] ep60 100/1559 loss 0.0064 lr 1e-04 (9s)
[15:29:29]   [cls-r1] ep60 200/1559 loss 0.0064 lr 1e-04 (18s)
[15:29:38]   [cls-r1] ep60 300/1559 loss 0.0064 lr 1e-04 (27s)
[15:29:47]   [cls-r1] ep60 400/1559 loss 0.0064 lr 1e-04 (36s)
[15:29:56]   [cls-r1] ep60 500/1559 loss 0.0065 lr 1e-04 (45s)
[15:30:05]   [cls-r1] ep60 600/1559 loss 0.0066 lr 1e-04 (54s)
[15:30:15]   [cls-r1] ep60 700/1559 loss 0.0065 lr 1e-04 (64s)
[15:30:24]   [cls-r1] ep60 800/1559 loss 0.0065 lr 1e-04 (73s)
[15:30:33]   [cls-r1] ep60 900/1559 loss 0.0065 lr 1e-04 (82s)
[15:30:42]   [cls-r1] ep60 1000/1559 loss 0.0065 lr 1e-04 (91s)
[15:30:51]   [cls-r1] ep60 1100/1559 loss 0.0066 lr 1e-04 (100s)
[15:31:00]   [cls-r1] ep60 1200/1559 loss 0.0066 lr 1e-04 (109s)
[15:31:09]   [cls-r1] ep60 1300/1559 loss 0.0065 lr 1e-04 (118s)
[15:31:18]   [cls-r1] ep60 1400/1559 loss 0.0066 lr 1e-04 (127s)
[15:31:27]   [cls-r1] ep60 1500/1559 loss 0.0066 lr 1e-04 (136s)
[15:31:32]   [cls-r1] ep60 1559/1559 loss 0.0066 lr 1e-04 (141s)
[15:31:41]   [cls-r1] Epoch 60 완료 | train L1 0.0066 | val argmax-MAE 8.49
[15:31:41]   [cls-r1] * best 저장 (argmax-MAE 8.49)
[15:31:50]   [cls-r1] ep61 100/1559 loss 0.0060 lr 1e-04 (9s)
[15:31:59]   [cls-r1] ep61 200/1559 loss 0.0062 lr 1e-04 (18s)
[15:32:08]   [cls-r1] ep61 300/1559 loss 0.0064 lr 1e-04 (27s)
[15:32:17]   [cls-r1] ep61 400/1559 loss 0.0062 lr 1e-04 (36s)
[15:32:26]   [cls-r1] ep61 500/1559 loss 0.0063 lr 1e-04 (46s)
[15:32:35]   [cls-r1] ep61 600/1559 loss 0.0063 lr 1e-04 (55s)
[15:32:45]   [cls-r1] ep61 700/1559 loss 0.0063 lr 1e-04 (64s)
[15:32:54]   [cls-r1] ep61 800/1559 loss 0.0064 lr 1e-04 (73s)
[15:33:03]   [cls-r1] ep61 900/1559 loss 0.0065 lr 1e-04 (82s)
[15:33:12]   [cls-r1] ep61 1000/1559 loss 0.0064 lr 1e-04 (91s)
[15:33:21]   [cls-r1] ep61 1100/1559 loss 0.0064 lr 1e-04 (100s)
[15:33:30]   [cls-r1] ep61 1200/1559 loss 0.0063 lr 1e-04 (109s)
[15:33:39]   [cls-r1] ep61 1300/1559 loss 0.0063 lr 1e-04 (118s)
[15:33:48]   [cls-r1] ep61 1400/1559 loss 0.0063 lr 1e-04 (127s)
[15:33:57]   [cls-r1] ep61 1500/1559 loss 0.0064 lr 1e-04 (137s)
[15:34:03]   [cls-r1] ep61 1559/1559 loss 0.0064 lr 1e-04 (142s)
[15:34:11]   [cls-r1] Epoch 61 완료 | train L1 0.0064 | val argmax-MAE 8.65
[15:34:20]   [cls-r1] ep62 100/1559 loss 0.0064 lr 1e-04 (9s)
[15:34:29]   [cls-r1] ep62 200/1559 loss 0.0067 lr 1e-04 (18s)
[15:34:38]   [cls-r1] ep62 300/1559 loss 0.0066 lr 1e-04 (27s)
[15:34:48]   [cls-r1] ep62 400/1559 loss 0.0065 lr 1e-04 (36s)
[15:34:57]   [cls-r1] ep62 500/1559 loss 0.0063 lr 1e-04 (46s)
[15:35:06]   [cls-r1] ep62 600/1559 loss 0.0064 lr 1e-04 (55s)
[15:35:15]   [cls-r1] ep62 700/1559 loss 0.0064 lr 1e-04 (64s)
[15:35:24]   [cls-r1] ep62 800/1559 loss 0.0064 lr 1e-04 (73s)
[15:35:33]   [cls-r1] ep62 900/1559 loss 0.0063 lr 1e-04 (82s)
[15:35:42]   [cls-r1] ep62 1000/1559 loss 0.0064 lr 1e-04 (91s)
[15:35:51]   [cls-r1] ep62 1100/1559 loss 0.0063 lr 1e-04 (100s)
[15:36:00]   [cls-r1] ep62 1200/1559 loss 0.0063 lr 1e-04 (109s)
[15:36:10]   [cls-r1] ep62 1300/1559 loss 0.0063 lr 1e-04 (118s)
[15:36:19]   [cls-r1] ep62 1400/1559 loss 0.0063 lr 1e-04 (128s)
[15:36:28]   [cls-r1] ep62 1500/1559 loss 0.0063 lr 1e-04 (137s)
[15:36:33]   [cls-r1] ep62 1559/1559 loss 0.0063 lr 1e-04 (142s)
[15:36:42]   [cls-r1] Epoch 62 완료 | train L1 0.0063 | val argmax-MAE 8.69
[15:36:51]   [cls-r1] ep63 100/1559 loss 0.0056 lr 1e-04 (9s)
[15:37:00]   [cls-r1] ep63 200/1559 loss 0.0065 lr 1e-04 (18s)
[15:37:09]   [cls-r1] ep63 300/1559 loss 0.0064 lr 1e-04 (27s)
[15:37:18]   [cls-r1] ep63 400/1559 loss 0.0065 lr 1e-04 (36s)
[15:37:27]   [cls-r1] ep63 500/1559 loss 0.0063 lr 1e-04 (46s)
[15:37:36]   [cls-r1] ep63 600/1559 loss 0.0063 lr 1e-04 (55s)
[15:37:45]   [cls-r1] ep63 700/1559 loss 0.0063 lr 1e-04 (64s)
[15:37:54]   [cls-r1] ep63 800/1559 loss 0.0063 lr 1e-04 (73s)
[15:38:04]   [cls-r1] ep63 900/1559 loss 0.0062 lr 1e-04 (82s)
[15:38:13]   [cls-r1] ep63 1000/1559 loss 0.0062 lr 1e-04 (91s)
[15:38:22]   [cls-r1] ep63 1100/1559 loss 0.0062 lr 1e-04 (100s)
[15:38:31]   [cls-r1] ep63 1200/1559 loss 0.0062 lr 1e-04 (109s)
[15:38:40]   [cls-r1] ep63 1300/1559 loss 0.0062 lr 1e-04 (118s)
[15:38:49]   [cls-r1] ep63 1400/1559 loss 0.0062 lr 1e-04 (127s)
[15:38:58]   [cls-r1] ep63 1500/1559 loss 0.0062 lr 1e-04 (137s)
[15:39:03]   [cls-r1] ep63 1559/1559 loss 0.0062 lr 1e-04 (142s)
[15:39:12]   [cls-r1] Epoch 63 완료 | train L1 0.0062 | val argmax-MAE 8.74
[15:39:21]   [cls-r1] ep64 100/1559 loss 0.0057 lr 1e-04 (9s)
[15:39:30]   [cls-r1] ep64 200/1559 loss 0.0055 lr 1e-04 (18s)
[15:39:39]   [cls-r1] ep64 300/1559 loss 0.0057 lr 1e-04 (27s)
[15:39:48]   [cls-r1] ep64 400/1559 loss 0.0057 lr 1e-04 (36s)
[15:39:57]   [cls-r1] ep64 500/1559 loss 0.0059 lr 1e-04 (45s)
[15:40:06]   [cls-r1] ep64 600/1559 loss 0.0058 lr 1e-04 (55s)
[15:40:15]   [cls-r1] ep64 700/1559 loss 0.0058 lr 1e-04 (64s)
[15:40:25]   [cls-r1] ep64 800/1559 loss 0.0058 lr 1e-04 (73s)
[15:40:34]   [cls-r1] ep64 900/1559 loss 0.0060 lr 1e-04 (82s)
[15:40:43]   [cls-r1] ep64 1000/1559 loss 0.0059 lr 1e-04 (91s)
[15:40:52]   [cls-r1] ep64 1100/1559 loss 0.0060 lr 1e-04 (100s)
[15:41:01]   [cls-r1] ep64 1200/1559 loss 0.0061 lr 1e-04 (109s)
[15:41:10]   [cls-r1] ep64 1300/1559 loss 0.0061 lr 1e-04 (118s)
[15:41:19]   [cls-r1] ep64 1400/1559 loss 0.0061 lr 1e-04 (127s)
[15:41:28]   [cls-r1] ep64 1500/1559 loss 0.0061 lr 1e-04 (136s)
[15:41:34]   [cls-r1] ep64 1559/1559 loss 0.0061 lr 1e-04 (142s)
[15:41:42]   [cls-r1] Epoch 64 완료 | train L1 0.0061 | val argmax-MAE 8.82
[15:41:51]   [cls-r1] ep65 100/1559 loss 0.0056 lr 1e-04 (9s)
[15:42:00]   [cls-r1] ep65 200/1559 loss 0.0060 lr 1e-04 (18s)
[15:42:09]   [cls-r1] ep65 300/1559 loss 0.0062 lr 1e-04 (27s)
[15:42:18]   [cls-r1] ep65 400/1559 loss 0.0060 lr 1e-04 (36s)
[15:42:27]   [cls-r1] ep65 500/1559 loss 0.0060 lr 1e-04 (45s)
[15:42:37]   [cls-r1] ep65 600/1559 loss 0.0059 lr 1e-04 (55s)
[15:42:46]   [cls-r1] ep65 700/1559 loss 0.0060 lr 1e-04 (64s)
[15:42:55]   [cls-r1] ep65 800/1559 loss 0.0060 lr 1e-04 (73s)
[15:43:04]   [cls-r1] ep65 900/1559 loss 0.0061 lr 1e-04 (82s)
[15:43:13]   [cls-r1] ep65 1000/1559 loss 0.0060 lr 1e-04 (91s)
[15:43:22]   [cls-r1] ep65 1100/1559 loss 0.0060 lr 1e-04 (100s)
[15:43:31]   [cls-r1] ep65 1200/1559 loss 0.0060 lr 1e-04 (109s)
[15:43:40]   [cls-r1] ep65 1300/1559 loss 0.0060 lr 1e-04 (118s)
[15:43:49]   [cls-r1] ep65 1400/1559 loss 0.0060 lr 1e-04 (127s)
[15:43:58]   [cls-r1] ep65 1500/1559 loss 0.0060 lr 1e-04 (136s)
[15:44:04]   [cls-r1] ep65 1559/1559 loss 0.0060 lr 1e-04 (142s)
[15:44:12]   [cls-r1] Epoch 65 완료 | train L1 0.0060 | val argmax-MAE 8.79
[15:44:21]   [cls-r1] ep66 100/1559 loss 0.0060 lr 1e-04 (9s)
[15:44:30]   [cls-r1] ep66 200/1559 loss 0.0060 lr 1e-04 (18s)
[15:44:39]   [cls-r1] ep66 300/1559 loss 0.0056 lr 1e-04 (27s)
[15:44:48]   [cls-r1] ep66 400/1559 loss 0.0057 lr 1e-04 (36s)
[15:44:57]   [cls-r1] ep66 500/1559 loss 0.0057 lr 1e-04 (45s)
[15:45:06]   [cls-r1] ep66 600/1559 loss 0.0057 lr 1e-04 (55s)
[15:45:15]   [cls-r1] ep66 700/1559 loss 0.0056 lr 1e-04 (64s)
[15:45:25]   [cls-r1] ep66 800/1559 loss 0.0057 lr 1e-04 (73s)
[15:45:34]   [cls-r1] ep66 900/1559 loss 0.0057 lr 1e-04 (82s)
[15:45:43]   [cls-r1] ep66 1000/1559 loss 0.0057 lr 1e-04 (91s)
[15:45:52]   [cls-r1] ep66 1100/1559 loss 0.0058 lr 1e-04 (100s)
[15:46:01]   [cls-r1] ep66 1200/1559 loss 0.0058 lr 1e-04 (109s)
[15:46:10]   [cls-r1] ep66 1300/1559 loss 0.0058 lr 1e-04 (118s)
[15:46:19]   [cls-r1] ep66 1400/1559 loss 0.0058 lr 1e-04 (127s)
[15:46:28]   [cls-r1] ep66 1500/1559 loss 0.0057 lr 1e-04 (136s)
[15:46:34]   [cls-r1] ep66 1559/1559 loss 0.0057 lr 1e-04 (142s)
[15:46:42]   [cls-r1] Epoch 66 완료 | train L1 0.0057 | val argmax-MAE 8.70
[15:46:51]   [cls-r1] ep67 100/1559 loss 0.0053 lr 1e-04 (9s)
[15:47:00]   [cls-r1] ep67 200/1559 loss 0.0060 lr 1e-04 (18s)
[15:47:09]   [cls-r1] ep67 300/1559 loss 0.0058 lr 1e-04 (27s)
[15:47:18]   [cls-r1] ep67 400/1559 loss 0.0059 lr 1e-04 (36s)
[15:47:27]   [cls-r1] ep67 500/1559 loss 0.0058 lr 1e-04 (45s)
[15:47:36]   [cls-r1] ep67 600/1559 loss 0.0058 lr 1e-04 (54s)
[15:47:46]   [cls-r1] ep67 700/1559 loss 0.0058 lr 1e-04 (64s)
[15:47:55]   [cls-r1] ep67 800/1559 loss 0.0057 lr 1e-04 (73s)
[15:48:04]   [cls-r1] ep67 900/1559 loss 0.0057 lr 1e-04 (82s)
[15:48:13]   [cls-r1] ep67 1000/1559 loss 0.0057 lr 1e-04 (91s)
[15:48:22]   [cls-r1] ep67 1100/1559 loss 0.0057 lr 1e-04 (100s)
[15:48:31]   [cls-r1] ep67 1200/1559 loss 0.0057 lr 1e-04 (109s)
[15:48:40]   [cls-r1] ep67 1300/1559 loss 0.0057 lr 1e-04 (118s)
[15:48:49]   [cls-r1] ep67 1400/1559 loss 0.0058 lr 1e-04 (127s)
[15:48:58]   [cls-r1] ep67 1500/1559 loss 0.0058 lr 1e-04 (136s)
[15:49:04]   [cls-r1] ep67 1559/1559 loss 0.0058 lr 1e-04 (142s)
[15:49:12]   [cls-r1] Epoch 67 완료 | train L1 0.0058 | val argmax-MAE 8.57
[15:49:21]   [cls-r1] ep68 100/1559 loss 0.0057 lr 1e-04 (9s)
[15:49:30]   [cls-r1] ep68 200/1559 loss 0.0057 lr 1e-04 (18s)
[15:49:39]   [cls-r1] ep68 300/1559 loss 0.0058 lr 1e-04 (27s)
[15:49:48]   [cls-r1] ep68 400/1559 loss 0.0059 lr 1e-04 (36s)
[15:49:58]   [cls-r1] ep68 500/1559 loss 0.0057 lr 1e-04 (45s)
[15:50:07]   [cls-r1] ep68 600/1559 loss 0.0057 lr 1e-04 (55s)
[15:50:16]   [cls-r1] ep68 700/1559 loss 0.0057 lr 1e-04 (64s)
[15:50:25]   [cls-r1] ep68 800/1559 loss 0.0056 lr 1e-04 (73s)
[15:50:34]   [cls-r1] ep68 900/1559 loss 0.0057 lr 1e-04 (82s)
[15:50:43]   [cls-r1] ep68 1000/1559 loss 0.0056 lr 1e-04 (91s)
[15:50:52]   [cls-r1] ep68 1100/1559 loss 0.0056 lr 1e-04 (100s)
[15:51:01]   [cls-r1] ep68 1200/1559 loss 0.0057 lr 1e-04 (109s)
[15:51:10]   [cls-r1] ep68 1300/1559 loss 0.0057 lr 1e-04 (118s)
[15:51:19]   [cls-r1] ep68 1400/1559 loss 0.0056 lr 1e-04 (127s)
[15:51:28]   [cls-r1] ep68 1500/1559 loss 0.0056 lr 1e-04 (136s)
[15:51:34]   [cls-r1] ep68 1559/1559 loss 0.0056 lr 1e-04 (142s)
[15:51:42]   [cls-r1] Epoch 68 완료 | train L1 0.0056 | val argmax-MAE 8.76
[15:51:50]   [cls-r1] ep69 100/1559 loss 0.0055 lr 1e-04 (8s)
[15:51:58]   [cls-r1] ep69 200/1559 loss 0.0056 lr 1e-04 (16s)
[15:52:07]   [cls-r1] ep69 300/1559 loss 0.0058 lr 1e-04 (25s)
[15:52:16]   [cls-r1] ep69 400/1559 loss 0.0058 lr 1e-04 (34s)
[15:52:25]   [cls-r1] ep69 500/1559 loss 0.0057 lr 1e-04 (43s)
[15:52:34]   [cls-r1] ep69 600/1559 loss 0.0056 lr 1e-04 (52s)
[15:52:43]   [cls-r1] ep69 700/1559 loss 0.0056 lr 1e-04 (61s)
[15:52:52]   [cls-r1] ep69 800/1559 loss 0.0056 lr 1e-04 (70s)
[15:53:01]   [cls-r1] ep69 900/1559 loss 0.0056 lr 1e-04 (79s)
[15:53:10]   [cls-r1] ep69 1000/1559 loss 0.0056 lr 1e-04 (88s)
[15:53:19]   [cls-r1] ep69 1100/1559 loss 0.0055 lr 1e-04 (97s)
[15:53:28]   [cls-r1] ep69 1200/1559 loss 0.0055 lr 1e-04 (106s)
[15:53:37]   [cls-r1] ep69 1300/1559 loss 0.0056 lr 1e-04 (115s)
[15:53:46]   [cls-r1] ep69 1400/1559 loss 0.0055 lr 1e-04 (124s)
[15:53:55]   [cls-r1] ep69 1500/1559 loss 0.0055 lr 1e-04 (133s)
[15:54:01]   [cls-r1] ep69 1559/1559 loss 0.0055 lr 1e-04 (139s)
[15:54:09]   [cls-r1] Epoch 69 완료 | train L1 0.0055 | val argmax-MAE 8.57
[15:54:18]   [cls-r1] ep70 100/1559 loss 0.0052 lr 1e-04 (9s)
[15:54:27]   [cls-r1] ep70 200/1559 loss 0.0052 lr 1e-04 (18s)
[15:54:36]   [cls-r1] ep70 300/1559 loss 0.0053 lr 1e-04 (27s)
[15:54:45]   [cls-r1] ep70 400/1559 loss 0.0053 lr 1e-04 (36s)
[15:54:54]   [cls-r1] ep70 500/1559 loss 0.0055 lr 1e-04 (45s)
[15:55:03]   [cls-r1] ep70 600/1559 loss 0.0054 lr 1e-04 (54s)
[15:55:12]   [cls-r1] ep70 700/1559 loss 0.0054 lr 1e-04 (63s)
[15:55:21]   [cls-r1] ep70 800/1559 loss 0.0053 lr 1e-04 (73s)
[15:55:30]   [cls-r1] ep70 900/1559 loss 0.0053 lr 1e-04 (82s)
[15:55:40]   [cls-r1] ep70 1000/1559 loss 0.0054 lr 1e-04 (91s)
[15:55:49]   [cls-r1] ep70 1100/1559 loss 0.0054 lr 1e-04 (100s)
[15:55:58]   [cls-r1] ep70 1200/1559 loss 0.0053 lr 1e-04 (109s)
[15:56:07]   [cls-r1] ep70 1300/1559 loss 0.0053 lr 1e-04 (118s)
[15:56:16]   [cls-r1] ep70 1400/1559 loss 0.0053 lr 1e-04 (127s)
[15:56:25]   [cls-r1] ep70 1500/1559 loss 0.0053 lr 1e-04 (136s)
[15:56:30]   [cls-r1] ep70 1559/1559 loss 0.0053 lr 1e-04 (141s)
[15:56:39]   [cls-r1] Epoch 70 완료 | train L1 0.0053 | val argmax-MAE 8.65
[15:56:39] [cls-r1] 학습 완료 | best argmax-MAE 8.49
[15:57:34]   [r1] train 1000/12473  (마스크실패 0)
[15:58:19]   [r1] train 2000/12473  (마스크실패 0)
[15:59:08]   [r1] train 3000/12473  (마스크실패 0)
[16:00:01]   [r1] train 4000/12473  (마스크실패 0)
[16:00:54]   [r1] train 5000/12473  (마스크실패 0)
[16:01:52]   [r1] train 6000/12473  (마스크실패 0)
[16:02:58]   [r1] train 7000/12473  (마스크실패 0)
[16:04:03]   [r1] train 8000/12473  (마스크실패 0)
[16:05:07]   [r1] train 9000/12473  (마스크실패 0)
[16:06:12]   [r1] train 10000/12473  (마스크실패 0)
[16:07:17]   [r1] train 11000/12473  (마스크실패 0)
[16:08:23]   [r1] train 12000/12473  (마스크실패 0)
[16:08:53] [r1:train] 완료 | 정상 12473 | 마스크실패(전체영역 대체) 0
[16:09:57]   [r1] val 1000/1384  (마스크실패 0)
[16:10:22] [r1:val] 완료 | 정상 1384 | 마스크실패(전체영역 대체) 0
[16:10:34] [r1:test] 완료 | 정상 195 | 마스크실패(전체영역 대체) 0
[16:10:34] AGG_CHANNELS 에 'r2' 가 없어 Phase I-c 를 건너뜁니다 (논문 최고 조합 H+R1+E)
[16:10:34] bbox 로그 저장: G:\Project\sinra_cho\checkpoints_attention\roi_bboxes.csv
[16:10:34] RoI 크롭 캐시 완료
[16:10:36] RoI QC 시트 저장: G:\Project\sinra_cho\checkpoints_attention\qc_roi.png  <- 손/수근골이 제대로 잡혔는지 반드시 눈으로 확인
[16:10:36] Phase II 정규화 div255 | 증강 OFF (논문 기준선)
[16:10:36] Phase II 설정: {'BACKBONE': 'xception', 'IMG_SIZE': 560, 'AGE_BINS': 240, 'GENDER_EMB_DIM': 32, 'HEAD_RELU': True, 'GENDER_RELU': True, 'LDL_DELTA': 15.0, 'LDL_LAMBDA': 0.5, 'AGG_CHANNELS': ['hand', 'r1', 'erased'], 'NORMALIZE': 'div255', 'USE_AUG': False, 'TAU': [20, 50, 50], 'CLS_SIZE_REGION': 560, 'CLS_SIZE_HAND': 300}
[16:10:36] 배치 수 | train 1559 | val 173 | test 25
[16:10:37] [backbone] timm 'legacy_xception' 로드 완료 (pretrained=True)
[16:10:37] [reg] backbone out (2048, 18, 18) -> z 6,400 | params 27.1M
[16:10:37] [LDL] loss = l_MAE + 0.5 * D_KL(G||p) | bins 240 | delta 15.0
[16:10:37] Phase II 새로 학습 시작
[16:11:19]   Epoch 001 100/1559 train_mae 14.78 kl 0.986 lr 3e-04 (42s)
[16:11:53]   Epoch 001 200/1559 train_mae 12.51 kl 0.820 lr 3e-04 (76s)
[16:12:26]   Epoch 001 300/1559 train_mae 11.37 kl 0.812 lr 3e-04 (110s)
[16:13:00]   Epoch 001 400/1559 train_mae 10.52 kl 0.735 lr 3e-04 (143s)
[16:13:34]   Epoch 001 500/1559 train_mae 10.03 kl 0.676 lr 3e-04 (177s)
[16:14:08]   Epoch 001 600/1559 train_mae 9.71 kl 0.638 lr 3e-04 (211s)
[16:14:42]   Epoch 001 700/1559 train_mae 9.48 kl 0.621 lr 3e-04 (245s)
[16:15:16]   Epoch 001 800/1559 train_mae 9.20 kl 0.594 lr 3e-04 (280s)
[16:15:51]   Epoch 001 900/1559 train_mae 9.04 kl 0.576 lr 3e-04 (314s)
[16:16:25]   Epoch 001 1000/1559 train_mae 8.85 kl 0.554 lr 3e-04 (348s)
[16:16:59]   Epoch 001 1100/1559 train_mae 8.71 kl 0.537 lr 3e-04 (383s)
[16:17:34]   Epoch 001 1200/1559 train_mae 8.54 kl 0.523 lr 3e-04 (417s)
[16:18:08]   Epoch 001 1300/1559 train_mae 8.40 kl 0.514 lr 3e-04 (451s)
[16:18:42]   Epoch 001 1400/1559 train_mae 8.25 kl 0.501 lr 3e-04 (485s)
[16:19:16]   Epoch 001 1500/1559 train_mae 8.14 kl 0.491 lr 3e-04 (520s)
[16:19:36]   Epoch 001 1559/1559 train_mae 8.07 kl 0.488 lr 3e-04 (540s)
[16:20:28] [Epoch 001 완료] train MAE 8.07 | val MAE 9.72 | val RMSE 13.45 | * best 저장 (val MAE 9.72)
[16:20:44]   Epoch 002 100/1559 train_mae 5.94 kl 0.409 lr 3e-04 (15s)
[16:21:00]   Epoch 002 200/1559 train_mae 5.81 kl 0.375 lr 3e-04 (31s)
[16:21:16]   Epoch 002 300/1559 train_mae 5.67 kl 0.353 lr 3e-04 (47s)
[16:21:32]   Epoch 002 400/1559 train_mae 5.61 kl 0.354 lr 3e-04 (63s)
[16:21:47]   Epoch 002 500/1559 train_mae 5.58 kl 0.355 lr 3e-04 (79s)
[16:22:03]   Epoch 002 600/1559 train_mae 5.56 kl 0.351 lr 3e-04 (94s)
[16:22:19]   Epoch 002 700/1559 train_mae 5.54 kl 0.350 lr 3e-04 (110s)
[16:22:35]   Epoch 002 800/1559 train_mae 5.51 kl 0.350 lr 3e-04 (126s)
[16:22:51]   Epoch 002 900/1559 train_mae 5.47 kl 0.350 lr 3e-04 (142s)
[16:23:07]   Epoch 002 1000/1559 train_mae 5.46 kl 0.355 lr 3e-04 (158s)
[16:23:23]   Epoch 002 1100/1559 train_mae 5.48 kl 0.359 lr 3e-04 (174s)
[16:23:39]   Epoch 002 1200/1559 train_mae 5.48 kl 0.359 lr 3e-04 (190s)
[16:23:55]   Epoch 002 1300/1559 train_mae 5.45 kl 0.358 lr 3e-04 (206s)
[16:24:11]   Epoch 002 1400/1559 train_mae 5.44 kl 0.358 lr 3e-04 (222s)
[16:24:26]   Epoch 002 1500/1559 train_mae 5.41 kl 0.356 lr 3e-04 (238s)
[16:24:36]   Epoch 002 1559/1559 train_mae 5.40 kl 0.354 lr 3e-04 (247s)
[16:24:56] [Epoch 002 완료] train MAE 5.40 | val MAE 9.41 | val RMSE 13.19 | * best 저장 (val MAE 9.41)
[16:25:13]   Epoch 003 100/1559 train_mae 4.52 kl 0.347 lr 3e-04 (16s)
[16:25:28]   Epoch 003 200/1559 train_mae 4.64 kl 0.356 lr 3e-04 (32s)
[16:25:44]   Epoch 003 300/1559 train_mae 4.59 kl 0.330 lr 3e-04 (47s)
[16:26:00]   Epoch 003 400/1559 train_mae 4.59 kl 0.324 lr 3e-04 (63s)
[16:26:16]   Epoch 003 500/1559 train_mae 4.63 kl 0.313 lr 3e-04 (79s)
[16:26:32]   Epoch 003 600/1559 train_mae 4.61 kl 0.309 lr 3e-04 (95s)
[16:26:48]   Epoch 003 700/1559 train_mae 4.61 kl 0.310 lr 3e-04 (111s)
[16:27:04]   Epoch 003 800/1559 train_mae 4.62 kl 0.312 lr 3e-04 (127s)
[16:27:20]   Epoch 003 900/1559 train_mae 4.60 kl 0.311 lr 3e-04 (143s)
[16:27:36]   Epoch 003 1000/1559 train_mae 4.59 kl 0.310 lr 3e-04 (159s)
[16:27:52]   Epoch 003 1100/1559 train_mae 4.59 kl 0.315 lr 3e-04 (175s)
[16:28:08]   Epoch 003 1200/1559 train_mae 4.57 kl 0.314 lr 3e-04 (191s)
[16:28:23]   Epoch 003 1300/1559 train_mae 4.57 kl 0.319 lr 3e-04 (207s)
[16:28:39]   Epoch 003 1400/1559 train_mae 4.58 kl 0.317 lr 3e-04 (223s)
[16:28:55]   Epoch 003 1500/1559 train_mae 4.57 kl 0.313 lr 3e-04 (238s)
[16:29:05]   Epoch 003 1559/1559 train_mae 4.58 kl 0.315 lr 3e-04 (248s)
[16:29:25] [Epoch 003 완료] train MAE 4.58 | val MAE 8.86 | val RMSE 11.97 | * best 저장 (val MAE 8.86)
[16:29:42]   Epoch 004 100/1559 train_mae 3.92 kl 0.256 lr 3e-04 (16s)
[16:29:58]   Epoch 004 200/1559 train_mae 3.89 kl 0.283 lr 3e-04 (32s)
[16:30:14]   Epoch 004 300/1559 train_mae 3.93 kl 0.286 lr 3e-04 (48s)
[16:30:30]   Epoch 004 400/1559 train_mae 3.99 kl 0.281 lr 3e-04 (64s)
[16:30:45]   Epoch 004 500/1559 train_mae 3.98 kl 0.287 lr 3e-04 (80s)
[16:31:01]   Epoch 004 600/1559 train_mae 4.01 kl 0.289 lr 3e-04 (95s)
[16:31:17]   Epoch 004 700/1559 train_mae 4.06 kl 0.287 lr 3e-04 (111s)
[16:31:33]   Epoch 004 800/1559 train_mae 4.05 kl 0.288 lr 3e-04 (127s)
[16:31:49]   Epoch 004 900/1559 train_mae 4.09 kl 0.295 lr 3e-04 (143s)
[16:32:05]   Epoch 004 1000/1559 train_mae 4.15 kl 0.301 lr 3e-04 (159s)
[16:32:21]   Epoch 004 1100/1559 train_mae 4.18 kl 0.302 lr 3e-04 (175s)
[16:32:37]   Epoch 004 1200/1559 train_mae 4.18 kl 0.304 lr 3e-04 (191s)
[16:32:53]   Epoch 004 1300/1559 train_mae 4.17 kl 0.306 lr 3e-04 (207s)
[16:33:09]   Epoch 004 1400/1559 train_mae 4.16 kl 0.307 lr 3e-04 (223s)
[16:33:25]   Epoch 004 1500/1559 train_mae 4.17 kl 0.308 lr 3e-04 (239s)
[16:33:34]   Epoch 004 1559/1559 train_mae 4.17 kl 0.309 lr 3e-04 (248s)
[16:33:55] [Epoch 004 완료] train MAE 4.17 | val MAE 8.90 | val RMSE 12.01 | 개선없음 1
[16:34:11]   Epoch 005 100/1559 train_mae 3.79 kl 0.320 lr 3e-04 (16s)
[16:34:27]   Epoch 005 200/1559 train_mae 3.88 kl 0.315 lr 3e-04 (32s)
[16:34:43]   Epoch 005 300/1559 train_mae 3.75 kl 0.313 lr 3e-04 (48s)
[16:34:59]   Epoch 005 400/1559 train_mae 3.76 kl 0.304 lr 3e-04 (64s)
[16:35:15]   Epoch 005 500/1559 train_mae 3.72 kl 0.294 lr 3e-04 (80s)
[16:35:30]   Epoch 005 600/1559 train_mae 3.72 kl 0.292 lr 3e-04 (95s)
[16:35:46]   Epoch 005 700/1559 train_mae 3.74 kl 0.292 lr 3e-04 (111s)
[16:36:02]   Epoch 005 800/1559 train_mae 3.72 kl 0.297 lr 3e-04 (127s)
[16:36:18]   Epoch 005 900/1559 train_mae 3.73 kl 0.300 lr 3e-04 (143s)
[16:36:34]   Epoch 005 1000/1559 train_mae 3.77 kl 0.304 lr 3e-04 (159s)
[16:36:50]   Epoch 005 1100/1559 train_mae 3.79 kl 0.310 lr 3e-04 (175s)
[16:37:06]   Epoch 005 1200/1559 train_mae 3.78 kl 0.310 lr 3e-04 (191s)
[16:37:22]   Epoch 005 1300/1559 train_mae 3.80 kl 0.312 lr 3e-04 (207s)
[16:37:38]   Epoch 005 1400/1559 train_mae 3.80 kl 0.320 lr 3e-04 (223s)
[16:37:54]   Epoch 005 1500/1559 train_mae 3.82 kl 0.321 lr 3e-04 (239s)
[16:38:03]   Epoch 005 1559/1559 train_mae 3.83 kl 0.321 lr 3e-04 (248s)
[16:38:24] [Epoch 005 완료] train MAE 3.83 | val MAE 8.99 | val RMSE 12.06 | 개선없음 2
[16:38:40]   Epoch 006 100/1559 train_mae 3.58 kl 0.348 lr 3e-04 (16s)
[16:38:56]   Epoch 006 200/1559 train_mae 3.57 kl 0.318 lr 3e-04 (32s)
[16:39:12]   Epoch 006 300/1559 train_mae 3.56 kl 0.309 lr 3e-04 (48s)
[16:39:28]   Epoch 006 400/1559 train_mae 3.54 kl 0.299 lr 3e-04 (64s)
[16:39:44]   Epoch 006 500/1559 train_mae 3.53 kl 0.293 lr 3e-04 (80s)
[16:40:00]   Epoch 006 600/1559 train_mae 3.52 kl 0.296 lr 3e-04 (95s)
[16:40:15]   Epoch 006 700/1559 train_mae 3.50 kl 0.296 lr 3e-04 (111s)
[16:40:31]   Epoch 006 800/1559 train_mae 3.51 kl 0.304 lr 3e-04 (127s)
[16:40:47]   Epoch 006 900/1559 train_mae 3.51 kl 0.307 lr 3e-04 (143s)
[16:41:03]   Epoch 006 1000/1559 train_mae 3.51 kl 0.313 lr 3e-04 (159s)
[16:41:19]   Epoch 006 1100/1559 train_mae 3.51 kl 0.314 lr 3e-04 (175s)
[16:41:35]   Epoch 006 1200/1559 train_mae 3.54 kl 0.316 lr 3e-04 (191s)
[16:41:51]   Epoch 006 1300/1559 train_mae 3.52 kl 0.315 lr 3e-04 (207s)
[16:42:07]   Epoch 006 1400/1559 train_mae 3.52 kl 0.314 lr 3e-04 (223s)
[16:42:23]   Epoch 006 1500/1559 train_mae 3.52 kl 0.313 lr 3e-04 (239s)
[16:42:32]   Epoch 006 1559/1559 train_mae 3.52 kl 0.313 lr 3e-04 (248s)
[16:42:53] [Epoch 006 완료] train MAE 3.52 | val MAE 8.91 | val RMSE 12.13 | 개선없음 3
[16:43:09]   Epoch 007 100/1559 train_mae 3.10 kl 0.333 lr 3e-04 (16s)
[16:43:25]   Epoch 007 200/1559 train_mae 3.17 kl 0.325 lr 3e-04 (32s)
[16:43:41]   Epoch 007 300/1559 train_mae 3.15 kl 0.324 lr 3e-04 (48s)
[16:43:57]   Epoch 007 400/1559 train_mae 3.17 kl 0.331 lr 3e-04 (63s)
[16:44:12]   Epoch 007 500/1559 train_mae 3.17 kl 0.321 lr 3e-04 (79s)
[16:44:28]   Epoch 007 600/1559 train_mae 3.14 kl 0.316 lr 3e-04 (95s)
[16:44:44]   Epoch 007 700/1559 train_mae 3.15 kl 0.311 lr 3e-04 (111s)
[16:45:00]   Epoch 007 800/1559 train_mae 3.14 kl 0.312 lr 3e-04 (127s)
[16:45:16]   Epoch 007 900/1559 train_mae 3.15 kl 0.307 lr 3e-04 (143s)
[16:45:32]   Epoch 007 1000/1559 train_mae 3.16 kl 0.308 lr 3e-04 (159s)
[16:45:48]   Epoch 007 1100/1559 train_mae 3.16 kl 0.308 lr 3e-04 (175s)
[16:46:04]   Epoch 007 1200/1559 train_mae 3.16 kl 0.307 lr 3e-04 (191s)
[16:46:20]   Epoch 007 1300/1559 train_mae 3.17 kl 0.307 lr 3e-04 (207s)
[16:46:36]   Epoch 007 1400/1559 train_mae 3.16 kl 0.307 lr 3e-04 (222s)
[16:46:52]   Epoch 007 1500/1559 train_mae 3.14 kl 0.306 lr 3e-04 (238s)
[16:47:01]   Epoch 007 1559/1559 train_mae 3.15 kl 0.306 lr 3e-04 (248s)
[16:47:21] [Epoch 007 완료] train MAE 3.15 | val MAE 8.96 | val RMSE 12.04 | 개선없음 4
[16:47:38]   Epoch 008 100/1559 train_mae 2.84 kl 0.255 lr 3e-04 (16s)
[16:47:54]   Epoch 008 200/1559 train_mae 2.88 kl 0.269 lr 3e-04 (32s)
[16:48:09]   Epoch 008 300/1559 train_mae 2.88 kl 0.296 lr 3e-04 (48s)
[16:48:25]   Epoch 008 400/1559 train_mae 2.91 kl 0.303 lr 3e-04 (63s)
[16:48:41]   Epoch 008 500/1559 train_mae 2.90 kl 0.302 lr 3e-04 (79s)
[16:48:57]   Epoch 008 600/1559 train_mae 2.92 kl 0.304 lr 3e-04 (95s)
[16:49:12]   Epoch 008 700/1559 train_mae 2.92 kl 0.299 lr 3e-04 (110s)
[16:49:28]   Epoch 008 800/1559 train_mae 2.94 kl 0.298 lr 3e-04 (126s)
[16:49:44]   Epoch 008 900/1559 train_mae 2.96 kl 0.302 lr 3e-04 (142s)
[16:50:00]   Epoch 008 1000/1559 train_mae 2.96 kl 0.302 lr 3e-04 (158s)
[16:50:16]   Epoch 008 1100/1559 train_mae 2.96 kl 0.304 lr 3e-04 (174s)
[16:50:32]   Epoch 008 1200/1559 train_mae 2.96 kl 0.298 lr 3e-04 (190s)
[16:50:48]   Epoch 008 1300/1559 train_mae 2.96 kl 0.296 lr 3e-04 (206s)
[16:51:03]   Epoch 008 1400/1559 train_mae 2.97 kl 0.297 lr 3e-04 (222s)
[16:51:19]   Epoch 008 1500/1559 train_mae 2.97 kl 0.300 lr 3e-04 (237s)
[16:51:29]   Epoch 008 1559/1559 train_mae 2.99 kl 0.301 lr 3e-04 (247s)
[16:51:49] [Epoch 008 완료] train MAE 2.99 | val MAE 9.15 | val RMSE 12.45 | 개선없음 5
[16:52:05]   Epoch 009 100/1559 train_mae 2.67 kl 0.344 lr 3e-04 (16s)
[16:52:21]   Epoch 009 200/1559 train_mae 2.79 kl 0.326 lr 3e-04 (32s)
[16:52:37]   Epoch 009 300/1559 train_mae 2.80 kl 0.327 lr 3e-04 (48s)
[16:52:53]   Epoch 009 400/1559 train_mae 2.74 kl 0.316 lr 3e-04 (63s)
[16:53:09]   Epoch 009 500/1559 train_mae 2.72 kl 0.311 lr 3e-04 (79s)
[16:53:25]   Epoch 009 600/1559 train_mae 2.71 kl 0.304 lr 3e-04 (95s)
[16:53:41]   Epoch 009 700/1559 train_mae 2.70 kl 0.300 lr 3e-04 (111s)
[16:53:56]   Epoch 009 800/1559 train_mae 2.70 kl 0.297 lr 3e-04 (127s)
[16:54:12]   Epoch 009 900/1559 train_mae 2.72 kl 0.295 lr 3e-04 (143s)
[16:54:28]   Epoch 009 1000/1559 train_mae 2.73 kl 0.293 lr 3e-04 (159s)
[16:54:44]   Epoch 009 1100/1559 train_mae 2.73 kl 0.290 lr 3e-04 (175s)
[16:55:00]   Epoch 009 1200/1559 train_mae 2.72 kl 0.292 lr 3e-04 (190s)
[16:55:16]   Epoch 009 1300/1559 train_mae 2.72 kl 0.291 lr 3e-04 (206s)
[16:55:32]   Epoch 009 1400/1559 train_mae 2.71 kl 0.291 lr 3e-04 (222s)
[16:55:48]   Epoch 009 1500/1559 train_mae 2.70 kl 0.292 lr 3e-04 (238s)
[16:55:57]   Epoch 009 1559/1559 train_mae 2.70 kl 0.293 lr 3e-04 (248s)
[16:56:17] [Epoch 009 완료] train MAE 2.70 | val MAE 8.60 | val RMSE 11.72 | * best 저장 (val MAE 8.60)
[16:56:33]   Epoch 010 100/1559 train_mae 2.52 kl 0.291 lr 3e-04 (15s)
[16:56:48]   Epoch 010 200/1559 train_mae 2.61 kl 0.278 lr 3e-04 (31s)
[16:57:04]   Epoch 010 300/1559 train_mae 2.58 kl 0.281 lr 3e-04 (47s)
[16:57:20]   Epoch 010 400/1559 train_mae 2.57 kl 0.284 lr 3e-04 (62s)
[16:57:36]   Epoch 010 500/1559 train_mae 2.54 kl 0.282 lr 3e-04 (78s)
[16:57:52]   Epoch 010 600/1559 train_mae 2.55 kl 0.286 lr 3e-04 (94s)
[16:58:08]   Epoch 010 700/1559 train_mae 2.55 kl 0.289 lr 3e-04 (110s)
[16:58:24]   Epoch 010 800/1559 train_mae 2.52 kl 0.284 lr 3e-04 (126s)
[16:58:40]   Epoch 010 900/1559 train_mae 2.53 kl 0.281 lr 3e-04 (142s)
[16:58:55]   Epoch 010 1000/1559 train_mae 2.53 kl 0.280 lr 3e-04 (158s)
[16:59:11]   Epoch 010 1100/1559 train_mae 2.54 kl 0.276 lr 3e-04 (174s)
[16:59:27]   Epoch 010 1200/1559 train_mae 2.55 kl 0.275 lr 3e-04 (190s)
[16:59:43]   Epoch 010 1300/1559 train_mae 2.54 kl 0.275 lr 3e-04 (205s)
[16:59:59]   Epoch 010 1400/1559 train_mae 2.53 kl 0.276 lr 3e-04 (221s)
[17:00:15]   Epoch 010 1500/1559 train_mae 2.54 kl 0.278 lr 3e-04 (237s)
[17:00:24]   Epoch 010 1559/1559 train_mae 2.54 kl 0.281 lr 3e-04 (247s)
[17:00:45] [Epoch 010 완료] train MAE 2.54 | val MAE 8.67 | val RMSE 11.78 | 개선없음 1
[17:01:01]   Epoch 011 100/1559 train_mae 2.30 kl 0.300 lr 3e-04 (16s)
[17:01:15]   Epoch 011 200/1559 train_mae 2.28 kl 0.269 lr 3e-04 (29s)
[17:01:31]   Epoch 011 300/1559 train_mae 2.24 kl 0.277 lr 3e-04 (45s)
[17:01:46]   Epoch 011 400/1559 train_mae 2.28 kl 0.274 lr 3e-04 (61s)
[17:02:02]   Epoch 011 500/1559 train_mae 2.32 kl 0.274 lr 3e-04 (77s)
[17:02:18]   Epoch 011 600/1559 train_mae 2.29 kl 0.279 lr 3e-04 (93s)
[17:02:34]   Epoch 011 700/1559 train_mae 2.30 kl 0.274 lr 3e-04 (109s)
[17:02:50]   Epoch 011 800/1559 train_mae 2.31 kl 0.271 lr 3e-04 (125s)
[17:03:06]   Epoch 011 900/1559 train_mae 2.30 kl 0.272 lr 3e-04 (141s)
[17:03:22]   Epoch 011 1000/1559 train_mae 2.32 kl 0.276 lr 3e-04 (157s)
[17:03:38]   Epoch 011 1100/1559 train_mae 2.33 kl 0.275 lr 3e-04 (172s)
[17:03:53]   Epoch 011 1200/1559 train_mae 2.34 kl 0.274 lr 3e-04 (188s)
[17:04:09]   Epoch 011 1300/1559 train_mae 2.33 kl 0.278 lr 3e-04 (204s)
[17:04:25]   Epoch 011 1400/1559 train_mae 2.32 kl 0.278 lr 3e-04 (220s)
[17:04:41]   Epoch 011 1500/1559 train_mae 2.33 kl 0.278 lr 3e-04 (236s)
[17:04:50]   Epoch 011 1559/1559 train_mae 2.33 kl 0.278 lr 3e-04 (245s)
[17:05:11] [Epoch 011 완료] train MAE 2.33 | val MAE 8.61 | val RMSE 11.64 | 개선없음 2
[17:05:27]   Epoch 012 100/1559 train_mae 2.21 kl 0.278 lr 3e-04 (16s)
[17:05:43]   Epoch 012 200/1559 train_mae 2.25 kl 0.264 lr 3e-04 (32s)
[17:05:59]   Epoch 012 300/1559 train_mae 2.22 kl 0.261 lr 3e-04 (48s)
[17:06:15]   Epoch 012 400/1559 train_mae 2.22 kl 0.259 lr 3e-04 (63s)
[17:06:31]   Epoch 012 500/1559 train_mae 2.22 kl 0.260 lr 3e-04 (79s)
[17:06:46]   Epoch 012 600/1559 train_mae 2.21 kl 0.257 lr 3e-04 (95s)
[17:07:02]   Epoch 012 700/1559 train_mae 2.21 kl 0.259 lr 3e-04 (111s)
[17:07:18]   Epoch 012 800/1559 train_mae 2.20 kl 0.262 lr 3e-04 (127s)
[17:07:34]   Epoch 012 900/1559 train_mae 2.21 kl 0.264 lr 3e-04 (143s)
[17:07:50]   Epoch 012 1000/1559 train_mae 2.21 kl 0.265 lr 3e-04 (158s)
[17:08:06]   Epoch 012 1100/1559 train_mae 2.20 kl 0.264 lr 3e-04 (174s)
[17:08:21]   Epoch 012 1200/1559 train_mae 2.22 kl 0.263 lr 3e-04 (190s)
[17:08:37]   Epoch 012 1300/1559 train_mae 2.22 kl 0.263 lr 3e-04 (206s)
[17:08:53]   Epoch 012 1400/1559 train_mae 2.22 kl 0.264 lr 3e-04 (222s)
[17:09:09]   Epoch 012 1500/1559 train_mae 2.22 kl 0.263 lr 3e-04 (238s)
[17:09:18]   Epoch 012 1559/1559 train_mae 2.22 kl 0.265 lr 3e-04 (247s)
[17:09:39] [Epoch 012 완료] train MAE 2.22 | val MAE 8.66 | val RMSE 11.57 | 개선없음 3
[17:09:55]   Epoch 013 100/1559 train_mae 2.22 kl 0.292 lr 3e-04 (16s)
[17:10:11]   Epoch 013 200/1559 train_mae 2.07 kl 0.273 lr 3e-04 (32s)
[17:10:27]   Epoch 013 300/1559 train_mae 2.08 kl 0.291 lr 3e-04 (48s)
[17:10:43]   Epoch 013 400/1559 train_mae 2.07 kl 0.289 lr 3e-04 (64s)
[17:10:59]   Epoch 013 500/1559 train_mae 2.08 kl 0.281 lr 3e-04 (79s)
[17:11:15]   Epoch 013 600/1559 train_mae 2.05 kl 0.279 lr 3e-04 (95s)
[17:11:31]   Epoch 013 700/1559 train_mae 2.06 kl 0.276 lr 3e-04 (111s)
[17:11:46]   Epoch 013 800/1559 train_mae 2.07 kl 0.272 lr 3e-04 (127s)
[17:12:02]   Epoch 013 900/1559 train_mae 2.08 kl 0.273 lr 3e-04 (143s)
[17:12:18]   Epoch 013 1000/1559 train_mae 2.07 kl 0.271 lr 3e-04 (159s)
[17:12:34]   Epoch 013 1100/1559 train_mae 2.06 kl 0.269 lr 3e-04 (175s)
[17:12:50]   Epoch 013 1200/1559 train_mae 2.06 kl 0.267 lr 3e-04 (191s)
[17:13:06]   Epoch 013 1300/1559 train_mae 2.07 kl 0.267 lr 3e-04 (207s)
[17:13:22]   Epoch 013 1400/1559 train_mae 2.08 kl 0.265 lr 3e-04 (223s)
[17:13:38]   Epoch 013 1500/1559 train_mae 2.08 kl 0.267 lr 3e-04 (238s)
[17:13:47]   Epoch 013 1559/1559 train_mae 2.08 kl 0.268 lr 3e-04 (248s)
[17:14:08] [Epoch 013 완료] train MAE 2.08 | val MAE 8.62 | val RMSE 11.67 | 개선없음 4
[17:14:24]   Epoch 014 100/1559 train_mae 2.06 kl 0.259 lr 3e-04 (16s)
[17:14:40]   Epoch 014 200/1559 train_mae 2.01 kl 0.259 lr 3e-04 (32s)
[17:14:56]   Epoch 014 300/1559 train_mae 2.00 kl 0.259 lr 3e-04 (48s)
[17:15:12]   Epoch 014 400/1559 train_mae 1.98 kl 0.270 lr 3e-04 (64s)
[17:15:28]   Epoch 014 500/1559 train_mae 1.98 kl 0.268 lr 3e-04 (80s)
[17:15:44]   Epoch 014 600/1559 train_mae 1.95 kl 0.267 lr 3e-04 (95s)
[17:15:59]   Epoch 014 700/1559 train_mae 1.96 kl 0.265 lr 3e-04 (111s)
[17:16:15]   Epoch 014 800/1559 train_mae 1.95 kl 0.262 lr 3e-04 (127s)
[17:16:31]   Epoch 014 900/1559 train_mae 1.95 kl 0.266 lr 3e-04 (143s)
[17:16:47]   Epoch 014 1000/1559 train_mae 1.97 kl 0.265 lr 3e-04 (159s)
[17:17:03]   Epoch 014 1100/1559 train_mae 1.97 kl 0.265 lr 3e-04 (175s)
[17:17:19]   Epoch 014 1200/1559 train_mae 1.98 kl 0.264 lr 3e-04 (191s)
[17:17:35]   Epoch 014 1300/1559 train_mae 1.97 kl 0.263 lr 3e-04 (207s)
[17:17:51]   Epoch 014 1400/1559 train_mae 1.98 kl 0.261 lr 3e-04 (223s)
[17:18:07]   Epoch 014 1500/1559 train_mae 1.97 kl 0.261 lr 3e-04 (239s)
[17:18:16]   Epoch 014 1559/1559 train_mae 1.97 kl 0.262 lr 3e-04 (248s)
[17:18:37] [Epoch 014 완료] train MAE 1.97 | val MAE 8.71 | val RMSE 11.72 | 개선없음 5
[17:18:53]   Epoch 015 100/1559 train_mae 2.00 kl 0.292 lr 3e-04 (16s)
[17:19:09]   Epoch 015 200/1559 train_mae 2.01 kl 0.289 lr 3e-04 (32s)
[17:19:25]   Epoch 015 300/1559 train_mae 1.98 kl 0.276 lr 3e-04 (48s)
[17:19:40]   Epoch 015 400/1559 train_mae 1.97 kl 0.279 lr 3e-04 (64s)
[17:19:56]   Epoch 015 500/1559 train_mae 1.94 kl 0.276 lr 3e-04 (79s)
[17:20:12]   Epoch 015 600/1559 train_mae 1.93 kl 0.276 lr 3e-04 (95s)
[17:20:28]   Epoch 015 700/1559 train_mae 1.92 kl 0.272 lr 3e-04 (111s)
[17:20:44]   Epoch 015 800/1559 train_mae 1.90 kl 0.274 lr 3e-04 (127s)
[17:21:00]   Epoch 015 900/1559 train_mae 1.90 kl 0.275 lr 3e-04 (143s)
[17:21:16]   Epoch 015 1000/1559 train_mae 1.90 kl 0.271 lr 3e-04 (159s)
[17:21:32]   Epoch 015 1100/1559 train_mae 1.91 kl 0.268 lr 3e-04 (175s)
[17:21:48]   Epoch 015 1200/1559 train_mae 1.91 kl 0.269 lr 3e-04 (191s)
[17:22:04]   Epoch 015 1300/1559 train_mae 1.91 kl 0.267 lr 3e-04 (207s)
[17:22:20]   Epoch 015 1400/1559 train_mae 1.90 kl 0.268 lr 3e-04 (223s)
[17:22:36]   Epoch 015 1500/1559 train_mae 1.90 kl 0.267 lr 3e-04 (239s)
[17:22:45]   Epoch 015 1559/1559 train_mae 1.90 kl 0.267 lr 3e-04 (248s)
[17:23:06] [Epoch 015 완료] train MAE 1.90 | val MAE 8.71 | val RMSE 11.92 | 개선없음 6
[17:23:22]   Epoch 016 100/1559 train_mae 1.83 kl 0.281 lr 3e-04 (16s)
[17:23:38]   Epoch 016 200/1559 train_mae 1.88 kl 0.268 lr 3e-04 (32s)
[17:23:54]   Epoch 016 300/1559 train_mae 1.82 kl 0.273 lr 3e-04 (48s)
[17:24:10]   Epoch 016 400/1559 train_mae 1.82 kl 0.268 lr 3e-04 (64s)
[17:24:26]   Epoch 016 500/1559 train_mae 1.83 kl 0.262 lr 3e-04 (79s)
[17:24:42]   Epoch 016 600/1559 train_mae 1.84 kl 0.265 lr 3e-04 (95s)
[17:24:58]   Epoch 016 700/1559 train_mae 1.84 kl 0.265 lr 3e-04 (111s)
[17:25:14]   Epoch 016 800/1559 train_mae 1.83 kl 0.261 lr 3e-04 (127s)
[17:25:29]   Epoch 016 900/1559 train_mae 1.82 kl 0.261 lr 3e-04 (143s)
[17:25:45]   Epoch 016 1000/1559 train_mae 1.84 kl 0.259 lr 3e-04 (159s)
[17:26:01]   Epoch 016 1100/1559 train_mae 1.83 kl 0.258 lr 3e-04 (175s)
[17:26:17]   Epoch 016 1200/1559 train_mae 1.83 kl 0.259 lr 3e-04 (191s)
[17:26:33]   Epoch 016 1300/1559 train_mae 1.82 kl 0.261 lr 3e-04 (207s)
[17:26:49]   Epoch 016 1400/1559 train_mae 1.82 kl 0.261 lr 3e-04 (223s)
[17:27:05]   Epoch 016 1500/1559 train_mae 1.82 kl 0.260 lr 3e-04 (239s)
[17:27:14]   Epoch 016 1559/1559 train_mae 1.81 kl 0.260 lr 3e-04 (248s)
[17:27:35] [Epoch 016 완료] train MAE 1.81 | val MAE 8.70 | val RMSE 11.85 | 개선없음 7
[17:27:51]   Epoch 017 100/1559 train_mae 1.69 kl 0.259 lr 3e-04 (16s)
[17:28:07]   Epoch 017 200/1559 train_mae 1.71 kl 0.274 lr 3e-04 (32s)
[17:28:23]   Epoch 017 300/1559 train_mae 1.72 kl 0.267 lr 3e-04 (48s)
[17:28:39]   Epoch 017 400/1559 train_mae 1.77 kl 0.262 lr 3e-04 (64s)
[17:28:55]   Epoch 017 500/1559 train_mae 1.77 kl 0.260 lr 3e-04 (79s)
[17:29:10]   Epoch 017 600/1559 train_mae 1.76 kl 0.255 lr 3e-04 (95s)
[17:29:26]   Epoch 017 700/1559 train_mae 1.76 kl 0.253 lr 3e-04 (110s)
[17:29:42]   Epoch 017 800/1559 train_mae 1.75 kl 0.253 lr 3e-04 (126s)
[17:29:57]   Epoch 017 900/1559 train_mae 1.75 kl 0.256 lr 3e-04 (142s)
[17:30:13]   Epoch 017 1000/1559 train_mae 1.74 kl 0.257 lr 3e-04 (158s)
[17:30:29]   Epoch 017 1100/1559 train_mae 1.74 kl 0.256 lr 3e-04 (174s)
[17:30:45]   Epoch 017 1200/1559 train_mae 1.73 kl 0.257 lr 3e-04 (190s)
[17:31:01]   Epoch 017 1300/1559 train_mae 1.73 kl 0.257 lr 3e-04 (206s)
[17:31:17]   Epoch 017 1400/1559 train_mae 1.73 kl 0.257 lr 3e-04 (222s)
[17:31:33]   Epoch 017 1500/1559 train_mae 1.73 kl 0.260 lr 3e-04 (238s)
[17:31:42]   Epoch 017 1559/1559 train_mae 1.73 kl 0.260 lr 3e-04 (247s)
[17:32:02] [Epoch 017 완료] train MAE 1.73 | val MAE 8.58 | val RMSE 11.63 | * best 저장 (val MAE 8.58)
[17:32:18]   Epoch 018 100/1559 train_mae 1.69 kl 0.262 lr 3e-04 (16s)
[17:32:34]   Epoch 018 200/1559 train_mae 1.71 kl 0.271 lr 3e-04 (32s)
[17:32:50]   Epoch 018 300/1559 train_mae 1.72 kl 0.260 lr 3e-04 (48s)
[17:33:06]   Epoch 018 400/1559 train_mae 1.72 kl 0.255 lr 3e-04 (64s)
[17:33:22]   Epoch 018 500/1559 train_mae 1.71 kl 0.252 lr 3e-04 (80s)
[17:33:38]   Epoch 018 600/1559 train_mae 1.71 kl 0.252 lr 3e-04 (96s)
[17:33:53]   Epoch 018 700/1559 train_mae 1.71 kl 0.253 lr 3e-04 (111s)
[17:34:09]   Epoch 018 800/1559 train_mae 1.71 kl 0.252 lr 3e-04 (127s)
[17:34:25]   Epoch 018 900/1559 train_mae 1.69 kl 0.251 lr 3e-04 (143s)
[17:34:41]   Epoch 018 1000/1559 train_mae 1.69 kl 0.249 lr 3e-04 (159s)
[17:34:57]   Epoch 018 1100/1559 train_mae 1.70 kl 0.248 lr 3e-04 (175s)
[17:35:13]   Epoch 018 1200/1559 train_mae 1.70 kl 0.248 lr 3e-04 (191s)
[17:35:29]   Epoch 018 1300/1559 train_mae 1.70 kl 0.249 lr 3e-04 (207s)
[17:35:45]   Epoch 018 1400/1559 train_mae 1.69 kl 0.248 lr 3e-04 (223s)
[17:36:01]   Epoch 018 1500/1559 train_mae 1.69 kl 0.250 lr 3e-04 (239s)
[17:36:10]   Epoch 018 1559/1559 train_mae 1.70 kl 0.249 lr 3e-04 (248s)
[17:36:31] [Epoch 018 완료] train MAE 1.70 | val MAE 8.63 | val RMSE 11.86 | 개선없음 1
[17:36:47]   Epoch 019 100/1559 train_mae 1.59 kl 0.233 lr 3e-04 (16s)
[17:37:03]   Epoch 019 200/1559 train_mae 1.56 kl 0.246 lr 3e-04 (32s)
[17:37:19]   Epoch 019 300/1559 train_mae 1.55 kl 0.252 lr 3e-04 (47s)
[17:37:34]   Epoch 019 400/1559 train_mae 1.55 kl 0.252 lr 3e-04 (62s)
[17:37:47]   Epoch 019 500/1559 train_mae 1.55 kl 0.252 lr 3e-04 (76s)
[17:38:03]   Epoch 019 600/1559 train_mae 1.56 kl 0.250 lr 3e-04 (92s)
[17:38:19]   Epoch 019 700/1559 train_mae 1.56 kl 0.250 lr 3e-04 (108s)
[17:38:35]   Epoch 019 800/1559 train_mae 1.57 kl 0.248 lr 3e-04 (123s)
[17:38:51]   Epoch 019 900/1559 train_mae 1.56 kl 0.249 lr 3e-04 (139s)
[17:39:07]   Epoch 019 1000/1559 train_mae 1.56 kl 0.250 lr 3e-04 (155s)
[17:39:23]   Epoch 019 1100/1559 train_mae 1.55 kl 0.250 lr 3e-04 (171s)
[17:39:38]   Epoch 019 1200/1559 train_mae 1.56 kl 0.251 lr 3e-04 (187s)
[17:39:54]   Epoch 019 1300/1559 train_mae 1.56 kl 0.250 lr 3e-04 (203s)
[17:40:10]   Epoch 019 1400/1559 train_mae 1.56 kl 0.249 lr 3e-04 (219s)
[17:40:26]   Epoch 019 1500/1559 train_mae 1.56 kl 0.250 lr 3e-04 (235s)
[17:40:36]   Epoch 019 1559/1559 train_mae 1.57 kl 0.252 lr 3e-04 (244s)
[17:40:56] [Epoch 019 완료] train MAE 1.57 | val MAE 8.67 | val RMSE 12.07 | 개선없음 2
[17:41:12]   Epoch 020 100/1559 train_mae 1.73 kl 0.242 lr 3e-04 (16s)
[17:41:28]   Epoch 020 200/1559 train_mae 1.69 kl 0.245 lr 3e-04 (31s)
[17:41:44]   Epoch 020 300/1559 train_mae 1.66 kl 0.248 lr 3e-04 (47s)
[17:42:00]   Epoch 020 400/1559 train_mae 1.66 kl 0.252 lr 3e-04 (63s)
[17:42:16]   Epoch 020 500/1559 train_mae 1.64 kl 0.258 lr 3e-04 (79s)
[17:42:32]   Epoch 020 600/1559 train_mae 1.61 kl 0.257 lr 3e-04 (95s)
[17:42:48]   Epoch 020 700/1559 train_mae 1.59 kl 0.260 lr 3e-04 (111s)
[17:43:04]   Epoch 020 800/1559 train_mae 1.59 kl 0.262 lr 3e-04 (127s)
[17:43:19]   Epoch 020 900/1559 train_mae 1.58 kl 0.263 lr 3e-04 (143s)
[17:43:35]   Epoch 020 1000/1559 train_mae 1.57 kl 0.261 lr 3e-04 (159s)
[17:43:51]   Epoch 020 1100/1559 train_mae 1.56 kl 0.257 lr 3e-04 (175s)
[17:44:07]   Epoch 020 1200/1559 train_mae 1.56 kl 0.256 lr 3e-04 (191s)
[17:44:23]   Epoch 020 1300/1559 train_mae 1.56 kl 0.255 lr 3e-04 (206s)
[17:44:39]   Epoch 020 1400/1559 train_mae 1.56 kl 0.253 lr 3e-04 (222s)
[17:44:55]   Epoch 020 1500/1559 train_mae 1.56 kl 0.253 lr 3e-04 (238s)
[17:45:04]   Epoch 020 1559/1559 train_mae 1.56 kl 0.252 lr 3e-04 (248s)
[17:45:23] [Epoch 020 완료] train MAE 1.56 | val MAE 8.56 | val RMSE 11.76 | * best 저장 (val MAE 8.56)
[17:45:39]   Epoch 021 100/1559 train_mae 1.68 kl 0.277 lr 3e-04 (16s)
[17:45:55]   Epoch 021 200/1559 train_mae 1.67 kl 0.272 lr 3e-04 (32s)
[17:46:11]   Epoch 021 300/1559 train_mae 1.60 kl 0.262 lr 3e-04 (48s)
[17:46:27]   Epoch 021 400/1559 train_mae 1.57 kl 0.262 lr 3e-04 (64s)
[17:46:43]   Epoch 021 500/1559 train_mae 1.56 kl 0.261 lr 3e-04 (79s)
[17:46:59]   Epoch 021 600/1559 train_mae 1.56 kl 0.254 lr 3e-04 (95s)
[17:47:14]   Epoch 021 700/1559 train_mae 1.54 kl 0.249 lr 3e-04 (111s)
[17:47:30]   Epoch 021 800/1559 train_mae 1.53 kl 0.247 lr 3e-04 (127s)
[17:47:46]   Epoch 021 900/1559 train_mae 1.52 kl 0.248 lr 3e-04 (143s)
[17:48:02]   Epoch 021 1000/1559 train_mae 1.51 kl 0.247 lr 3e-04 (159s)
[17:48:18]   Epoch 021 1100/1559 train_mae 1.50 kl 0.248 lr 3e-04 (175s)
[17:48:34]   Epoch 021 1200/1559 train_mae 1.50 kl 0.248 lr 3e-04 (191s)
[17:48:50]   Epoch 021 1300/1559 train_mae 1.50 kl 0.247 lr 3e-04 (207s)
[17:49:06]   Epoch 021 1400/1559 train_mae 1.50 kl 0.247 lr 3e-04 (222s)
[17:49:22]   Epoch 021 1500/1559 train_mae 1.51 kl 0.246 lr 3e-04 (238s)
[17:49:31]   Epoch 021 1559/1559 train_mae 1.50 kl 0.246 lr 3e-04 (248s)
[17:49:52] [Epoch 021 완료] train MAE 1.50 | val MAE 8.63 | val RMSE 11.93 | 개선없음 1
[17:50:08]   Epoch 022 100/1559 train_mae 1.44 kl 0.237 lr 3e-04 (16s)
[17:50:24]   Epoch 022 200/1559 train_mae 1.48 kl 0.249 lr 3e-04 (32s)
[17:50:39]   Epoch 022 300/1559 train_mae 1.49 kl 0.238 lr 3e-04 (47s)
[17:50:55]   Epoch 022 400/1559 train_mae 1.49 kl 0.237 lr 3e-04 (63s)
[17:51:11]   Epoch 022 500/1559 train_mae 1.48 kl 0.237 lr 3e-04 (79s)
[17:51:27]   Epoch 022 600/1559 train_mae 1.47 kl 0.240 lr 3e-04 (95s)
[17:51:43]   Epoch 022 700/1559 train_mae 1.45 kl 0.244 lr 3e-04 (111s)
[17:51:59]   Epoch 022 800/1559 train_mae 1.46 kl 0.245 lr 3e-04 (127s)
[17:52:15]   Epoch 022 900/1559 train_mae 1.45 kl 0.241 lr 3e-04 (143s)
[17:52:31]   Epoch 022 1000/1559 train_mae 1.45 kl 0.240 lr 3e-04 (159s)
[17:52:47]   Epoch 022 1100/1559 train_mae 1.45 kl 0.238 lr 3e-04 (175s)
[17:53:02]   Epoch 022 1200/1559 train_mae 1.45 kl 0.238 lr 3e-04 (190s)
[17:53:18]   Epoch 022 1300/1559 train_mae 1.44 kl 0.239 lr 3e-04 (206s)
[17:53:34]   Epoch 022 1400/1559 train_mae 1.44 kl 0.239 lr 3e-04 (222s)
[17:53:50]   Epoch 022 1500/1559 train_mae 1.44 kl 0.239 lr 3e-04 (238s)
[17:53:59]   Epoch 022 1559/1559 train_mae 1.44 kl 0.239 lr 3e-04 (247s)
[17:54:20] [Epoch 022 완료] train MAE 1.44 | val MAE 8.62 | val RMSE 11.68 | 개선없음 2
[17:54:36]   Epoch 023 100/1559 train_mae 1.45 kl 0.300 lr 3e-04 (16s)
[17:54:52]   Epoch 023 200/1559 train_mae 1.48 kl 0.267 lr 3e-04 (32s)
[17:55:08]   Epoch 023 300/1559 train_mae 1.47 kl 0.253 lr 3e-04 (48s)
[17:55:24]   Epoch 023 400/1559 train_mae 1.48 kl 0.247 lr 3e-04 (64s)
[17:55:40]   Epoch 023 500/1559 train_mae 1.45 kl 0.240 lr 3e-04 (79s)
[17:55:56]   Epoch 023 600/1559 train_mae 1.42 kl 0.241 lr 3e-04 (95s)
[17:56:12]   Epoch 023 700/1559 train_mae 1.42 kl 0.244 lr 3e-04 (111s)
[17:56:28]   Epoch 023 800/1559 train_mae 1.42 kl 0.243 lr 3e-04 (127s)
[17:56:43]   Epoch 023 900/1559 train_mae 1.42 kl 0.244 lr 3e-04 (143s)
[17:56:59]   Epoch 023 1000/1559 train_mae 1.43 kl 0.243 lr 3e-04 (159s)
[17:57:15]   Epoch 023 1100/1559 train_mae 1.43 kl 0.245 lr 3e-04 (175s)
[17:57:31]   Epoch 023 1200/1559 train_mae 1.42 kl 0.243 lr 3e-04 (191s)
[17:57:47]   Epoch 023 1300/1559 train_mae 1.42 kl 0.244 lr 3e-04 (207s)
[17:58:03]   Epoch 023 1400/1559 train_mae 1.42 kl 0.242 lr 3e-04 (222s)
[17:58:19]   Epoch 023 1500/1559 train_mae 1.41 kl 0.240 lr 3e-04 (238s)
[17:58:28]   Epoch 023 1559/1559 train_mae 1.41 kl 0.240 lr 3e-04 (248s)
[17:58:49] [Epoch 023 완료] train MAE 1.41 | val MAE 8.71 | val RMSE 12.05 | 개선없음 3
[17:59:05]   Epoch 024 100/1559 train_mae 1.45 kl 0.265 lr 3e-04 (16s)
[17:59:21]   Epoch 024 200/1559 train_mae 1.42 kl 0.254 lr 3e-04 (32s)
[17:59:36]   Epoch 024 300/1559 train_mae 1.40 kl 0.254 lr 3e-04 (47s)
[17:59:52]   Epoch 024 400/1559 train_mae 1.37 kl 0.252 lr 3e-04 (62s)
[18:00:07]   Epoch 024 500/1559 train_mae 1.37 kl 0.251 lr 3e-04 (78s)
[18:00:23]   Epoch 024 600/1559 train_mae 1.39 kl 0.250 lr 3e-04 (94s)
[18:00:39]   Epoch 024 700/1559 train_mae 1.38 kl 0.250 lr 3e-04 (110s)
[18:00:55]   Epoch 024 800/1559 train_mae 1.38 kl 0.250 lr 3e-04 (126s)
[18:01:11]   Epoch 024 900/1559 train_mae 1.36 kl 0.249 lr 3e-04 (142s)
[18:01:27]   Epoch 024 1000/1559 train_mae 1.38 kl 0.249 lr 3e-04 (158s)
[18:01:43]   Epoch 024 1100/1559 train_mae 1.39 kl 0.248 lr 3e-04 (174s)
[18:01:59]   Epoch 024 1200/1559 train_mae 1.38 kl 0.247 lr 3e-04 (190s)
[18:02:15]   Epoch 024 1300/1559 train_mae 1.38 kl 0.245 lr 3e-04 (205s)
[18:02:31]   Epoch 024 1400/1559 train_mae 1.37 kl 0.244 lr 3e-04 (221s)
[18:02:46]   Epoch 024 1500/1559 train_mae 1.37 kl 0.243 lr 3e-04 (237s)
[18:02:56]   Epoch 024 1559/1559 train_mae 1.38 kl 0.242 lr 3e-04 (247s)
[18:03:17] [Epoch 024 완료] train MAE 1.38 | val MAE 8.54 | val RMSE 11.77 | * best 저장 (val MAE 8.54)
[18:03:33]   Epoch 025 100/1559 train_mae 1.37 kl 0.227 lr 3e-04 (16s)
[18:03:49]   Epoch 025 200/1559 train_mae 1.34 kl 0.221 lr 3e-04 (32s)
[18:04:05]   Epoch 025 300/1559 train_mae 1.30 kl 0.218 lr 3e-04 (48s)
[18:04:21]   Epoch 025 400/1559 train_mae 1.31 kl 0.220 lr 3e-04 (64s)
[18:04:37]   Epoch 025 500/1559 train_mae 1.31 kl 0.226 lr 3e-04 (80s)
[18:04:52]   Epoch 025 600/1559 train_mae 1.30 kl 0.228 lr 3e-04 (95s)
[18:05:08]   Epoch 025 700/1559 train_mae 1.29 kl 0.229 lr 3e-04 (111s)
[18:05:24]   Epoch 025 800/1559 train_mae 1.30 kl 0.228 lr 3e-04 (127s)
[18:05:40]   Epoch 025 900/1559 train_mae 1.29 kl 0.230 lr 3e-04 (143s)
[18:05:56]   Epoch 025 1000/1559 train_mae 1.30 kl 0.229 lr 3e-04 (159s)
[18:06:12]   Epoch 025 1100/1559 train_mae 1.30 kl 0.228 lr 3e-04 (175s)
[18:06:28]   Epoch 025 1200/1559 train_mae 1.31 kl 0.228 lr 3e-04 (191s)
[18:06:44]   Epoch 025 1300/1559 train_mae 1.31 kl 0.227 lr 3e-04 (207s)
[18:07:00]   Epoch 025 1400/1559 train_mae 1.31 kl 0.229 lr 3e-04 (223s)
[18:07:16]   Epoch 025 1500/1559 train_mae 1.31 kl 0.230 lr 3e-04 (239s)
[18:07:25]   Epoch 025 1559/1559 train_mae 1.31 kl 0.231 lr 3e-04 (248s)
[18:07:46] [Epoch 025 완료] train MAE 1.31 | val MAE 8.62 | val RMSE 11.82 | 개선없음 1
[18:08:02]   Epoch 026 100/1559 train_mae 1.37 kl 0.245 lr 3e-04 (16s)
[18:08:18]   Epoch 026 200/1559 train_mae 1.37 kl 0.229 lr 3e-04 (32s)
[18:08:34]   Epoch 026 300/1559 train_mae 1.34 kl 0.230 lr 3e-04 (48s)
[18:08:50]   Epoch 026 400/1559 train_mae 1.35 kl 0.235 lr 3e-04 (64s)
[18:09:06]   Epoch 026 500/1559 train_mae 1.33 kl 0.233 lr 3e-04 (80s)
[18:09:21]   Epoch 026 600/1559 train_mae 1.33 kl 0.234 lr 3e-04 (95s)
[18:09:37]   Epoch 026 700/1559 train_mae 1.32 kl 0.233 lr 3e-04 (111s)
[18:09:53]   Epoch 026 800/1559 train_mae 1.31 kl 0.233 lr 3e-04 (127s)
[18:10:09]   Epoch 026 900/1559 train_mae 1.31 kl 0.234 lr 3e-04 (143s)
[18:10:25]   Epoch 026 1000/1559 train_mae 1.30 kl 0.235 lr 3e-04 (159s)
[18:10:41]   Epoch 026 1100/1559 train_mae 1.30 kl 0.233 lr 3e-04 (175s)
[18:10:57]   Epoch 026 1200/1559 train_mae 1.30 kl 0.235 lr 3e-04 (191s)
[18:11:13]   Epoch 026 1300/1559 train_mae 1.31 kl 0.233 lr 3e-04 (207s)
[18:11:29]   Epoch 026 1400/1559 train_mae 1.31 kl 0.233 lr 3e-04 (223s)
[18:11:45]   Epoch 026 1500/1559 train_mae 1.31 kl 0.233 lr 3e-04 (239s)
[18:11:54]   Epoch 026 1559/1559 train_mae 1.30 kl 0.233 lr 3e-04 (248s)
[18:12:15] [Epoch 026 완료] train MAE 1.30 | val MAE 8.60 | val RMSE 11.66 | 개선없음 2
[18:12:31]   Epoch 027 100/1559 train_mae 1.50 kl 0.236 lr 3e-04 (16s)
[18:12:47]   Epoch 027 200/1559 train_mae 1.41 kl 0.240 lr 3e-04 (32s)
[18:13:03]   Epoch 027 300/1559 train_mae 1.41 kl 0.241 lr 3e-04 (48s)
[18:13:19]   Epoch 027 400/1559 train_mae 1.37 kl 0.238 lr 3e-04 (63s)
[18:13:34]   Epoch 027 500/1559 train_mae 1.35 kl 0.236 lr 3e-04 (79s)
[18:13:50]   Epoch 027 600/1559 train_mae 1.36 kl 0.232 lr 3e-04 (95s)
[18:14:06]   Epoch 027 700/1559 train_mae 1.34 kl 0.233 lr 3e-04 (111s)
[18:14:22]   Epoch 027 800/1559 train_mae 1.33 kl 0.233 lr 3e-04 (127s)
[18:14:38]   Epoch 027 900/1559 train_mae 1.31 kl 0.234 lr 3e-04 (143s)
[18:14:54]   Epoch 027 1000/1559 train_mae 1.30 kl 0.233 lr 3e-04 (159s)
[18:15:10]   Epoch 027 1100/1559 train_mae 1.29 kl 0.234 lr 3e-04 (175s)
[18:15:26]   Epoch 027 1200/1559 train_mae 1.28 kl 0.235 lr 3e-04 (191s)
[18:15:42]   Epoch 027 1300/1559 train_mae 1.28 kl 0.234 lr 3e-04 (207s)
[18:15:58]   Epoch 027 1400/1559 train_mae 1.27 kl 0.233 lr 3e-04 (223s)
[18:16:14]   Epoch 027 1500/1559 train_mae 1.27 kl 0.234 lr 3e-04 (238s)
[18:16:23]   Epoch 027 1559/1559 train_mae 1.27 kl 0.234 lr 3e-04 (248s)
[18:16:42] [Epoch 027 완료] train MAE 1.27 | val MAE 8.57 | val RMSE 11.67 | 개선없음 3
[18:16:58]   Epoch 028 100/1559 train_mae 1.22 kl 0.210 lr 3e-04 (16s)
[18:17:14]   Epoch 028 200/1559 train_mae 1.22 kl 0.215 lr 3e-04 (32s)
[18:17:29]   Epoch 028 300/1559 train_mae 1.27 kl 0.214 lr 3e-04 (47s)
[18:17:45]   Epoch 028 400/1559 train_mae 1.29 kl 0.222 lr 3e-04 (63s)
[18:18:01]   Epoch 028 500/1559 train_mae 1.27 kl 0.221 lr 3e-04 (79s)
[18:18:17]   Epoch 028 600/1559 train_mae 1.26 kl 0.217 lr 3e-04 (95s)
[18:18:33]   Epoch 028 700/1559 train_mae 1.25 kl 0.219 lr 3e-04 (110s)
[18:18:49]   Epoch 028 800/1559 train_mae 1.25 kl 0.222 lr 3e-04 (126s)
[18:19:05]   Epoch 028 900/1559 train_mae 1.25 kl 0.219 lr 3e-04 (142s)
[18:19:21]   Epoch 028 1000/1559 train_mae 1.25 kl 0.217 lr 3e-04 (158s)
[18:19:37]   Epoch 028 1100/1559 train_mae 1.24 kl 0.221 lr 3e-04 (174s)
[18:19:52]   Epoch 028 1200/1559 train_mae 1.24 kl 0.220 lr 3e-04 (190s)
[18:20:08]   Epoch 028 1300/1559 train_mae 1.24 kl 0.219 lr 3e-04 (206s)
[18:20:24]   Epoch 028 1400/1559 train_mae 1.24 kl 0.218 lr 3e-04 (222s)
[18:20:40]   Epoch 028 1500/1559 train_mae 1.24 kl 0.219 lr 3e-04 (238s)
[18:20:49]   Epoch 028 1559/1559 train_mae 1.23 kl 0.219 lr 3e-04 (247s)
[18:21:09] [Epoch 028 완료] train MAE 1.23 | val MAE 8.58 | val RMSE 11.64 | 개선없음 4
[18:21:25]   Epoch 029 100/1559 train_mae 1.33 kl 0.222 lr 3e-04 (16s)
[18:21:41]   Epoch 029 200/1559 train_mae 1.24 kl 0.232 lr 3e-04 (31s)
[18:21:56]   Epoch 029 300/1559 train_mae 1.25 kl 0.229 lr 3e-04 (47s)
[18:22:12]   Epoch 029 400/1559 train_mae 1.24 kl 0.221 lr 3e-04 (63s)
[18:22:28]   Epoch 029 500/1559 train_mae 1.22 kl 0.215 lr 3e-04 (79s)
[18:22:44]   Epoch 029 600/1559 train_mae 1.23 kl 0.213 lr 3e-04 (95s)
[18:23:00]   Epoch 029 700/1559 train_mae 1.23 kl 0.215 lr 3e-04 (111s)
[18:23:16]   Epoch 029 800/1559 train_mae 1.22 kl 0.216 lr 3e-04 (127s)
[18:23:32]   Epoch 029 900/1559 train_mae 1.22 kl 0.214 lr 3e-04 (143s)
[18:23:48]   Epoch 029 1000/1559 train_mae 1.21 kl 0.215 lr 3e-04 (159s)
[18:24:04]   Epoch 029 1100/1559 train_mae 1.21 kl 0.215 lr 3e-04 (175s)
[18:24:20]   Epoch 029 1200/1559 train_mae 1.21 kl 0.214 lr 3e-04 (191s)
[18:24:36]   Epoch 029 1300/1559 train_mae 1.21 kl 0.218 lr 3e-04 (207s)
[18:24:52]   Epoch 029 1400/1559 train_mae 1.21 kl 0.218 lr 3e-04 (223s)
[18:25:08]   Epoch 029 1500/1559 train_mae 1.21 kl 0.217 lr 3e-04 (239s)
[18:25:17]   Epoch 029 1559/1559 train_mae 1.21 kl 0.217 lr 3e-04 (248s)
[18:25:38] [Epoch 029 완료] train MAE 1.21 | val MAE 8.56 | val RMSE 11.79 | 개선없음 5
[18:25:54]   Epoch 030 100/1559 train_mae 1.36 kl 0.215 lr 3e-04 (16s)
[18:26:10]   Epoch 030 200/1559 train_mae 1.32 kl 0.215 lr 3e-04 (32s)
[18:26:26]   Epoch 030 300/1559 train_mae 1.27 kl 0.219 lr 3e-04 (48s)
[18:26:42]   Epoch 030 400/1559 train_mae 1.25 kl 0.222 lr 3e-04 (63s)
[18:26:58]   Epoch 030 500/1559 train_mae 1.24 kl 0.220 lr 3e-04 (79s)
[18:27:14]   Epoch 030 600/1559 train_mae 1.23 kl 0.223 lr 3e-04 (95s)
[18:27:29]   Epoch 030 700/1559 train_mae 1.23 kl 0.221 lr 3e-04 (111s)
[18:27:45]   Epoch 030 800/1559 train_mae 1.23 kl 0.219 lr 3e-04 (127s)
[18:28:01]   Epoch 030 900/1559 train_mae 1.22 kl 0.219 lr 3e-04 (143s)
[18:28:17]   Epoch 030 1000/1559 train_mae 1.21 kl 0.219 lr 3e-04 (159s)
[18:28:33]   Epoch 030 1100/1559 train_mae 1.21 kl 0.217 lr 3e-04 (175s)
[18:28:49]   Epoch 030 1200/1559 train_mae 1.20 kl 0.215 lr 3e-04 (191s)
[18:29:05]   Epoch 030 1300/1559 train_mae 1.20 kl 0.214 lr 3e-04 (207s)
[18:29:21]   Epoch 030 1400/1559 train_mae 1.19 kl 0.214 lr 3e-04 (222s)
[18:29:37]   Epoch 030 1500/1559 train_mae 1.20 kl 0.213 lr 3e-04 (238s)
[18:29:46]   Epoch 030 1559/1559 train_mae 1.19 kl 0.214 lr 3e-04 (248s)
[18:30:06] [Epoch 030 완료] train MAE 1.19 | val MAE 8.62 | val RMSE 11.77 | 개선없음 6
[18:30:23]   Epoch 031 100/1559 train_mae 1.25 kl 0.222 lr 3e-04 (16s)
[18:30:38]   Epoch 031 200/1559 train_mae 1.21 kl 0.212 lr 3e-04 (32s)
[18:30:54]   Epoch 031 300/1559 train_mae 1.18 kl 0.209 lr 3e-04 (48s)
[18:31:10]   Epoch 031 400/1559 train_mae 1.17 kl 0.210 lr 3e-04 (64s)
[18:31:26]   Epoch 031 500/1559 train_mae 1.18 kl 0.209 lr 3e-04 (79s)
[18:31:42]   Epoch 031 600/1559 train_mae 1.18 kl 0.211 lr 3e-04 (95s)
[18:31:58]   Epoch 031 700/1559 train_mae 1.18 kl 0.211 lr 3e-04 (111s)
[18:32:14]   Epoch 031 800/1559 train_mae 1.18 kl 0.211 lr 3e-04 (127s)
[18:32:30]   Epoch 031 900/1559 train_mae 1.16 kl 0.210 lr 3e-04 (143s)
[18:32:45]   Epoch 031 1000/1559 train_mae 1.16 kl 0.210 lr 3e-04 (159s)
[18:33:01]   Epoch 031 1100/1559 train_mae 1.17 kl 0.211 lr 3e-04 (175s)
[18:33:17]   Epoch 031 1200/1559 train_mae 1.16 kl 0.212 lr 3e-04 (190s)
[18:33:33]   Epoch 031 1300/1559 train_mae 1.16 kl 0.211 lr 3e-04 (206s)
[18:33:49]   Epoch 031 1400/1559 train_mae 1.16 kl 0.211 lr 3e-04 (222s)
[18:34:05]   Epoch 031 1500/1559 train_mae 1.16 kl 0.212 lr 3e-04 (238s)
[18:34:14]   Epoch 031 1559/1559 train_mae 1.16 kl 0.211 lr 3e-04 (247s)
[18:34:35] [Epoch 031 완료] train MAE 1.16 | val MAE 8.63 | val RMSE 11.89 | 개선없음 7
[18:34:51]   Epoch 032 100/1559 train_mae 1.17 kl 0.241 lr 3e-04 (16s)
[18:35:07]   Epoch 032 200/1559 train_mae 1.19 kl 0.225 lr 3e-04 (32s)
[18:35:23]   Epoch 032 300/1559 train_mae 1.19 kl 0.228 lr 3e-04 (48s)
[18:35:39]   Epoch 032 400/1559 train_mae 1.17 kl 0.224 lr 3e-04 (64s)
[18:35:55]   Epoch 032 500/1559 train_mae 1.16 kl 0.217 lr 3e-04 (80s)
[18:36:10]   Epoch 032 600/1559 train_mae 1.16 kl 0.214 lr 3e-04 (95s)
[18:36:26]   Epoch 032 700/1559 train_mae 1.15 kl 0.215 lr 3e-04 (111s)
[18:36:42]   Epoch 032 800/1559 train_mae 1.16 kl 0.215 lr 3e-04 (127s)
[18:36:58]   Epoch 032 900/1559 train_mae 1.15 kl 0.213 lr 3e-04 (143s)
[18:37:14]   Epoch 032 1000/1559 train_mae 1.14 kl 0.211 lr 3e-04 (159s)
[18:37:30]   Epoch 032 1100/1559 train_mae 1.15 kl 0.211 lr 3e-04 (175s)
[18:37:46]   Epoch 032 1200/1559 train_mae 1.15 kl 0.212 lr 3e-04 (191s)
[18:38:02]   Epoch 032 1300/1559 train_mae 1.15 kl 0.209 lr 3e-04 (207s)
[18:38:17]   Epoch 032 1400/1559 train_mae 1.15 kl 0.208 lr 3e-04 (222s)
[18:38:33]   Epoch 032 1500/1559 train_mae 1.14 kl 0.208 lr 3e-04 (238s)
[18:38:43]   Epoch 032 1559/1559 train_mae 1.14 kl 0.207 lr 3e-04 (248s)
[18:39:03] [Epoch 032 완료] train MAE 1.14 | val MAE 8.62 | val RMSE 12.00 | 개선없음 8
[18:39:19]   Epoch 033 100/1559 train_mae 1.26 kl 0.210 lr 3e-04 (16s)
[18:39:35]   Epoch 033 200/1559 train_mae 1.18 kl 0.219 lr 3e-04 (32s)
[18:39:51]   Epoch 033 300/1559 train_mae 1.14 kl 0.214 lr 3e-04 (47s)
[18:40:06]   Epoch 033 400/1559 train_mae 1.11 kl 0.207 lr 3e-04 (63s)
[18:40:22]   Epoch 033 500/1559 train_mae 1.13 kl 0.202 lr 3e-04 (78s)
[18:40:38]   Epoch 033 600/1559 train_mae 1.14 kl 0.203 lr 3e-04 (94s)
[18:40:54]   Epoch 033 700/1559 train_mae 1.14 kl 0.203 lr 3e-04 (110s)
[18:41:10]   Epoch 033 800/1559 train_mae 1.13 kl 0.202 lr 3e-04 (126s)
[18:41:26]   Epoch 033 900/1559 train_mae 1.14 kl 0.200 lr 3e-04 (142s)
[18:41:41]   Epoch 033 1000/1559 train_mae 1.14 kl 0.201 lr 3e-04 (158s)
[18:41:57]   Epoch 033 1100/1559 train_mae 1.13 kl 0.201 lr 3e-04 (174s)
[18:42:13]   Epoch 033 1200/1559 train_mae 1.13 kl 0.200 lr 3e-04 (190s)
[18:42:29]   Epoch 033 1300/1559 train_mae 1.14 kl 0.200 lr 3e-04 (206s)
[18:42:45]   Epoch 033 1400/1559 train_mae 1.13 kl 0.200 lr 3e-04 (221s)
[18:43:01]   Epoch 033 1500/1559 train_mae 1.13 kl 0.201 lr 3e-04 (237s)
[18:43:10]   Epoch 033 1559/1559 train_mae 1.12 kl 0.201 lr 3e-04 (247s)
[18:43:31] [Epoch 033 완료] train MAE 1.12 | val MAE 8.64 | val RMSE 11.86 | 개선없음 9
[18:43:47]   Epoch 034 100/1559 train_mae 1.15 kl 0.208 lr 3e-04 (16s)
[18:44:03]   Epoch 034 200/1559 train_mae 1.13 kl 0.205 lr 3e-04 (32s)
[18:44:19]   Epoch 034 300/1559 train_mae 1.12 kl 0.207 lr 3e-04 (48s)
[18:44:35]   Epoch 034 400/1559 train_mae 1.12 kl 0.208 lr 3e-04 (63s)
[18:44:50]   Epoch 034 500/1559 train_mae 1.10 kl 0.207 lr 3e-04 (79s)
[18:45:06]   Epoch 034 600/1559 train_mae 1.10 kl 0.204 lr 3e-04 (95s)
[18:45:22]   Epoch 034 700/1559 train_mae 1.11 kl 0.202 lr 3e-04 (111s)
[18:45:38]   Epoch 034 800/1559 train_mae 1.11 kl 0.201 lr 3e-04 (127s)
[18:45:54]   Epoch 034 900/1559 train_mae 1.11 kl 0.200 lr 3e-04 (143s)
[18:46:10]   Epoch 034 1000/1559 train_mae 1.10 kl 0.199 lr 3e-04 (159s)
[18:46:26]   Epoch 034 1100/1559 train_mae 1.10 kl 0.200 lr 3e-04 (175s)
[18:46:42]   Epoch 034 1200/1559 train_mae 1.09 kl 0.198 lr 3e-04 (191s)
[18:46:57]   Epoch 034 1300/1559 train_mae 1.10 kl 0.199 lr 3e-04 (206s)
[18:47:13]   Epoch 034 1400/1559 train_mae 1.09 kl 0.200 lr 3e-04 (222s)
[18:47:29]   Epoch 034 1500/1559 train_mae 1.09 kl 0.200 lr 3e-04 (238s)
[18:47:39]   Epoch 034 1559/1559 train_mae 1.09 kl 0.199 lr 3e-04 (248s)
[18:47:59] [Epoch 034 완료] train MAE 1.09 | val MAE 8.56 | val RMSE 11.80 | 개선없음 10
[18:48:15]   Epoch 035 100/1559 train_mae 1.12 kl 0.220 lr 3e-04 (16s)
[18:48:31]   Epoch 035 200/1559 train_mae 1.12 kl 0.211 lr 3e-04 (32s)
[18:48:47]   Epoch 035 300/1559 train_mae 1.10 kl 0.214 lr 3e-04 (48s)
[18:49:03]   Epoch 035 400/1559 train_mae 1.11 kl 0.211 lr 3e-04 (63s)
[18:49:18]   Epoch 035 500/1559 train_mae 1.08 kl 0.205 lr 3e-04 (79s)
[18:49:34]   Epoch 035 600/1559 train_mae 1.08 kl 0.204 lr 3e-04 (94s)
[18:49:50]   Epoch 035 700/1559 train_mae 1.08 kl 0.202 lr 3e-04 (110s)
[18:50:06]   Epoch 035 800/1559 train_mae 1.08 kl 0.201 lr 3e-04 (126s)
[18:50:22]   Epoch 035 900/1559 train_mae 1.08 kl 0.200 lr 3e-04 (142s)
[18:50:37]   Epoch 035 1000/1559 train_mae 1.08 kl 0.198 lr 3e-04 (158s)
[18:50:53]   Epoch 035 1100/1559 train_mae 1.07 kl 0.198 lr 3e-04 (174s)
[18:51:09]   Epoch 035 1200/1559 train_mae 1.07 kl 0.198 lr 3e-04 (190s)
[18:51:25]   Epoch 035 1300/1559 train_mae 1.07 kl 0.198 lr 3e-04 (206s)
[18:51:41]   Epoch 035 1400/1559 train_mae 1.07 kl 0.197 lr 3e-04 (221s)
[18:51:57]   Epoch 035 1500/1559 train_mae 1.08 kl 0.196 lr 3e-04 (237s)
[18:52:06]   Epoch 035 1559/1559 train_mae 1.07 kl 0.195 lr 3e-04 (247s)
[18:52:26] [Epoch 035 완료] train MAE 1.07 | val MAE 8.66 | val RMSE 11.97 | 개선없음 11
[18:52:42]   Epoch 036 100/1559 train_mae 1.10 kl 0.194 lr 3e-04 (16s)
[18:52:58]   Epoch 036 200/1559 train_mae 1.08 kl 0.193 lr 3e-04 (32s)
[18:53:14]   Epoch 036 300/1559 train_mae 1.06 kl 0.199 lr 3e-04 (48s)
[18:53:30]   Epoch 036 400/1559 train_mae 1.06 kl 0.197 lr 3e-04 (64s)
[18:53:44]   Epoch 036 500/1559 train_mae 1.04 kl 0.198 lr 3e-04 (78s)
[18:53:59]   Epoch 036 600/1559 train_mae 1.05 kl 0.198 lr 3e-04 (93s)
[18:54:15]   Epoch 036 700/1559 train_mae 1.05 kl 0.199 lr 3e-04 (109s)
[18:54:30]   Epoch 036 800/1559 train_mae 1.06 kl 0.200 lr 3e-04 (124s)
[18:54:46]   Epoch 036 900/1559 train_mae 1.06 kl 0.198 lr 3e-04 (140s)
[18:55:02]   Epoch 036 1000/1559 train_mae 1.05 kl 0.198 lr 3e-04 (156s)
[18:55:18]   Epoch 036 1100/1559 train_mae 1.05 kl 0.198 lr 3e-04 (171s)
[18:55:33]   Epoch 036 1200/1559 train_mae 1.05 kl 0.199 lr 3e-04 (187s)
[18:55:49]   Epoch 036 1300/1559 train_mae 1.04 kl 0.198 lr 3e-04 (203s)
[18:56:05]   Epoch 036 1400/1559 train_mae 1.04 kl 0.197 lr 3e-04 (219s)
[18:56:21]   Epoch 036 1500/1559 train_mae 1.04 kl 0.196 lr 3e-04 (235s)
[18:56:31]   Epoch 036 1559/1559 train_mae 1.04 kl 0.195 lr 3e-04 (244s)
[18:56:51] [Epoch 036 완료] train MAE 1.04 | val MAE 8.72 | val RMSE 12.26 | 개선없음 12
[18:57:07]   Epoch 037 100/1559 train_mae 1.11 kl 0.182 lr 3e-04 (16s)
[18:57:23]   Epoch 037 200/1559 train_mae 1.10 kl 0.177 lr 3e-04 (32s)
[18:57:39]   Epoch 037 300/1559 train_mae 1.08 kl 0.180 lr 3e-04 (48s)
[18:57:55]   Epoch 037 400/1559 train_mae 1.08 kl 0.181 lr 3e-04 (64s)
[18:58:11]   Epoch 037 500/1559 train_mae 1.07 kl 0.182 lr 3e-04 (79s)
[18:58:27]   Epoch 037 600/1559 train_mae 1.07 kl 0.188 lr 3e-04 (95s)
[18:58:43]   Epoch 037 700/1559 train_mae 1.06 kl 0.189 lr 3e-04 (111s)
[18:58:59]   Epoch 037 800/1559 train_mae 1.05 kl 0.190 lr 3e-04 (127s)
[18:59:15]   Epoch 037 900/1559 train_mae 1.06 kl 0.192 lr 3e-04 (143s)
[18:59:31]   Epoch 037 1000/1559 train_mae 1.05 kl 0.191 lr 3e-04 (159s)
[18:59:46]   Epoch 037 1100/1559 train_mae 1.05 kl 0.191 lr 3e-04 (175s)
[19:00:02]   Epoch 037 1200/1559 train_mae 1.05 kl 0.192 lr 3e-04 (191s)
[19:00:18]   Epoch 037 1300/1559 train_mae 1.05 kl 0.192 lr 3e-04 (207s)
[19:00:34]   Epoch 037 1400/1559 train_mae 1.04 kl 0.192 lr 3e-04 (223s)
[19:00:50]   Epoch 037 1500/1559 train_mae 1.04 kl 0.192 lr 3e-04 (238s)
[19:00:59]   Epoch 037 1559/1559 train_mae 1.04 kl 0.192 lr 3e-04 (248s)
[19:01:20] [Epoch 037 완료] train MAE 1.04 | val MAE 8.59 | val RMSE 11.81 | 개선없음 13
[19:01:36]   Epoch 038 100/1559 train_mae 0.98 kl 0.199 lr 3e-04 (16s)
[19:01:52]   Epoch 038 200/1559 train_mae 1.04 kl 0.195 lr 3e-04 (32s)
[19:02:08]   Epoch 038 300/1559 train_mae 1.05 kl 0.200 lr 3e-04 (48s)
[19:02:24]   Epoch 038 400/1559 train_mae 1.04 kl 0.197 lr 3e-04 (64s)
[19:02:40]   Epoch 038 500/1559 train_mae 1.03 kl 0.200 lr 3e-04 (79s)
[19:02:56]   Epoch 038 600/1559 train_mae 1.03 kl 0.195 lr 3e-04 (95s)
[19:03:12]   Epoch 038 700/1559 train_mae 1.02 kl 0.193 lr 3e-04 (111s)
[19:03:28]   Epoch 038 800/1559 train_mae 1.02 kl 0.192 lr 3e-04 (127s)
[19:03:43]   Epoch 038 900/1559 train_mae 1.01 kl 0.192 lr 3e-04 (143s)
[19:03:59]   Epoch 038 1000/1559 train_mae 1.02 kl 0.191 lr 3e-04 (159s)
[19:04:15]   Epoch 038 1100/1559 train_mae 1.03 kl 0.192 lr 3e-04 (175s)
[19:04:31]   Epoch 038 1200/1559 train_mae 1.03 kl 0.190 lr 3e-04 (191s)
[19:04:47]   Epoch 038 1300/1559 train_mae 1.03 kl 0.190 lr 3e-04 (207s)
[19:05:03]   Epoch 038 1400/1559 train_mae 1.03 kl 0.190 lr 3e-04 (223s)
[19:05:19]   Epoch 038 1500/1559 train_mae 1.03 kl 0.189 lr 3e-04 (239s)
[19:05:28]   Epoch 038 1559/1559 train_mae 1.03 kl 0.188 lr 3e-04 (248s)
[19:05:49] [Epoch 038 완료] train MAE 1.03 | val MAE 8.66 | val RMSE 12.16 | 개선없음 14
[19:06:05]   Epoch 039 100/1559 train_mae 1.10 kl 0.189 lr 3e-04 (16s)
[19:06:21]   Epoch 039 200/1559 train_mae 1.06 kl 0.194 lr 3e-04 (32s)
[19:06:37]   Epoch 039 300/1559 train_mae 1.05 kl 0.191 lr 3e-04 (48s)
[19:06:53]   Epoch 039 400/1559 train_mae 1.04 kl 0.189 lr 3e-04 (63s)
[19:07:09]   Epoch 039 500/1559 train_mae 1.03 kl 0.183 lr 3e-04 (79s)
[19:07:25]   Epoch 039 600/1559 train_mae 1.03 kl 0.183 lr 3e-04 (95s)
[19:07:41]   Epoch 039 700/1559 train_mae 1.02 kl 0.184 lr 3e-04 (111s)
[19:07:57]   Epoch 039 800/1559 train_mae 1.02 kl 0.184 lr 3e-04 (127s)
[19:08:12]   Epoch 039 900/1559 train_mae 1.02 kl 0.185 lr 3e-04 (143s)
[19:08:28]   Epoch 039 1000/1559 train_mae 1.01 kl 0.182 lr 3e-04 (159s)
[19:08:44]   Epoch 039 1100/1559 train_mae 1.01 kl 0.182 lr 3e-04 (175s)
[19:09:00]   Epoch 039 1200/1559 train_mae 1.01 kl 0.183 lr 3e-04 (191s)
[19:09:16]   Epoch 039 1300/1559 train_mae 1.01 kl 0.183 lr 3e-04 (207s)
[19:09:32]   Epoch 039 1400/1559 train_mae 1.01 kl 0.183 lr 3e-04 (222s)
[19:09:48]   Epoch 039 1500/1559 train_mae 1.01 kl 0.184 lr 3e-04 (238s)
[19:09:57]   Epoch 039 1559/1559 train_mae 1.01 kl 0.184 lr 3e-04 (248s)
[19:10:18] [Epoch 039 완료] train MAE 1.01 | val MAE 8.59 | val RMSE 11.81 | 개선없음 15
[19:10:34]   Epoch 040 100/1559 train_mae 1.01 kl 0.182 lr 3e-04 (16s)
[19:10:50]   Epoch 040 200/1559 train_mae 0.99 kl 0.182 lr 3e-04 (32s)
[19:11:04]   Epoch 040 300/1559 train_mae 1.02 kl 0.183 lr 3e-04 (46s)
[19:11:19]   Epoch 040 400/1559 train_mae 0.99 kl 0.179 lr 3e-04 (61s)
[19:11:35]   Epoch 040 500/1559 train_mae 1.00 kl 0.180 lr 3e-04 (77s)
[19:11:50]   Epoch 040 600/1559 train_mae 1.00 kl 0.179 lr 3e-04 (92s)
[19:12:06]   Epoch 040 700/1559 train_mae 1.00 kl 0.180 lr 3e-04 (108s)
[19:12:22]   Epoch 040 800/1559 train_mae 1.00 kl 0.180 lr 3e-04 (124s)
[19:12:38]   Epoch 040 900/1559 train_mae 0.99 kl 0.180 lr 3e-04 (140s)
[19:12:54]   Epoch 040 1000/1559 train_mae 0.99 kl 0.180 lr 3e-04 (156s)
[19:13:10]   Epoch 040 1100/1559 train_mae 0.99 kl 0.180 lr 3e-04 (172s)
[19:13:26]   Epoch 040 1200/1559 train_mae 0.99 kl 0.179 lr 3e-04 (188s)
[19:13:42]   Epoch 040 1300/1559 train_mae 0.98 kl 0.179 lr 3e-04 (204s)
[19:13:58]   Epoch 040 1400/1559 train_mae 0.98 kl 0.179 lr 3e-04 (220s)
[19:14:14]   Epoch 040 1500/1559 train_mae 0.98 kl 0.178 lr 3e-04 (236s)
[19:14:23]   Epoch 040 1559/1559 train_mae 0.98 kl 0.178 lr 3e-04 (245s)
[19:14:44] [Epoch 040 완료] train MAE 0.98 | val MAE 8.71 | val RMSE 12.20 | 개선없음 16
[19:15:00]   Epoch 041 100/1559 train_mae 1.04 kl 0.188 lr 3e-04 (16s)
[19:15:16]   Epoch 041 200/1559 train_mae 1.04 kl 0.192 lr 3e-04 (32s)
[19:15:32]   Epoch 041 300/1559 train_mae 1.02 kl 0.186 lr 3e-04 (48s)
[19:15:47]   Epoch 041 400/1559 train_mae 0.99 kl 0.179 lr 3e-04 (63s)
[19:16:03]   Epoch 041 500/1559 train_mae 1.00 kl 0.180 lr 3e-04 (79s)
[19:16:19]   Epoch 041 600/1559 train_mae 0.99 kl 0.178 lr 3e-04 (95s)
[19:16:35]   Epoch 041 700/1559 train_mae 0.99 kl 0.178 lr 3e-04 (111s)
[19:16:51]   Epoch 041 800/1559 train_mae 0.99 kl 0.178 lr 3e-04 (127s)
[19:17:07]   Epoch 041 900/1559 train_mae 0.99 kl 0.181 lr 3e-04 (143s)
[19:17:23]   Epoch 041 1000/1559 train_mae 0.98 kl 0.182 lr 3e-04 (159s)
[19:17:39]   Epoch 041 1100/1559 train_mae 0.98 kl 0.179 lr 3e-04 (175s)
[19:17:55]   Epoch 041 1200/1559 train_mae 0.98 kl 0.178 lr 3e-04 (190s)
[19:18:10]   Epoch 041 1300/1559 train_mae 0.97 kl 0.178 lr 3e-04 (206s)
[19:18:26]   Epoch 041 1400/1559 train_mae 0.97 kl 0.179 lr 3e-04 (222s)
[19:18:42]   Epoch 041 1500/1559 train_mae 0.97 kl 0.180 lr 3e-04 (238s)
[19:18:51]   Epoch 041 1559/1559 train_mae 0.97 kl 0.179 lr 3e-04 (247s)
[19:19:11] [Epoch 041 완료] train MAE 0.97 | val MAE 8.66 | val RMSE 11.86 | 개선없음 17
[19:19:28]   Epoch 042 100/1559 train_mae 1.04 kl 0.181 lr 3e-04 (16s)
[19:19:44]   Epoch 042 200/1559 train_mae 1.01 kl 0.182 lr 3e-04 (32s)
[19:20:00]   Epoch 042 300/1559 train_mae 0.99 kl 0.176 lr 3e-04 (48s)
[19:20:16]   Epoch 042 400/1559 train_mae 0.99 kl 0.178 lr 3e-04 (64s)
[19:20:31]   Epoch 042 500/1559 train_mae 0.98 kl 0.180 lr 3e-04 (80s)
[19:20:47]   Epoch 042 600/1559 train_mae 0.98 kl 0.177 lr 3e-04 (95s)
[19:21:03]   Epoch 042 700/1559 train_mae 0.98 kl 0.176 lr 3e-04 (111s)
[19:21:18]   Epoch 042 800/1559 train_mae 0.98 kl 0.174 lr 3e-04 (126s)
[19:21:31]   Epoch 042 900/1559 train_mae 0.98 kl 0.174 lr 3e-04 (139s)
[19:21:46]   Epoch 042 1000/1559 train_mae 0.97 kl 0.173 lr 3e-04 (154s)
[19:22:01]   Epoch 042 1100/1559 train_mae 0.97 kl 0.172 lr 3e-04 (170s)
[19:22:17]   Epoch 042 1200/1559 train_mae 0.97 kl 0.171 lr 3e-04 (185s)
[19:22:32]   Epoch 042 1300/1559 train_mae 0.97 kl 0.172 lr 3e-04 (200s)
[19:22:46]   Epoch 042 1400/1559 train_mae 0.96 kl 0.171 lr 3e-04 (214s)
[19:23:01]   Epoch 042 1500/1559 train_mae 0.96 kl 0.170 lr 3e-04 (230s)
[19:23:11]   Epoch 042 1559/1559 train_mae 0.96 kl 0.169 lr 3e-04 (239s)
[19:23:31] [Epoch 042 완료] train MAE 0.96 | val MAE 8.58 | val RMSE 11.81 | 개선없음 18
[19:23:48]   Epoch 043 100/1559 train_mae 1.00 kl 0.157 lr 3e-04 (16s)
[19:24:04]   Epoch 043 200/1559 train_mae 1.00 kl 0.158 lr 3e-04 (32s)
[19:24:19]   Epoch 043 300/1559 train_mae 0.99 kl 0.160 lr 3e-04 (48s)
[19:24:35]   Epoch 043 400/1559 train_mae 1.00 kl 0.166 lr 3e-04 (63s)
[19:24:51]   Epoch 043 500/1559 train_mae 0.98 kl 0.171 lr 3e-04 (79s)
[19:25:07]   Epoch 043 600/1559 train_mae 0.96 kl 0.172 lr 3e-04 (95s)
[19:25:23]   Epoch 043 700/1559 train_mae 0.96 kl 0.172 lr 3e-04 (111s)
[19:25:39]   Epoch 043 800/1559 train_mae 0.95 kl 0.173 lr 3e-04 (127s)
[19:25:55]   Epoch 043 900/1559 train_mae 0.95 kl 0.173 lr 3e-04 (143s)
[19:26:11]   Epoch 043 1000/1559 train_mae 0.95 kl 0.172 lr 3e-04 (159s)
[19:26:26]   Epoch 043 1100/1559 train_mae 0.94 kl 0.172 lr 3e-04 (175s)
[19:26:42]   Epoch 043 1200/1559 train_mae 0.94 kl 0.172 lr 3e-04 (191s)
[19:26:58]   Epoch 043 1300/1559 train_mae 0.94 kl 0.171 lr 3e-04 (206s)
[19:27:14]   Epoch 043 1400/1559 train_mae 0.94 kl 0.172 lr 3e-04 (222s)
[19:27:30]   Epoch 043 1500/1559 train_mae 0.95 kl 0.172 lr 3e-04 (238s)
[19:27:39]   Epoch 043 1559/1559 train_mae 0.94 kl 0.172 lr 3e-04 (247s)
[19:28:00] [Epoch 043 완료] train MAE 0.94 | val MAE 8.62 | val RMSE 11.86 | 개선없음 19
[19:28:16]   Epoch 044 100/1559 train_mae 1.01 kl 0.195 lr 3e-04 (16s)
[19:28:32]   Epoch 044 200/1559 train_mae 0.99 kl 0.177 lr 3e-04 (32s)
[19:28:48]   Epoch 044 300/1559 train_mae 0.98 kl 0.170 lr 3e-04 (48s)
[19:29:04]   Epoch 044 400/1559 train_mae 0.97 kl 0.168 lr 3e-04 (63s)
[19:29:20]   Epoch 044 500/1559 train_mae 0.97 kl 0.169 lr 3e-04 (79s)
[19:29:36]   Epoch 044 600/1559 train_mae 0.98 kl 0.169 lr 3e-04 (95s)
[19:29:51]   Epoch 044 700/1559 train_mae 0.98 kl 0.168 lr 3e-04 (111s)
[19:30:07]   Epoch 044 800/1559 train_mae 0.96 kl 0.168 lr 3e-04 (127s)
[19:30:23]   Epoch 044 900/1559 train_mae 0.96 kl 0.168 lr 3e-04 (143s)
[19:30:39]   Epoch 044 1000/1559 train_mae 0.96 kl 0.167 lr 3e-04 (159s)
[19:30:55]   Epoch 044 1100/1559 train_mae 0.95 kl 0.166 lr 3e-04 (175s)
[19:31:11]   Epoch 044 1200/1559 train_mae 0.95 kl 0.165 lr 3e-04 (191s)
[19:31:27]   Epoch 044 1300/1559 train_mae 0.94 kl 0.166 lr 3e-04 (207s)
[19:31:43]   Epoch 044 1400/1559 train_mae 0.94 kl 0.166 lr 3e-04 (222s)
[19:31:59]   Epoch 044 1500/1559 train_mae 0.93 kl 0.165 lr 3e-04 (238s)
[19:32:08]   Epoch 044 1559/1559 train_mae 0.93 kl 0.164 lr 3e-04 (248s)
[19:32:28] [Epoch 044 완료] train MAE 0.93 | val MAE 8.73 | val RMSE 12.00 | 개선없음 20
[19:32:45]   Epoch 045 100/1559 train_mae 0.92 kl 0.170 lr 3e-04 (16s)
[19:33:00]   Epoch 045 200/1559 train_mae 0.95 kl 0.162 lr 3e-04 (32s)
[19:33:16]   Epoch 045 300/1559 train_mae 0.95 kl 0.160 lr 3e-04 (47s)
[19:33:32]   Epoch 045 400/1559 train_mae 0.93 kl 0.164 lr 3e-04 (63s)
[19:33:48]   Epoch 045 500/1559 train_mae 0.93 kl 0.163 lr 3e-04 (79s)
[19:34:04]   Epoch 045 600/1559 train_mae 0.93 kl 0.161 lr 3e-04 (95s)
[19:34:20]   Epoch 045 700/1559 train_mae 0.93 kl 0.161 lr 3e-04 (111s)
[19:34:36]   Epoch 045 800/1559 train_mae 0.93 kl 0.160 lr 3e-04 (127s)
[19:34:52]   Epoch 045 900/1559 train_mae 0.93 kl 0.159 lr 3e-04 (143s)
[19:35:08]   Epoch 045 1000/1559 train_mae 0.92 kl 0.159 lr 3e-04 (159s)
[19:35:24]   Epoch 045 1100/1559 train_mae 0.92 kl 0.158 lr 3e-04 (175s)
[19:35:39]   Epoch 045 1200/1559 train_mae 0.92 kl 0.158 lr 3e-04 (191s)
[19:35:55]   Epoch 045 1300/1559 train_mae 0.91 kl 0.157 lr 3e-04 (206s)
[19:36:11]   Epoch 045 1400/1559 train_mae 0.91 kl 0.157 lr 3e-04 (222s)
[19:36:27]   Epoch 045 1500/1559 train_mae 0.91 kl 0.157 lr 3e-04 (238s)
[19:36:36]   Epoch 045 1559/1559 train_mae 0.90 kl 0.156 lr 3e-04 (248s)
[19:36:57] [Epoch 045 완료] train MAE 0.90 | val MAE 8.75 | val RMSE 12.12 | 개선없음 21
[19:37:13]   Epoch 046 100/1559 train_mae 0.94 kl 0.171 lr 3e-04 (16s)
[19:37:29]   Epoch 046 200/1559 train_mae 0.93 kl 0.173 lr 3e-04 (32s)
[19:37:45]   Epoch 046 300/1559 train_mae 0.94 kl 0.165 lr 3e-04 (47s)
[19:38:01]   Epoch 046 400/1559 train_mae 0.94 kl 0.163 lr 3e-04 (63s)
[19:38:17]   Epoch 046 500/1559 train_mae 0.93 kl 0.161 lr 3e-04 (79s)
[19:38:33]   Epoch 046 600/1559 train_mae 0.91 kl 0.163 lr 3e-04 (95s)
[19:38:48]   Epoch 046 700/1559 train_mae 0.92 kl 0.161 lr 3e-04 (111s)
[19:39:04]   Epoch 046 800/1559 train_mae 0.92 kl 0.162 lr 3e-04 (127s)
[19:39:20]   Epoch 046 900/1559 train_mae 0.93 kl 0.162 lr 3e-04 (143s)
[19:39:36]   Epoch 046 1000/1559 train_mae 0.93 kl 0.161 lr 3e-04 (159s)
[19:39:52]   Epoch 046 1100/1559 train_mae 0.92 kl 0.160 lr 3e-04 (175s)
[19:40:08]   Epoch 046 1200/1559 train_mae 0.92 kl 0.161 lr 3e-04 (190s)
[19:40:24]   Epoch 046 1300/1559 train_mae 0.92 kl 0.162 lr 3e-04 (206s)
[19:40:40]   Epoch 046 1400/1559 train_mae 0.92 kl 0.161 lr 3e-04 (222s)
[19:40:55]   Epoch 046 1500/1559 train_mae 0.91 kl 0.162 lr 3e-04 (238s)
[19:41:05]   Epoch 046 1559/1559 train_mae 0.91 kl 0.162 lr 3e-04 (247s)
[19:41:25] [Epoch 046 완료] train MAE 0.91 | val MAE 8.61 | val RMSE 11.74 | 개선없음 22
[19:41:42]   Epoch 047 100/1559 train_mae 0.95 kl 0.171 lr 3e-04 (16s)
[19:41:57]   Epoch 047 200/1559 train_mae 0.96 kl 0.162 lr 3e-04 (32s)
[19:42:13]   Epoch 047 300/1559 train_mae 0.95 kl 0.164 lr 3e-04 (47s)
[19:42:29]   Epoch 047 400/1559 train_mae 0.94 kl 0.162 lr 3e-04 (63s)
[19:42:45]   Epoch 047 500/1559 train_mae 0.92 kl 0.162 lr 3e-04 (79s)
[19:43:01]   Epoch 047 600/1559 train_mae 0.92 kl 0.159 lr 3e-04 (95s)
[19:43:17]   Epoch 047 700/1559 train_mae 0.91 kl 0.161 lr 3e-04 (111s)
[19:43:33]   Epoch 047 800/1559 train_mae 0.91 kl 0.161 lr 3e-04 (127s)
[19:43:49]   Epoch 047 900/1559 train_mae 0.91 kl 0.161 lr 3e-04 (143s)
[19:44:05]   Epoch 047 1000/1559 train_mae 0.90 kl 0.160 lr 3e-04 (159s)
[19:44:20]   Epoch 047 1100/1559 train_mae 0.89 kl 0.160 lr 3e-04 (175s)
[19:44:36]   Epoch 047 1200/1559 train_mae 0.89 kl 0.160 lr 3e-04 (190s)
[19:44:52]   Epoch 047 1300/1559 train_mae 0.89 kl 0.159 lr 3e-04 (206s)
[19:45:08]   Epoch 047 1400/1559 train_mae 0.88 kl 0.158 lr 3e-04 (222s)
[19:45:24]   Epoch 047 1500/1559 train_mae 0.88 kl 0.157 lr 3e-04 (238s)
[19:45:33]   Epoch 047 1559/1559 train_mae 0.88 kl 0.157 lr 3e-04 (248s)
[19:45:54] [Epoch 047 완료] train MAE 0.88 | val MAE 8.59 | val RMSE 11.82 | 개선없음 23
[19:46:10]   Epoch 048 100/1559 train_mae 0.92 kl 0.142 lr 3e-04 (16s)
[19:46:26]   Epoch 048 200/1559 train_mae 0.90 kl 0.138 lr 3e-04 (32s)
[19:46:42]   Epoch 048 300/1559 train_mae 0.88 kl 0.150 lr 3e-04 (48s)
[19:46:58]   Epoch 048 400/1559 train_mae 0.87 kl 0.151 lr 3e-04 (63s)
[19:47:14]   Epoch 048 500/1559 train_mae 0.88 kl 0.150 lr 3e-04 (79s)
[19:47:29]   Epoch 048 600/1559 train_mae 0.86 kl 0.150 lr 3e-04 (95s)
[19:47:45]   Epoch 048 700/1559 train_mae 0.87 kl 0.153 lr 3e-04 (111s)
[19:48:01]   Epoch 048 800/1559 train_mae 0.87 kl 0.153 lr 3e-04 (127s)
[19:48:17]   Epoch 048 900/1559 train_mae 0.87 kl 0.154 lr 3e-04 (143s)
[19:48:33]   Epoch 048 1000/1559 train_mae 0.88 kl 0.155 lr 3e-04 (159s)
[19:48:49]   Epoch 048 1100/1559 train_mae 0.87 kl 0.155 lr 3e-04 (175s)
[19:49:05]   Epoch 048 1200/1559 train_mae 0.87 kl 0.154 lr 3e-04 (191s)
[19:49:21]   Epoch 048 1300/1559 train_mae 0.87 kl 0.154 lr 3e-04 (206s)
[19:49:37]   Epoch 048 1400/1559 train_mae 0.87 kl 0.153 lr 3e-04 (222s)
[19:49:53]   Epoch 048 1500/1559 train_mae 0.87 kl 0.153 lr 3e-04 (238s)
[19:50:02]   Epoch 048 1559/1559 train_mae 0.87 kl 0.154 lr 3e-04 (248s)
[19:50:23] [Epoch 048 완료] train MAE 0.87 | val MAE 8.73 | val RMSE 12.05 | 개선없음 24
[19:50:39]   Epoch 049 100/1559 train_mae 0.96 kl 0.164 lr 3e-04 (16s)
[19:50:55]   Epoch 049 200/1559 train_mae 0.93 kl 0.158 lr 3e-04 (32s)
[19:51:10]   Epoch 049 300/1559 train_mae 0.94 kl 0.155 lr 3e-04 (47s)
[19:51:26]   Epoch 049 400/1559 train_mae 0.92 kl 0.153 lr 3e-04 (63s)
[19:51:42]   Epoch 049 500/1559 train_mae 0.91 kl 0.155 lr 3e-04 (79s)
[19:51:58]   Epoch 049 600/1559 train_mae 0.89 kl 0.156 lr 3e-04 (95s)
[19:52:14]   Epoch 049 700/1559 train_mae 0.89 kl 0.156 lr 3e-04 (111s)
[19:52:30]   Epoch 049 800/1559 train_mae 0.89 kl 0.155 lr 3e-04 (127s)
[19:52:46]   Epoch 049 900/1559 train_mae 0.88 kl 0.154 lr 3e-04 (143s)
[19:53:02]   Epoch 049 1000/1559 train_mae 0.87 kl 0.154 lr 3e-04 (159s)
[19:53:18]   Epoch 049 1100/1559 train_mae 0.87 kl 0.152 lr 3e-04 (175s)
[19:53:33]   Epoch 049 1200/1559 train_mae 0.87 kl 0.152 lr 3e-04 (190s)
[19:53:49]   Epoch 049 1300/1559 train_mae 0.87 kl 0.150 lr 3e-04 (206s)
[19:54:05]   Epoch 049 1400/1559 train_mae 0.87 kl 0.150 lr 3e-04 (222s)
[19:54:21]   Epoch 049 1500/1559 train_mae 0.86 kl 0.151 lr 3e-04 (238s)
[19:54:30]   Epoch 049 1559/1559 train_mae 0.86 kl 0.150 lr 3e-04 (247s)
[19:54:48] [Epoch 049 완료] train MAE 0.86 | val MAE 8.54 | val RMSE 11.72 | 개선없음 25
[19:55:05]   Epoch 050 100/1559 train_mae 0.88 kl 0.140 lr 3e-04 (16s)
[19:55:20]   Epoch 050 200/1559 train_mae 0.91 kl 0.142 lr 3e-04 (32s)
[19:55:36]   Epoch 050 300/1559 train_mae 0.90 kl 0.146 lr 3e-04 (47s)
[19:55:52]   Epoch 050 400/1559 train_mae 0.90 kl 0.147 lr 3e-04 (63s)
[19:56:08]   Epoch 050 500/1559 train_mae 0.89 kl 0.145 lr 3e-04 (79s)
[19:56:24]   Epoch 050 600/1559 train_mae 0.89 kl 0.145 lr 3e-04 (95s)
[19:56:40]   Epoch 050 700/1559 train_mae 0.89 kl 0.147 lr 3e-04 (111s)
[19:56:56]   Epoch 050 800/1559 train_mae 0.88 kl 0.148 lr 3e-04 (127s)
[19:57:12]   Epoch 050 900/1559 train_mae 0.88 kl 0.148 lr 3e-04 (143s)
[19:57:28]   Epoch 050 1000/1559 train_mae 0.88 kl 0.148 lr 3e-04 (159s)
[19:57:43]   Epoch 050 1100/1559 train_mae 0.88 kl 0.146 lr 3e-04 (175s)
[19:57:59]   Epoch 050 1200/1559 train_mae 0.88 kl 0.145 lr 3e-04 (190s)
[19:58:15]   Epoch 050 1300/1559 train_mae 0.87 kl 0.144 lr 3e-04 (206s)
[19:58:31]   Epoch 050 1400/1559 train_mae 0.87 kl 0.144 lr 3e-04 (222s)
[19:58:47]   Epoch 050 1500/1559 train_mae 0.87 kl 0.145 lr 3e-04 (238s)
[19:58:56]   Epoch 050 1559/1559 train_mae 0.86 kl 0.145 lr 3e-04 (247s)
[19:59:17] [Epoch 050 완료] train MAE 0.86 | val MAE 8.63 | val RMSE 11.85 | 개선없음 26
[19:59:33]   Epoch 051 100/1559 train_mae 0.92 kl 0.161 lr 3e-04 (16s)
[19:59:49]   Epoch 051 200/1559 train_mae 0.90 kl 0.157 lr 3e-04 (32s)
[20:00:05]   Epoch 051 300/1559 train_mae 0.88 kl 0.155 lr 3e-04 (48s)
[20:00:21]   Epoch 051 400/1559 train_mae 0.88 kl 0.153 lr 3e-04 (63s)
[20:00:37]   Epoch 051 500/1559 train_mae 0.87 kl 0.152 lr 3e-04 (79s)
[20:00:53]   Epoch 051 600/1559 train_mae 0.85 kl 0.152 lr 3e-04 (95s)
[20:01:08]   Epoch 051 700/1559 train_mae 0.85 kl 0.151 lr 3e-04 (111s)
[20:01:24]   Epoch 051 800/1559 train_mae 0.85 kl 0.151 lr 3e-04 (127s)
[20:01:40]   Epoch 051 900/1559 train_mae 0.85 kl 0.151 lr 3e-04 (143s)
[20:01:56]   Epoch 051 1000/1559 train_mae 0.84 kl 0.149 lr 3e-04 (159s)
[20:02:12]   Epoch 051 1100/1559 train_mae 0.84 kl 0.148 lr 3e-04 (175s)
[20:02:28]   Epoch 051 1200/1559 train_mae 0.84 kl 0.147 lr 3e-04 (190s)
[20:02:44]   Epoch 051 1300/1559 train_mae 0.84 kl 0.146 lr 3e-04 (206s)
[20:02:59]   Epoch 051 1400/1559 train_mae 0.84 kl 0.146 lr 3e-04 (222s)
[20:03:15]   Epoch 051 1500/1559 train_mae 0.84 kl 0.144 lr 3e-04 (238s)
[20:03:25]   Epoch 051 1559/1559 train_mae 0.83 kl 0.144 lr 3e-04 (247s)
[20:03:45] [Epoch 051 완료] train MAE 0.83 | val MAE 8.58 | val RMSE 11.74 | 개선없음 27
[20:04:02]   Epoch 052 100/1559 train_mae 0.90 kl 0.150 lr 3e-04 (16s)
[20:04:17]   Epoch 052 200/1559 train_mae 0.89 kl 0.141 lr 3e-04 (32s)
[20:04:33]   Epoch 052 300/1559 train_mae 0.89 kl 0.139 lr 3e-04 (48s)
[20:04:49]   Epoch 052 400/1559 train_mae 0.90 kl 0.143 lr 3e-04 (64s)
[20:05:05]   Epoch 052 500/1559 train_mae 0.89 kl 0.141 lr 3e-04 (80s)
[20:05:21]   Epoch 052 600/1559 train_mae 0.88 kl 0.139 lr 3e-04 (95s)
[20:05:37]   Epoch 052 700/1559 train_mae 0.87 kl 0.139 lr 3e-04 (111s)
[20:05:53]   Epoch 052 800/1559 train_mae 0.85 kl 0.139 lr 3e-04 (127s)
[20:06:09]   Epoch 052 900/1559 train_mae 0.85 kl 0.140 lr 3e-04 (143s)
[20:06:25]   Epoch 052 1000/1559 train_mae 0.84 kl 0.140 lr 3e-04 (159s)
[20:06:41]   Epoch 052 1100/1559 train_mae 0.84 kl 0.139 lr 3e-04 (175s)
[20:06:57]   Epoch 052 1200/1559 train_mae 0.83 kl 0.139 lr 3e-04 (191s)
[20:07:12]   Epoch 052 1300/1559 train_mae 0.83 kl 0.139 lr 3e-04 (207s)
[20:07:28]   Epoch 052 1400/1559 train_mae 0.83 kl 0.139 lr 3e-04 (223s)
[20:07:44]   Epoch 052 1500/1559 train_mae 0.83 kl 0.138 lr 3e-04 (239s)
[20:07:54]   Epoch 052 1559/1559 train_mae 0.83 kl 0.139 lr 3e-04 (248s)
[20:08:14] [Epoch 052 완료] train MAE 0.83 | val MAE 8.69 | val RMSE 11.92 | 개선없음 28
[20:08:30]   Epoch 053 100/1559 train_mae 0.82 kl 0.141 lr 3e-04 (16s)
[20:08:46]   Epoch 053 200/1559 train_mae 0.83 kl 0.141 lr 3e-04 (32s)
[20:09:02]   Epoch 053 300/1559 train_mae 0.84 kl 0.138 lr 3e-04 (48s)
[20:09:18]   Epoch 053 400/1559 train_mae 0.85 kl 0.138 lr 3e-04 (63s)
[20:09:34]   Epoch 053 500/1559 train_mae 0.84 kl 0.140 lr 3e-04 (79s)
[20:09:50]   Epoch 053 600/1559 train_mae 0.83 kl 0.137 lr 3e-04 (95s)
[20:10:06]   Epoch 053 700/1559 train_mae 0.82 kl 0.138 lr 3e-04 (111s)
[20:10:21]   Epoch 053 800/1559 train_mae 0.82 kl 0.139 lr 3e-04 (127s)
[20:10:37]   Epoch 053 900/1559 train_mae 0.82 kl 0.139 lr 3e-04 (143s)
[20:10:53]   Epoch 053 1000/1559 train_mae 0.82 kl 0.139 lr 3e-04 (159s)
[20:11:09]   Epoch 053 1100/1559 train_mae 0.82 kl 0.140 lr 3e-04 (174s)
[20:11:25]   Epoch 053 1200/1559 train_mae 0.81 kl 0.139 lr 3e-04 (190s)
[20:11:41]   Epoch 053 1300/1559 train_mae 0.81 kl 0.139 lr 3e-04 (206s)
[20:11:57]   Epoch 053 1400/1559 train_mae 0.81 kl 0.138 lr 3e-04 (222s)
[20:12:13]   Epoch 053 1500/1559 train_mae 0.81 kl 0.138 lr 3e-04 (238s)
[20:12:22]   Epoch 053 1559/1559 train_mae 0.81 kl 0.139 lr 3e-04 (247s)
[20:12:43] [Epoch 053 완료] train MAE 0.81 | val MAE 8.52 | val RMSE 11.70 | * best 저장 (val MAE 8.52)
[20:12:59]   Epoch 054 100/1559 train_mae 0.92 kl 0.140 lr 3e-04 (16s)
[20:13:15]   Epoch 054 200/1559 train_mae 0.89 kl 0.138 lr 3e-04 (32s)
[20:13:30]   Epoch 054 300/1559 train_mae 0.88 kl 0.135 lr 3e-04 (48s)
[20:13:46]   Epoch 054 400/1559 train_mae 0.87 kl 0.136 lr 3e-04 (63s)
[20:14:02]   Epoch 054 500/1559 train_mae 0.86 kl 0.137 lr 3e-04 (79s)
[20:14:18]   Epoch 054 600/1559 train_mae 0.85 kl 0.135 lr 3e-04 (95s)
[20:14:34]   Epoch 054 700/1559 train_mae 0.85 kl 0.136 lr 3e-04 (111s)
[20:14:50]   Epoch 054 800/1559 train_mae 0.85 kl 0.136 lr 3e-04 (127s)
[20:15:06]   Epoch 054 900/1559 train_mae 0.84 kl 0.138 lr 3e-04 (143s)
[20:15:22]   Epoch 054 1000/1559 train_mae 0.83 kl 0.138 lr 3e-04 (159s)
[20:15:37]   Epoch 054 1100/1559 train_mae 0.83 kl 0.137 lr 3e-04 (175s)
[20:15:53]   Epoch 054 1200/1559 train_mae 0.83 kl 0.136 lr 3e-04 (190s)
[20:16:09]   Epoch 054 1300/1559 train_mae 0.82 kl 0.137 lr 3e-04 (206s)
[20:16:25]   Epoch 054 1400/1559 train_mae 0.82 kl 0.137 lr 3e-04 (222s)
[20:16:41]   Epoch 054 1500/1559 train_mae 0.82 kl 0.137 lr 3e-04 (238s)
[20:16:50]   Epoch 054 1559/1559 train_mae 0.82 kl 0.137 lr 3e-04 (248s)
[20:17:11] [Epoch 054 완료] train MAE 0.82 | val MAE 8.60 | val RMSE 11.98 | 개선없음 1
[20:17:27]   Epoch 055 100/1559 train_mae 0.83 kl 0.138 lr 3e-04 (16s)
[20:17:43]   Epoch 055 200/1559 train_mae 0.84 kl 0.138 lr 3e-04 (32s)
[20:17:59]   Epoch 055 300/1559 train_mae 0.81 kl 0.139 lr 3e-04 (47s)
[20:18:15]   Epoch 055 400/1559 train_mae 0.81 kl 0.138 lr 3e-04 (63s)
[20:18:30]   Epoch 055 500/1559 train_mae 0.80 kl 0.140 lr 3e-04 (79s)
[20:18:46]   Epoch 055 600/1559 train_mae 0.80 kl 0.139 lr 3e-04 (95s)
[20:19:02]   Epoch 055 700/1559 train_mae 0.79 kl 0.139 lr 3e-04 (111s)
[20:19:18]   Epoch 055 800/1559 train_mae 0.79 kl 0.138 lr 3e-04 (127s)
[20:19:34]   Epoch 055 900/1559 train_mae 0.79 kl 0.137 lr 3e-04 (142s)
[20:19:50]   Epoch 055 1000/1559 train_mae 0.78 kl 0.138 lr 3e-04 (158s)
[20:20:06]   Epoch 055 1100/1559 train_mae 0.79 kl 0.138 lr 3e-04 (174s)
[20:20:22]   Epoch 055 1200/1559 train_mae 0.79 kl 0.138 lr 3e-04 (190s)
[20:20:37]   Epoch 055 1300/1559 train_mae 0.79 kl 0.136 lr 3e-04 (206s)
[20:20:53]   Epoch 055 1400/1559 train_mae 0.79 kl 0.135 lr 3e-04 (222s)
[20:21:09]   Epoch 055 1500/1559 train_mae 0.79 kl 0.134 lr 3e-04 (238s)
[20:21:19]   Epoch 055 1559/1559 train_mae 0.79 kl 0.135 lr 3e-04 (247s)
[20:21:39] [Epoch 055 완료] train MAE 0.79 | val MAE 8.67 | val RMSE 12.10 | 개선없음 2
[20:21:55]   Epoch 056 100/1559 train_mae 0.91 kl 0.121 lr 3e-04 (16s)
[20:22:11]   Epoch 056 200/1559 train_mae 0.89 kl 0.121 lr 3e-04 (32s)
[20:22:27]   Epoch 056 300/1559 train_mae 0.85 kl 0.125 lr 3e-04 (48s)
[20:22:43]   Epoch 056 400/1559 train_mae 0.84 kl 0.127 lr 3e-04 (63s)
[20:22:59]   Epoch 056 500/1559 train_mae 0.84 kl 0.126 lr 3e-04 (79s)
[20:23:15]   Epoch 056 600/1559 train_mae 0.81 kl 0.126 lr 3e-04 (95s)
[20:23:31]   Epoch 056 700/1559 train_mae 0.81 kl 0.126 lr 3e-04 (111s)
[20:23:46]   Epoch 056 800/1559 train_mae 0.80 kl 0.126 lr 3e-04 (127s)
[20:24:02]   Epoch 056 900/1559 train_mae 0.80 kl 0.128 lr 3e-04 (143s)
[20:24:18]   Epoch 056 1000/1559 train_mae 0.80 kl 0.128 lr 3e-04 (159s)
[20:24:34]   Epoch 056 1100/1559 train_mae 0.79 kl 0.128 lr 3e-04 (174s)
[20:24:50]   Epoch 056 1200/1559 train_mae 0.79 kl 0.128 lr 3e-04 (190s)
[20:25:06]   Epoch 056 1300/1559 train_mae 0.79 kl 0.129 lr 3e-04 (206s)
[20:25:22]   Epoch 056 1400/1559 train_mae 0.78 kl 0.128 lr 3e-04 (222s)
[20:25:37]   Epoch 056 1500/1559 train_mae 0.78 kl 0.127 lr 3e-04 (238s)
[20:25:47]   Epoch 056 1559/1559 train_mae 0.78 kl 0.128 lr 3e-04 (247s)
[20:26:07] [Epoch 056 완료] train MAE 0.78 | val MAE 8.61 | val RMSE 11.89 | 개선없음 3
[20:26:24]   Epoch 057 100/1559 train_mae 0.79 kl 0.139 lr 3e-04 (16s)
[20:26:39]   Epoch 057 200/1559 train_mae 0.80 kl 0.139 lr 3e-04 (32s)
[20:26:55]   Epoch 057 300/1559 train_mae 0.80 kl 0.136 lr 3e-04 (47s)
[20:27:11]   Epoch 057 400/1559 train_mae 0.80 kl 0.133 lr 3e-04 (63s)
[20:27:27]   Epoch 057 500/1559 train_mae 0.81 kl 0.132 lr 3e-04 (79s)
[20:27:43]   Epoch 057 600/1559 train_mae 0.81 kl 0.131 lr 3e-04 (95s)
[20:27:59]   Epoch 057 700/1559 train_mae 0.81 kl 0.130 lr 3e-04 (111s)
[20:28:14]   Epoch 057 800/1559 train_mae 0.80 kl 0.130 lr 3e-04 (127s)
[20:28:30]   Epoch 057 900/1559 train_mae 0.80 kl 0.129 lr 3e-04 (143s)
[20:28:46]   Epoch 057 1000/1559 train_mae 0.80 kl 0.130 lr 3e-04 (158s)
[20:29:02]   Epoch 057 1100/1559 train_mae 0.79 kl 0.130 lr 3e-04 (174s)
[20:29:18]   Epoch 057 1200/1559 train_mae 0.79 kl 0.130 lr 3e-04 (190s)
[20:29:34]   Epoch 057 1300/1559 train_mae 0.79 kl 0.130 lr 3e-04 (206s)
[20:29:50]   Epoch 057 1400/1559 train_mae 0.79 kl 0.130 lr 3e-04 (222s)
[20:30:05]   Epoch 057 1500/1559 train_mae 0.79 kl 0.131 lr 3e-04 (238s)
[20:30:15]   Epoch 057 1559/1559 train_mae 0.79 kl 0.130 lr 3e-04 (247s)
[20:30:35] [Epoch 057 완료] train MAE 0.79 | val MAE 8.74 | val RMSE 12.13 | 개선없음 4
[20:30:52]   Epoch 058 100/1559 train_mae 0.80 kl 0.134 lr 3e-04 (16s)
[20:31:08]   Epoch 058 200/1559 train_mae 0.83 kl 0.126 lr 3e-04 (32s)
[20:31:23]   Epoch 058 300/1559 train_mae 0.81 kl 0.128 lr 3e-04 (48s)
[20:31:39]   Epoch 058 400/1559 train_mae 0.80 kl 0.130 lr 3e-04 (63s)
[20:31:55]   Epoch 058 500/1559 train_mae 0.79 kl 0.129 lr 3e-04 (79s)
[20:32:11]   Epoch 058 600/1559 train_mae 0.79 kl 0.128 lr 3e-04 (95s)
[20:32:27]   Epoch 058 700/1559 train_mae 0.79 kl 0.126 lr 3e-04 (111s)
[20:32:43]   Epoch 058 800/1559 train_mae 0.78 kl 0.125 lr 3e-04 (127s)
[20:32:59]   Epoch 058 900/1559 train_mae 0.78 kl 0.125 lr 3e-04 (143s)
[20:33:15]   Epoch 058 1000/1559 train_mae 0.78 kl 0.124 lr 3e-04 (159s)
[20:33:31]   Epoch 058 1100/1559 train_mae 0.79 kl 0.124 lr 3e-04 (175s)
[20:33:46]   Epoch 058 1200/1559 train_mae 0.78 kl 0.123 lr 3e-04 (191s)
[20:34:02]   Epoch 058 1300/1559 train_mae 0.78 kl 0.123 lr 3e-04 (206s)
[20:34:18]   Epoch 058 1400/1559 train_mae 0.78 kl 0.124 lr 3e-04 (222s)
[20:34:34]   Epoch 058 1500/1559 train_mae 0.77 kl 0.125 lr 3e-04 (238s)
[20:34:43]   Epoch 058 1559/1559 train_mae 0.77 kl 0.126 lr 3e-04 (248s)
[20:35:04] [Epoch 058 완료] train MAE 0.77 | val MAE 8.72 | val RMSE 12.08 | 개선없음 5
[20:35:20]   Epoch 059 100/1559 train_mae 0.78 kl 0.135 lr 3e-04 (16s)
[20:35:36]   Epoch 059 200/1559 train_mae 0.81 kl 0.131 lr 3e-04 (32s)
[20:35:52]   Epoch 059 300/1559 train_mae 0.80 kl 0.131 lr 3e-04 (48s)
[20:36:08]   Epoch 059 400/1559 train_mae 0.78 kl 0.128 lr 3e-04 (63s)
[20:36:24]   Epoch 059 500/1559 train_mae 0.77 kl 0.130 lr 3e-04 (79s)
[20:36:40]   Epoch 059 600/1559 train_mae 0.77 kl 0.127 lr 3e-04 (95s)
[20:36:55]   Epoch 059 700/1559 train_mae 0.77 kl 0.127 lr 3e-04 (111s)
[20:37:11]   Epoch 059 800/1559 train_mae 0.76 kl 0.128 lr 3e-04 (127s)
[20:37:27]   Epoch 059 900/1559 train_mae 0.76 kl 0.128 lr 3e-04 (143s)
[20:37:43]   Epoch 059 1000/1559 train_mae 0.76 kl 0.126 lr 3e-04 (159s)
[20:37:59]   Epoch 059 1100/1559 train_mae 0.76 kl 0.126 lr 3e-04 (175s)
[20:38:15]   Epoch 059 1200/1559 train_mae 0.76 kl 0.125 lr 3e-04 (191s)
[20:38:31]   Epoch 059 1300/1559 train_mae 0.76 kl 0.124 lr 3e-04 (206s)
[20:38:47]   Epoch 059 1400/1559 train_mae 0.76 kl 0.124 lr 3e-04 (222s)
[20:39:02]   Epoch 059 1500/1559 train_mae 0.76 kl 0.124 lr 3e-04 (238s)
[20:39:12]   Epoch 059 1559/1559 train_mae 0.76 kl 0.124 lr 3e-04 (248s)
[20:39:32] [Epoch 059 완료] train MAE 0.76 | val MAE 8.63 | val RMSE 12.14 | 개선없음 6
[20:39:48]   Epoch 060 100/1559 train_mae 0.79 kl 0.125 lr 3e-04 (16s)
[20:40:04]   Epoch 060 200/1559 train_mae 0.78 kl 0.118 lr 3e-04 (32s)
[20:40:20]   Epoch 060 300/1559 train_mae 0.77 kl 0.123 lr 3e-04 (48s)
[20:40:36]   Epoch 060 400/1559 train_mae 0.77 kl 0.123 lr 3e-04 (63s)
[20:40:51]   Epoch 060 500/1559 train_mae 0.76 kl 0.126 lr 3e-04 (79s)
[20:41:07]   Epoch 060 600/1559 train_mae 0.75 kl 0.124 lr 3e-04 (95s)
[20:41:23]   Epoch 060 700/1559 train_mae 0.75 kl 0.125 lr 3e-04 (111s)
[20:41:39]   Epoch 060 800/1559 train_mae 0.74 kl 0.126 lr 3e-04 (127s)
[20:41:55]   Epoch 060 900/1559 train_mae 0.74 kl 0.125 lr 3e-04 (143s)
[20:42:11]   Epoch 060 1000/1559 train_mae 0.74 kl 0.125 lr 3e-04 (159s)
[20:42:27]   Epoch 060 1100/1559 train_mae 0.74 kl 0.124 lr 3e-04 (174s)
[20:42:42]   Epoch 060 1200/1559 train_mae 0.74 kl 0.124 lr 3e-04 (190s)
[20:42:58]   Epoch 060 1300/1559 train_mae 0.74 kl 0.124 lr 3e-04 (206s)
[20:43:14]   Epoch 060 1400/1559 train_mae 0.74 kl 0.123 lr 3e-04 (222s)
[20:43:30]   Epoch 060 1500/1559 train_mae 0.73 kl 0.122 lr 3e-04 (238s)
[20:43:40]   Epoch 060 1559/1559 train_mae 0.73 kl 0.122 lr 3e-04 (247s)
[20:44:00] [Epoch 060 완료] train MAE 0.73 | val MAE 8.71 | val RMSE 12.07 | 개선없음 7
[20:44:16]   Epoch 061 100/1559 train_mae 0.75 kl 0.128 lr 1e-04 (16s)
[20:44:32]   Epoch 061 200/1559 train_mae 0.73 kl 0.126 lr 1e-04 (32s)
[20:44:48]   Epoch 061 300/1559 train_mae 0.71 kl 0.128 lr 1e-04 (48s)
[20:45:04]   Epoch 061 400/1559 train_mae 0.70 kl 0.127 lr 1e-04 (63s)
[20:45:20]   Epoch 061 500/1559 train_mae 0.70 kl 0.125 lr 1e-04 (79s)
[20:45:36]   Epoch 061 600/1559 train_mae 0.69 kl 0.125 lr 1e-04 (95s)
[20:45:52]   Epoch 061 700/1559 train_mae 0.70 kl 0.124 lr 1e-04 (111s)
[20:46:08]   Epoch 061 800/1559 train_mae 0.69 kl 0.123 lr 1e-04 (127s)
[20:46:23]   Epoch 061 900/1559 train_mae 0.68 kl 0.122 lr 1e-04 (143s)
[20:46:39]   Epoch 061 1000/1559 train_mae 0.68 kl 0.121 lr 1e-04 (159s)
[20:46:55]   Epoch 061 1100/1559 train_mae 0.67 kl 0.120 lr 1e-04 (175s)
[20:47:11]   Epoch 061 1200/1559 train_mae 0.67 kl 0.120 lr 1e-04 (190s)
[20:47:27]   Epoch 061 1300/1559 train_mae 0.66 kl 0.119 lr 1e-04 (206s)
[20:47:43]   Epoch 061 1400/1559 train_mae 0.66 kl 0.119 lr 1e-04 (222s)
[20:47:59]   Epoch 061 1500/1559 train_mae 0.66 kl 0.118 lr 1e-04 (238s)
[20:48:08]   Epoch 061 1559/1559 train_mae 0.66 kl 0.118 lr 1e-04 (247s)
[20:48:29] [Epoch 061 완료] train MAE 0.66 | val MAE 8.67 | val RMSE 11.97 | 개선없음 8
[20:48:45]   Epoch 062 100/1559 train_mae 0.48 kl 0.109 lr 1e-04 (16s)
[20:49:01]   Epoch 062 200/1559 train_mae 0.49 kl 0.111 lr 1e-04 (32s)
[20:49:17]   Epoch 062 300/1559 train_mae 0.48 kl 0.111 lr 1e-04 (48s)
[20:49:33]   Epoch 062 400/1559 train_mae 0.48 kl 0.110 lr 1e-04 (64s)
[20:49:49]   Epoch 062 500/1559 train_mae 0.48 kl 0.109 lr 1e-04 (79s)
[20:50:04]   Epoch 062 600/1559 train_mae 0.48 kl 0.107 lr 1e-04 (95s)
[20:50:20]   Epoch 062 700/1559 train_mae 0.48 kl 0.107 lr 1e-04 (110s)
[20:50:35]   Epoch 062 800/1559 train_mae 0.48 kl 0.107 lr 1e-04 (126s)
[20:50:51]   Epoch 062 900/1559 train_mae 0.48 kl 0.106 lr 1e-04 (142s)
[20:51:07]   Epoch 062 1000/1559 train_mae 0.48 kl 0.105 lr 1e-04 (158s)
[20:51:23]   Epoch 062 1100/1559 train_mae 0.48 kl 0.105 lr 1e-04 (174s)
[20:51:39]   Epoch 062 1200/1559 train_mae 0.47 kl 0.105 lr 1e-04 (190s)
[20:51:55]   Epoch 062 1300/1559 train_mae 0.47 kl 0.105 lr 1e-04 (206s)
[20:52:11]   Epoch 062 1400/1559 train_mae 0.47 kl 0.105 lr 1e-04 (222s)
[20:52:27]   Epoch 062 1500/1559 train_mae 0.47 kl 0.105 lr 1e-04 (238s)
[20:52:36]   Epoch 062 1559/1559 train_mae 0.47 kl 0.105 lr 1e-04 (247s)
[20:52:57] [Epoch 062 완료] train MAE 0.47 | val MAE 8.63 | val RMSE 12.02 | 개선없음 9
[20:53:13]   Epoch 063 100/1559 train_mae 0.41 kl 0.097 lr 1e-04 (16s)
[20:53:29]   Epoch 063 200/1559 train_mae 0.41 kl 0.093 lr 1e-04 (32s)
[20:53:45]   Epoch 063 300/1559 train_mae 0.40 kl 0.093 lr 1e-04 (48s)
[20:54:00]   Epoch 063 400/1559 train_mae 0.39 kl 0.097 lr 1e-04 (63s)
[20:54:16]   Epoch 063 500/1559 train_mae 0.39 kl 0.097 lr 1e-04 (79s)
[20:54:32]   Epoch 063 600/1559 train_mae 0.40 kl 0.096 lr 1e-04 (95s)
[20:54:48]   Epoch 063 700/1559 train_mae 0.40 kl 0.098 lr 1e-04 (111s)
[20:55:04]   Epoch 063 800/1559 train_mae 0.40 kl 0.099 lr 1e-04 (127s)
[20:55:20]   Epoch 063 900/1559 train_mae 0.40 kl 0.098 lr 1e-04 (143s)
[20:55:36]   Epoch 063 1000/1559 train_mae 0.39 kl 0.098 lr 1e-04 (159s)
[20:55:51]   Epoch 063 1100/1559 train_mae 0.39 kl 0.097 lr 1e-04 (174s)
[20:56:07]   Epoch 063 1200/1559 train_mae 0.39 kl 0.097 lr 1e-04 (190s)
[20:56:23]   Epoch 063 1300/1559 train_mae 0.39 kl 0.097 lr 1e-04 (206s)
[20:56:39]   Epoch 063 1400/1559 train_mae 0.39 kl 0.097 lr 1e-04 (222s)
[20:56:55]   Epoch 063 1500/1559 train_mae 0.39 kl 0.098 lr 1e-04 (238s)
[20:57:04]   Epoch 063 1559/1559 train_mae 0.40 kl 0.097 lr 1e-04 (247s)
[20:57:24] [Epoch 063 완료] train MAE 0.40 | val MAE 8.68 | val RMSE 12.14 | 개선없음 10
[20:57:40]   Epoch 064 100/1559 train_mae 0.36 kl 0.091 lr 1e-04 (16s)
[20:57:56]   Epoch 064 200/1559 train_mae 0.35 kl 0.097 lr 1e-04 (31s)
[20:58:12]   Epoch 064 300/1559 train_mae 0.36 kl 0.095 lr 1e-04 (47s)
[20:58:28]   Epoch 064 400/1559 train_mae 0.38 kl 0.095 lr 1e-04 (63s)
[20:58:44]   Epoch 064 500/1559 train_mae 0.38 kl 0.096 lr 1e-04 (79s)
[20:59:00]   Epoch 064 600/1559 train_mae 0.37 kl 0.094 lr 1e-04 (95s)
[20:59:15]   Epoch 064 700/1559 train_mae 0.37 kl 0.093 lr 1e-04 (111s)
[20:59:31]   Epoch 064 800/1559 train_mae 0.38 kl 0.092 lr 1e-04 (126s)
[20:59:47]   Epoch 064 900/1559 train_mae 0.37 kl 0.092 lr 1e-04 (142s)
[21:00:03]   Epoch 064 1000/1559 train_mae 0.37 kl 0.092 lr 1e-04 (158s)
[21:00:19]   Epoch 064 1100/1559 train_mae 0.37 kl 0.092 lr 1e-04 (174s)
[21:00:35]   Epoch 064 1200/1559 train_mae 0.37 kl 0.092 lr 1e-04 (190s)
[21:00:51]   Epoch 064 1300/1559 train_mae 0.37 kl 0.092 lr 1e-04 (206s)
[21:01:07]   Epoch 064 1400/1559 train_mae 0.37 kl 0.092 lr 1e-04 (222s)
[21:01:22]   Epoch 064 1500/1559 train_mae 0.37 kl 0.093 lr 1e-04 (237s)
[21:01:32]   Epoch 064 1559/1559 train_mae 0.37 kl 0.093 lr 1e-04 (247s)
[21:01:52] [Epoch 064 완료] train MAE 0.37 | val MAE 8.66 | val RMSE 12.05 | 개선없음 11
[21:02:08]   Epoch 065 100/1559 train_mae 0.35 kl 0.098 lr 1e-04 (16s)
[21:02:24]   Epoch 065 200/1559 train_mae 0.36 kl 0.096 lr 1e-04 (32s)
[21:02:40]   Epoch 065 300/1559 train_mae 0.36 kl 0.093 lr 1e-04 (47s)
[21:02:56]   Epoch 065 400/1559 train_mae 0.35 kl 0.090 lr 1e-04 (63s)
[21:03:12]   Epoch 065 500/1559 train_mae 0.35 kl 0.089 lr 1e-04 (79s)
[21:03:27]   Epoch 065 600/1559 train_mae 0.36 kl 0.087 lr 1e-04 (95s)
[21:03:43]   Epoch 065 700/1559 train_mae 0.36 kl 0.087 lr 1e-04 (111s)
[21:03:59]   Epoch 065 800/1559 train_mae 0.36 kl 0.086 lr 1e-04 (127s)
[21:04:15]   Epoch 065 900/1559 train_mae 0.36 kl 0.086 lr 1e-04 (142s)
[21:04:31]   Epoch 065 1000/1559 train_mae 0.36 kl 0.087 lr 1e-04 (158s)
[21:04:45]   Epoch 065 1100/1559 train_mae 0.36 kl 0.087 lr 1e-04 (173s)
[21:05:01]   Epoch 065 1200/1559 train_mae 0.36 kl 0.087 lr 1e-04 (188s)
[21:05:17]   Epoch 065 1300/1559 train_mae 0.36 kl 0.087 lr 1e-04 (204s)
[21:05:33]   Epoch 065 1400/1559 train_mae 0.36 kl 0.087 lr 1e-04 (220s)
[21:05:48]   Epoch 065 1500/1559 train_mae 0.36 kl 0.087 lr 1e-04 (236s)
[21:05:58]   Epoch 065 1559/1559 train_mae 0.36 kl 0.087 lr 1e-04 (245s)
[21:06:18] [Epoch 065 완료] train MAE 0.36 | val MAE 8.70 | val RMSE 12.16 | 개선없음 12
[21:06:34]   Epoch 066 100/1559 train_mae 0.36 kl 0.086 lr 1e-04 (16s)
[21:06:50]   Epoch 066 200/1559 train_mae 0.35 kl 0.088 lr 1e-04 (32s)
[21:07:06]   Epoch 066 300/1559 train_mae 0.35 kl 0.087 lr 1e-04 (48s)
[21:07:22]   Epoch 066 400/1559 train_mae 0.35 kl 0.087 lr 1e-04 (64s)
[21:07:38]   Epoch 066 500/1559 train_mae 0.34 kl 0.086 lr 1e-04 (79s)
[21:07:54]   Epoch 066 600/1559 train_mae 0.35 kl 0.085 lr 1e-04 (95s)
[21:08:10]   Epoch 066 700/1559 train_mae 0.35 kl 0.084 lr 1e-04 (111s)
[21:08:26]   Epoch 066 800/1559 train_mae 0.35 kl 0.085 lr 1e-04 (127s)
[21:08:41]   Epoch 066 900/1559 train_mae 0.35 kl 0.085 lr 1e-04 (143s)
[21:08:57]   Epoch 066 1000/1559 train_mae 0.35 kl 0.085 lr 1e-04 (159s)
[21:09:13]   Epoch 066 1100/1559 train_mae 0.35 kl 0.085 lr 1e-04 (175s)
[21:09:29]   Epoch 066 1200/1559 train_mae 0.35 kl 0.084 lr 1e-04 (190s)
[21:09:45]   Epoch 066 1300/1559 train_mae 0.35 kl 0.084 lr 1e-04 (206s)
[21:10:01]   Epoch 066 1400/1559 train_mae 0.35 kl 0.084 lr 1e-04 (222s)
[21:10:17]   Epoch 066 1500/1559 train_mae 0.35 kl 0.084 lr 1e-04 (238s)
[21:10:26]   Epoch 066 1559/1559 train_mae 0.35 kl 0.084 lr 1e-04 (247s)
[21:10:45] [Epoch 066 완료] train MAE 0.35 | val MAE 8.68 | val RMSE 12.09 | 개선없음 13
[21:11:02]   Epoch 067 100/1559 train_mae 0.34 kl 0.085 lr 1e-04 (16s)
[21:11:17]   Epoch 067 200/1559 train_mae 0.35 kl 0.084 lr 1e-04 (31s)
[21:11:32]   Epoch 067 300/1559 train_mae 0.35 kl 0.081 lr 1e-04 (46s)
[21:11:48]   Epoch 067 400/1559 train_mae 0.35 kl 0.081 lr 1e-04 (62s)
[21:12:04]   Epoch 067 500/1559 train_mae 0.35 kl 0.080 lr 1e-04 (78s)
[21:12:20]   Epoch 067 600/1559 train_mae 0.35 kl 0.079 lr 1e-04 (94s)
[21:12:35]   Epoch 067 700/1559 train_mae 0.35 kl 0.079 lr 1e-04 (110s)
[21:12:51]   Epoch 067 800/1559 train_mae 0.35 kl 0.079 lr 1e-04 (125s)
[21:13:07]   Epoch 067 900/1559 train_mae 0.35 kl 0.079 lr 1e-04 (141s)
[21:13:23]   Epoch 067 1000/1559 train_mae 0.35 kl 0.079 lr 1e-04 (157s)
[21:13:39]   Epoch 067 1100/1559 train_mae 0.35 kl 0.078 lr 1e-04 (173s)
[21:13:55]   Epoch 067 1200/1559 train_mae 0.34 kl 0.079 lr 1e-04 (189s)
[21:14:10]   Epoch 067 1300/1559 train_mae 0.34 kl 0.079 lr 1e-04 (205s)
[21:14:26]   Epoch 067 1400/1559 train_mae 0.34 kl 0.079 lr 1e-04 (221s)
[21:14:42]   Epoch 067 1500/1559 train_mae 0.34 kl 0.079 lr 1e-04 (236s)
[21:14:52]   Epoch 067 1559/1559 train_mae 0.34 kl 0.079 lr 1e-04 (246s)
[21:15:12] [Epoch 067 완료] train MAE 0.34 | val MAE 8.65 | val RMSE 12.05 | 개선없음 14
[21:15:28]   Epoch 068 100/1559 train_mae 0.33 kl 0.080 lr 1e-04 (16s)
[21:15:44]   Epoch 068 200/1559 train_mae 0.34 kl 0.080 lr 1e-04 (32s)
[21:16:00]   Epoch 068 300/1559 train_mae 0.35 kl 0.079 lr 1e-04 (48s)
[21:16:16]   Epoch 068 400/1559 train_mae 0.35 kl 0.078 lr 1e-04 (63s)
[21:16:32]   Epoch 068 500/1559 train_mae 0.35 kl 0.077 lr 1e-04 (79s)
[21:16:48]   Epoch 068 600/1559 train_mae 0.35 kl 0.077 lr 1e-04 (95s)
[21:17:03]   Epoch 068 700/1559 train_mae 0.35 kl 0.077 lr 1e-04 (111s)
[21:17:19]   Epoch 068 800/1559 train_mae 0.35 kl 0.077 lr 1e-04 (127s)
[21:17:35]   Epoch 068 900/1559 train_mae 0.35 kl 0.077 lr 1e-04 (143s)
[21:17:51]   Epoch 068 1000/1559 train_mae 0.35 kl 0.077 lr 1e-04 (159s)
[21:18:07]   Epoch 068 1100/1559 train_mae 0.35 kl 0.077 lr 1e-04 (174s)
[21:18:21]   Epoch 068 1200/1559 train_mae 0.35 kl 0.077 lr 1e-04 (188s)
[21:18:37]   Epoch 068 1300/1559 train_mae 0.34 kl 0.077 lr 1e-04 (204s)
[21:18:53]   Epoch 068 1400/1559 train_mae 0.34 kl 0.077 lr 1e-04 (220s)
[21:19:09]   Epoch 068 1500/1559 train_mae 0.34 kl 0.077 lr 1e-04 (236s)
[21:19:18]   Epoch 068 1559/1559 train_mae 0.34 kl 0.077 lr 1e-04 (245s)
[21:19:36] [Epoch 068 완료] train MAE 0.34 | val MAE 8.66 | val RMSE 12.03 | 개선없음 15
[21:19:52]   Epoch 069 100/1559 train_mae 0.34 kl 0.078 lr 1e-04 (16s)
[21:20:06]   Epoch 069 200/1559 train_mae 0.35 kl 0.075 lr 1e-04 (30s)
[21:20:22]   Epoch 069 300/1559 train_mae 0.34 kl 0.075 lr 1e-04 (46s)
[21:20:38]   Epoch 069 400/1559 train_mae 0.34 kl 0.073 lr 1e-04 (62s)
[21:20:54]   Epoch 069 500/1559 train_mae 0.33 kl 0.074 lr 1e-04 (78s)
[21:21:10]   Epoch 069 600/1559 train_mae 0.33 kl 0.074 lr 1e-04 (94s)
[21:21:26]   Epoch 069 700/1559 train_mae 0.34 kl 0.074 lr 1e-04 (110s)
[21:21:42]   Epoch 069 800/1559 train_mae 0.34 kl 0.074 lr 1e-04 (126s)
[21:21:58]   Epoch 069 900/1559 train_mae 0.34 kl 0.074 lr 1e-04 (142s)
[21:22:14]   Epoch 069 1000/1559 train_mae 0.34 kl 0.074 lr 1e-04 (158s)
[21:22:30]   Epoch 069 1100/1559 train_mae 0.34 kl 0.074 lr 1e-04 (173s)
[21:22:45]   Epoch 069 1200/1559 train_mae 0.34 kl 0.073 lr 1e-04 (189s)
[21:23:01]   Epoch 069 1300/1559 train_mae 0.34 kl 0.074 lr 1e-04 (205s)
[21:23:17]   Epoch 069 1400/1559 train_mae 0.34 kl 0.074 lr 1e-04 (221s)
[21:23:33]   Epoch 069 1500/1559 train_mae 0.33 kl 0.073 lr 1e-04 (237s)
[21:23:43]   Epoch 069 1559/1559 train_mae 0.33 kl 0.073 lr 1e-04 (246s)
[21:24:03] [Epoch 069 완료] train MAE 0.33 | val MAE 8.62 | val RMSE 12.07 | 개선없음 16
[21:24:20]   Epoch 070 100/1559 train_mae 0.33 kl 0.071 lr 1e-04 (16s)
[21:24:35]   Epoch 070 200/1559 train_mae 0.34 kl 0.072 lr 1e-04 (32s)
[21:24:51]   Epoch 070 300/1559 train_mae 0.35 kl 0.070 lr 1e-04 (48s)
[21:25:07]   Epoch 070 400/1559 train_mae 0.34 kl 0.071 lr 1e-04 (64s)
[21:25:23]   Epoch 070 500/1559 train_mae 0.34 kl 0.072 lr 1e-04 (79s)
[21:25:39]   Epoch 070 600/1559 train_mae 0.34 kl 0.071 lr 1e-04 (95s)
[21:25:55]   Epoch 070 700/1559 train_mae 0.33 kl 0.072 lr 1e-04 (111s)
[21:26:11]   Epoch 070 800/1559 train_mae 0.33 kl 0.072 lr 1e-04 (127s)
[21:26:27]   Epoch 070 900/1559 train_mae 0.33 kl 0.072 lr 1e-04 (143s)
[21:26:43]   Epoch 070 1000/1559 train_mae 0.33 kl 0.071 lr 1e-04 (159s)
[21:26:59]   Epoch 070 1100/1559 train_mae 0.33 kl 0.072 lr 1e-04 (175s)
[21:27:14]   Epoch 070 1200/1559 train_mae 0.33 kl 0.071 lr 1e-04 (191s)
[21:27:30]   Epoch 070 1300/1559 train_mae 0.33 kl 0.071 lr 1e-04 (207s)
[21:27:46]   Epoch 070 1400/1559 train_mae 0.33 kl 0.072 lr 1e-04 (223s)
[21:28:02]   Epoch 070 1500/1559 train_mae 0.33 kl 0.072 lr 1e-04 (238s)
[21:28:11]   Epoch 070 1559/1559 train_mae 0.33 kl 0.072 lr 1e-04 (248s)
[21:28:32] [Epoch 070 완료] train MAE 0.33 | val MAE 8.65 | val RMSE 12.06 | 개선없음 17
[21:28:48]   Epoch 071 100/1559 train_mae 0.33 kl 0.067 lr 1e-04 (16s)
[21:29:04]   Epoch 071 200/1559 train_mae 0.34 kl 0.069 lr 1e-04 (32s)
[21:29:20]   Epoch 071 300/1559 train_mae 0.34 kl 0.070 lr 1e-04 (48s)
[21:29:36]   Epoch 071 400/1559 train_mae 0.33 kl 0.071 lr 1e-04 (64s)
[21:29:52]   Epoch 071 500/1559 train_mae 0.33 kl 0.070 lr 1e-04 (79s)
[21:30:08]   Epoch 071 600/1559 train_mae 0.33 kl 0.069 lr 1e-04 (95s)
[21:30:24]   Epoch 071 700/1559 train_mae 0.33 kl 0.069 lr 1e-04 (111s)
[21:30:40]   Epoch 071 800/1559 train_mae 0.33 kl 0.069 lr 1e-04 (127s)
[21:30:55]   Epoch 071 900/1559 train_mae 0.33 kl 0.069 lr 1e-04 (143s)
[21:31:11]   Epoch 071 1000/1559 train_mae 0.33 kl 0.069 lr 1e-04 (159s)
[21:31:27]   Epoch 071 1100/1559 train_mae 0.33 kl 0.069 lr 1e-04 (175s)
[21:31:43]   Epoch 071 1200/1559 train_mae 0.33 kl 0.069 lr 1e-04 (191s)
[21:31:59]   Epoch 071 1300/1559 train_mae 0.33 kl 0.070 lr 1e-04 (206s)
[21:32:15]   Epoch 071 1400/1559 train_mae 0.33 kl 0.070 lr 1e-04 (222s)
[21:32:31]   Epoch 071 1500/1559 train_mae 0.33 kl 0.070 lr 1e-04 (238s)
[21:32:40]   Epoch 071 1559/1559 train_mae 0.33 kl 0.069 lr 1e-04 (248s)
[21:33:01] [Epoch 071 완료] train MAE 0.33 | val MAE 8.70 | val RMSE 12.15 | 개선없음 18
[21:33:17]   Epoch 072 100/1559 train_mae 0.33 kl 0.070 lr 1e-04 (16s)
[21:33:33]   Epoch 072 200/1559 train_mae 0.32 kl 0.068 lr 1e-04 (32s)
[21:33:49]   Epoch 072 300/1559 train_mae 0.33 kl 0.069 lr 1e-04 (48s)
[21:34:05]   Epoch 072 400/1559 train_mae 0.32 kl 0.069 lr 1e-04 (64s)
[21:34:20]   Epoch 072 500/1559 train_mae 0.32 kl 0.068 lr 1e-04 (80s)
[21:34:36]   Epoch 072 600/1559 train_mae 0.32 kl 0.068 lr 1e-04 (95s)
[21:34:52]   Epoch 072 700/1559 train_mae 0.32 kl 0.069 lr 1e-04 (111s)
[21:35:08]   Epoch 072 800/1559 train_mae 0.32 kl 0.069 lr 1e-04 (127s)
[21:35:24]   Epoch 072 900/1559 train_mae 0.32 kl 0.069 lr 1e-04 (143s)
[21:35:40]   Epoch 072 1000/1559 train_mae 0.32 kl 0.069 lr 1e-04 (159s)
[21:35:56]   Epoch 072 1100/1559 train_mae 0.32 kl 0.069 lr 1e-04 (175s)
[21:36:12]   Epoch 072 1200/1559 train_mae 0.32 kl 0.068 lr 1e-04 (191s)
[21:36:28]   Epoch 072 1300/1559 train_mae 0.32 kl 0.068 lr 1e-04 (207s)
[21:36:44]   Epoch 072 1400/1559 train_mae 0.32 kl 0.068 lr 1e-04 (223s)
[21:37:00]   Epoch 072 1500/1559 train_mae 0.32 kl 0.068 lr 1e-04 (239s)
[21:37:09]   Epoch 072 1559/1559 train_mae 0.32 kl 0.068 lr 1e-04 (248s)
[21:37:29] [Epoch 072 완료] train MAE 0.32 | val MAE 8.65 | val RMSE 12.17 | 개선없음 19
[21:37:46]   Epoch 073 100/1559 train_mae 0.34 kl 0.070 lr 1e-04 (16s)
[21:38:02]   Epoch 073 200/1559 train_mae 0.33 kl 0.067 lr 1e-04 (32s)
[21:38:17]   Epoch 073 300/1559 train_mae 0.33 kl 0.067 lr 1e-04 (48s)
[21:38:33]   Epoch 073 400/1559 train_mae 0.32 kl 0.067 lr 1e-04 (63s)
[21:38:49]   Epoch 073 500/1559 train_mae 0.33 kl 0.068 lr 1e-04 (79s)
[21:39:05]   Epoch 073 600/1559 train_mae 0.32 kl 0.068 lr 1e-04 (95s)
[21:39:21]   Epoch 073 700/1559 train_mae 0.32 kl 0.068 lr 1e-04 (111s)
[21:39:37]   Epoch 073 800/1559 train_mae 0.32 kl 0.068 lr 1e-04 (127s)
[21:39:53]   Epoch 073 900/1559 train_mae 0.32 kl 0.069 lr 1e-04 (143s)
[21:40:08]   Epoch 073 1000/1559 train_mae 0.32 kl 0.068 lr 1e-04 (159s)
[21:40:24]   Epoch 073 1100/1559 train_mae 0.32 kl 0.068 lr 1e-04 (175s)
[21:40:40]   Epoch 073 1200/1559 train_mae 0.32 kl 0.068 lr 1e-04 (190s)
[21:40:56]   Epoch 073 1300/1559 train_mae 0.32 kl 0.068 lr 1e-04 (206s)
[21:41:12]   Epoch 073 1400/1559 train_mae 0.32 kl 0.067 lr 1e-04 (222s)
[21:41:28]   Epoch 073 1500/1559 train_mae 0.32 kl 0.067 lr 1e-04 (238s)
[21:41:37]   Epoch 073 1559/1559 train_mae 0.32 kl 0.067 lr 1e-04 (247s)
[21:41:58] [Epoch 073 완료] train MAE 0.32 | val MAE 8.74 | val RMSE 12.19 | 개선없음 20
[21:42:14]   Epoch 074 100/1559 train_mae 0.34 kl 0.063 lr 1e-04 (16s)
[21:42:30]   Epoch 074 200/1559 train_mae 0.33 kl 0.061 lr 1e-04 (32s)
[21:42:46]   Epoch 074 300/1559 train_mae 0.33 kl 0.062 lr 1e-04 (48s)
[21:43:01]   Epoch 074 400/1559 train_mae 0.33 kl 0.062 lr 1e-04 (63s)
[21:43:17]   Epoch 074 500/1559 train_mae 0.32 kl 0.063 lr 1e-04 (79s)
[21:43:33]   Epoch 074 600/1559 train_mae 0.32 kl 0.064 lr 1e-04 (95s)
[21:43:49]   Epoch 074 700/1559 train_mae 0.32 kl 0.064 lr 1e-04 (111s)
[21:44:05]   Epoch 074 800/1559 train_mae 0.32 kl 0.064 lr 1e-04 (127s)
[21:44:21]   Epoch 074 900/1559 train_mae 0.32 kl 0.064 lr 1e-04 (142s)
[21:44:36]   Epoch 074 1000/1559 train_mae 0.32 kl 0.063 lr 1e-04 (158s)
[21:44:52]   Epoch 074 1100/1559 train_mae 0.32 kl 0.063 lr 1e-04 (174s)
[21:45:08]   Epoch 074 1200/1559 train_mae 0.32 kl 0.063 lr 1e-04 (190s)
[21:45:24]   Epoch 074 1300/1559 train_mae 0.32 kl 0.063 lr 1e-04 (206s)
[21:45:40]   Epoch 074 1400/1559 train_mae 0.32 kl 0.064 lr 1e-04 (222s)
[21:45:56]   Epoch 074 1500/1559 train_mae 0.32 kl 0.064 lr 1e-04 (237s)
[21:46:05]   Epoch 074 1559/1559 train_mae 0.32 kl 0.064 lr 1e-04 (247s)
[21:46:25] [Epoch 074 완료] train MAE 0.32 | val MAE 8.70 | val RMSE 12.11 | 개선없음 21
[21:46:41]   Epoch 075 100/1559 train_mae 0.33 kl 0.067 lr 1e-04 (16s)
[21:46:57]   Epoch 075 200/1559 train_mae 0.32 kl 0.066 lr 1e-04 (32s)
[21:47:13]   Epoch 075 300/1559 train_mae 0.32 kl 0.065 lr 1e-04 (48s)
[21:47:29]   Epoch 075 400/1559 train_mae 0.33 kl 0.065 lr 1e-04 (63s)
[21:47:45]   Epoch 075 500/1559 train_mae 0.32 kl 0.065 lr 1e-04 (79s)
[21:48:01]   Epoch 075 600/1559 train_mae 0.33 kl 0.065 lr 1e-04 (95s)
[21:48:17]   Epoch 075 700/1559 train_mae 0.33 kl 0.064 lr 1e-04 (111s)
[21:48:32]   Epoch 075 800/1559 train_mae 0.32 kl 0.063 lr 1e-04 (127s)
[21:48:48]   Epoch 075 900/1559 train_mae 0.32 kl 0.063 lr 1e-04 (143s)
[21:49:04]   Epoch 075 1000/1559 train_mae 0.32 kl 0.063 lr 1e-04 (158s)
[21:49:20]   Epoch 075 1100/1559 train_mae 0.32 kl 0.063 lr 1e-04 (174s)
[21:49:36]   Epoch 075 1200/1559 train_mae 0.32 kl 0.063 lr 1e-04 (190s)
[21:49:52]   Epoch 075 1300/1559 train_mae 0.32 kl 0.063 lr 1e-04 (206s)
[21:50:08]   Epoch 075 1400/1559 train_mae 0.32 kl 0.063 lr 1e-04 (222s)
[21:50:23]   Epoch 075 1500/1559 train_mae 0.32 kl 0.063 lr 1e-04 (238s)
[21:50:33]   Epoch 075 1559/1559 train_mae 0.32 kl 0.063 lr 1e-04 (247s)
[21:50:53] [Epoch 075 완료] train MAE 0.32 | val MAE 8.65 | val RMSE 12.08 | 개선없음 22
[21:51:09]   Epoch 076 100/1559 train_mae 0.32 kl 0.063 lr 1e-04 (16s)
[21:51:25]   Epoch 076 200/1559 train_mae 0.31 kl 0.062 lr 1e-04 (32s)
[21:51:41]   Epoch 076 300/1559 train_mae 0.31 kl 0.062 lr 1e-04 (48s)
[21:51:57]   Epoch 076 400/1559 train_mae 0.31 kl 0.062 lr 1e-04 (63s)
[21:52:13]   Epoch 076 500/1559 train_mae 0.31 kl 0.062 lr 1e-04 (79s)
[21:52:29]   Epoch 076 600/1559 train_mae 0.31 kl 0.062 lr 1e-04 (95s)
[21:52:44]   Epoch 076 700/1559 train_mae 0.31 kl 0.061 lr 1e-04 (111s)
[21:53:00]   Epoch 076 800/1559 train_mae 0.32 kl 0.061 lr 1e-04 (127s)
[21:53:16]   Epoch 076 900/1559 train_mae 0.31 kl 0.061 lr 1e-04 (143s)
[21:53:32]   Epoch 076 1000/1559 train_mae 0.31 kl 0.061 lr 1e-04 (158s)
[21:53:48]   Epoch 076 1100/1559 train_mae 0.31 kl 0.061 lr 1e-04 (174s)
[21:54:04]   Epoch 076 1200/1559 train_mae 0.31 kl 0.061 lr 1e-04 (190s)
[21:54:20]   Epoch 076 1300/1559 train_mae 0.31 kl 0.061 lr 1e-04 (206s)
[21:54:35]   Epoch 076 1400/1559 train_mae 0.31 kl 0.061 lr 1e-04 (222s)
[21:54:51]   Epoch 076 1500/1559 train_mae 0.31 kl 0.062 lr 1e-04 (238s)
[21:55:01]   Epoch 076 1559/1559 train_mae 0.31 kl 0.062 lr 1e-04 (247s)
[21:55:21] [Epoch 076 완료] train MAE 0.31 | val MAE 8.74 | val RMSE 12.18 | 개선없음 23
[21:55:37]   Epoch 077 100/1559 train_mae 0.32 kl 0.061 lr 1e-04 (16s)
[21:55:53]   Epoch 077 200/1559 train_mae 0.31 kl 0.062 lr 1e-04 (32s)
[21:56:09]   Epoch 077 300/1559 train_mae 0.31 kl 0.061 lr 1e-04 (48s)
[21:56:25]   Epoch 077 400/1559 train_mae 0.31 kl 0.062 lr 1e-04 (63s)
[21:56:41]   Epoch 077 500/1559 train_mae 0.31 kl 0.062 lr 1e-04 (79s)
[21:56:57]   Epoch 077 600/1559 train_mae 0.31 kl 0.062 lr 1e-04 (95s)
[21:57:12]   Epoch 077 700/1559 train_mae 0.31 kl 0.062 lr 1e-04 (111s)
[21:57:28]   Epoch 077 800/1559 train_mae 0.31 kl 0.061 lr 1e-04 (127s)
[21:57:44]   Epoch 077 900/1559 train_mae 0.32 kl 0.061 lr 1e-04 (143s)
[21:58:00]   Epoch 077 1000/1559 train_mae 0.31 kl 0.061 lr 1e-04 (159s)
[21:58:16]   Epoch 077 1100/1559 train_mae 0.32 kl 0.061 lr 1e-04 (174s)
[21:58:32]   Epoch 077 1200/1559 train_mae 0.32 kl 0.060 lr 1e-04 (190s)
[21:58:48]   Epoch 077 1300/1559 train_mae 0.31 kl 0.060 lr 1e-04 (206s)
[21:59:03]   Epoch 077 1400/1559 train_mae 0.31 kl 0.060 lr 1e-04 (222s)
[21:59:19]   Epoch 077 1500/1559 train_mae 0.31 kl 0.060 lr 1e-04 (238s)
[21:59:29]   Epoch 077 1559/1559 train_mae 0.31 kl 0.060 lr 1e-04 (247s)
[21:59:46] [Epoch 077 완료] train MAE 0.31 | val MAE 8.67 | val RMSE 12.11 | 개선없음 24
[22:00:02]   Epoch 078 100/1559 train_mae 0.31 kl 0.059 lr 1e-04 (16s)
[22:00:18]   Epoch 078 200/1559 train_mae 0.31 kl 0.060 lr 1e-04 (31s)
[22:00:34]   Epoch 078 300/1559 train_mae 0.31 kl 0.059 lr 1e-04 (47s)
[22:00:50]   Epoch 078 400/1559 train_mae 0.31 kl 0.059 lr 1e-04 (63s)
[22:01:06]   Epoch 078 500/1559 train_mae 0.31 kl 0.059 lr 1e-04 (79s)
[22:01:22]   Epoch 078 600/1559 train_mae 0.31 kl 0.058 lr 1e-04 (95s)
[22:01:37]   Epoch 078 700/1559 train_mae 0.31 kl 0.058 lr 1e-04 (111s)
[22:01:53]   Epoch 078 800/1559 train_mae 0.31 kl 0.058 lr 1e-04 (126s)
[22:02:09]   Epoch 078 900/1559 train_mae 0.31 kl 0.058 lr 1e-04 (142s)
[22:02:25]   Epoch 078 1000/1559 train_mae 0.31 kl 0.058 lr 1e-04 (158s)
[22:02:41]   Epoch 078 1100/1559 train_mae 0.31 kl 0.057 lr 1e-04 (174s)
[22:02:57]   Epoch 078 1200/1559 train_mae 0.31 kl 0.058 lr 1e-04 (190s)
[22:03:13]   Epoch 078 1300/1559 train_mae 0.31 kl 0.058 lr 1e-04 (206s)
[22:03:29]   Epoch 078 1400/1559 train_mae 0.31 kl 0.058 lr 1e-04 (222s)
[22:03:44]   Epoch 078 1500/1559 train_mae 0.31 kl 0.058 lr 1e-04 (238s)
[22:03:54]   Epoch 078 1559/1559 train_mae 0.31 kl 0.057 lr 1e-04 (247s)
[22:04:14] [Epoch 078 완료] train MAE 0.31 | val MAE 8.66 | val RMSE 12.11 | 개선없음 25
[22:04:30]   Epoch 079 100/1559 train_mae 0.32 kl 0.056 lr 1e-04 (15s)
[22:04:45]   Epoch 079 200/1559 train_mae 0.32 kl 0.057 lr 1e-04 (30s)
[22:05:01]   Epoch 079 300/1559 train_mae 0.31 kl 0.056 lr 1e-04 (46s)
[22:05:17]   Epoch 079 400/1559 train_mae 0.31 kl 0.059 lr 1e-04 (62s)
[22:05:33]   Epoch 079 500/1559 train_mae 0.31 kl 0.059 lr 1e-04 (78s)
[22:05:48]   Epoch 079 600/1559 train_mae 0.31 kl 0.059 lr 1e-04 (94s)
[22:06:03]   Epoch 079 700/1559 train_mae 0.31 kl 0.059 lr 1e-04 (109s)
[22:06:19]   Epoch 079 800/1559 train_mae 0.31 kl 0.058 lr 1e-04 (124s)
[22:06:35]   Epoch 079 900/1559 train_mae 0.31 kl 0.058 lr 1e-04 (140s)
[22:06:51]   Epoch 079 1000/1559 train_mae 0.31 kl 0.058 lr 1e-04 (156s)
[22:07:07]   Epoch 079 1100/1559 train_mae 0.31 kl 0.058 lr 1e-04 (172s)
[22:07:22]   Epoch 079 1200/1559 train_mae 0.31 kl 0.058 lr 1e-04 (188s)
[22:07:38]   Epoch 079 1300/1559 train_mae 0.31 kl 0.058 lr 1e-04 (204s)
[22:07:54]   Epoch 079 1400/1559 train_mae 0.31 kl 0.058 lr 1e-04 (220s)
[22:08:10]   Epoch 079 1500/1559 train_mae 0.31 kl 0.057 lr 1e-04 (235s)
[22:08:19]   Epoch 079 1559/1559 train_mae 0.31 kl 0.057 lr 1e-04 (245s)
[22:08:40] [Epoch 079 완료] train MAE 0.31 | val MAE 8.68 | val RMSE 12.12 | 개선없음 26
[22:08:56]   Epoch 080 100/1559 train_mae 0.32 kl 0.056 lr 1e-04 (16s)
[22:09:12]   Epoch 080 200/1559 train_mae 0.32 kl 0.058 lr 1e-04 (32s)
[22:09:28]   Epoch 080 300/1559 train_mae 0.32 kl 0.058 lr 1e-04 (48s)
[22:09:44]   Epoch 080 400/1559 train_mae 0.32 kl 0.058 lr 1e-04 (64s)
[22:10:00]   Epoch 080 500/1559 train_mae 0.32 kl 0.058 lr 1e-04 (79s)
[22:10:16]   Epoch 080 600/1559 train_mae 0.32 kl 0.058 lr 1e-04 (95s)
[22:10:31]   Epoch 080 700/1559 train_mae 0.32 kl 0.057 lr 1e-04 (111s)
[22:10:47]   Epoch 080 800/1559 train_mae 0.32 kl 0.057 lr 1e-04 (127s)
[22:11:03]   Epoch 080 900/1559 train_mae 0.32 kl 0.056 lr 1e-04 (143s)
[22:11:19]   Epoch 080 1000/1559 train_mae 0.32 kl 0.057 lr 1e-04 (159s)
[22:11:35]   Epoch 080 1100/1559 train_mae 0.32 kl 0.057 lr 1e-04 (175s)
[22:11:51]   Epoch 080 1200/1559 train_mae 0.31 kl 0.056 lr 1e-04 (190s)
[22:12:07]   Epoch 080 1300/1559 train_mae 0.31 kl 0.056 lr 1e-04 (206s)
[22:12:23]   Epoch 080 1400/1559 train_mae 0.32 kl 0.056 lr 1e-04 (222s)
[22:12:38]   Epoch 080 1500/1559 train_mae 0.31 kl 0.057 lr 1e-04 (238s)
[22:12:48]   Epoch 080 1559/1559 train_mae 0.31 kl 0.057 lr 1e-04 (247s)
[22:13:08] [Epoch 080 완료] train MAE 0.31 | val MAE 8.68 | val RMSE 12.11 | 개선없음 27
[22:13:25]   Epoch 081 100/1559 train_mae 0.31 kl 0.058 lr 1e-04 (16s)
[22:13:41]   Epoch 081 200/1559 train_mae 0.31 kl 0.056 lr 1e-04 (32s)
[22:13:56]   Epoch 081 300/1559 train_mae 0.30 kl 0.056 lr 1e-04 (48s)
[22:14:12]   Epoch 081 400/1559 train_mae 0.30 kl 0.056 lr 1e-04 (64s)
[22:14:28]   Epoch 081 500/1559 train_mae 0.30 kl 0.055 lr 1e-04 (79s)
[22:14:44]   Epoch 081 600/1559 train_mae 0.30 kl 0.056 lr 1e-04 (95s)
[22:15:00]   Epoch 081 700/1559 train_mae 0.30 kl 0.056 lr 1e-04 (111s)
[22:15:16]   Epoch 081 800/1559 train_mae 0.30 kl 0.056 lr 1e-04 (127s)
[22:15:32]   Epoch 081 900/1559 train_mae 0.30 kl 0.056 lr 1e-04 (143s)
[22:15:47]   Epoch 081 1000/1559 train_mae 0.30 kl 0.056 lr 1e-04 (159s)
[22:16:03]   Epoch 081 1100/1559 train_mae 0.30 kl 0.056 lr 1e-04 (175s)
[22:16:19]   Epoch 081 1200/1559 train_mae 0.30 kl 0.056 lr 1e-04 (190s)
[22:16:35]   Epoch 081 1300/1559 train_mae 0.30 kl 0.056 lr 1e-04 (206s)
[22:16:51]   Epoch 081 1400/1559 train_mae 0.30 kl 0.056 lr 1e-04 (222s)
[22:17:07]   Epoch 081 1500/1559 train_mae 0.30 kl 0.056 lr 1e-04 (238s)
[22:17:16]   Epoch 081 1559/1559 train_mae 0.30 kl 0.056 lr 1e-04 (247s)
[22:17:37] [Epoch 081 완료] train MAE 0.30 | val MAE 8.68 | val RMSE 12.10 | 개선없음 28
[22:17:53]   Epoch 082 100/1559 train_mae 0.28 kl 0.057 lr 1e-04 (16s)
[22:18:09]   Epoch 082 200/1559 train_mae 0.30 kl 0.055 lr 1e-04 (32s)
[22:18:25]   Epoch 082 300/1559 train_mae 0.29 kl 0.054 lr 1e-04 (48s)
[22:18:41]   Epoch 082 400/1559 train_mae 0.30 kl 0.055 lr 1e-04 (64s)
[22:18:57]   Epoch 082 500/1559 train_mae 0.30 kl 0.056 lr 1e-04 (80s)
[22:19:12]   Epoch 082 600/1559 train_mae 0.30 kl 0.055 lr 1e-04 (95s)
[22:19:28]   Epoch 082 700/1559 train_mae 0.31 kl 0.056 lr 1e-04 (111s)
[22:19:44]   Epoch 082 800/1559 train_mae 0.30 kl 0.055 lr 1e-04 (127s)
[22:20:00]   Epoch 082 900/1559 train_mae 0.30 kl 0.055 lr 1e-04 (143s)
[22:20:16]   Epoch 082 1000/1559 train_mae 0.31 kl 0.055 lr 1e-04 (159s)
[22:20:32]   Epoch 082 1100/1559 train_mae 0.31 kl 0.055 lr 1e-04 (175s)
[22:20:48]   Epoch 082 1200/1559 train_mae 0.31 kl 0.055 lr 1e-04 (191s)
[22:21:04]   Epoch 082 1300/1559 train_mae 0.31 kl 0.055 lr 1e-04 (207s)
[22:21:20]   Epoch 082 1400/1559 train_mae 0.30 kl 0.055 lr 1e-04 (223s)
[22:21:36]   Epoch 082 1500/1559 train_mae 0.30 kl 0.055 lr 1e-04 (239s)
[22:21:45]   Epoch 082 1559/1559 train_mae 0.30 kl 0.055 lr 1e-04 (248s)
[22:22:06] [Epoch 082 완료] train MAE 0.30 | val MAE 8.69 | val RMSE 12.14 | 개선없음 29
[22:22:22]   Epoch 083 100/1559 train_mae 0.29 kl 0.052 lr 1e-04 (16s)
[22:22:38]   Epoch 083 200/1559 train_mae 0.31 kl 0.053 lr 1e-04 (32s)
[22:22:54]   Epoch 083 300/1559 train_mae 0.30 kl 0.053 lr 1e-04 (48s)
[22:23:09]   Epoch 083 400/1559 train_mae 0.31 kl 0.055 lr 1e-04 (63s)
[22:23:25]   Epoch 083 500/1559 train_mae 0.31 kl 0.055 lr 1e-04 (79s)
[22:23:41]   Epoch 083 600/1559 train_mae 0.31 kl 0.055 lr 1e-04 (95s)
[22:23:57]   Epoch 083 700/1559 train_mae 0.31 kl 0.055 lr 1e-04 (111s)
[22:24:13]   Epoch 083 800/1559 train_mae 0.30 kl 0.055 lr 1e-04 (127s)
[22:24:29]   Epoch 083 900/1559 train_mae 0.30 kl 0.055 lr 1e-04 (143s)
[22:24:44]   Epoch 083 1000/1559 train_mae 0.30 kl 0.055 lr 1e-04 (158s)
[22:25:00]   Epoch 083 1100/1559 train_mae 0.30 kl 0.055 lr 1e-04 (174s)
[22:25:16]   Epoch 083 1200/1559 train_mae 0.30 kl 0.055 lr 1e-04 (190s)
[22:25:32]   Epoch 083 1300/1559 train_mae 0.30 kl 0.055 lr 1e-04 (206s)
[22:25:48]   Epoch 083 1400/1559 train_mae 0.30 kl 0.055 lr 1e-04 (222s)
[22:26:04]   Epoch 083 1500/1559 train_mae 0.30 kl 0.054 lr 1e-04 (238s)
[22:26:13]   Epoch 083 1559/1559 train_mae 0.30 kl 0.054 lr 1e-04 (247s)
[22:26:34] [Epoch 083 완료] train MAE 0.30 | val MAE 8.68 | val RMSE 12.10 | 개선없음 30
[22:26:50]   Epoch 084 100/1559 train_mae 0.31 kl 0.054 lr 1e-04 (16s)
[22:27:06]   Epoch 084 200/1559 train_mae 0.31 kl 0.054 lr 1e-04 (32s)
[22:27:22]   Epoch 084 300/1559 train_mae 0.30 kl 0.053 lr 1e-04 (48s)
[22:27:38]   Epoch 084 400/1559 train_mae 0.30 kl 0.053 lr 1e-04 (63s)
[22:27:53]   Epoch 084 500/1559 train_mae 0.30 kl 0.052 lr 1e-04 (79s)
[22:28:09]   Epoch 084 600/1559 train_mae 0.30 kl 0.053 lr 1e-04 (95s)
[22:28:25]   Epoch 084 700/1559 train_mae 0.30 kl 0.053 lr 1e-04 (111s)
[22:28:41]   Epoch 084 800/1559 train_mae 0.30 kl 0.053 lr 1e-04 (127s)
[22:28:57]   Epoch 084 900/1559 train_mae 0.30 kl 0.053 lr 1e-04 (143s)
[22:29:13]   Epoch 084 1000/1559 train_mae 0.30 kl 0.053 lr 1e-04 (159s)
[22:29:29]   Epoch 084 1100/1559 train_mae 0.30 kl 0.053 lr 1e-04 (175s)
[22:29:44]   Epoch 084 1200/1559 train_mae 0.30 kl 0.053 lr 1e-04 (190s)
[22:30:00]   Epoch 084 1300/1559 train_mae 0.30 kl 0.053 lr 1e-04 (206s)
[22:30:16]   Epoch 084 1400/1559 train_mae 0.30 kl 0.053 lr 1e-04 (222s)
[22:30:32]   Epoch 084 1500/1559 train_mae 0.30 kl 0.053 lr 1e-04 (238s)
[22:30:41]   Epoch 084 1559/1559 train_mae 0.30 kl 0.053 lr 1e-04 (247s)
[22:31:02] [Epoch 084 완료] train MAE 0.30 | val MAE 8.69 | val RMSE 12.10 | 개선없음 31
[22:31:18]   Epoch 085 100/1559 train_mae 0.31 kl 0.054 lr 1e-04 (16s)
[22:31:34]   Epoch 085 200/1559 train_mae 0.30 kl 0.052 lr 1e-04 (32s)
[22:31:50]   Epoch 085 300/1559 train_mae 0.30 kl 0.052 lr 1e-04 (47s)
[22:32:06]   Epoch 085 400/1559 train_mae 0.30 kl 0.052 lr 1e-04 (63s)
[22:32:21]   Epoch 085 500/1559 train_mae 0.30 kl 0.052 lr 1e-04 (79s)
[22:32:37]   Epoch 085 600/1559 train_mae 0.30 kl 0.052 lr 1e-04 (95s)
[22:32:53]   Epoch 085 700/1559 train_mae 0.30 kl 0.052 lr 1e-04 (111s)
[22:33:09]   Epoch 085 800/1559 train_mae 0.29 kl 0.052 lr 1e-04 (127s)
[22:33:25]   Epoch 085 900/1559 train_mae 0.29 kl 0.052 lr 1e-04 (143s)
[22:33:41]   Epoch 085 1000/1559 train_mae 0.29 kl 0.052 lr 1e-04 (158s)
[22:33:56]   Epoch 085 1100/1559 train_mae 0.29 kl 0.052 lr 1e-04 (174s)
[22:34:12]   Epoch 085 1200/1559 train_mae 0.29 kl 0.052 lr 1e-04 (190s)
[22:34:28]   Epoch 085 1300/1559 train_mae 0.29 kl 0.052 lr 1e-04 (206s)
[22:34:44]   Epoch 085 1400/1559 train_mae 0.29 kl 0.052 lr 1e-04 (222s)
[22:35:00]   Epoch 085 1500/1559 train_mae 0.29 kl 0.052 lr 1e-04 (238s)
[22:35:09]   Epoch 085 1559/1559 train_mae 0.29 kl 0.052 lr 1e-04 (247s)
[22:35:30] [Epoch 085 완료] train MAE 0.29 | val MAE 8.72 | val RMSE 12.13 | 개선없음 32
[22:35:46]   Epoch 086 100/1559 train_mae 0.30 kl 0.052 lr 1e-04 (16s)
[22:36:02]   Epoch 086 200/1559 train_mae 0.31 kl 0.053 lr 1e-04 (32s)
[22:36:18]   Epoch 086 300/1559 train_mae 0.31 kl 0.052 lr 1e-04 (48s)
[22:36:33]   Epoch 086 400/1559 train_mae 0.31 kl 0.052 lr 1e-04 (63s)
[22:36:49]   Epoch 086 500/1559 train_mae 0.31 kl 0.051 lr 1e-04 (79s)
[22:37:05]   Epoch 086 600/1559 train_mae 0.31 kl 0.051 lr 1e-04 (95s)
[22:37:21]   Epoch 086 700/1559 train_mae 0.31 kl 0.051 lr 1e-04 (111s)
[22:37:37]   Epoch 086 800/1559 train_mae 0.30 kl 0.051 lr 1e-04 (127s)
[22:37:53]   Epoch 086 900/1559 train_mae 0.30 kl 0.051 lr 1e-04 (143s)
[22:38:09]   Epoch 086 1000/1559 train_mae 0.30 kl 0.051 lr 1e-04 (159s)
[22:38:25]   Epoch 086 1100/1559 train_mae 0.30 kl 0.051 lr 1e-04 (174s)
[22:38:40]   Epoch 086 1200/1559 train_mae 0.30 kl 0.051 lr 1e-04 (190s)
[22:38:56]   Epoch 086 1300/1559 train_mae 0.30 kl 0.051 lr 1e-04 (206s)
[22:39:12]   Epoch 086 1400/1559 train_mae 0.30 kl 0.051 lr 1e-04 (222s)
[22:39:28]   Epoch 086 1500/1559 train_mae 0.30 kl 0.052 lr 1e-04 (238s)
[22:39:37]   Epoch 086 1559/1559 train_mae 0.30 kl 0.052 lr 1e-04 (247s)
[22:39:58] [Epoch 086 완료] train MAE 0.30 | val MAE 8.65 | val RMSE 12.05 | 개선없음 33
[22:40:14]   Epoch 087 100/1559 train_mae 0.29 kl 0.050 lr 1e-04 (16s)
[22:40:30]   Epoch 087 200/1559 train_mae 0.29 kl 0.051 lr 1e-04 (32s)
[22:40:46]   Epoch 087 300/1559 train_mae 0.29 kl 0.050 lr 1e-04 (48s)
[22:41:02]   Epoch 087 400/1559 train_mae 0.30 kl 0.051 lr 1e-04 (63s)
[22:41:18]   Epoch 087 500/1559 train_mae 0.30 kl 0.050 lr 1e-04 (79s)
[22:41:33]   Epoch 087 600/1559 train_mae 0.30 kl 0.051 lr 1e-04 (95s)
[22:41:49]   Epoch 087 700/1559 train_mae 0.30 kl 0.051 lr 1e-04 (111s)
[22:42:05]   Epoch 087 800/1559 train_mae 0.29 kl 0.051 lr 1e-04 (127s)
[22:42:21]   Epoch 087 900/1559 train_mae 0.29 kl 0.050 lr 1e-04 (143s)
[22:42:37]   Epoch 087 1000/1559 train_mae 0.29 kl 0.051 lr 1e-04 (158s)
[22:42:52]   Epoch 087 1100/1559 train_mae 0.29 kl 0.051 lr 1e-04 (174s)
[22:43:08]   Epoch 087 1200/1559 train_mae 0.29 kl 0.051 lr 1e-04 (190s)
[22:43:24]   Epoch 087 1300/1559 train_mae 0.29 kl 0.051 lr 1e-04 (206s)
[22:43:40]   Epoch 087 1400/1559 train_mae 0.29 kl 0.051 lr 1e-04 (222s)
[22:43:56]   Epoch 087 1500/1559 train_mae 0.29 kl 0.051 lr 1e-04 (238s)
[22:44:05]   Epoch 087 1559/1559 train_mae 0.29 kl 0.052 lr 1e-04 (247s)
[22:44:26] [Epoch 087 완료] train MAE 0.29 | val MAE 8.69 | val RMSE 12.11 | 개선없음 34
[22:44:41]   Epoch 088 100/1559 train_mae 0.29 kl 0.055 lr 1e-04 (15s)
[22:44:57]   Epoch 088 200/1559 train_mae 0.29 kl 0.054 lr 1e-04 (31s)
[22:45:13]   Epoch 088 300/1559 train_mae 0.29 kl 0.053 lr 1e-04 (47s)
[22:45:29]   Epoch 088 400/1559 train_mae 0.29 kl 0.053 lr 1e-04 (63s)
[22:45:45]   Epoch 088 500/1559 train_mae 0.29 kl 0.053 lr 1e-04 (79s)
[22:46:01]   Epoch 088 600/1559 train_mae 0.29 kl 0.052 lr 1e-04 (94s)
[22:46:16]   Epoch 088 700/1559 train_mae 0.29 kl 0.051 lr 1e-04 (110s)
[22:46:32]   Epoch 088 800/1559 train_mae 0.29 kl 0.051 lr 1e-04 (126s)
[22:46:48]   Epoch 088 900/1559 train_mae 0.29 kl 0.051 lr 1e-04 (142s)
[22:47:04]   Epoch 088 1000/1559 train_mae 0.29 kl 0.052 lr 1e-04 (158s)
[22:47:20]   Epoch 088 1100/1559 train_mae 0.29 kl 0.052 lr 1e-04 (174s)
[22:47:36]   Epoch 088 1200/1559 train_mae 0.29 kl 0.052 lr 1e-04 (190s)
[22:47:52]   Epoch 088 1300/1559 train_mae 0.29 kl 0.052 lr 1e-04 (206s)
[22:48:07]   Epoch 088 1400/1559 train_mae 0.29 kl 0.052 lr 1e-04 (221s)
[22:48:23]   Epoch 088 1500/1559 train_mae 0.29 kl 0.051 lr 1e-04 (237s)
[22:48:33]   Epoch 088 1559/1559 train_mae 0.29 kl 0.052 lr 1e-04 (247s)
[22:48:51] [Epoch 088 완료] train MAE 0.29 | val MAE 8.70 | val RMSE 12.07 | 개선없음 35
[22:49:07]   Epoch 089 100/1559 train_mae 0.29 kl 0.049 lr 1e-04 (16s)
[22:49:23]   Epoch 089 200/1559 train_mae 0.28 kl 0.050 lr 1e-04 (32s)
[22:49:39]   Epoch 089 300/1559 train_mae 0.29 kl 0.049 lr 1e-04 (48s)
[22:49:54]   Epoch 089 400/1559 train_mae 0.29 kl 0.049 lr 1e-04 (63s)
[22:50:10]   Epoch 089 500/1559 train_mae 0.29 kl 0.048 lr 1e-04 (79s)
[22:50:26]   Epoch 089 600/1559 train_mae 0.29 kl 0.049 lr 1e-04 (95s)
[22:50:42]   Epoch 089 700/1559 train_mae 0.29 kl 0.049 lr 1e-04 (111s)
[22:50:58]   Epoch 089 800/1559 train_mae 0.29 kl 0.049 lr 1e-04 (127s)
[22:51:14]   Epoch 089 900/1559 train_mae 0.29 kl 0.049 lr 1e-04 (143s)
[22:51:30]   Epoch 089 1000/1559 train_mae 0.29 kl 0.049 lr 1e-04 (159s)
[22:51:46]   Epoch 089 1100/1559 train_mae 0.29 kl 0.049 lr 1e-04 (175s)
[22:52:01]   Epoch 089 1200/1559 train_mae 0.29 kl 0.049 lr 1e-04 (190s)
[22:52:17]   Epoch 089 1300/1559 train_mae 0.29 kl 0.049 lr 1e-04 (206s)
[22:52:33]   Epoch 089 1400/1559 train_mae 0.29 kl 0.049 lr 1e-04 (222s)
[22:52:49]   Epoch 089 1500/1559 train_mae 0.29 kl 0.050 lr 1e-04 (238s)
[22:52:58]   Epoch 089 1559/1559 train_mae 0.29 kl 0.049 lr 1e-04 (247s)
[22:53:19] [Epoch 089 완료] train MAE 0.29 | val MAE 8.69 | val RMSE 12.13 | 개선없음 36
[22:53:35]   Epoch 090 100/1559 train_mae 0.30 kl 0.049 lr 1e-04 (16s)
[22:53:50]   Epoch 090 200/1559 train_mae 0.31 kl 0.049 lr 1e-04 (31s)
[22:54:06]   Epoch 090 300/1559 train_mae 0.30 kl 0.050 lr 1e-04 (47s)
[22:54:22]   Epoch 090 400/1559 train_mae 0.30 kl 0.050 lr 1e-04 (63s)
[22:54:38]   Epoch 090 500/1559 train_mae 0.30 kl 0.049 lr 1e-04 (79s)
[22:54:54]   Epoch 090 600/1559 train_mae 0.30 kl 0.050 lr 1e-04 (95s)
[22:55:10]   Epoch 090 700/1559 train_mae 0.30 kl 0.050 lr 1e-04 (111s)
[22:55:26]   Epoch 090 800/1559 train_mae 0.29 kl 0.049 lr 1e-04 (127s)
[22:55:42]   Epoch 090 900/1559 train_mae 0.29 kl 0.049 lr 1e-04 (142s)
[22:55:58]   Epoch 090 1000/1559 train_mae 0.29 kl 0.050 lr 1e-04 (158s)
[22:56:14]   Epoch 090 1100/1559 train_mae 0.29 kl 0.049 lr 1e-04 (174s)
[22:56:32]   Epoch 090 1200/1559 train_mae 0.29 kl 0.049 lr 1e-04 (193s)
[22:57:07]   Epoch 090 1300/1559 train_mae 0.29 kl 0.049 lr 1e-04 (227s)
[22:57:41]   Epoch 090 1400/1559 train_mae 0.29 kl 0.049 lr 1e-04 (262s)
[22:58:15]   Epoch 090 1500/1559 train_mae 0.29 kl 0.049 lr 1e-04 (296s)
[22:58:35]   Epoch 090 1559/1559 train_mae 0.29 kl 0.049 lr 1e-04 (316s)
[22:59:27] [Epoch 090 완료] train MAE 0.29 | val MAE 8.67 | val RMSE 12.05 | 개선없음 37
[22:59:57]   Epoch 091 100/1559 train_mae 0.28 kl 0.046 lr 1e-05 (29s)
[23:00:27]   Epoch 091 200/1559 train_mae 0.28 kl 0.047 lr 1e-05 (59s)
[23:00:56]   Epoch 091 300/1559 train_mae 0.27 kl 0.046 lr 1e-05 (89s)
[23:01:26]   Epoch 091 400/1559 train_mae 0.27 kl 0.046 lr 1e-05 (118s)
[23:01:56]   Epoch 091 500/1559 train_mae 0.27 kl 0.047 lr 1e-05 (148s)
[23:02:26]   Epoch 091 600/1559 train_mae 0.27 kl 0.048 lr 1e-05 (178s)
[23:02:55]   Epoch 091 700/1559 train_mae 0.27 kl 0.048 lr 1e-05 (208s)
[23:03:25]   Epoch 091 800/1559 train_mae 0.27 kl 0.048 lr 1e-05 (238s)
[23:03:55]   Epoch 091 900/1559 train_mae 0.27 kl 0.048 lr 1e-05 (267s)
[23:04:25]   Epoch 091 1000/1559 train_mae 0.27 kl 0.048 lr 1e-05 (297s)
[23:04:54]   Epoch 091 1100/1559 train_mae 0.27 kl 0.048 lr 1e-05 (327s)
[23:05:24]   Epoch 091 1200/1559 train_mae 0.27 kl 0.048 lr 1e-05 (357s)
[23:05:53]   Epoch 091 1300/1559 train_mae 0.27 kl 0.048 lr 1e-05 (386s)
[23:06:23]   Epoch 091 1400/1559 train_mae 0.27 kl 0.048 lr 1e-05 (416s)
[23:06:53]   Epoch 091 1500/1559 train_mae 0.27 kl 0.048 lr 1e-05 (446s)
[23:07:11]   Epoch 091 1559/1559 train_mae 0.27 kl 0.048 lr 1e-05 (463s)
[23:07:31] [Epoch 091 완료] train MAE 0.27 | val MAE 8.68 | val RMSE 12.09 | 개선없음 38
[23:07:47]   Epoch 092 100/1559 train_mae 0.25 kl 0.049 lr 1e-05 (16s)
[23:08:03]   Epoch 092 200/1559 train_mae 0.24 kl 0.049 lr 1e-05 (32s)
[23:08:19]   Epoch 092 300/1559 train_mae 0.24 kl 0.048 lr 1e-05 (48s)
[23:08:35]   Epoch 092 400/1559 train_mae 0.24 kl 0.048 lr 1e-05 (63s)
[23:08:51]   Epoch 092 500/1559 train_mae 0.24 kl 0.048 lr 1e-05 (79s)
[23:09:07]   Epoch 092 600/1559 train_mae 0.24 kl 0.048 lr 1e-05 (95s)
[23:09:23]   Epoch 092 700/1559 train_mae 0.23 kl 0.048 lr 1e-05 (111s)
[23:09:38]   Epoch 092 800/1559 train_mae 0.23 kl 0.047 lr 1e-05 (127s)
[23:09:54]   Epoch 092 900/1559 train_mae 0.23 kl 0.047 lr 1e-05 (143s)
[23:10:10]   Epoch 092 1000/1559 train_mae 0.23 kl 0.047 lr 1e-05 (159s)
[23:10:26]   Epoch 092 1100/1559 train_mae 0.24 kl 0.047 lr 1e-05 (175s)
[23:10:42]   Epoch 092 1200/1559 train_mae 0.23 kl 0.048 lr 1e-05 (190s)
[23:10:58]   Epoch 092 1300/1559 train_mae 0.23 kl 0.047 lr 1e-05 (206s)
[23:11:14]   Epoch 092 1400/1559 train_mae 0.23 kl 0.048 lr 1e-05 (222s)
[23:11:30]   Epoch 092 1500/1559 train_mae 0.23 kl 0.048 lr 1e-05 (238s)
[23:11:39]   Epoch 092 1559/1559 train_mae 0.23 kl 0.048 lr 1e-05 (248s)
[23:11:59] [Epoch 092 완료] train MAE 0.23 | val MAE 8.69 | val RMSE 12.09 | 개선없음 39
[23:12:16]   Epoch 093 100/1559 train_mae 0.21 kl 0.047 lr 1e-05 (16s)
[23:12:32]   Epoch 093 200/1559 train_mae 0.22 kl 0.046 lr 1e-05 (32s)
[23:12:48]   Epoch 093 300/1559 train_mae 0.21 kl 0.045 lr 1e-05 (48s)
[23:13:03]   Epoch 093 400/1559 train_mae 0.22 kl 0.046 lr 1e-05 (63s)
[23:13:19]   Epoch 093 500/1559 train_mae 0.22 kl 0.047 lr 1e-05 (79s)
[23:13:35]   Epoch 093 600/1559 train_mae 0.22 kl 0.047 lr 1e-05 (95s)
[23:13:51]   Epoch 093 700/1559 train_mae 0.22 kl 0.047 lr 1e-05 (111s)
[23:14:07]   Epoch 093 800/1559 train_mae 0.22 kl 0.048 lr 1e-05 (127s)
[23:14:23]   Epoch 093 900/1559 train_mae 0.21 kl 0.048 lr 1e-05 (143s)
[23:14:39]   Epoch 093 1000/1559 train_mae 0.21 kl 0.048 lr 1e-05 (159s)
[23:14:55]   Epoch 093 1100/1559 train_mae 0.21 kl 0.048 lr 1e-05 (175s)
[23:15:11]   Epoch 093 1200/1559 train_mae 0.21 kl 0.048 lr 1e-05 (191s)
[23:15:27]   Epoch 093 1300/1559 train_mae 0.21 kl 0.048 lr 1e-05 (207s)
[23:15:42]   Epoch 093 1400/1559 train_mae 0.21 kl 0.048 lr 1e-05 (223s)
[23:15:58]   Epoch 093 1500/1559 train_mae 0.21 kl 0.048 lr 1e-05 (238s)
[23:16:08]   Epoch 093 1559/1559 train_mae 0.21 kl 0.048 lr 1e-05 (248s)
[23:16:28] [Epoch 093 완료] train MAE 0.21 | val MAE 8.69 | val RMSE 12.09 | 개선없음 40
[23:16:44]   Epoch 094 100/1559 train_mae 0.19 kl 0.048 lr 1e-05 (16s)
[23:17:00]   Epoch 094 200/1559 train_mae 0.19 kl 0.048 lr 1e-05 (32s)
[23:17:16]   Epoch 094 300/1559 train_mae 0.19 kl 0.048 lr 1e-05 (48s)
[23:17:32]   Epoch 094 400/1559 train_mae 0.18 kl 0.049 lr 1e-05 (63s)
[23:17:48]   Epoch 094 500/1559 train_mae 0.19 kl 0.048 lr 1e-05 (79s)
[23:18:04]   Epoch 094 600/1559 train_mae 0.19 kl 0.048 lr 1e-05 (95s)
[23:18:20]   Epoch 094 700/1559 train_mae 0.19 kl 0.048 lr 1e-05 (111s)
[23:18:36]   Epoch 094 800/1559 train_mae 0.19 kl 0.048 lr 1e-05 (127s)
[23:18:51]   Epoch 094 900/1559 train_mae 0.19 kl 0.048 lr 1e-05 (143s)
[23:19:07]   Epoch 094 1000/1559 train_mae 0.19 kl 0.048 lr 1e-05 (159s)
[23:19:23]   Epoch 094 1100/1559 train_mae 0.19 kl 0.048 lr 1e-05 (175s)
[23:19:39]   Epoch 094 1200/1559 train_mae 0.19 kl 0.048 lr 1e-05 (190s)
[23:19:55]   Epoch 094 1300/1559 train_mae 0.19 kl 0.048 lr 1e-05 (206s)
[23:20:11]   Epoch 094 1400/1559 train_mae 0.19 kl 0.048 lr 1e-05 (222s)
[23:20:27]   Epoch 094 1500/1559 train_mae 0.19 kl 0.047 lr 1e-05 (238s)
[23:20:36]   Epoch 094 1559/1559 train_mae 0.19 kl 0.047 lr 1e-05 (248s)
[23:20:57] [Epoch 094 완료] train MAE 0.19 | val MAE 8.68 | val RMSE 12.08 | 개선없음 41
[23:21:13]   Epoch 095 100/1559 train_mae 0.18 kl 0.048 lr 1e-05 (16s)
[23:21:29]   Epoch 095 200/1559 train_mae 0.17 kl 0.048 lr 1e-05 (32s)
[23:21:45]   Epoch 095 300/1559 train_mae 0.18 kl 0.049 lr 1e-05 (48s)
[23:22:01]   Epoch 095 400/1559 train_mae 0.18 kl 0.048 lr 1e-05 (64s)
[23:22:17]   Epoch 095 500/1559 train_mae 0.18 kl 0.048 lr 1e-05 (79s)
[23:22:33]   Epoch 095 600/1559 train_mae 0.18 kl 0.048 lr 1e-05 (95s)
[23:22:49]   Epoch 095 700/1559 train_mae 0.17 kl 0.048 lr 1e-05 (111s)
[23:23:05]   Epoch 095 800/1559 train_mae 0.17 kl 0.048 lr 1e-05 (127s)
[23:23:19]   Epoch 095 900/1559 train_mae 0.18 kl 0.048 lr 1e-05 (142s)
[23:23:33]   Epoch 095 1000/1559 train_mae 0.18 kl 0.048 lr 1e-05 (156s)
[23:23:49]   Epoch 095 1100/1559 train_mae 0.18 kl 0.047 lr 1e-05 (172s)
[23:24:05]   Epoch 095 1200/1559 train_mae 0.18 kl 0.047 lr 1e-05 (188s)
[23:24:21]   Epoch 095 1300/1559 train_mae 0.18 kl 0.047 lr 1e-05 (204s)
[23:24:37]   Epoch 095 1400/1559 train_mae 0.18 kl 0.047 lr 1e-05 (220s)
[23:24:53]   Epoch 095 1500/1559 train_mae 0.18 kl 0.047 lr 1e-05 (235s)
[23:25:02]   Epoch 095 1559/1559 train_mae 0.18 kl 0.047 lr 1e-05 (245s)
[23:25:23] [Epoch 095 완료] train MAE 0.18 | val MAE 8.67 | val RMSE 12.06 | 개선없음 42
[23:25:39]   Epoch 096 100/1559 train_mae 0.17 kl 0.048 lr 1e-05 (16s)
[23:25:55]   Epoch 096 200/1559 train_mae 0.17 kl 0.048 lr 1e-05 (32s)
[23:26:10]   Epoch 096 300/1559 train_mae 0.17 kl 0.047 lr 1e-05 (47s)
[23:26:26]   Epoch 096 400/1559 train_mae 0.17 kl 0.048 lr 1e-05 (63s)
[23:26:42]   Epoch 096 500/1559 train_mae 0.17 kl 0.047 lr 1e-05 (79s)
[23:26:58]   Epoch 096 600/1559 train_mae 0.16 kl 0.047 lr 1e-05 (95s)
[23:27:14]   Epoch 096 700/1559 train_mae 0.17 kl 0.048 lr 1e-05 (111s)
[23:27:30]   Epoch 096 800/1559 train_mae 0.17 kl 0.048 lr 1e-05 (127s)
[23:27:46]   Epoch 096 900/1559 train_mae 0.17 kl 0.048 lr 1e-05 (143s)
[23:28:01]   Epoch 096 1000/1559 train_mae 0.17 kl 0.048 lr 1e-05 (158s)
[23:28:17]   Epoch 096 1100/1559 train_mae 0.17 kl 0.047 lr 1e-05 (174s)
[23:28:33]   Epoch 096 1200/1559 train_mae 0.17 kl 0.047 lr 1e-05 (190s)
[23:28:49]   Epoch 096 1300/1559 train_mae 0.17 kl 0.047 lr 1e-05 (206s)
[23:29:05]   Epoch 096 1400/1559 train_mae 0.17 kl 0.047 lr 1e-05 (222s)
[23:29:21]   Epoch 096 1500/1559 train_mae 0.17 kl 0.047 lr 1e-05 (238s)
[23:29:30]   Epoch 096 1559/1559 train_mae 0.17 kl 0.047 lr 1e-05 (247s)
[23:29:51] [Epoch 096 완료] train MAE 0.17 | val MAE 8.69 | val RMSE 12.07 | 개선없음 43
[23:30:07]   Epoch 097 100/1559 train_mae 0.17 kl 0.046 lr 1e-05 (16s)
[23:30:23]   Epoch 097 200/1559 train_mae 0.16 kl 0.045 lr 1e-05 (32s)
[23:30:39]   Epoch 097 300/1559 train_mae 0.16 kl 0.046 lr 1e-05 (48s)
[23:30:54]   Epoch 097 400/1559 train_mae 0.16 kl 0.047 lr 1e-05 (63s)
[23:31:10]   Epoch 097 500/1559 train_mae 0.16 kl 0.047 lr 1e-05 (79s)
[23:31:26]   Epoch 097 600/1559 train_mae 0.16 kl 0.046 lr 1e-05 (95s)
[23:31:42]   Epoch 097 700/1559 train_mae 0.16 kl 0.046 lr 1e-05 (110s)
[23:31:57]   Epoch 097 800/1559 train_mae 0.16 kl 0.046 lr 1e-05 (126s)
[23:32:13]   Epoch 097 900/1559 train_mae 0.16 kl 0.046 lr 1e-05 (142s)
[23:32:29]   Epoch 097 1000/1559 train_mae 0.16 kl 0.046 lr 1e-05 (158s)
[23:32:45]   Epoch 097 1100/1559 train_mae 0.16 kl 0.046 lr 1e-05 (174s)
[23:33:01]   Epoch 097 1200/1559 train_mae 0.16 kl 0.046 lr 1e-05 (190s)
[23:33:17]   Epoch 097 1300/1559 train_mae 0.16 kl 0.046 lr 1e-05 (206s)
[23:33:33]   Epoch 097 1400/1559 train_mae 0.16 kl 0.046 lr 1e-05 (221s)
[23:33:48]   Epoch 097 1500/1559 train_mae 0.16 kl 0.046 lr 1e-05 (237s)
[23:33:57]   Epoch 097 1559/1559 train_mae 0.16 kl 0.046 lr 1e-05 (246s)
[23:34:15] [Epoch 097 완료] train MAE 0.16 | val MAE 8.68 | val RMSE 12.07 | 개선없음 44
[23:34:31]   Epoch 098 100/1559 train_mae 0.14 kl 0.048 lr 1e-05 (15s)
[23:34:47]   Epoch 098 200/1559 train_mae 0.14 kl 0.049 lr 1e-05 (31s)
[23:35:02]   Epoch 098 300/1559 train_mae 0.15 kl 0.049 lr 1e-05 (46s)
[23:35:17]   Epoch 098 400/1559 train_mae 0.15 kl 0.048 lr 1e-05 (61s)
[23:35:33]   Epoch 098 500/1559 train_mae 0.15 kl 0.047 lr 1e-05 (77s)
[23:35:49]   Epoch 098 600/1559 train_mae 0.15 kl 0.047 lr 1e-05 (93s)
[23:36:04]   Epoch 098 700/1559 train_mae 0.15 kl 0.046 lr 1e-05 (109s)
[23:36:19]   Epoch 098 800/1559 train_mae 0.15 kl 0.046 lr 1e-05 (124s)
[23:36:35]   Epoch 098 900/1559 train_mae 0.15 kl 0.046 lr 1e-05 (139s)
[23:36:51]   Epoch 098 1000/1559 train_mae 0.15 kl 0.046 lr 1e-05 (155s)
[23:37:07]   Epoch 098 1100/1559 train_mae 0.15 kl 0.046 lr 1e-05 (171s)
[23:37:22]   Epoch 098 1200/1559 train_mae 0.15 kl 0.046 lr 1e-05 (187s)
[23:37:38]   Epoch 098 1300/1559 train_mae 0.15 kl 0.046 lr 1e-05 (203s)
[23:37:54]   Epoch 098 1400/1559 train_mae 0.15 kl 0.046 lr 1e-05 (218s)
[23:38:10]   Epoch 098 1500/1559 train_mae 0.15 kl 0.046 lr 1e-05 (234s)
[23:38:19]   Epoch 098 1559/1559 train_mae 0.15 kl 0.046 lr 1e-05 (244s)
[23:38:40] [Epoch 098 완료] train MAE 0.15 | val MAE 8.69 | val RMSE 12.07 | 개선없음 45
[23:38:56]   Epoch 099 100/1559 train_mae 0.15 kl 0.046 lr 1e-05 (16s)
[23:39:12]   Epoch 099 200/1559 train_mae 0.15 kl 0.045 lr 1e-05 (32s)
[23:39:28]   Epoch 099 300/1559 train_mae 0.15 kl 0.045 lr 1e-05 (48s)
[23:39:44]   Epoch 099 400/1559 train_mae 0.15 kl 0.044 lr 1e-05 (63s)
[23:39:59]   Epoch 099 500/1559 train_mae 0.14 kl 0.045 lr 1e-05 (79s)
[23:40:15]   Epoch 099 600/1559 train_mae 0.14 kl 0.046 lr 1e-05 (95s)
[23:40:31]   Epoch 099 700/1559 train_mae 0.14 kl 0.046 lr 1e-05 (111s)
[23:40:47]   Epoch 099 800/1559 train_mae 0.14 kl 0.046 lr 1e-05 (127s)
[23:41:03]   Epoch 099 900/1559 train_mae 0.14 kl 0.046 lr 1e-05 (143s)
[23:41:19]   Epoch 099 1000/1559 train_mae 0.14 kl 0.046 lr 1e-05 (159s)
[23:41:35]   Epoch 099 1100/1559 train_mae 0.14 kl 0.046 lr 1e-05 (174s)
[23:41:50]   Epoch 099 1200/1559 train_mae 0.14 kl 0.046 lr 1e-05 (190s)
[23:42:06]   Epoch 099 1300/1559 train_mae 0.14 kl 0.046 lr 1e-05 (206s)
[23:42:22]   Epoch 099 1400/1559 train_mae 0.14 kl 0.046 lr 1e-05 (222s)
[23:42:38]   Epoch 099 1500/1559 train_mae 0.14 kl 0.046 lr 1e-05 (238s)
[23:42:47]   Epoch 099 1559/1559 train_mae 0.14 kl 0.046 lr 1e-05 (247s)
[23:43:08] [Epoch 099 완료] train MAE 0.14 | val MAE 8.69 | val RMSE 12.09 | 개선없음 46
[23:43:24]   Epoch 100 100/1559 train_mae 0.13 kl 0.044 lr 1e-05 (16s)
[23:43:40]   Epoch 100 200/1559 train_mae 0.13 kl 0.045 lr 1e-05 (32s)
[23:43:55]   Epoch 100 300/1559 train_mae 0.14 kl 0.044 lr 1e-05 (47s)
[23:44:11]   Epoch 100 400/1559 train_mae 0.14 kl 0.044 lr 1e-05 (63s)
[23:44:27]   Epoch 100 500/1559 train_mae 0.14 kl 0.044 lr 1e-05 (79s)
[23:44:43]   Epoch 100 600/1559 train_mae 0.14 kl 0.044 lr 1e-05 (95s)
[23:44:59]   Epoch 100 700/1559 train_mae 0.14 kl 0.044 lr 1e-05 (111s)
[23:45:15]   Epoch 100 800/1559 train_mae 0.14 kl 0.044 lr 1e-05 (127s)
[23:45:30]   Epoch 100 900/1559 train_mae 0.14 kl 0.045 lr 1e-05 (142s)
[23:45:46]   Epoch 100 1000/1559 train_mae 0.14 kl 0.045 lr 1e-05 (158s)
[23:46:02]   Epoch 100 1100/1559 train_mae 0.14 kl 0.045 lr 1e-05 (174s)
[23:46:18]   Epoch 100 1200/1559 train_mae 0.14 kl 0.045 lr 1e-05 (190s)
[23:46:34]   Epoch 100 1300/1559 train_mae 0.14 kl 0.045 lr 1e-05 (206s)
[23:46:50]   Epoch 100 1400/1559 train_mae 0.14 kl 0.045 lr 1e-05 (222s)
[23:47:05]   Epoch 100 1500/1559 train_mae 0.14 kl 0.045 lr 1e-05 (237s)
[23:47:15]   Epoch 100 1559/1559 train_mae 0.14 kl 0.045 lr 1e-05 (247s)
[23:47:35] [Epoch 100 완료] train MAE 0.14 | val MAE 8.69 | val RMSE 12.08 | 개선없음 47
[23:47:52]   Epoch 101 100/1559 train_mae 0.13 kl 0.047 lr 1e-05 (16s)
[23:48:07]   Epoch 101 200/1559 train_mae 0.13 kl 0.046 lr 1e-05 (32s)
[23:48:23]   Epoch 101 300/1559 train_mae 0.13 kl 0.045 lr 1e-05 (48s)
[23:48:39]   Epoch 101 400/1559 train_mae 0.14 kl 0.045 lr 1e-05 (64s)
[23:48:55]   Epoch 101 500/1559 train_mae 0.14 kl 0.046 lr 1e-05 (79s)
[23:49:11]   Epoch 101 600/1559 train_mae 0.14 kl 0.046 lr 1e-05 (95s)
[23:49:27]   Epoch 101 700/1559 train_mae 0.14 kl 0.045 lr 1e-05 (111s)
[23:49:43]   Epoch 101 800/1559 train_mae 0.14 kl 0.046 lr 1e-05 (127s)
[23:49:58]   Epoch 101 900/1559 train_mae 0.14 kl 0.046 lr 1e-05 (143s)
[23:50:14]   Epoch 101 1000/1559 train_mae 0.14 kl 0.046 lr 1e-05 (159s)
[23:50:30]   Epoch 101 1100/1559 train_mae 0.14 kl 0.046 lr 1e-05 (175s)
[23:50:46]   Epoch 101 1200/1559 train_mae 0.14 kl 0.046 lr 1e-05 (190s)
[23:51:02]   Epoch 101 1300/1559 train_mae 0.14 kl 0.046 lr 1e-05 (206s)
[23:51:18]   Epoch 101 1400/1559 train_mae 0.14 kl 0.046 lr 1e-05 (222s)
[23:51:34]   Epoch 101 1500/1559 train_mae 0.14 kl 0.046 lr 1e-05 (238s)
[23:51:43]   Epoch 101 1559/1559 train_mae 0.14 kl 0.045 lr 1e-05 (247s)
[23:52:04] [Epoch 101 완료] train MAE 0.14 | val MAE 8.69 | val RMSE 12.08 | 개선없음 48
[23:52:20]   Epoch 102 100/1559 train_mae 0.13 kl 0.048 lr 1e-05 (16s)
[23:52:36]   Epoch 102 200/1559 train_mae 0.13 kl 0.045 lr 1e-05 (32s)
[23:52:52]   Epoch 102 300/1559 train_mae 0.13 kl 0.045 lr 1e-05 (48s)
[23:53:08]   Epoch 102 400/1559 train_mae 0.13 kl 0.045 lr 1e-05 (64s)
[23:53:24]   Epoch 102 500/1559 train_mae 0.13 kl 0.046 lr 1e-05 (79s)
[23:53:39]   Epoch 102 600/1559 train_mae 0.13 kl 0.046 lr 1e-05 (95s)
[23:53:55]   Epoch 102 700/1559 train_mae 0.13 kl 0.045 lr 1e-05 (111s)
[23:54:11]   Epoch 102 800/1559 train_mae 0.13 kl 0.045 lr 1e-05 (127s)
[23:54:27]   Epoch 102 900/1559 train_mae 0.13 kl 0.046 lr 1e-05 (143s)
[23:54:43]   Epoch 102 1000/1559 train_mae 0.13 kl 0.046 lr 1e-05 (159s)
[23:54:59]   Epoch 102 1100/1559 train_mae 0.13 kl 0.046 lr 1e-05 (175s)
[23:55:15]   Epoch 102 1200/1559 train_mae 0.13 kl 0.046 lr 1e-05 (190s)
[23:55:31]   Epoch 102 1300/1559 train_mae 0.13 kl 0.046 lr 1e-05 (206s)
[23:55:46]   Epoch 102 1400/1559 train_mae 0.13 kl 0.045 lr 1e-05 (222s)
[23:56:02]   Epoch 102 1500/1559 train_mae 0.13 kl 0.045 lr 1e-05 (238s)
[23:56:12]   Epoch 102 1559/1559 train_mae 0.13 kl 0.045 lr 1e-05 (248s)
[23:56:31] [Epoch 102 완료] train MAE 0.13 | val MAE 8.69 | val RMSE 12.08 | 개선없음 49
[23:56:47]   Epoch 103 100/1559 train_mae 0.12 kl 0.045 lr 1e-05 (16s)
[23:57:03]   Epoch 103 200/1559 train_mae 0.13 kl 0.045 lr 1e-05 (32s)
[23:57:18]   Epoch 103 300/1559 train_mae 0.13 kl 0.045 lr 1e-05 (47s)
[23:57:34]   Epoch 103 400/1559 train_mae 0.13 kl 0.045 lr 1e-05 (63s)
[23:57:50]   Epoch 103 500/1559 train_mae 0.13 kl 0.045 lr 1e-05 (79s)
[23:58:06]   Epoch 103 600/1559 train_mae 0.13 kl 0.045 lr 1e-05 (95s)
[23:58:22]   Epoch 103 700/1559 train_mae 0.13 kl 0.045 lr 1e-05 (111s)
[23:58:38]   Epoch 103 800/1559 train_mae 0.13 kl 0.045 lr 1e-05 (127s)
[23:58:54]   Epoch 103 900/1559 train_mae 0.13 kl 0.045 lr 1e-05 (143s)
[23:59:09]   Epoch 103 1000/1559 train_mae 0.13 kl 0.045 lr 1e-05 (158s)
[23:59:25]   Epoch 103 1100/1559 train_mae 0.13 kl 0.045 lr 1e-05 (174s)
[23:59:41]   Epoch 103 1200/1559 train_mae 0.13 kl 0.045 lr 1e-05 (190s)
[23:59:57]   Epoch 103 1300/1559 train_mae 0.13 kl 0.045 lr 1e-05 (206s)
[00:00:13]   Epoch 103 1400/1559 train_mae 0.13 kl 0.045 lr 1e-05 (222s)
[00:00:29]   Epoch 103 1500/1559 train_mae 0.13 kl 0.045 lr 1e-05 (238s)
[00:00:38]   Epoch 103 1559/1559 train_mae 0.13 kl 0.045 lr 1e-05 (247s)
[00:00:59] [Epoch 103 완료] train MAE 0.13 | val MAE 8.69 | val RMSE 12.08 | 개선없음 50
[00:01:15]   Epoch 104 100/1559 train_mae 0.12 kl 0.049 lr 1e-05 (16s)
[00:01:30]   Epoch 104 200/1559 train_mae 0.13 kl 0.047 lr 1e-05 (31s)
[00:01:46]   Epoch 104 300/1559 train_mae 0.13 kl 0.046 lr 1e-05 (47s)
[00:02:02]   Epoch 104 400/1559 train_mae 0.13 kl 0.045 lr 1e-05 (63s)
[00:02:18]   Epoch 104 500/1559 train_mae 0.13 kl 0.045 lr 1e-05 (79s)
[00:02:34]   Epoch 104 600/1559 train_mae 0.13 kl 0.045 lr 1e-05 (95s)
[00:02:50]   Epoch 104 700/1559 train_mae 0.13 kl 0.044 lr 1e-05 (111s)
[00:03:05]   Epoch 104 800/1559 train_mae 0.13 kl 0.044 lr 1e-05 (126s)
[00:03:21]   Epoch 104 900/1559 train_mae 0.13 kl 0.044 lr 1e-05 (142s)
[00:03:37]   Epoch 104 1000/1559 train_mae 0.13 kl 0.044 lr 1e-05 (158s)
[00:03:53]   Epoch 104 1100/1559 train_mae 0.13 kl 0.044 lr 1e-05 (174s)
[00:04:09]   Epoch 104 1200/1559 train_mae 0.13 kl 0.044 lr 1e-05 (190s)
[00:04:25]   Epoch 104 1300/1559 train_mae 0.13 kl 0.044 lr 1e-05 (206s)
[00:04:41]   Epoch 104 1400/1559 train_mae 0.13 kl 0.044 lr 1e-05 (222s)
[00:04:56]   Epoch 104 1500/1559 train_mae 0.13 kl 0.044 lr 1e-05 (237s)
[00:05:06]   Epoch 104 1559/1559 train_mae 0.13 kl 0.044 lr 1e-05 (247s)
[00:05:26] [Epoch 104 완료] train MAE 0.13 | val MAE 8.69 | val RMSE 12.08 | 개선없음 51
[00:05:43]   Epoch 105 100/1559 train_mae 0.14 kl 0.042 lr 1e-05 (16s)
[00:05:58]   Epoch 105 200/1559 train_mae 0.13 kl 0.042 lr 1e-05 (32s)
[00:06:14]   Epoch 105 300/1559 train_mae 0.13 kl 0.043 lr 1e-05 (48s)
[00:06:30]   Epoch 105 400/1559 train_mae 0.13 kl 0.044 lr 1e-05 (64s)
[00:06:46]   Epoch 105 500/1559 train_mae 0.13 kl 0.044 lr 1e-05 (79s)
[00:07:02]   Epoch 105 600/1559 train_mae 0.13 kl 0.044 lr 1e-05 (95s)
[00:07:18]   Epoch 105 700/1559 train_mae 0.13 kl 0.044 lr 1e-05 (111s)
[00:07:34]   Epoch 105 800/1559 train_mae 0.13 kl 0.044 lr 1e-05 (127s)
[00:07:50]   Epoch 105 900/1559 train_mae 0.13 kl 0.044 lr 1e-05 (143s)
[00:08:06]   Epoch 105 1000/1559 train_mae 0.13 kl 0.044 lr 1e-05 (159s)
[00:08:22]   Epoch 105 1100/1559 train_mae 0.13 kl 0.044 lr 1e-05 (175s)
[00:08:38]   Epoch 105 1200/1559 train_mae 0.13 kl 0.044 lr 1e-05 (191s)
[00:08:53]   Epoch 105 1300/1559 train_mae 0.13 kl 0.044 lr 1e-05 (207s)
[00:09:09]   Epoch 105 1400/1559 train_mae 0.13 kl 0.044 lr 1e-05 (223s)
[00:09:25]   Epoch 105 1500/1559 train_mae 0.13 kl 0.044 lr 1e-05 (238s)
[00:09:34]   Epoch 105 1559/1559 train_mae 0.13 kl 0.044 lr 1e-05 (248s)
[00:09:55] [Epoch 105 완료] train MAE 0.13 | val MAE 8.69 | val RMSE 12.09 | 개선없음 52
[00:10:11]   Epoch 106 100/1559 train_mae 0.13 kl 0.046 lr 1e-05 (16s)
[00:10:27]   Epoch 106 200/1559 train_mae 0.13 kl 0.045 lr 1e-05 (32s)
[00:10:43]   Epoch 106 300/1559 train_mae 0.13 kl 0.045 lr 1e-05 (48s)
[00:10:59]   Epoch 106 400/1559 train_mae 0.13 kl 0.045 lr 1e-05 (63s)
[00:11:15]   Epoch 106 500/1559 train_mae 0.13 kl 0.045 lr 1e-05 (79s)
[00:11:31]   Epoch 106 600/1559 train_mae 0.13 kl 0.045 lr 1e-05 (95s)
[00:11:46]   Epoch 106 700/1559 train_mae 0.13 kl 0.044 lr 1e-05 (111s)
[00:12:02]   Epoch 106 800/1559 train_mae 0.13 kl 0.044 lr 1e-05 (127s)
[00:12:18]   Epoch 106 900/1559 train_mae 0.13 kl 0.044 lr 1e-05 (143s)
[00:12:34]   Epoch 106 1000/1559 train_mae 0.13 kl 0.044 lr 1e-05 (159s)
[00:12:50]   Epoch 106 1100/1559 train_mae 0.13 kl 0.044 lr 1e-05 (175s)
[00:13:06]   Epoch 106 1200/1559 train_mae 0.13 kl 0.044 lr 1e-05 (190s)
[00:13:22]   Epoch 106 1300/1559 train_mae 0.12 kl 0.044 lr 1e-05 (206s)
[00:13:37]   Epoch 106 1400/1559 train_mae 0.12 kl 0.044 lr 1e-05 (222s)
[00:13:53]   Epoch 106 1500/1559 train_mae 0.12 kl 0.044 lr 1e-05 (238s)
[00:14:03]   Epoch 106 1559/1559 train_mae 0.12 kl 0.044 lr 1e-05 (247s)
[00:14:23] [Epoch 106 완료] train MAE 0.12 | val MAE 8.70 | val RMSE 12.10 | 개선없음 53
[00:14:39]   Epoch 107 100/1559 train_mae 0.12 kl 0.042 lr 1e-05 (16s)
[00:14:55]   Epoch 107 200/1559 train_mae 0.12 kl 0.043 lr 1e-05 (32s)
[00:15:11]   Epoch 107 300/1559 train_mae 0.12 kl 0.044 lr 1e-05 (47s)
[00:15:27]   Epoch 107 400/1559 train_mae 0.12 kl 0.044 lr 1e-05 (63s)
[00:15:43]   Epoch 107 500/1559 train_mae 0.12 kl 0.044 lr 1e-05 (79s)
[00:15:59]   Epoch 107 600/1559 train_mae 0.12 kl 0.044 lr 1e-05 (95s)
[00:16:15]   Epoch 107 700/1559 train_mae 0.12 kl 0.044 lr 1e-05 (111s)
[00:16:31]   Epoch 107 800/1559 train_mae 0.12 kl 0.044 lr 1e-05 (127s)
[00:16:46]   Epoch 107 900/1559 train_mae 0.12 kl 0.043 lr 1e-05 (143s)
[00:17:02]   Epoch 107 1000/1559 train_mae 0.12 kl 0.044 lr 1e-05 (159s)
[00:17:18]   Epoch 107 1100/1559 train_mae 0.12 kl 0.044 lr 1e-05 (174s)
[00:17:34]   Epoch 107 1200/1559 train_mae 0.12 kl 0.044 lr 1e-05 (190s)
[00:17:50]   Epoch 107 1300/1559 train_mae 0.12 kl 0.044 lr 1e-05 (206s)
[00:18:06]   Epoch 107 1400/1559 train_mae 0.12 kl 0.044 lr 1e-05 (222s)
[00:18:21]   Epoch 107 1500/1559 train_mae 0.12 kl 0.044 lr 1e-05 (238s)
[00:18:31]   Epoch 107 1559/1559 train_mae 0.12 kl 0.044 lr 1e-05 (247s)
[00:18:50] [Epoch 107 완료] train MAE 0.12 | val MAE 8.70 | val RMSE 12.10 | 개선없음 54
[00:19:06]   Epoch 108 100/1559 train_mae 0.11 kl 0.045 lr 1e-05 (16s)
[00:19:22]   Epoch 108 200/1559 train_mae 0.12 kl 0.043 lr 1e-05 (32s)
[00:19:38]   Epoch 108 300/1559 train_mae 0.12 kl 0.044 lr 1e-05 (48s)
[00:19:54]   Epoch 108 400/1559 train_mae 0.12 kl 0.044 lr 1e-05 (64s)
[00:20:10]   Epoch 108 500/1559 train_mae 0.12 kl 0.044 lr 1e-05 (79s)
[00:20:26]   Epoch 108 600/1559 train_mae 0.12 kl 0.045 lr 1e-05 (95s)
[00:20:42]   Epoch 108 700/1559 train_mae 0.12 kl 0.044 lr 1e-05 (111s)
[00:20:58]   Epoch 108 800/1559 train_mae 0.12 kl 0.044 lr 1e-05 (127s)
[00:21:13]   Epoch 108 900/1559 train_mae 0.12 kl 0.044 lr 1e-05 (143s)
[00:21:29]   Epoch 108 1000/1559 train_mae 0.12 kl 0.044 lr 1e-05 (159s)
[00:21:45]   Epoch 108 1100/1559 train_mae 0.12 kl 0.044 lr 1e-05 (175s)
[00:22:01]   Epoch 108 1200/1559 train_mae 0.12 kl 0.044 lr 1e-05 (191s)
[00:22:17]   Epoch 108 1300/1559 train_mae 0.12 kl 0.044 lr 1e-05 (207s)
[00:22:33]   Epoch 108 1400/1559 train_mae 0.12 kl 0.044 lr 1e-05 (223s)
[00:22:49]   Epoch 108 1500/1559 train_mae 0.12 kl 0.044 lr 1e-05 (239s)
[00:22:58]   Epoch 108 1559/1559 train_mae 0.12 kl 0.044 lr 1e-05 (248s)
[00:23:19] [Epoch 108 완료] train MAE 0.12 | val MAE 8.70 | val RMSE 12.10 | 개선없음 55
[00:23:35]   Epoch 109 100/1559 train_mae 0.12 kl 0.043 lr 1e-05 (16s)
[00:23:51]   Epoch 109 200/1559 train_mae 0.12 kl 0.044 lr 1e-05 (32s)
[00:24:07]   Epoch 109 300/1559 train_mae 0.12 kl 0.044 lr 1e-05 (48s)
[00:24:23]   Epoch 109 400/1559 train_mae 0.12 kl 0.044 lr 1e-05 (63s)
[00:24:39]   Epoch 109 500/1559 train_mae 0.12 kl 0.044 lr 1e-05 (79s)
[00:24:55]   Epoch 109 600/1559 train_mae 0.12 kl 0.043 lr 1e-05 (95s)
[00:25:10]   Epoch 109 700/1559 train_mae 0.12 kl 0.043 lr 1e-05 (111s)
[00:25:26]   Epoch 109 800/1559 train_mae 0.12 kl 0.043 lr 1e-05 (127s)
[00:25:42]   Epoch 109 900/1559 train_mae 0.12 kl 0.043 lr 1e-05 (143s)
[00:25:58]   Epoch 109 1000/1559 train_mae 0.12 kl 0.043 lr 1e-05 (159s)
[00:26:14]   Epoch 109 1100/1559 train_mae 0.12 kl 0.043 lr 1e-05 (175s)
[00:26:30]   Epoch 109 1200/1559 train_mae 0.12 kl 0.043 lr 1e-05 (190s)
[00:26:46]   Epoch 109 1300/1559 train_mae 0.12 kl 0.043 lr 1e-05 (206s)
[00:27:01]   Epoch 109 1400/1559 train_mae 0.12 kl 0.044 lr 1e-05 (222s)
[00:27:17]   Epoch 109 1500/1559 train_mae 0.12 kl 0.044 lr 1e-05 (238s)
[00:27:27]   Epoch 109 1559/1559 train_mae 0.12 kl 0.044 lr 1e-05 (247s)
[00:27:47] [Epoch 109 완료] train MAE 0.12 | val MAE 8.69 | val RMSE 12.08 | 개선없음 56
[00:28:03]   Epoch 110 100/1559 train_mae 0.13 kl 0.044 lr 1e-05 (16s)
[00:28:19]   Epoch 110 200/1559 train_mae 0.12 kl 0.042 lr 1e-05 (32s)
[00:28:35]   Epoch 110 300/1559 train_mae 0.12 kl 0.042 lr 1e-05 (47s)
[00:28:50]   Epoch 110 400/1559 train_mae 0.12 kl 0.042 lr 1e-05 (63s)
[00:29:06]   Epoch 110 500/1559 train_mae 0.12 kl 0.042 lr 1e-05 (79s)
[00:29:22]   Epoch 110 600/1559 train_mae 0.12 kl 0.042 lr 1e-05 (95s)
[00:29:38]   Epoch 110 700/1559 train_mae 0.12 kl 0.042 lr 1e-05 (111s)
[00:29:54]   Epoch 110 800/1559 train_mae 0.12 kl 0.043 lr 1e-05 (126s)
[00:30:10]   Epoch 110 900/1559 train_mae 0.12 kl 0.043 lr 1e-05 (142s)
[00:30:26]   Epoch 110 1000/1559 train_mae 0.12 kl 0.043 lr 1e-05 (158s)
[00:30:41]   Epoch 110 1100/1559 train_mae 0.12 kl 0.043 lr 1e-05 (174s)
[00:30:57]   Epoch 110 1200/1559 train_mae 0.12 kl 0.043 lr 1e-05 (190s)
[00:31:13]   Epoch 110 1300/1559 train_mae 0.12 kl 0.043 lr 1e-05 (206s)
[00:31:29]   Epoch 110 1400/1559 train_mae 0.12 kl 0.043 lr 1e-05 (222s)
[00:31:45]   Epoch 110 1500/1559 train_mae 0.12 kl 0.043 lr 1e-05 (237s)
[00:31:54]   Epoch 110 1559/1559 train_mae 0.12 kl 0.043 lr 1e-05 (247s)
[00:32:15] [Epoch 110 완료] train MAE 0.12 | val MAE 8.69 | val RMSE 12.07 | 개선없음 57
[00:32:31]   Epoch 111 100/1559 train_mae 0.11 kl 0.042 lr 1e-05 (16s)
[00:32:47]   Epoch 111 200/1559 train_mae 0.12 kl 0.042 lr 1e-05 (31s)
[00:33:02]   Epoch 111 300/1559 train_mae 0.11 kl 0.042 lr 1e-05 (47s)
[00:33:18]   Epoch 111 400/1559 train_mae 0.11 kl 0.043 lr 1e-05 (63s)
[00:33:34]   Epoch 111 500/1559 train_mae 0.11 kl 0.042 lr 1e-05 (79s)
[00:33:50]   Epoch 111 600/1559 train_mae 0.11 kl 0.042 lr 1e-05 (95s)
[00:34:06]   Epoch 111 700/1559 train_mae 0.12 kl 0.042 lr 1e-05 (111s)
[00:34:22]   Epoch 111 800/1559 train_mae 0.11 kl 0.043 lr 1e-05 (127s)
[00:34:38]   Epoch 111 900/1559 train_mae 0.12 kl 0.043 lr 1e-05 (142s)
[00:34:53]   Epoch 111 1000/1559 train_mae 0.12 kl 0.043 lr 1e-05 (158s)
[00:35:09]   Epoch 111 1100/1559 train_mae 0.12 kl 0.043 lr 1e-05 (174s)
[00:35:25]   Epoch 111 1200/1559 train_mae 0.12 kl 0.043 lr 1e-05 (190s)
[00:35:41]   Epoch 111 1300/1559 train_mae 0.12 kl 0.043 lr 1e-05 (206s)
[00:35:57]   Epoch 111 1400/1559 train_mae 0.12 kl 0.043 lr 1e-05 (222s)
[00:36:13]   Epoch 111 1500/1559 train_mae 0.12 kl 0.043 lr 1e-05 (237s)
[00:36:22]   Epoch 111 1559/1559 train_mae 0.12 kl 0.043 lr 1e-05 (247s)
[00:36:42] [Epoch 111 완료] train MAE 0.12 | val MAE 8.69 | val RMSE 12.07 | 개선없음 58
[00:36:59]   Epoch 112 100/1559 train_mae 0.11 kl 0.043 lr 1e-05 (16s)
[00:37:15]   Epoch 112 200/1559 train_mae 0.12 kl 0.043 lr 1e-05 (32s)
[00:37:30]   Epoch 112 300/1559 train_mae 0.12 kl 0.043 lr 1e-05 (48s)
[00:37:46]   Epoch 112 400/1559 train_mae 0.12 kl 0.043 lr 1e-05 (63s)
[00:38:02]   Epoch 112 500/1559 train_mae 0.12 kl 0.043 lr 1e-05 (79s)
[00:38:18]   Epoch 112 600/1559 train_mae 0.12 kl 0.043 lr 1e-05 (95s)
[00:38:34]   Epoch 112 700/1559 train_mae 0.12 kl 0.043 lr 1e-05 (111s)
[00:38:50]   Epoch 112 800/1559 train_mae 0.12 kl 0.043 lr 1e-05 (127s)
[00:39:06]   Epoch 112 900/1559 train_mae 0.12 kl 0.043 lr 1e-05 (143s)
[00:39:21]   Epoch 112 1000/1559 train_mae 0.12 kl 0.043 lr 1e-05 (159s)
[00:39:37]   Epoch 112 1100/1559 train_mae 0.12 kl 0.043 lr 1e-05 (174s)
[00:39:53]   Epoch 112 1200/1559 train_mae 0.12 kl 0.043 lr 1e-05 (190s)
[00:40:09]   Epoch 112 1300/1559 train_mae 0.12 kl 0.043 lr 1e-05 (206s)
[00:40:25]   Epoch 112 1400/1559 train_mae 0.12 kl 0.043 lr 1e-05 (222s)
[00:40:41]   Epoch 112 1500/1559 train_mae 0.12 kl 0.043 lr 1e-05 (238s)
[00:40:50]   Epoch 112 1559/1559 train_mae 0.12 kl 0.043 lr 1e-05 (247s)
[00:41:11] [Epoch 112 완료] train MAE 0.12 | val MAE 8.70 | val RMSE 12.09 | 개선없음 59
[00:41:27]   Epoch 113 100/1559 train_mae 0.11 kl 0.043 lr 1e-05 (16s)
[00:41:43]   Epoch 113 200/1559 train_mae 0.11 kl 0.043 lr 1e-05 (32s)
[00:41:59]   Epoch 113 300/1559 train_mae 0.11 kl 0.042 lr 1e-05 (47s)
[00:42:14]   Epoch 113 400/1559 train_mae 0.12 kl 0.041 lr 1e-05 (63s)
[00:42:30]   Epoch 113 500/1559 train_mae 0.12 kl 0.042 lr 1e-05 (79s)
[00:42:46]   Epoch 113 600/1559 train_mae 0.12 kl 0.043 lr 1e-05 (94s)
[00:43:02]   Epoch 113 700/1559 train_mae 0.12 kl 0.043 lr 1e-05 (110s)
[00:43:18]   Epoch 113 800/1559 train_mae 0.12 kl 0.043 lr 1e-05 (126s)
[00:43:33]   Epoch 113 900/1559 train_mae 0.12 kl 0.043 lr 1e-05 (142s)
[00:43:49]   Epoch 113 1000/1559 train_mae 0.12 kl 0.043 lr 1e-05 (158s)
[00:44:05]   Epoch 113 1100/1559 train_mae 0.12 kl 0.043 lr 1e-05 (174s)
[00:44:20]   Epoch 113 1200/1559 train_mae 0.12 kl 0.043 lr 1e-05 (189s)
[00:44:34]   Epoch 113 1300/1559 train_mae 0.12 kl 0.043 lr 1e-05 (203s)
[00:44:48]   Epoch 113 1400/1559 train_mae 0.12 kl 0.043 lr 1e-05 (217s)
[00:45:03]   Epoch 113 1500/1559 train_mae 0.12 kl 0.043 lr 1e-05 (232s)
[00:45:13]   Epoch 113 1559/1559 train_mae 0.12 kl 0.043 lr 1e-05 (242s)
[00:45:33] [Epoch 113 완료] train MAE 0.12 | val MAE 8.70 | val RMSE 12.08 | 개선없음 60
[00:45:49]   Epoch 114 100/1559 train_mae 0.13 kl 0.045 lr 1e-05 (16s)
[00:46:05]   Epoch 114 200/1559 train_mae 0.12 kl 0.042 lr 1e-05 (32s)
[00:46:21]   Epoch 114 300/1559 train_mae 0.12 kl 0.041 lr 1e-05 (48s)
[00:46:37]   Epoch 114 400/1559 train_mae 0.12 kl 0.041 lr 1e-05 (63s)
[00:46:53]   Epoch 114 500/1559 train_mae 0.12 kl 0.041 lr 1e-05 (79s)
[00:47:08]   Epoch 114 600/1559 train_mae 0.12 kl 0.041 lr 1e-05 (95s)
[00:47:24]   Epoch 114 700/1559 train_mae 0.12 kl 0.042 lr 1e-05 (111s)
[00:47:40]   Epoch 114 800/1559 train_mae 0.12 kl 0.042 lr 1e-05 (127s)
[00:47:56]   Epoch 114 900/1559 train_mae 0.12 kl 0.042 lr 1e-05 (143s)
[00:48:12]   Epoch 114 1000/1559 train_mae 0.12 kl 0.042 lr 1e-05 (159s)
[00:48:28]   Epoch 114 1100/1559 train_mae 0.12 kl 0.042 lr 1e-05 (175s)
[00:48:44]   Epoch 114 1200/1559 train_mae 0.12 kl 0.042 lr 1e-05 (190s)
[00:49:00]   Epoch 114 1300/1559 train_mae 0.12 kl 0.042 lr 1e-05 (206s)
[00:49:15]   Epoch 114 1400/1559 train_mae 0.12 kl 0.042 lr 1e-05 (222s)
[00:49:31]   Epoch 114 1500/1559 train_mae 0.12 kl 0.042 lr 1e-05 (238s)
[00:49:41]   Epoch 114 1559/1559 train_mae 0.12 kl 0.042 lr 1e-05 (247s)
[00:50:01] [Epoch 114 완료] train MAE 0.12 | val MAE 8.70 | val RMSE 12.08 | 개선없음 61
[00:50:17]   Epoch 115 100/1559 train_mae 0.12 kl 0.040 lr 1e-05 (16s)
[00:50:33]   Epoch 115 200/1559 train_mae 0.12 kl 0.042 lr 1e-05 (32s)
[00:50:48]   Epoch 115 300/1559 train_mae 0.12 kl 0.042 lr 1e-05 (47s)
[00:51:02]   Epoch 115 400/1559 train_mae 0.12 kl 0.042 lr 1e-05 (60s)
[00:51:18]   Epoch 115 500/1559 train_mae 0.11 kl 0.042 lr 1e-05 (76s)
[00:51:32]   Epoch 115 600/1559 train_mae 0.12 kl 0.042 lr 1e-05 (90s)
[00:51:48]   Epoch 115 700/1559 train_mae 0.12 kl 0.042 lr 1e-05 (106s)
[00:52:04]   Epoch 115 800/1559 train_mae 0.12 kl 0.042 lr 1e-05 (122s)
[00:52:20]   Epoch 115 900/1559 train_mae 0.12 kl 0.042 lr 1e-05 (138s)
[00:52:36]   Epoch 115 1000/1559 train_mae 0.12 kl 0.042 lr 1e-05 (154s)
[00:52:51]   Epoch 115 1100/1559 train_mae 0.11 kl 0.042 lr 1e-05 (170s)
[00:53:07]   Epoch 115 1200/1559 train_mae 0.12 kl 0.042 lr 1e-05 (186s)
[00:53:23]   Epoch 115 1300/1559 train_mae 0.11 kl 0.042 lr 1e-05 (202s)
[00:53:39]   Epoch 115 1400/1559 train_mae 0.11 kl 0.042 lr 1e-05 (217s)
[00:53:55]   Epoch 115 1500/1559 train_mae 0.11 kl 0.042 lr 1e-05 (233s)
[00:54:04]   Epoch 115 1559/1559 train_mae 0.11 kl 0.042 lr 1e-05 (243s)
[00:54:25] [Epoch 115 완료] train MAE 0.11 | val MAE 8.70 | val RMSE 12.09 | 개선없음 62
[00:54:41]   Epoch 116 100/1559 train_mae 0.12 kl 0.041 lr 1e-05 (16s)
[00:54:57]   Epoch 116 200/1559 train_mae 0.12 kl 0.042 lr 1e-05 (32s)
[00:55:13]   Epoch 116 300/1559 train_mae 0.12 kl 0.042 lr 1e-05 (48s)
[00:55:29]   Epoch 116 400/1559 train_mae 0.12 kl 0.042 lr 1e-05 (64s)
[00:55:45]   Epoch 116 500/1559 train_mae 0.12 kl 0.042 lr 1e-05 (79s)
[00:56:01]   Epoch 116 600/1559 train_mae 0.12 kl 0.042 lr 1e-05 (95s)
[00:56:17]   Epoch 116 700/1559 train_mae 0.12 kl 0.042 lr 1e-05 (111s)
[00:56:32]   Epoch 116 800/1559 train_mae 0.12 kl 0.042 lr 1e-05 (127s)
[00:56:48]   Epoch 116 900/1559 train_mae 0.12 kl 0.042 lr 1e-05 (143s)
[00:57:04]   Epoch 116 1000/1559 train_mae 0.12 kl 0.042 lr 1e-05 (159s)
[00:57:20]   Epoch 116 1100/1559 train_mae 0.12 kl 0.042 lr 1e-05 (175s)
[00:57:36]   Epoch 116 1200/1559 train_mae 0.12 kl 0.042 lr 1e-05 (191s)
[00:57:52]   Epoch 116 1300/1559 train_mae 0.12 kl 0.042 lr 1e-05 (207s)
[00:58:08]   Epoch 116 1400/1559 train_mae 0.12 kl 0.042 lr 1e-05 (222s)
[00:58:24]   Epoch 116 1500/1559 train_mae 0.12 kl 0.042 lr 1e-05 (238s)
[00:58:33]   Epoch 116 1559/1559 train_mae 0.12 kl 0.042 lr 1e-05 (248s)
[00:58:53] [Epoch 116 완료] train MAE 0.12 | val MAE 8.71 | val RMSE 12.11 | 개선없음 63
[00:59:10]   Epoch 117 100/1559 train_mae 0.12 kl 0.041 lr 1e-05 (16s)
[00:59:26]   Epoch 117 200/1559 train_mae 0.12 kl 0.042 lr 1e-05 (32s)
[00:59:41]   Epoch 117 300/1559 train_mae 0.12 kl 0.043 lr 1e-05 (47s)
[00:59:57]   Epoch 117 400/1559 train_mae 0.12 kl 0.042 lr 1e-05 (63s)
[01:00:13]   Epoch 117 500/1559 train_mae 0.11 kl 0.042 lr 1e-05 (79s)
[01:00:29]   Epoch 117 600/1559 train_mae 0.11 kl 0.042 lr 1e-05 (95s)
[01:00:45]   Epoch 117 700/1559 train_mae 0.11 kl 0.042 lr 1e-05 (111s)
[01:01:01]   Epoch 117 800/1559 train_mae 0.12 kl 0.042 lr 1e-05 (127s)
[01:01:17]   Epoch 117 900/1559 train_mae 0.12 kl 0.042 lr 1e-05 (143s)
[01:01:32]   Epoch 117 1000/1559 train_mae 0.12 kl 0.042 lr 1e-05 (158s)
[01:01:48]   Epoch 117 1100/1559 train_mae 0.12 kl 0.042 lr 1e-05 (174s)
[01:02:04]   Epoch 117 1200/1559 train_mae 0.12 kl 0.042 lr 1e-05 (190s)
[01:02:20]   Epoch 117 1300/1559 train_mae 0.11 kl 0.042 lr 1e-05 (206s)
[01:02:36]   Epoch 117 1400/1559 train_mae 0.11 kl 0.042 lr 1e-05 (222s)
[01:02:52]   Epoch 117 1500/1559 train_mae 0.11 kl 0.042 lr 1e-05 (238s)
[01:03:01]   Epoch 117 1559/1559 train_mae 0.11 kl 0.042 lr 1e-05 (247s)
[01:03:22] [Epoch 117 완료] train MAE 0.11 | val MAE 8.70 | val RMSE 12.09 | 개선없음 64
[01:03:38]   Epoch 118 100/1559 train_mae 0.12 kl 0.040 lr 1e-05 (16s)
[01:03:53]   Epoch 118 200/1559 train_mae 0.11 kl 0.039 lr 1e-05 (31s)
[01:04:09]   Epoch 118 300/1559 train_mae 0.11 kl 0.041 lr 1e-05 (47s)
[01:04:25]   Epoch 118 400/1559 train_mae 0.11 kl 0.041 lr 1e-05 (63s)
[01:04:41]   Epoch 118 500/1559 train_mae 0.11 kl 0.041 lr 1e-05 (79s)
[01:04:57]   Epoch 118 600/1559 train_mae 0.11 kl 0.041 lr 1e-05 (95s)
[01:05:13]   Epoch 118 700/1559 train_mae 0.11 kl 0.041 lr 1e-05 (111s)
[01:05:29]   Epoch 118 800/1559 train_mae 0.12 kl 0.041 lr 1e-05 (127s)
[01:05:44]   Epoch 118 900/1559 train_mae 0.11 kl 0.041 lr 1e-05 (142s)
[01:06:00]   Epoch 118 1000/1559 train_mae 0.11 kl 0.041 lr 1e-05 (158s)
[01:06:16]   Epoch 118 1100/1559 train_mae 0.11 kl 0.041 lr 1e-05 (174s)
[01:06:32]   Epoch 118 1200/1559 train_mae 0.11 kl 0.041 lr 1e-05 (190s)
[01:06:48]   Epoch 118 1300/1559 train_mae 0.12 kl 0.042 lr 1e-05 (206s)
[01:07:04]   Epoch 118 1400/1559 train_mae 0.12 kl 0.042 lr 1e-05 (222s)
[01:07:19]   Epoch 118 1500/1559 train_mae 0.12 kl 0.042 lr 1e-05 (237s)
[01:07:29]   Epoch 118 1559/1559 train_mae 0.12 kl 0.042 lr 1e-05 (247s)
[01:07:49] [Epoch 118 완료] train MAE 0.12 | val MAE 8.70 | val RMSE 12.07 | 개선없음 65
[01:08:05]   Epoch 119 100/1559 train_mae 0.11 kl 0.042 lr 1e-05 (16s)
[01:08:20]   Epoch 119 200/1559 train_mae 0.12 kl 0.042 lr 1e-05 (31s)
[01:08:34]   Epoch 119 300/1559 train_mae 0.12 kl 0.042 lr 1e-05 (44s)
[01:08:49]   Epoch 119 400/1559 train_mae 0.12 kl 0.042 lr 1e-05 (60s)
[01:09:05]   Epoch 119 500/1559 train_mae 0.12 kl 0.042 lr 1e-05 (76s)
[01:09:21]   Epoch 119 600/1559 train_mae 0.12 kl 0.042 lr 1e-05 (91s)
[01:09:37]   Epoch 119 700/1559 train_mae 0.12 kl 0.041 lr 1e-05 (107s)
[01:09:53]   Epoch 119 800/1559 train_mae 0.12 kl 0.041 lr 1e-05 (123s)
[01:10:08]   Epoch 119 900/1559 train_mae 0.12 kl 0.041 lr 1e-05 (139s)
[01:10:24]   Epoch 119 1000/1559 train_mae 0.12 kl 0.041 lr 1e-05 (155s)
[01:10:40]   Epoch 119 1100/1559 train_mae 0.12 kl 0.041 lr 1e-05 (170s)
[01:10:56]   Epoch 119 1200/1559 train_mae 0.12 kl 0.041 lr 1e-05 (186s)
[01:11:12]   Epoch 119 1300/1559 train_mae 0.12 kl 0.041 lr 1e-05 (202s)
[01:11:28]   Epoch 119 1400/1559 train_mae 0.11 kl 0.041 lr 1e-05 (218s)
[01:11:43]   Epoch 119 1500/1559 train_mae 0.11 kl 0.041 lr 1e-05 (234s)
[01:11:53]   Epoch 119 1559/1559 train_mae 0.11 kl 0.041 lr 1e-05 (243s)
[01:12:13] [Epoch 119 완료] train MAE 0.11 | val MAE 8.69 | val RMSE 12.08 | 개선없음 66
[01:12:29]   Epoch 120 100/1559 train_mae 0.12 kl 0.041 lr 1e-05 (16s)
[01:12:45]   Epoch 120 200/1559 train_mae 0.12 kl 0.040 lr 1e-05 (32s)
[01:13:01]   Epoch 120 300/1559 train_mae 0.11 kl 0.040 lr 1e-05 (48s)
[01:13:17]   Epoch 120 400/1559 train_mae 0.12 kl 0.040 lr 1e-05 (63s)
[01:13:33]   Epoch 120 500/1559 train_mae 0.11 kl 0.041 lr 1e-05 (79s)
[01:13:49]   Epoch 120 600/1559 train_mae 0.11 kl 0.041 lr 1e-05 (95s)
[01:14:05]   Epoch 120 700/1559 train_mae 0.11 kl 0.041 lr 1e-05 (111s)
[01:14:21]   Epoch 120 800/1559 train_mae 0.11 kl 0.041 lr 1e-05 (127s)
[01:14:36]   Epoch 120 900/1559 train_mae 0.11 kl 0.041 lr 1e-05 (143s)
[01:14:52]   Epoch 120 1000/1559 train_mae 0.11 kl 0.041 lr 1e-05 (159s)
[01:15:08]   Epoch 120 1100/1559 train_mae 0.11 kl 0.041 lr 1e-05 (175s)
[01:15:24]   Epoch 120 1200/1559 train_mae 0.11 kl 0.041 lr 1e-05 (191s)
[01:15:40]   Epoch 120 1300/1559 train_mae 0.11 kl 0.041 lr 1e-05 (206s)
[01:15:56]   Epoch 120 1400/1559 train_mae 0.11 kl 0.041 lr 1e-05 (222s)
[01:16:12]   Epoch 120 1500/1559 train_mae 0.11 kl 0.041 lr 1e-05 (238s)
[01:16:21]   Epoch 120 1559/1559 train_mae 0.11 kl 0.041 lr 1e-05 (248s)
[01:16:41] [Epoch 120 완료] train MAE 0.11 | val MAE 8.70 | val RMSE 12.09 | 개선없음 67
[01:16:42] 학습 완료(전체 120에폭) | 최고 val MAE 8.52 @ epoch 53
================================================================
[01:16:42] 최종 평가 (best.pt 로드)
[01:16:42] [backbone] timm 'legacy_xception' 로드 완료 (pretrained=False)
[01:16:42] [reg] backbone out (2048, 18, 18) -> z 6,400 | params 27.1M
[01:16:42] best.pt 로드 완료 | 채널 ['hand', 'r1', 'erased'] | lambda 0.5 | delta 15.0
[01:16:42]  split |      N |  MAE(mo) |  RMSE(mo) |    bias
[01:19:39]  train | 12,473 |     0.91 |      1.32 |   +0.23
[01:20:00]    val |  1,384 |     8.52 |     11.70 |   -0.45
[01:20:12]   test |    195 |     8.64 |     12.39 |   +1.09
[01:20:20] 나이 분포 저장: G:\Project\sinra_cho\checkpoints_attention\age_distribution.png
==========================================================
Attention + LDL 골연령 | 채널 hand+r1+erased
2026-07-28 01:16
==========================================================
 split |      N |  MAE(mo) |  RMSE(mo) |    bias
 train | 12,473 |     0.91 |      1.32 |   +0.23
   val |  1,384 |     8.52 |     11.70 |   -0.45
  test |    195 |     8.64 |     12.39 |   +1.09
----------------------------------------------------------
[test 연령대별]
  group |     N |    MAE |   RMSE |   bias
   0-4y |     8 |   8.99 |  10.75 |  +8.43
   4-8y |    33 |  11.45 |  13.98 |  +8.19
  8-12y |    64 |  10.69 |  16.04 |  +0.82
 12-16y |    79 |   5.77 |   7.70 |  -1.31
   >16y |    11 |   8.58 |  11.30 |  -6.77
==========================================================
[01:20:20] 결과 저장: G:\Project\sinra_cho\checkpoints_attention\results.txt
[01:20:20] 추론 함수 준비 완료 · best.pt: G:\Project\sinra_cho\checkpoints_attention\best.pt
[01:20:20] === 전체 완료 ===
