================================================================
[15:18:04] Attention(R1/R2) + LDL 골연령 - v2 (손 크롭 폴더 입력) 시작
[15:18:04] PyTorch 2.6.0+cu124 | torchvision 0.21.0+cu124 | timm 1.0.28
[15:18:04] device cuda | CUDA True
[GPU-GUARD] (inproc) 바로 실행 — 티켓 15번 infer 16000MiB
[15:18:04] GPU NVIDIA A100 80GB PCIe | CUDA 12.4
[15:18:04] BASE_DIR       G:\Project\sinra_cho
[15:18:04] HAND_CROP_DIR  G:\Project\sinra_cho\yolo_crop
[15:18:04] 채널 ('hand', 'r1', 'r2') | tau(R1/R2) 30/30 | 정규화 div255 | 증강 False
================================================================
[15:18:04]   TRAIN_CSV OK  G:\Project\sinra_cho\yolo_crop_csv\train.csv
[15:18:04]   VAL_CSV   OK  G:\Project\sinra_cho\yolo_crop_csv\Validation Dataset.csv
[15:18:04]   TEST_CSV  OK  G:\Project\sinra_cho\yolo_crop_csv\Bone age ground truth.csv
[15:18:04]   손크롭 train OK  G:\Project\sinra_cho\yolo_crop\train  (파일 12,611장)
[15:18:04]   손크롭 val   OK  G:\Project\sinra_cho\yolo_crop\validation  (파일 1,425장)
[15:18:04]   손크롭 test  OK  G:\Project\sinra_cho\yolo_crop\test  (파일 200장)
[15:18:04]   · train: 라벨 12,611 -> 사용 12,611 (제외/미크롭 0)
[15:18:04]   · val: 라벨 1,425 -> 사용 1,425 (제외/미크롭 0)
[15:18:04]   · test: 라벨 200 -> 사용 200 (제외/미크롭 0)
[15:18:04] 최종 | train 12,611 | val 1,425 | test 200 | 나이 127.3±41.2개월 | 남 54.2%
[15:18:04] hand560 캐시 생성 (손 크롭 -> 560x560, pad=False)...
[15:18:33]   hand560 train 2000/12611
[15:19:03]   hand560 train 4000/12611
[15:19:36]   hand560 train 6000/12611
[15:20:09]   hand560 train 8000/12611
[15:20:43]   hand560 train 10000/12611
[15:21:16]   hand560 train 12000/12611
[15:21:26] [hand560:train] 생성 12611 | 스킵 0 | 실패 0
[15:21:49] [hand560:val] 생성 1425 | 스킵 0 | 실패 0
[15:21:51] [hand560:test] 생성 200 | 스킵 0 | 실패 0
[15:21:51] hand560 캐시 완료
[15:21:52] 캐시 확인 후 | train 12,611 | val 1,425 | test 200
[15:21:52] ### Phase I : R1(수근골) / R2(중수골) 독립 국소화 + Erased ###
[15:21:52]   R1 밴드 {'x0': 0.12, 'y0': 0.52, 'x1': 0.88, 'y1': 0.98} | R2 밴드 {'x0': 0.06, 'y0': 0.1, 'x1': 0.94, 'y1': 0.62} | clamp True
[15:21:52]   크기 맞추기: 자른 뒤 패딩(왜곡 0)
[15:21:52] [cls-r1] 분류 모델 학습 | pool=gmp src=hand560 size=560 epochs=70
[15:21:53] [backbone] timm 'inception_v3' 로드 완료 (pretrained=True)
[15:21:53] [cls-gmp] feat (2048, 16, 16) -> FC 2048->240
[15:22:08]   [cls-r1] ep01 100/1576 loss 0.2580 lr 3e-04 (15s)
[15:22:22]   [cls-r1] ep01 200/1576 loss 0.2057 lr 3e-04 (30s)
[15:22:36]   [cls-r1] ep01 300/1576 loss 0.1832 lr 3e-04 (44s)
[15:22:50]   [cls-r1] ep01 400/1576 loss 0.1694 lr 3e-04 (58s)
[15:23:05]   [cls-r1] ep01 500/1576 loss 0.1591 lr 3e-04 (72s)
[15:23:19]   [cls-r1] ep01 600/1576 loss 0.1516 lr 3e-04 (86s)
[15:23:33]   [cls-r1] ep01 700/1576 loss 0.1457 lr 3e-04 (100s)
[15:23:47]   [cls-r1] ep01 800/1576 loss 0.1408 lr 3e-04 (114s)
[15:24:01]   [cls-r1] ep01 900/1576 loss 0.1368 lr 3e-04 (128s)
[15:24:15]   [cls-r1] ep01 1000/1576 loss 0.1333 lr 3e-04 (142s)
[15:24:29]   [cls-r1] ep01 1100/1576 loss 0.1304 lr 3e-04 (157s)
[15:24:43]   [cls-r1] ep01 1200/1576 loss 0.1279 lr 3e-04 (171s)
[15:24:57]   [cls-r1] ep01 1300/1576 loss 0.1257 lr 3e-04 (185s)
[15:25:12]   [cls-r1] ep01 1400/1576 loss 0.1237 lr 3e-04 (199s)
[15:25:26]   [cls-r1] ep01 1500/1576 loss 0.1219 lr 3e-04 (213s)
[15:25:36]   [cls-r1] ep01 1576/1576 loss 0.1208 lr 3e-04 (224s)
[15:25:54]   [cls-r1] Epoch 01 완료 | train L1 0.1208 | val argmax-MAE 11.49 | * best 저장 (11.49)
[15:26:04]   [cls-r1] ep02 100/1576 loss 0.0889 lr 3e-04 (9s)
[15:26:13]   [cls-r1] ep02 200/1576 loss 0.0891 lr 3e-04 (19s)
[15:26:23]   [cls-r1] ep02 300/1576 loss 0.0900 lr 3e-04 (28s)
[15:26:32]   [cls-r1] ep02 400/1576 loss 0.0905 lr 3e-04 (38s)
[15:26:42]   [cls-r1] ep02 500/1576 loss 0.0896 lr 3e-04 (47s)
[15:26:51]   [cls-r1] ep02 600/1576 loss 0.0890 lr 3e-04 (57s)
[15:27:00]   [cls-r1] ep02 700/1576 loss 0.0884 lr 3e-04 (66s)
[15:27:10]   [cls-r1] ep02 800/1576 loss 0.0886 lr 3e-04 (76s)
[15:27:19]   [cls-r1] ep02 900/1576 loss 0.0882 lr 3e-04 (85s)
[15:27:29]   [cls-r1] ep02 1000/1576 loss 0.0877 lr 3e-04 (95s)
[15:27:38]   [cls-r1] ep02 1100/1576 loss 0.0874 lr 3e-04 (104s)
[15:27:48]   [cls-r1] ep02 1200/1576 loss 0.0869 lr 3e-04 (113s)
[15:27:57]   [cls-r1] ep02 1300/1576 loss 0.0865 lr 3e-04 (123s)
[15:28:07]   [cls-r1] ep02 1400/1576 loss 0.0863 lr 3e-04 (132s)
[15:28:16]   [cls-r1] ep02 1500/1576 loss 0.0860 lr 3e-04 (142s)
[15:28:23]   [cls-r1] ep02 1576/1576 loss 0.0858 lr 3e-04 (149s)
[15:28:32]   [cls-r1] Epoch 02 완료 | train L1 0.0858 | val argmax-MAE 10.18 | * best 저장 (10.18)
[15:28:42]   [cls-r1] ep03 100/1576 loss 0.0781 lr 3e-04 (9s)
[15:28:52]   [cls-r1] ep03 200/1576 loss 0.0778 lr 3e-04 (19s)
[15:29:01]   [cls-r1] ep03 300/1576 loss 0.0775 lr 3e-04 (28s)
[15:29:11]   [cls-r1] ep03 400/1576 loss 0.0769 lr 3e-04 (38s)
[15:29:20]   [cls-r1] ep03 500/1576 loss 0.0771 lr 3e-04 (47s)
[15:29:30]   [cls-r1] ep03 600/1576 loss 0.0774 lr 3e-04 (57s)
[15:29:39]   [cls-r1] ep03 700/1576 loss 0.0773 lr 3e-04 (66s)
[15:29:49]   [cls-r1] ep03 800/1576 loss 0.0769 lr 3e-04 (76s)
[15:29:58]   [cls-r1] ep03 900/1576 loss 0.0767 lr 3e-04 (85s)
[15:30:07]   [cls-r1] ep03 1000/1576 loss 0.0766 lr 3e-04 (95s)
[15:30:17]   [cls-r1] ep03 1100/1576 loss 0.0765 lr 3e-04 (104s)
[15:30:26]   [cls-r1] ep03 1200/1576 loss 0.0764 lr 3e-04 (114s)
[15:30:36]   [cls-r1] ep03 1300/1576 loss 0.0765 lr 3e-04 (123s)
[15:30:45]   [cls-r1] ep03 1400/1576 loss 0.0763 lr 3e-04 (132s)
[15:30:55]   [cls-r1] ep03 1500/1576 loss 0.0762 lr 3e-04 (142s)
[15:31:02]   [cls-r1] ep03 1576/1576 loss 0.0761 lr 3e-04 (149s)
[15:31:11]   [cls-r1] Epoch 03 완료 | train L1 0.0761 | val argmax-MAE 9.57 | * best 저장 (9.57)
[15:31:21]   [cls-r1] ep04 100/1576 loss 0.0683 lr 3e-04 (9s)
[15:31:30]   [cls-r1] ep04 200/1576 loss 0.0692 lr 3e-04 (19s)
[15:31:40]   [cls-r1] ep04 300/1576 loss 0.0690 lr 3e-04 (28s)
[15:31:49]   [cls-r1] ep04 400/1576 loss 0.0692 lr 3e-04 (38s)
[15:31:59]   [cls-r1] ep04 500/1576 loss 0.0698 lr 3e-04 (47s)
[15:32:08]   [cls-r1] ep04 600/1576 loss 0.0694 lr 3e-04 (57s)
[15:32:18]   [cls-r1] ep04 700/1576 loss 0.0690 lr 3e-04 (66s)
[15:32:27]   [cls-r1] ep04 800/1576 loss 0.0688 lr 3e-04 (76s)
[15:32:37]   [cls-r1] ep04 900/1576 loss 0.0691 lr 3e-04 (85s)
[15:32:46]   [cls-r1] ep04 1000/1576 loss 0.0690 lr 3e-04 (95s)
[15:32:55]   [cls-r1] ep04 1100/1576 loss 0.0689 lr 3e-04 (104s)
[15:33:05]   [cls-r1] ep04 1200/1576 loss 0.0689 lr 3e-04 (114s)
[15:33:14]   [cls-r1] ep04 1300/1576 loss 0.0689 lr 3e-04 (123s)
[15:33:24]   [cls-r1] ep04 1400/1576 loss 0.0688 lr 3e-04 (132s)
[15:33:33]   [cls-r1] ep04 1500/1576 loss 0.0689 lr 3e-04 (142s)
[15:33:40]   [cls-r1] ep04 1576/1576 loss 0.0692 lr 3e-04 (149s)
[15:33:49]   [cls-r1] Epoch 04 완료 | train L1 0.0692 | val argmax-MAE 9.90 | 개선없음 1/8
[15:33:59]   [cls-r1] ep05 100/1576 loss 0.0636 lr 3e-04 (9s)
[15:34:09]   [cls-r1] ep05 200/1576 loss 0.0622 lr 3e-04 (19s)
[15:34:18]   [cls-r1] ep05 300/1576 loss 0.0628 lr 3e-04 (28s)
[15:34:28]   [cls-r1] ep05 400/1576 loss 0.0627 lr 3e-04 (38s)
[15:34:37]   [cls-r1] ep05 500/1576 loss 0.0631 lr 3e-04 (47s)
[15:34:46]   [cls-r1] ep05 600/1576 loss 0.0630 lr 3e-04 (57s)
[15:34:56]   [cls-r1] ep05 700/1576 loss 0.0631 lr 3e-04 (66s)
[15:35:05]   [cls-r1] ep05 800/1576 loss 0.0635 lr 3e-04 (76s)
[15:35:15]   [cls-r1] ep05 900/1576 loss 0.0635 lr 3e-04 (85s)
[15:35:24]   [cls-r1] ep05 1000/1576 loss 0.0634 lr 3e-04 (94s)
[15:35:34]   [cls-r1] ep05 1100/1576 loss 0.0635 lr 3e-04 (104s)
[15:35:43]   [cls-r1] ep05 1200/1576 loss 0.0636 lr 3e-04 (113s)
[15:35:53]   [cls-r1] ep05 1300/1576 loss 0.0638 lr 3e-04 (123s)
[15:36:02]   [cls-r1] ep05 1400/1576 loss 0.0637 lr 3e-04 (132s)
[15:36:11]   [cls-r1] ep05 1500/1576 loss 0.0637 lr 3e-04 (142s)
[15:36:18]   [cls-r1] ep05 1576/1576 loss 0.0636 lr 3e-04 (149s)
[15:36:28]   [cls-r1] Epoch 05 완료 | train L1 0.0636 | val argmax-MAE 9.06 | * best 저장 (9.06)
[15:36:37]   [cls-r1] ep06 100/1576 loss 0.0552 lr 3e-04 (9s)
[15:36:47]   [cls-r1] ep06 200/1576 loss 0.0565 lr 3e-04 (19s)
[15:36:56]   [cls-r1] ep06 300/1576 loss 0.0566 lr 3e-04 (28s)
[15:37:06]   [cls-r1] ep06 400/1576 loss 0.0569 lr 3e-04 (38s)
[15:37:15]   [cls-r1] ep06 500/1576 loss 0.0575 lr 3e-04 (47s)
[15:37:25]   [cls-r1] ep06 600/1576 loss 0.0577 lr 3e-04 (57s)
[15:37:34]   [cls-r1] ep06 700/1576 loss 0.0576 lr 3e-04 (66s)
[15:37:43]   [cls-r1] ep06 800/1576 loss 0.0574 lr 3e-04 (75s)
[15:37:53]   [cls-r1] ep06 900/1576 loss 0.0577 lr 3e-04 (85s)
[15:38:02]   [cls-r1] ep06 1000/1576 loss 0.0579 lr 3e-04 (94s)
[15:38:11]   [cls-r1] ep06 1100/1576 loss 0.0581 lr 3e-04 (104s)
[15:38:21]   [cls-r1] ep06 1200/1576 loss 0.0581 lr 3e-04 (113s)
[15:38:31]   [cls-r1] ep06 1300/1576 loss 0.0581 lr 3e-04 (123s)
[15:38:40]   [cls-r1] ep06 1400/1576 loss 0.0585 lr 3e-04 (132s)
[15:38:50]   [cls-r1] ep06 1500/1576 loss 0.0586 lr 3e-04 (142s)
[15:38:57]   [cls-r1] ep06 1576/1576 loss 0.0587 lr 3e-04 (149s)
[15:39:06]   [cls-r1] Epoch 06 완료 | train L1 0.0587 | val argmax-MAE 9.02 | 개선없음 1/8
[15:39:16]   [cls-r1] ep07 100/1576 loss 0.0523 lr 3e-04 (9s)
[15:39:26]   [cls-r1] ep07 200/1576 loss 0.0523 lr 3e-04 (19s)
[15:39:35]   [cls-r1] ep07 300/1576 loss 0.0523 lr 3e-04 (28s)
[15:39:44]   [cls-r1] ep07 400/1576 loss 0.0528 lr 3e-04 (38s)
[15:39:54]   [cls-r1] ep07 500/1576 loss 0.0532 lr 3e-04 (47s)
[15:40:03]   [cls-r1] ep07 600/1576 loss 0.0529 lr 3e-04 (56s)
[15:40:13]   [cls-r1] ep07 700/1576 loss 0.0530 lr 3e-04 (66s)
[15:40:22]   [cls-r1] ep07 800/1576 loss 0.0531 lr 3e-04 (75s)
[15:40:32]   [cls-r1] ep07 900/1576 loss 0.0531 lr 3e-04 (85s)
[15:40:41]   [cls-r1] ep07 1000/1576 loss 0.0531 lr 3e-04 (94s)
[15:40:51]   [cls-r1] ep07 1100/1576 loss 0.0531 lr 3e-04 (104s)
[15:41:00]   [cls-r1] ep07 1200/1576 loss 0.0535 lr 3e-04 (113s)
[15:41:09]   [cls-r1] ep07 1300/1576 loss 0.0533 lr 3e-04 (123s)
[15:41:19]   [cls-r1] ep07 1400/1576 loss 0.0534 lr 3e-04 (132s)
[15:41:28]   [cls-r1] ep07 1500/1576 loss 0.0534 lr 3e-04 (142s)
[15:41:35]   [cls-r1] ep07 1576/1576 loss 0.0536 lr 3e-04 (149s)
[15:41:45]   [cls-r1] Epoch 07 완료 | train L1 0.0536 | val argmax-MAE 8.52 | * best 저장 (8.52)
[15:41:54]   [cls-r1] ep08 100/1576 loss 0.0486 lr 3e-04 (9s)
[15:42:04]   [cls-r1] ep08 200/1576 loss 0.0476 lr 3e-04 (19s)
[15:42:13]   [cls-r1] ep08 300/1576 loss 0.0471 lr 3e-04 (28s)
[15:42:23]   [cls-r1] ep08 400/1576 loss 0.0478 lr 3e-04 (38s)
[15:42:32]   [cls-r1] ep08 500/1576 loss 0.0476 lr 3e-04 (47s)
[15:42:42]   [cls-r1] ep08 600/1576 loss 0.0478 lr 3e-04 (57s)
[15:42:51]   [cls-r1] ep08 700/1576 loss 0.0476 lr 3e-04 (66s)
[15:43:01]   [cls-r1] ep08 800/1576 loss 0.0477 lr 3e-04 (76s)
[15:43:10]   [cls-r1] ep08 900/1576 loss 0.0478 lr 3e-04 (85s)
[15:43:20]   [cls-r1] ep08 1000/1576 loss 0.0481 lr 3e-04 (95s)
[15:43:29]   [cls-r1] ep08 1100/1576 loss 0.0482 lr 3e-04 (104s)
[15:43:39]   [cls-r1] ep08 1200/1576 loss 0.0486 lr 3e-04 (114s)
[15:43:48]   [cls-r1] ep08 1300/1576 loss 0.0488 lr 3e-04 (123s)
[15:43:57]   [cls-r1] ep08 1400/1576 loss 0.0489 lr 3e-04 (133s)
[15:44:07]   [cls-r1] ep08 1500/1576 loss 0.0491 lr 3e-04 (142s)
[15:44:14]   [cls-r1] ep08 1576/1576 loss 0.0490 lr 3e-04 (149s)
[15:44:23]   [cls-r1] Epoch 08 완료 | train L1 0.0490 | val argmax-MAE 8.77 | 개선없음 1/8
[15:44:33]   [cls-r1] ep09 100/1576 loss 0.0460 lr 3e-04 (10s)
[15:44:43]   [cls-r1] ep09 200/1576 loss 0.0442 lr 3e-04 (19s)
[15:44:52]   [cls-r1] ep09 300/1576 loss 0.0442 lr 3e-04 (29s)
[15:45:02]   [cls-r1] ep09 400/1576 loss 0.0445 lr 3e-04 (38s)
[15:45:11]   [cls-r1] ep09 500/1576 loss 0.0443 lr 3e-04 (47s)
[15:45:21]   [cls-r1] ep09 600/1576 loss 0.0441 lr 3e-04 (57s)
[15:45:30]   [cls-r1] ep09 700/1576 loss 0.0441 lr 3e-04 (66s)
[15:45:40]   [cls-r1] ep09 800/1576 loss 0.0442 lr 3e-04 (76s)
[15:45:49]   [cls-r1] ep09 900/1576 loss 0.0445 lr 3e-04 (85s)
[15:45:58]   [cls-r1] ep09 1000/1576 loss 0.0448 lr 3e-04 (95s)
[15:46:08]   [cls-r1] ep09 1100/1576 loss 0.0448 lr 3e-04 (104s)
[15:46:17]   [cls-r1] ep09 1200/1576 loss 0.0450 lr 3e-04 (114s)
[15:46:27]   [cls-r1] ep09 1300/1576 loss 0.0452 lr 3e-04 (124s)
[15:46:38]   [cls-r1] ep09 1400/1576 loss 0.0453 lr 3e-04 (134s)
[15:46:47]   [cls-r1] ep09 1500/1576 loss 0.0454 lr 3e-04 (144s)
[15:46:54]   [cls-r1] ep09 1576/1576 loss 0.0456 lr 3e-04 (151s)
[15:47:03]   [cls-r1] Epoch 09 완료 | train L1 0.0456 | val argmax-MAE 8.79 | 개선없음 2/8
[15:47:13]   [cls-r1] ep10 100/1576 loss 0.0432 lr 3e-04 (10s)
[15:47:23]   [cls-r1] ep10 200/1576 loss 0.0422 lr 3e-04 (19s)
[15:47:32]   [cls-r1] ep10 300/1576 loss 0.0414 lr 3e-04 (29s)
[15:47:42]   [cls-r1] ep10 400/1576 loss 0.0413 lr 3e-04 (38s)
[15:47:51]   [cls-r1] ep10 500/1576 loss 0.0412 lr 3e-04 (48s)
[15:48:01]   [cls-r1] ep10 600/1576 loss 0.0413 lr 3e-04 (57s)
[15:48:10]   [cls-r1] ep10 700/1576 loss 0.0416 lr 3e-04 (67s)
[15:48:20]   [cls-r1] ep10 800/1576 loss 0.0417 lr 3e-04 (76s)
[15:48:29]   [cls-r1] ep10 900/1576 loss 0.0419 lr 3e-04 (86s)
[15:48:39]   [cls-r1] ep10 1000/1576 loss 0.0422 lr 3e-04 (95s)
[15:48:48]   [cls-r1] ep10 1100/1576 loss 0.0423 lr 3e-04 (105s)
[15:48:58]   [cls-r1] ep10 1200/1576 loss 0.0424 lr 3e-04 (114s)
[15:49:07]   [cls-r1] ep10 1300/1576 loss 0.0426 lr 3e-04 (123s)
[15:49:17]   [cls-r1] ep10 1400/1576 loss 0.0428 lr 3e-04 (133s)
[15:49:26]   [cls-r1] ep10 1500/1576 loss 0.0428 lr 3e-04 (142s)
[15:49:33]   [cls-r1] ep10 1576/1576 loss 0.0428 lr 3e-04 (150s)
[15:49:42]   [cls-r1] Epoch 10 완료 | train L1 0.0428 | val argmax-MAE 8.58 | 개선없음 3/8
[15:49:52]   [cls-r1] ep11 100/1576 loss 0.0391 lr 3e-04 (9s)
[15:50:02]   [cls-r1] ep11 200/1576 loss 0.0388 lr 3e-04 (19s)
[15:50:11]   [cls-r1] ep11 300/1576 loss 0.0387 lr 3e-04 (28s)
[15:50:21]   [cls-r1] ep11 400/1576 loss 0.0390 lr 3e-04 (38s)
[15:50:30]   [cls-r1] ep11 500/1576 loss 0.0388 lr 3e-04 (47s)
[15:50:40]   [cls-r1] ep11 600/1576 loss 0.0390 lr 3e-04 (57s)
[15:50:49]   [cls-r1] ep11 700/1576 loss 0.0389 lr 3e-04 (67s)
[15:50:59]   [cls-r1] ep11 800/1576 loss 0.0389 lr 3e-04 (76s)
[15:51:08]   [cls-r1] ep11 900/1576 loss 0.0392 lr 3e-04 (85s)
[15:51:18]   [cls-r1] ep11 1000/1576 loss 0.0393 lr 3e-04 (95s)
[15:51:27]   [cls-r1] ep11 1100/1576 loss 0.0395 lr 3e-04 (104s)
[15:51:37]   [cls-r1] ep11 1200/1576 loss 0.0396 lr 3e-04 (114s)
[15:51:46]   [cls-r1] ep11 1300/1576 loss 0.0395 lr 3e-04 (123s)
[15:51:56]   [cls-r1] ep11 1400/1576 loss 0.0396 lr 3e-04 (133s)
[15:52:05]   [cls-r1] ep11 1500/1576 loss 0.0398 lr 3e-04 (142s)
[15:52:13]   [cls-r1] ep11 1576/1576 loss 0.0401 lr 3e-04 (150s)
[15:52:22]   [cls-r1] Epoch 11 완료 | train L1 0.0401 | val argmax-MAE 8.68 | 개선없음 4/8
[15:52:32]   [cls-r1] ep12 100/1576 loss 0.0376 lr 3e-04 (9s)
[15:52:41]   [cls-r1] ep12 200/1576 loss 0.0371 lr 3e-04 (19s)
[15:52:50]   [cls-r1] ep12 300/1576 loss 0.0365 lr 3e-04 (28s)
[15:53:00]   [cls-r1] ep12 400/1576 loss 0.0367 lr 3e-04 (38s)
[15:53:09]   [cls-r1] ep12 500/1576 loss 0.0370 lr 3e-04 (47s)
[15:53:20]   [cls-r1] ep12 600/1576 loss 0.0373 lr 3e-04 (58s)
[15:53:33]   [cls-r1] ep12 700/1576 loss 0.0374 lr 3e-04 (70s)
[15:53:45]   [cls-r1] ep12 800/1576 loss 0.0374 lr 3e-04 (83s)
[15:53:58]   [cls-r1] ep12 900/1576 loss 0.0373 lr 3e-04 (96s)
[15:54:11]   [cls-r1] ep12 1000/1576 loss 0.0371 lr 3e-04 (109s)
[15:54:24]   [cls-r1] ep12 1100/1576 loss 0.0372 lr 3e-04 (122s)
[15:54:36]   [cls-r1] ep12 1200/1576 loss 0.0373 lr 3e-04 (134s)
[15:54:49]   [cls-r1] ep12 1300/1576 loss 0.0374 lr 3e-04 (147s)
[15:55:02]   [cls-r1] ep12 1400/1576 loss 0.0375 lr 3e-04 (160s)
[15:55:13]   [cls-r1] ep12 1500/1576 loss 0.0374 lr 3e-04 (171s)
[15:55:20]   [cls-r1] ep12 1576/1576 loss 0.0376 lr 3e-04 (178s)
[15:55:28]   [cls-r1] Epoch 12 완료 | train L1 0.0376 | val argmax-MAE 8.50 | 개선없음 5/8
[15:55:41]   [cls-r1] ep13 100/1576 loss 0.0362 lr 3e-04 (13s)
[15:55:54]   [cls-r1] ep13 200/1576 loss 0.0359 lr 3e-04 (25s)
[15:56:07]   [cls-r1] ep13 300/1576 loss 0.0351 lr 3e-04 (38s)
[15:56:20]   [cls-r1] ep13 400/1576 loss 0.0356 lr 3e-04 (51s)
[15:56:32]   [cls-r1] ep13 500/1576 loss 0.0358 lr 3e-04 (64s)
[15:56:45]   [cls-r1] ep13 600/1576 loss 0.0359 lr 3e-04 (77s)
[15:56:58]   [cls-r1] ep13 700/1576 loss 0.0358 lr 3e-04 (89s)
[15:57:11]   [cls-r1] ep13 800/1576 loss 0.0358 lr 3e-04 (102s)
[15:57:23]   [cls-r1] ep13 900/1576 loss 0.0357 lr 3e-04 (114s)
[15:57:34]   [cls-r1] ep13 1000/1576 loss 0.0357 lr 3e-04 (126s)
[15:57:47]   [cls-r1] ep13 1100/1576 loss 0.0360 lr 3e-04 (139s)
[15:58:00]   [cls-r1] ep13 1200/1576 loss 0.0360 lr 3e-04 (151s)
[15:58:13]   [cls-r1] ep13 1300/1576 loss 0.0360 lr 3e-04 (164s)
[15:58:26]   [cls-r1] ep13 1400/1576 loss 0.0361 lr 3e-04 (177s)
[15:58:38]   [cls-r1] ep13 1500/1576 loss 0.0360 lr 3e-04 (190s)
[15:58:48]   [cls-r1] ep13 1576/1576 loss 0.0361 lr 3e-04 (199s)
[15:58:58]   [cls-r1] Epoch 13 완료 | train L1 0.0361 | val argmax-MAE 8.57 | 개선없음 6/8
[15:59:12]   [cls-r1] ep14 100/1576 loss 0.0350 lr 3e-04 (13s)
[15:59:23]   [cls-r1] ep14 200/1576 loss 0.0351 lr 3e-04 (25s)
[15:59:36]   [cls-r1] ep14 300/1576 loss 0.0351 lr 3e-04 (37s)
[15:59:49]   [cls-r1] ep14 400/1576 loss 0.0351 lr 3e-04 (50s)
[16:00:02]   [cls-r1] ep14 500/1576 loss 0.0349 lr 3e-04 (63s)
[16:00:14]   [cls-r1] ep14 600/1576 loss 0.0347 lr 3e-04 (76s)
[16:00:27]   [cls-r1] ep14 700/1576 loss 0.0343 lr 3e-04 (89s)
[16:00:40]   [cls-r1] ep14 800/1576 loss 0.0342 lr 3e-04 (101s)
[16:00:53]   [cls-r1] ep14 900/1576 loss 0.0342 lr 3e-04 (114s)
[16:01:06]   [cls-r1] ep14 1000/1576 loss 0.0345 lr 3e-04 (127s)
[16:01:18]   [cls-r1] ep14 1100/1576 loss 0.0345 lr 3e-04 (139s)
[16:01:30]   [cls-r1] ep14 1200/1576 loss 0.0344 lr 3e-04 (151s)
[16:01:43]   [cls-r1] ep14 1300/1576 loss 0.0344 lr 3e-04 (164s)
[16:01:56]   [cls-r1] ep14 1400/1576 loss 0.0344 lr 3e-04 (177s)
[16:02:08]   [cls-r1] ep14 1500/1576 loss 0.0344 lr 3e-04 (190s)
[16:02:21]   [cls-r1] ep14 1576/1576 loss 0.0345 lr 3e-04 (203s)
[16:02:43]   [cls-r1] Epoch 14 완료 | train L1 0.0345 | val argmax-MAE 8.24 | * best 저장 (8.24)
[16:03:04]   [cls-r1] ep15 100/1576 loss 0.0334 lr 3e-04 (21s)
[16:03:24]   [cls-r1] ep15 200/1576 loss 0.0329 lr 3e-04 (41s)
[16:03:47]   [cls-r1] ep15 300/1576 loss 0.0322 lr 3e-04 (63s)
[16:04:10]   [cls-r1] ep15 400/1576 loss 0.0326 lr 3e-04 (86s)
[16:04:32]   [cls-r1] ep15 500/1576 loss 0.0328 lr 3e-04 (109s)
[16:04:55]   [cls-r1] ep15 600/1576 loss 0.0326 lr 3e-04 (132s)
[16:05:17]   [cls-r1] ep15 700/1576 loss 0.0327 lr 3e-04 (153s)
[16:05:34]   [cls-r1] ep15 800/1576 loss 0.0327 lr 3e-04 (171s)
[16:05:52]   [cls-r1] ep15 900/1576 loss 0.0329 lr 3e-04 (189s)
[16:06:11]   [cls-r1] ep15 1000/1576 loss 0.0332 lr 3e-04 (208s)
[16:06:31]   [cls-r1] ep15 1100/1576 loss 0.0332 lr 3e-04 (228s)
[16:06:49]   [cls-r1] ep15 1200/1576 loss 0.0331 lr 3e-04 (246s)
[16:07:08]   [cls-r1] ep15 1300/1576 loss 0.0330 lr 3e-04 (264s)
[16:07:30]   [cls-r1] ep15 1400/1576 loss 0.0330 lr 3e-04 (286s)
[16:07:53]   [cls-r1] ep15 1500/1576 loss 0.0331 lr 3e-04 (309s)
[16:08:11]   [cls-r1] ep15 1576/1576 loss 0.0331 lr 3e-04 (327s)
[16:08:23]   [cls-r1] Epoch 15 완료 | train L1 0.0331 | val argmax-MAE 8.39 | 개선없음 1/8
[16:08:39]   [cls-r1] ep16 100/1576 loss 0.0301 lr 3e-04 (16s)
[16:08:55]   [cls-r1] ep16 200/1576 loss 0.0302 lr 3e-04 (32s)
[16:09:11]   [cls-r1] ep16 300/1576 loss 0.0307 lr 3e-04 (48s)
[16:09:26]   [cls-r1] ep16 400/1576 loss 0.0312 lr 3e-04 (63s)
[16:09:39]   [cls-r1] ep16 500/1576 loss 0.0312 lr 3e-04 (76s)
[16:09:50]   [cls-r1] ep16 600/1576 loss 0.0309 lr 3e-04 (87s)
[16:10:03]   [cls-r1] ep16 700/1576 loss 0.0309 lr 3e-04 (100s)
[16:10:17]   [cls-r1] ep16 800/1576 loss 0.0311 lr 3e-04 (114s)
[16:10:30]   [cls-r1] ep16 900/1576 loss 0.0309 lr 3e-04 (127s)
[16:10:43]   [cls-r1] ep16 1000/1576 loss 0.0309 lr 3e-04 (140s)
[16:10:56]   [cls-r1] ep16 1100/1576 loss 0.0312 lr 3e-04 (152s)
[16:11:11]   [cls-r1] ep16 1200/1576 loss 0.0312 lr 3e-04 (168s)
[16:11:27]   [cls-r1] ep16 1300/1576 loss 0.0312 lr 3e-04 (184s)
[16:11:43]   [cls-r1] ep16 1400/1576 loss 0.0312 lr 3e-04 (200s)
[16:11:59]   [cls-r1] ep16 1500/1576 loss 0.0313 lr 3e-04 (215s)
[16:12:09]   [cls-r1] ep16 1576/1576 loss 0.0314 lr 3e-04 (225s)
[16:12:21]   [cls-r1] Epoch 16 완료 | train L1 0.0314 | val argmax-MAE 8.57 | 개선없음 2/8
[16:12:37]   [cls-r1] ep17 100/1576 loss 0.0285 lr 3e-04 (16s)
[16:12:53]   [cls-r1] ep17 200/1576 loss 0.0294 lr 3e-04 (32s)
[16:13:09]   [cls-r1] ep17 300/1576 loss 0.0294 lr 3e-04 (47s)
[16:13:22]   [cls-r1] ep17 400/1576 loss 0.0294 lr 3e-04 (60s)
[16:13:34]   [cls-r1] ep17 500/1576 loss 0.0296 lr 3e-04 (73s)
[16:13:48]   [cls-r1] ep17 600/1576 loss 0.0297 lr 3e-04 (86s)
[16:14:01]   [cls-r1] ep17 700/1576 loss 0.0300 lr 3e-04 (100s)
[16:14:14]   [cls-r1] ep17 800/1576 loss 0.0302 lr 3e-04 (113s)
[16:14:25]   [cls-r1] ep17 900/1576 loss 0.0304 lr 3e-04 (124s)
[16:14:38]   [cls-r1] ep17 1000/1576 loss 0.0303 lr 3e-04 (137s)
[16:14:54]   [cls-r1] ep17 1100/1576 loss 0.0304 lr 3e-04 (152s)
[16:15:10]   [cls-r1] ep17 1200/1576 loss 0.0304 lr 3e-04 (169s)
[16:15:26]   [cls-r1] ep17 1300/1576 loss 0.0306 lr 3e-04 (185s)
[16:15:42]   [cls-r1] ep17 1400/1576 loss 0.0305 lr 3e-04 (201s)
[16:15:58]   [cls-r1] ep17 1500/1576 loss 0.0304 lr 3e-04 (217s)
[16:16:10]   [cls-r1] ep17 1576/1576 loss 0.0304 lr 3e-04 (229s)
[16:16:22]   [cls-r1] Epoch 17 완료 | train L1 0.0304 | val argmax-MAE 8.48 | 개선없음 3/8
[16:16:39]   [cls-r1] ep18 100/1576 loss 0.0292 lr 3e-04 (16s)
[16:16:52]   [cls-r1] ep18 200/1576 loss 0.0291 lr 3e-04 (29s)
[16:17:03]   [cls-r1] ep18 300/1576 loss 0.0289 lr 3e-04 (40s)
[16:17:16]   [cls-r1] ep18 400/1576 loss 0.0285 lr 3e-04 (53s)
[16:17:30]   [cls-r1] ep18 500/1576 loss 0.0289 lr 3e-04 (67s)
[16:17:43]   [cls-r1] ep18 600/1576 loss 0.0289 lr 3e-04 (80s)
[16:17:55]   [cls-r1] ep18 700/1576 loss 0.0290 lr 3e-04 (93s)
[16:18:08]   [cls-r1] ep18 800/1576 loss 0.0290 lr 3e-04 (105s)
[16:18:21]   [cls-r1] ep18 900/1576 loss 0.0288 lr 3e-04 (119s)
[16:18:38]   [cls-r1] ep18 1000/1576 loss 0.0289 lr 3e-04 (135s)
[16:18:54]   [cls-r1] ep18 1100/1576 loss 0.0287 lr 3e-04 (151s)
[16:19:10]   [cls-r1] ep18 1200/1576 loss 0.0288 lr 3e-04 (167s)
[16:19:24]   [cls-r1] ep18 1300/1576 loss 0.0289 lr 3e-04 (181s)
[16:19:40]   [cls-r1] ep18 1400/1576 loss 0.0289 lr 3e-04 (197s)
[16:19:56]   [cls-r1] ep18 1500/1576 loss 0.0290 lr 3e-04 (213s)
[16:20:08]   [cls-r1] ep18 1576/1576 loss 0.0290 lr 3e-04 (225s)
[16:20:20]   [cls-r1] Epoch 18 완료 | train L1 0.0290 | val argmax-MAE 8.37 | 개선없음 4/8
[16:20:35]   [cls-r1] ep19 100/1576 loss 0.0268 lr 3e-04 (14s)
[16:20:48]   [cls-r1] ep19 200/1576 loss 0.0276 lr 3e-04 (27s)
[16:21:00]   [cls-r1] ep19 300/1576 loss 0.0276 lr 3e-04 (40s)
[16:21:14]   [cls-r1] ep19 400/1576 loss 0.0277 lr 3e-04 (53s)
[16:21:27]   [cls-r1] ep19 500/1576 loss 0.0279 lr 3e-04 (66s)
[16:21:39]   [cls-r1] ep19 600/1576 loss 0.0281 lr 3e-04 (78s)
[16:21:51]   [cls-r1] ep19 700/1576 loss 0.0278 lr 3e-04 (90s)
[16:22:05]   [cls-r1] ep19 800/1576 loss 0.0279 lr 3e-04 (104s)
[16:22:21]   [cls-r1] ep19 900/1576 loss 0.0279 lr 3e-04 (121s)
[16:22:37]   [cls-r1] ep19 1000/1576 loss 0.0280 lr 3e-04 (137s)
[16:22:53]   [cls-r1] ep19 1100/1576 loss 0.0279 lr 3e-04 (153s)
[16:23:09]   [cls-r1] ep19 1200/1576 loss 0.0280 lr 3e-04 (169s)
[16:23:25]   [cls-r1] ep19 1300/1576 loss 0.0280 lr 3e-04 (185s)
[16:23:41]   [cls-r1] ep19 1400/1576 loss 0.0280 lr 3e-04 (200s)
[16:23:57]   [cls-r1] ep19 1500/1576 loss 0.0281 lr 3e-04 (216s)
[16:24:09]   [cls-r1] ep19 1576/1576 loss 0.0281 lr 3e-04 (228s)
[16:24:18]   [cls-r1] Epoch 19 완료 | train L1 0.0281 | val argmax-MAE 8.33 | 개선없음 5/8
[16:24:31]   [cls-r1] ep20 100/1576 loss 0.0267 lr 3e-04 (12s)
[16:24:44]   [cls-r1] ep20 200/1576 loss 0.0262 lr 3e-04 (25s)
[16:24:58]   [cls-r1] ep20 300/1576 loss 0.0261 lr 3e-04 (39s)
[16:25:11]   [cls-r1] ep20 400/1576 loss 0.0266 lr 3e-04 (52s)
[16:25:23]   [cls-r1] ep20 500/1576 loss 0.0268 lr 3e-04 (65s)
[16:25:36]   [cls-r1] ep20 600/1576 loss 0.0265 lr 3e-04 (77s)
[16:25:51]   [cls-r1] ep20 700/1576 loss 0.0266 lr 3e-04 (92s)
[16:26:07]   [cls-r1] ep20 800/1576 loss 0.0266 lr 3e-04 (108s)
[16:26:23]   [cls-r1] ep20 900/1576 loss 0.0266 lr 3e-04 (124s)
[16:26:38]   [cls-r1] ep20 1000/1576 loss 0.0267 lr 3e-04 (139s)
[16:26:53]   [cls-r1] ep20 1100/1576 loss 0.0268 lr 3e-04 (154s)
[16:27:09]   [cls-r1] ep20 1200/1576 loss 0.0269 lr 3e-04 (170s)
[16:27:25]   [cls-r1] ep20 1300/1576 loss 0.0270 lr 3e-04 (186s)
[16:27:41]   [cls-r1] ep20 1400/1576 loss 0.0271 lr 3e-04 (202s)
[16:27:55]   [cls-r1] ep20 1500/1576 loss 0.0272 lr 3e-04 (216s)
[16:28:04]   [cls-r1] ep20 1576/1576 loss 0.0272 lr 3e-04 (226s)
[16:28:14]   [cls-r1] Epoch 20 완료 | train L1 0.0272 | val argmax-MAE 8.55 | 개선없음 6/8
[16:28:28]   [cls-r1] ep21 100/1576 loss 0.0276 lr 3e-04 (13s)
[16:28:42]   [cls-r1] ep21 200/1576 loss 0.0266 lr 3e-04 (27s)
[16:28:54]   [cls-r1] ep21 300/1576 loss 0.0273 lr 3e-04 (39s)
[16:29:05]   [cls-r1] ep21 400/1576 loss 0.0270 lr 3e-04 (51s)
[16:29:18]   [cls-r1] ep21 500/1576 loss 0.0268 lr 3e-04 (64s)
[16:29:34]   [cls-r1] ep21 600/1576 loss 0.0268 lr 3e-04 (80s)
[16:29:51]   [cls-r1] ep21 700/1576 loss 0.0264 lr 3e-04 (96s)
[16:30:07]   [cls-r1] ep21 800/1576 loss 0.0264 lr 3e-04 (112s)
[16:30:23]   [cls-r1] ep21 900/1576 loss 0.0266 lr 3e-04 (128s)
[16:30:39]   [cls-r1] ep21 1000/1576 loss 0.0264 lr 3e-04 (144s)
[16:30:55]   [cls-r1] ep21 1100/1576 loss 0.0265 lr 3e-04 (161s)
[16:31:11]   [cls-r1] ep21 1200/1576 loss 0.0265 lr 3e-04 (177s)
[16:31:26]   [cls-r1] ep21 1300/1576 loss 0.0265 lr 3e-04 (191s)
[16:31:37]   [cls-r1] ep21 1400/1576 loss 0.0266 lr 3e-04 (203s)
[16:31:50]   [cls-r1] ep21 1500/1576 loss 0.0265 lr 3e-04 (215s)
[16:32:00]   [cls-r1] ep21 1576/1576 loss 0.0265 lr 3e-04 (225s)
[16:32:11]   [cls-r1] Epoch 21 완료 | train L1 0.0265 | val argmax-MAE 8.12 | * best 저장 (8.12)
[16:32:24]   [cls-r1] ep22 100/1576 loss 0.0262 lr 3e-04 (13s)
[16:32:37]   [cls-r1] ep22 200/1576 loss 0.0259 lr 3e-04 (26s)
[16:32:50]   [cls-r1] ep22 300/1576 loss 0.0259 lr 3e-04 (38s)
[16:33:06]   [cls-r1] ep22 400/1576 loss 0.0259 lr 3e-04 (54s)
[16:33:22]   [cls-r1] ep22 500/1576 loss 0.0260 lr 3e-04 (70s)
[16:33:38]   [cls-r1] ep22 600/1576 loss 0.0261 lr 3e-04 (86s)
[16:33:53]   [cls-r1] ep22 700/1576 loss 0.0258 lr 3e-04 (102s)
[16:34:08]   [cls-r1] ep22 800/1576 loss 0.0259 lr 3e-04 (116s)
[16:34:24]   [cls-r1] ep22 900/1576 loss 0.0258 lr 3e-04 (132s)
[16:34:40]   [cls-r1] ep22 1000/1576 loss 0.0259 lr 3e-04 (148s)
[16:34:56]   [cls-r1] ep22 1100/1576 loss 0.0259 lr 3e-04 (164s)
[16:35:09]   [cls-r1] ep22 1200/1576 loss 0.0259 lr 3e-04 (177s)
[16:35:21]   [cls-r1] ep22 1300/1576 loss 0.0258 lr 3e-04 (190s)
[16:35:34]   [cls-r1] ep22 1400/1576 loss 0.0258 lr 3e-04 (203s)
[16:35:48]   [cls-r1] ep22 1500/1576 loss 0.0257 lr 3e-04 (217s)
[16:35:58]   [cls-r1] ep22 1576/1576 loss 0.0257 lr 3e-04 (227s)
[16:36:08]   [cls-r1] Epoch 22 완료 | train L1 0.0257 | val argmax-MAE 8.22 | 개선없음 1/8
[16:36:20]   [cls-r1] ep23 100/1576 loss 0.0238 lr 3e-04 (12s)
[16:36:34]   [cls-r1] ep23 200/1576 loss 0.0247 lr 3e-04 (26s)
[16:36:50]   [cls-r1] ep23 300/1576 loss 0.0250 lr 3e-04 (42s)
[16:37:06]   [cls-r1] ep23 400/1576 loss 0.0248 lr 3e-04 (57s)
[16:37:22]   [cls-r1] ep23 500/1576 loss 0.0250 lr 3e-04 (73s)
[16:37:38]   [cls-r1] ep23 600/1576 loss 0.0250 lr 3e-04 (89s)
[16:37:54]   [cls-r1] ep23 700/1576 loss 0.0247 lr 3e-04 (105s)
[16:38:10]   [cls-r1] ep23 800/1576 loss 0.0247 lr 3e-04 (121s)
[16:38:26]   [cls-r1] ep23 900/1576 loss 0.0246 lr 3e-04 (138s)
[16:38:40]   [cls-r1] ep23 1000/1576 loss 0.0247 lr 3e-04 (152s)
[16:38:53]   [cls-r1] ep23 1100/1576 loss 0.0248 lr 3e-04 (164s)
[16:39:05]   [cls-r1] ep23 1200/1576 loss 0.0249 lr 3e-04 (176s)
[16:39:18]   [cls-r1] ep23 1300/1576 loss 0.0249 lr 3e-04 (189s)
[16:39:31]   [cls-r1] ep23 1400/1576 loss 0.0249 lr 3e-04 (203s)
[16:39:44]   [cls-r1] ep23 1500/1576 loss 0.0248 lr 3e-04 (216s)
[16:39:54]   [cls-r1] ep23 1576/1576 loss 0.0247 lr 3e-04 (225s)
[16:40:04]   [cls-r1] Epoch 23 완료 | train L1 0.0247 | val argmax-MAE 8.30 | 개선없음 2/8
[16:40:19]   [cls-r1] ep24 100/1576 loss 0.0252 lr 3e-04 (15s)
[16:40:35]   [cls-r1] ep24 200/1576 loss 0.0239 lr 3e-04 (31s)
[16:40:52]   [cls-r1] ep24 300/1576 loss 0.0235 lr 3e-04 (48s)
[16:41:07]   [cls-r1] ep24 400/1576 loss 0.0235 lr 3e-04 (63s)
[16:41:21]   [cls-r1] ep24 500/1576 loss 0.0239 lr 3e-04 (77s)
[16:41:37]   [cls-r1] ep24 600/1576 loss 0.0236 lr 3e-04 (93s)
[16:41:54]   [cls-r1] ep24 700/1576 loss 0.0234 lr 3e-04 (110s)
[16:42:10]   [cls-r1] ep24 800/1576 loss 0.0234 lr 3e-04 (126s)
[16:42:23]   [cls-r1] ep24 900/1576 loss 0.0236 lr 3e-04 (139s)
[16:42:35]   [cls-r1] ep24 1000/1576 loss 0.0236 lr 3e-04 (151s)
[16:42:48]   [cls-r1] ep24 1100/1576 loss 0.0236 lr 3e-04 (164s)
[16:43:02]   [cls-r1] ep24 1200/1576 loss 0.0236 lr 3e-04 (178s)
[16:43:15]   [cls-r1] ep24 1300/1576 loss 0.0236 lr 3e-04 (191s)
[16:43:27]   [cls-r1] ep24 1400/1576 loss 0.0236 lr 3e-04 (203s)
[16:43:38]   [cls-r1] ep24 1500/1576 loss 0.0237 lr 3e-04 (214s)
[16:43:48]   [cls-r1] ep24 1576/1576 loss 0.0237 lr 3e-04 (224s)
[16:43:59]   [cls-r1] Epoch 24 완료 | train L1 0.0237 | val argmax-MAE 8.49 | 개선없음 3/8
[16:44:16]   [cls-r1] ep25 100/1576 loss 0.0227 lr 3e-04 (16s)
[16:44:32]   [cls-r1] ep25 200/1576 loss 0.0236 lr 3e-04 (32s)
[16:44:49]   [cls-r1] ep25 300/1576 loss 0.0238 lr 3e-04 (49s)
[16:45:05]   [cls-r1] ep25 400/1576 loss 0.0237 lr 3e-04 (65s)
[16:45:21]   [cls-r1] ep25 500/1576 loss 0.0239 lr 3e-04 (81s)
[16:45:37]   [cls-r1] ep25 600/1576 loss 0.0237 lr 3e-04 (97s)
[16:45:53]   [cls-r1] ep25 700/1576 loss 0.0236 lr 3e-04 (113s)
[16:46:06]   [cls-r1] ep25 800/1576 loss 0.0236 lr 3e-04 (126s)
[16:46:17]   [cls-r1] ep25 900/1576 loss 0.0235 lr 3e-04 (137s)
[16:46:30]   [cls-r1] ep25 1000/1576 loss 0.0235 lr 3e-04 (150s)
[16:46:43]   [cls-r1] ep25 1100/1576 loss 0.0234 lr 3e-04 (163s)
[16:46:56]   [cls-r1] ep25 1200/1576 loss 0.0235 lr 3e-04 (176s)
[16:47:09]   [cls-r1] ep25 1300/1576 loss 0.0235 lr 3e-04 (189s)
[16:47:22]   [cls-r1] ep25 1400/1576 loss 0.0234 lr 3e-04 (202s)
[16:47:37]   [cls-r1] ep25 1500/1576 loss 0.0233 lr 3e-04 (217s)
[16:47:49]   [cls-r1] ep25 1576/1576 loss 0.0232 lr 3e-04 (229s)
[16:48:02]   [cls-r1] Epoch 25 완료 | train L1 0.0232 | val argmax-MAE 8.28 | 개선없음 4/8
[16:48:18]   [cls-r1] ep26 100/1576 loss 0.0208 lr 3e-04 (16s)
[16:48:33]   [cls-r1] ep26 200/1576 loss 0.0212 lr 3e-04 (31s)
[16:48:48]   [cls-r1] ep26 300/1576 loss 0.0223 lr 3e-04 (46s)
[16:49:04]   [cls-r1] ep26 400/1576 loss 0.0223 lr 3e-04 (62s)
[16:49:21]   [cls-r1] ep26 500/1576 loss 0.0227 lr 3e-04 (78s)
[16:49:35]   [cls-r1] ep26 600/1576 loss 0.0228 lr 3e-04 (92s)
[16:49:47]   [cls-r1] ep26 700/1576 loss 0.0229 lr 3e-04 (105s)
[16:50:00]   [cls-r1] ep26 800/1576 loss 0.0227 lr 3e-04 (118s)
[16:50:14]   [cls-r1] ep26 900/1576 loss 0.0228 lr 3e-04 (132s)
[16:50:27]   [cls-r1] ep26 1000/1576 loss 0.0228 lr 3e-04 (145s)
[16:50:39]   [cls-r1] ep26 1100/1576 loss 0.0229 lr 3e-04 (157s)
[16:50:51]   [cls-r1] ep26 1200/1576 loss 0.0229 lr 3e-04 (169s)
[16:51:04]   [cls-r1] ep26 1300/1576 loss 0.0229 lr 3e-04 (182s)
[16:51:20]   [cls-r1] ep26 1400/1576 loss 0.0229 lr 3e-04 (198s)
[16:51:36]   [cls-r1] ep26 1500/1576 loss 0.0229 lr 3e-04 (214s)
[16:51:48]   [cls-r1] ep26 1576/1576 loss 0.0229 lr 3e-04 (226s)
[16:52:00]   [cls-r1] Epoch 26 완료 | train L1 0.0229 | val argmax-MAE 8.32 | 개선없음 5/8
[16:52:16]   [cls-r1] ep27 100/1576 loss 0.0224 lr 3e-04 (16s)
[16:52:32]   [cls-r1] ep27 200/1576 loss 0.0224 lr 3e-04 (32s)
[16:52:48]   [cls-r1] ep27 300/1576 loss 0.0228 lr 3e-04 (48s)
[16:53:04]   [cls-r1] ep27 400/1576 loss 0.0223 lr 3e-04 (63s)
[16:53:18]   [cls-r1] ep27 500/1576 loss 0.0224 lr 3e-04 (78s)
[16:53:30]   [cls-r1] ep27 600/1576 loss 0.0222 lr 3e-04 (90s)
[16:53:42]   [cls-r1] ep27 700/1576 loss 0.0222 lr 3e-04 (102s)
[16:53:56]   [cls-r1] ep27 800/1576 loss 0.0222 lr 3e-04 (115s)
[16:54:09]   [cls-r1] ep27 900/1576 loss 0.0222 lr 3e-04 (129s)
[16:54:22]   [cls-r1] ep27 1000/1576 loss 0.0222 lr 3e-04 (142s)
[16:54:34]   [cls-r1] ep27 1100/1576 loss 0.0223 lr 3e-04 (154s)
[16:54:48]   [cls-r1] ep27 1200/1576 loss 0.0222 lr 3e-04 (167s)
[16:55:04]   [cls-r1] ep27 1300/1576 loss 0.0222 lr 3e-04 (184s)
[16:55:20]   [cls-r1] ep27 1400/1576 loss 0.0222 lr 3e-04 (200s)
[16:55:36]   [cls-r1] ep27 1500/1576 loss 0.0222 lr 3e-04 (216s)
[16:55:48]   [cls-r1] ep27 1576/1576 loss 0.0222 lr 3e-04 (228s)
[16:55:59]   [cls-r1] Epoch 27 완료 | train L1 0.0222 | val argmax-MAE 8.36 | 개선없음 6/8
[16:56:16]   [cls-r1] ep28 100/1576 loss 0.0205 lr 3e-04 (16s)
[16:56:32]   [cls-r1] ep28 200/1576 loss 0.0214 lr 3e-04 (32s)
[16:56:48]   [cls-r1] ep28 300/1576 loss 0.0216 lr 3e-04 (48s)
[16:57:01]   [cls-r1] ep28 400/1576 loss 0.0215 lr 3e-04 (61s)
[16:57:13]   [cls-r1] ep28 500/1576 loss 0.0212 lr 3e-04 (74s)
[16:57:26]   [cls-r1] ep28 600/1576 loss 0.0213 lr 3e-04 (87s)
[16:57:40]   [cls-r1] ep28 700/1576 loss 0.0212 lr 3e-04 (101s)
[16:57:53]   [cls-r1] ep28 800/1576 loss 0.0213 lr 3e-04 (113s)
[16:58:06]   [cls-r1] ep28 900/1576 loss 0.0214 lr 3e-04 (126s)
[16:58:18]   [cls-r1] ep28 1000/1576 loss 0.0213 lr 3e-04 (138s)
[16:58:33]   [cls-r1] ep28 1100/1576 loss 0.0213 lr 3e-04 (153s)
[16:58:49]   [cls-r1] ep28 1200/1576 loss 0.0213 lr 3e-04 (169s)
[16:59:05]   [cls-r1] ep28 1300/1576 loss 0.0213 lr 3e-04 (185s)
[16:59:21]   [cls-r1] ep28 1400/1576 loss 0.0214 lr 3e-04 (201s)
[16:59:37]   [cls-r1] ep28 1500/1576 loss 0.0214 lr 3e-04 (217s)
[16:59:49]   [cls-r1] ep28 1576/1576 loss 0.0214 lr 3e-04 (229s)
[17:00:01]   [cls-r1] Epoch 28 완료 | train L1 0.0214 | val argmax-MAE 8.21 | 개선없음 7/8
[17:00:17]   [cls-r1] ep29 100/1576 loss 0.0217 lr 3e-04 (16s)
[17:00:33]   [cls-r1] ep29 200/1576 loss 0.0217 lr 3e-04 (32s)
[17:00:45]   [cls-r1] ep29 300/1576 loss 0.0213 lr 3e-04 (44s)
[17:00:57]   [cls-r1] ep29 400/1576 loss 0.0211 lr 3e-04 (56s)
[17:01:10]   [cls-r1] ep29 500/1576 loss 0.0210 lr 3e-04 (69s)
[17:01:24]   [cls-r1] ep29 600/1576 loss 0.0211 lr 3e-04 (82s)
[17:01:37]   [cls-r1] ep29 700/1576 loss 0.0210 lr 3e-04 (95s)
[17:01:50]   [cls-r1] ep29 800/1576 loss 0.0209 lr 3e-04 (108s)
[17:02:02]   [cls-r1] ep29 900/1576 loss 0.0209 lr 3e-04 (121s)
[17:02:17]   [cls-r1] ep29 1000/1576 loss 0.0210 lr 3e-04 (136s)
[17:02:33]   [cls-r1] ep29 1100/1576 loss 0.0210 lr 3e-04 (152s)
[17:02:49]   [cls-r1] ep29 1200/1576 loss 0.0211 lr 3e-04 (168s)
[17:03:05]   [cls-r1] ep29 1300/1576 loss 0.0211 lr 3e-04 (183s)
[17:03:19]   [cls-r1] ep29 1400/1576 loss 0.0211 lr 3e-04 (197s)
[17:03:35]   [cls-r1] ep29 1500/1576 loss 0.0209 lr 3e-04 (214s)
[17:03:47]   [cls-r1] ep29 1576/1576 loss 0.0209 lr 3e-04 (226s)
[17:03:59]   [cls-r1] Epoch 29 완료 | train L1 0.0209 | val argmax-MAE 8.17 | 개선없음 8/8
[17:04:00]   [cls-r1] 조기종료 | best argmax-MAE 8.12 @ epoch 21
[17:05:17]   [roi] train 1000/12611
[17:06:27]   [roi] train 2000/12611
[17:07:47]   [roi] train 3000/12611
[17:08:59]   [roi] train 4000/12611
[17:10:18]   [roi] train 5000/12611
[17:11:41]   [roi] train 6000/12611
[17:12:54]   [roi] train 7000/12611
[17:14:15]   [roi] train 8000/12611
[17:15:40]   [roi] train 9000/12611
[17:16:53]   [roi] train 10000/12611
[17:18:03]   [roi] train 11000/12611
[17:19:12]   [roi] train 12000/12611
[17:19:55] [roi:train] R1 CAM 12611 / 폴백 0 | R2 CAM 12611 / 폴백 0 | 파일없음 0
[17:21:04]   [roi] val 1000/1425
[17:21:34] [roi:val] R1 CAM 1425 / 폴백 0 | R2 CAM 1425 / 폴백 0 | 파일없음 0
[17:21:48] [roi:test] R1 CAM 200 / 폴백 0 | R2 CAM 200 / 폴백 0 | 파일없음 0
[17:21:48] bbox 로그 저장: G:\Project\sinra_cho\checkpoints_attention_v4\roi_bboxes.csv
[17:21:48]   [r1] 박스 폭 중앙값 268px (48%) | 높이 중앙값 190px (34%)
[17:21:48]   [r2] 박스 폭 중앙값 348px (62%) | 높이 중앙값 261px (47%)
[17:21:48] R1/R2/E 캐시 완료
[17:21:49] [backbone] timm 'inception_v3' 로드 완료 (pretrained=False)
[17:21:50] [cls-gmp] feat (2048, 16, 16) -> FC 2048->240
[17:21:53] QC 시트 저장: G:\Project\sinra_cho\checkpoints_attention_v4\qc_roi.png
[17:21:53]   회색=밴드(탐색 허용) / 빨강=R1 박스 / 파랑=R2 박스
[17:21:53] Phase II 정규화 div255 | 증강 OFF (논문 기준선)
[17:21:53] Phase II 설정: {'BACKBONE': 'xception', 'IMG_SIZE': 560, 'AGE_BINS': 240, 'GENDER_EMB_DIM': 32, 'HEAD_RELU': True, 'GENDER_RELU': True, 'LDL_DELTA': 15.0, 'LDL_LAMBDA': 0.5, 'AGG_CHANNELS': ['hand', 'r1', 'r2'], 'NORMALIZE': 'div255', 'USE_AUG': False, 'TAU_R1': 30, 'TAU_R2': 30, 'CLS_SIZE_REGION': 560, 'HAND_SQUARE_PAD': False, 'HAND_SOURCE': 'G:\\Project\\sinra_cho\\yolo_crop', 'BOX_CFG': {'r1': {'pad_x': 0.1, 'pad_y': 0.12, 'min_w': 0.48, 'min_h': 0.34}, 'r2': {'pad_x': 0.08, 'pad_y': 0.1, 'min_w': 0.62, 'min_h': 0.42}}, 'MERGE_COMPONENTS': True, 'BANDS': {'r1': {'x0': 0.12, 'y0': 0.52, 'x1': 0.88, 'y1': 0.98}, 'r2': {'x0': 0.06, 'y0': 0.1, 'x1': 0.94, 'y1': 0.62}}, 'CLAMP_TO_BAND': True, 'PAD_TO_SQUARE': True}
[17:21:53] 조기종료 | Phase I patience 8 | Phase II patience 15 (최소 65에폭 이후)
[17:21:53] 배치 수 | train 1576 | val 179 | test 25
[17:21:54] [backbone] timm 'legacy_xception' 로드 완료 (pretrained=True)
[17:21:54] [reg] backbone out (2048, 18, 18) -> z 6,400 | params 27.1M
[17:21:54] [LDL] loss = l_MAE + 0.5 * D_KL(G||p) | bins 240 | delta 15.0
[17:21:54] Phase II 새로 학습 시작
[17:22:42]   Epoch 001 100/1576 train_mae 23.50 kl 1.418 lr 3e-04 (48s)
[17:23:18]   Epoch 001 200/1576 train_mae 19.27 kl 1.249 lr 3e-04 (84s)
[17:23:54]   Epoch 001 300/1576 train_mae 17.34 kl 1.103 lr 3e-04 (120s)
[17:24:29]   Epoch 001 400/1576 train_mae 16.17 kl 1.006 lr 3e-04 (155s)
[17:25:04]   Epoch 001 500/1576 train_mae 15.17 kl 0.936 lr 3e-04 (190s)
[17:25:39]   Epoch 001 600/1576 train_mae 14.29 kl 0.878 lr 3e-04 (226s)
[17:26:14]   Epoch 001 700/1576 train_mae 13.66 kl 0.838 lr 3e-04 (260s)
[17:26:49]   Epoch 001 800/1576 train_mae 13.08 kl 0.804 lr 3e-04 (295s)
[17:27:19]   Epoch 001 900/1576 train_mae 12.57 kl 0.772 lr 3e-04 (325s)
[17:27:39]   Epoch 001 1000/1576 train_mae 12.24 kl 0.748 lr 3e-04 (345s)
[17:28:00]   Epoch 001 1100/1576 train_mae 11.96 kl 0.722 lr 3e-04 (366s)
[17:28:21]   Epoch 001 1200/1576 train_mae 11.68 kl 0.704 lr 3e-04 (387s)
[17:28:41]   Epoch 001 1300/1576 train_mae 11.44 kl 0.687 lr 3e-04 (408s)
[17:29:02]   Epoch 001 1400/1576 train_mae 11.15 kl 0.667 lr 3e-04 (428s)
[17:29:22]   Epoch 001 1500/1576 train_mae 10.97 kl 0.656 lr 3e-04 (448s)
[17:29:36]   Epoch 001 1576/1576 train_mae 10.80 kl 0.646 lr 3e-04 (462s)
[17:30:04] [Epoch 001 완료] train MAE 10.80 | val MAE 8.84 | val RMSE 11.91 | lr 3e-04 | * best 저장 (val MAE 8.84)
[17:30:26]   Epoch 002 100/1576 train_mae 7.00 kl 0.417 lr 3e-04 (21s)
[17:30:47]   Epoch 002 200/1576 train_mae 7.32 kl 0.435 lr 3e-04 (43s)
[17:31:07]   Epoch 002 300/1576 train_mae 7.31 kl 0.425 lr 3e-04 (62s)
[17:31:28]   Epoch 002 400/1576 train_mae 7.46 kl 0.422 lr 3e-04 (84s)
[17:31:50]   Epoch 002 500/1576 train_mae 7.45 kl 0.415 lr 3e-04 (105s)
[17:32:11]   Epoch 002 600/1576 train_mae 7.34 kl 0.410 lr 3e-04 (126s)
[17:32:32]   Epoch 002 700/1576 train_mae 7.33 kl 0.409 lr 3e-04 (147s)
[17:32:50]   Epoch 002 800/1576 train_mae 7.35 kl 0.408 lr 3e-04 (166s)
[17:33:11]   Epoch 002 900/1576 train_mae 7.36 kl 0.409 lr 3e-04 (186s)
[17:33:32]   Epoch 002 1000/1576 train_mae 7.41 kl 0.413 lr 3e-04 (207s)
[17:33:53]   Epoch 002 1100/1576 train_mae 7.43 kl 0.416 lr 3e-04 (229s)
[17:34:15]   Epoch 002 1200/1576 train_mae 7.40 kl 0.414 lr 3e-04 (250s)
[17:34:34]   Epoch 002 1300/1576 train_mae 7.35 kl 0.415 lr 3e-04 (270s)
[17:34:56]   Epoch 002 1400/1576 train_mae 7.35 kl 0.412 lr 3e-04 (291s)
[17:35:17]   Epoch 002 1500/1576 train_mae 7.33 kl 0.412 lr 3e-04 (312s)
[17:35:33]   Epoch 002 1576/1576 train_mae 7.34 kl 0.410 lr 3e-04 (329s)
[17:35:57] [Epoch 002 완료] train MAE 7.34 | val MAE 8.48 | val RMSE 11.38 | lr 3e-04 | * best 저장 (val MAE 8.48)
[17:36:16]   Epoch 003 100/1576 train_mae 6.10 kl 0.375 lr 3e-04 (19s)
[17:36:38]   Epoch 003 200/1576 train_mae 6.35 kl 0.381 lr 3e-04 (40s)
[17:36:58]   Epoch 003 300/1576 train_mae 6.39 kl 0.378 lr 3e-04 (60s)
[17:37:19]   Epoch 003 400/1576 train_mae 6.41 kl 0.381 lr 3e-04 (82s)
[17:37:40]   Epoch 003 500/1576 train_mae 6.47 kl 0.383 lr 3e-04 (103s)
[17:38:00]   Epoch 003 600/1576 train_mae 6.46 kl 0.388 lr 3e-04 (123s)
[17:38:21]   Epoch 003 700/1576 train_mae 6.42 kl 0.385 lr 3e-04 (144s)
[17:38:43]   Epoch 003 800/1576 train_mae 6.43 kl 0.388 lr 3e-04 (165s)
[17:39:04]   Epoch 003 900/1576 train_mae 6.42 kl 0.387 lr 3e-04 (187s)
[17:39:26]   Epoch 003 1000/1576 train_mae 6.44 kl 0.387 lr 3e-04 (208s)
[17:39:45]   Epoch 003 1100/1576 train_mae 6.44 kl 0.388 lr 3e-04 (228s)
[17:40:06]   Epoch 003 1200/1576 train_mae 6.47 kl 0.390 lr 3e-04 (249s)
[17:40:28]   Epoch 003 1300/1576 train_mae 6.48 kl 0.389 lr 3e-04 (270s)
[17:40:49]   Epoch 003 1400/1576 train_mae 6.50 kl 0.389 lr 3e-04 (292s)
[17:41:10]   Epoch 003 1500/1576 train_mae 6.50 kl 0.388 lr 3e-04 (313s)
[17:41:24]   Epoch 003 1576/1576 train_mae 6.49 kl 0.387 lr 3e-04 (326s)
[17:41:47] [Epoch 003 완료] train MAE 6.49 | val MAE 8.01 | val RMSE 10.60 | lr 3e-04 | * best 저장 (val MAE 8.01)
[17:42:08]   Epoch 004 100/1576 train_mae 5.78 kl 0.414 lr 3e-04 (21s)
[17:42:30]   Epoch 004 200/1576 train_mae 5.85 kl 0.402 lr 3e-04 (43s)
[17:42:51]   Epoch 004 300/1576 train_mae 5.84 kl 0.401 lr 3e-04 (64s)
[17:43:11]   Epoch 004 400/1576 train_mae 5.79 kl 0.394 lr 3e-04 (84s)
[17:43:32]   Epoch 004 500/1576 train_mae 5.85 kl 0.391 lr 3e-04 (105s)
[17:43:54]   Epoch 004 600/1576 train_mae 5.89 kl 0.391 lr 3e-04 (127s)
[17:44:15]   Epoch 004 700/1576 train_mae 5.97 kl 0.389 lr 3e-04 (148s)
[17:44:36]   Epoch 004 800/1576 train_mae 5.95 kl 0.387 lr 3e-04 (169s)
[17:44:56]   Epoch 004 900/1576 train_mae 5.93 kl 0.382 lr 3e-04 (189s)
[17:45:17]   Epoch 004 1000/1576 train_mae 5.97 kl 0.381 lr 3e-04 (210s)
[17:45:39]   Epoch 004 1100/1576 train_mae 6.00 kl 0.379 lr 3e-04 (232s)
[17:46:00]   Epoch 004 1200/1576 train_mae 6.00 kl 0.378 lr 3e-04 (253s)
[17:46:20]   Epoch 004 1300/1576 train_mae 6.03 kl 0.380 lr 3e-04 (273s)
[17:46:41]   Epoch 004 1400/1576 train_mae 6.03 kl 0.382 lr 3e-04 (294s)
[17:47:02]   Epoch 004 1500/1576 train_mae 6.04 kl 0.383 lr 3e-04 (315s)
[17:47:18]   Epoch 004 1576/1576 train_mae 6.03 kl 0.383 lr 3e-04 (332s)
[17:47:40] [Epoch 004 완료] train MAE 6.03 | val MAE 7.59 | val RMSE 10.42 | lr 3e-04 | * best 저장 (val MAE 7.59)
[17:48:00]   Epoch 005 100/1576 train_mae 5.85 kl 0.378 lr 3e-04 (20s)
[17:48:21]   Epoch 005 200/1576 train_mae 5.57 kl 0.351 lr 3e-04 (41s)
[17:48:42]   Epoch 005 300/1576 train_mae 5.65 kl 0.360 lr 3e-04 (62s)
[17:49:04]   Epoch 005 400/1576 train_mae 5.59 kl 0.352 lr 3e-04 (84s)
[17:49:25]   Epoch 005 500/1576 train_mae 5.56 kl 0.351 lr 3e-04 (105s)
[17:49:45]   Epoch 005 600/1576 train_mae 5.58 kl 0.351 lr 3e-04 (124s)
[17:50:05]   Epoch 005 700/1576 train_mae 5.58 kl 0.348 lr 3e-04 (145s)
[17:50:27]   Epoch 005 800/1576 train_mae 5.62 kl 0.349 lr 3e-04 (167s)
[17:50:53]   Epoch 005 900/1576 train_mae 5.65 kl 0.351 lr 3e-04 (193s)
[17:51:19]   Epoch 005 1000/1576 train_mae 5.67 kl 0.349 lr 3e-04 (219s)
[17:51:45]   Epoch 005 1100/1576 train_mae 5.70 kl 0.349 lr 3e-04 (245s)
[17:52:11]   Epoch 005 1200/1576 train_mae 5.69 kl 0.349 lr 3e-04 (271s)
[17:52:37]   Epoch 005 1300/1576 train_mae 5.68 kl 0.349 lr 3e-04 (297s)
[17:53:03]   Epoch 005 1400/1576 train_mae 5.68 kl 0.349 lr 3e-04 (323s)
[17:53:26]   Epoch 005 1500/1576 train_mae 5.69 kl 0.348 lr 3e-04 (345s)
[17:53:42]   Epoch 005 1576/1576 train_mae 5.69 kl 0.351 lr 3e-04 (361s)
[17:54:06] [Epoch 005 완료] train MAE 5.69 | val MAE 8.19 | val RMSE 10.90 | lr 3e-04 | 개선없음 1/15
[17:54:25]   Epoch 006 100/1576 train_mae 5.31 kl 0.326 lr 3e-04 (19s)
[17:54:40]   Epoch 006 200/1576 train_mae 5.31 kl 0.321 lr 3e-04 (34s)
[17:54:59]   Epoch 006 300/1576 train_mae 5.26 kl 0.317 lr 3e-04 (53s)
[17:55:18]   Epoch 006 400/1576 train_mae 5.29 kl 0.325 lr 3e-04 (72s)
[17:55:38]   Epoch 006 500/1576 train_mae 5.27 kl 0.325 lr 3e-04 (91s)
[17:55:57]   Epoch 006 600/1576 train_mae 5.23 kl 0.322 lr 3e-04 (111s)
[17:56:14]   Epoch 006 700/1576 train_mae 5.23 kl 0.319 lr 3e-04 (128s)
[17:56:29]   Epoch 006 800/1576 train_mae 5.20 kl 0.318 lr 3e-04 (143s)
[17:56:45]   Epoch 006 900/1576 train_mae 5.26 kl 0.321 lr 3e-04 (159s)
[17:57:00]   Epoch 006 1000/1576 train_mae 5.26 kl 0.321 lr 3e-04 (174s)
[17:57:16]   Epoch 006 1100/1576 train_mae 5.25 kl 0.319 lr 3e-04 (190s)
[17:57:32]   Epoch 006 1200/1576 train_mae 5.23 kl 0.318 lr 3e-04 (205s)
[17:57:47]   Epoch 006 1300/1576 train_mae 5.24 kl 0.321 lr 3e-04 (221s)
[17:58:03]   Epoch 006 1400/1576 train_mae 5.23 kl 0.320 lr 3e-04 (236s)
[17:58:18]   Epoch 006 1500/1576 train_mae 5.23 kl 0.320 lr 3e-04 (252s)
[17:58:30]   Epoch 006 1576/1576 train_mae 5.25 kl 0.322 lr 3e-04 (264s)
[17:58:50] [Epoch 006 완료] train MAE 5.25 | val MAE 7.74 | val RMSE 10.62 | lr 3e-04 | 개선없음 2/15
[17:59:07]   Epoch 007 100/1576 train_mae 4.66 kl 0.315 lr 3e-04 (16s)
[17:59:22]   Epoch 007 200/1576 train_mae 4.71 kl 0.316 lr 3e-04 (31s)
[17:59:38]   Epoch 007 300/1576 train_mae 4.74 kl 0.321 lr 3e-04 (47s)
[17:59:53]   Epoch 007 400/1576 train_mae 4.80 kl 0.321 lr 3e-04 (62s)
[18:00:09]   Epoch 007 500/1576 train_mae 4.85 kl 0.318 lr 3e-04 (78s)
[18:00:24]   Epoch 007 600/1576 train_mae 4.85 kl 0.313 lr 3e-04 (94s)
[18:00:40]   Epoch 007 700/1576 train_mae 4.84 kl 0.310 lr 3e-04 (109s)
[18:00:56]   Epoch 007 800/1576 train_mae 4.85 kl 0.311 lr 3e-04 (125s)
[18:01:11]   Epoch 007 900/1576 train_mae 4.88 kl 0.311 lr 3e-04 (140s)
[18:01:27]   Epoch 007 1000/1576 train_mae 4.90 kl 0.310 lr 3e-04 (156s)
[18:01:42]   Epoch 007 1100/1576 train_mae 4.93 kl 0.312 lr 3e-04 (171s)
[18:01:58]   Epoch 007 1200/1576 train_mae 4.93 kl 0.312 lr 3e-04 (187s)
[18:02:13]   Epoch 007 1300/1576 train_mae 4.94 kl 0.313 lr 3e-04 (203s)
[18:02:29]   Epoch 007 1400/1576 train_mae 4.93 kl 0.310 lr 3e-04 (218s)
[18:02:45]   Epoch 007 1500/1576 train_mae 4.92 kl 0.308 lr 3e-04 (234s)
[18:02:56]   Epoch 007 1576/1576 train_mae 4.94 kl 0.309 lr 3e-04 (246s)
[18:03:17] [Epoch 007 완료] train MAE 4.94 | val MAE 7.92 | val RMSE 10.87 | lr 3e-04 | 개선없음 3/15
[18:03:33]   Epoch 008 100/1576 train_mae 4.28 kl 0.283 lr 3e-04 (16s)
[18:03:48]   Epoch 008 200/1576 train_mae 4.26 kl 0.299 lr 3e-04 (31s)
[18:04:04]   Epoch 008 300/1576 train_mae 4.27 kl 0.294 lr 3e-04 (47s)
[18:04:19]   Epoch 008 400/1576 train_mae 4.29 kl 0.290 lr 3e-04 (62s)
[18:04:35]   Epoch 008 500/1576 train_mae 4.30 kl 0.290 lr 3e-04 (78s)
[18:04:51]   Epoch 008 600/1576 train_mae 4.34 kl 0.287 lr 3e-04 (93s)
[18:05:06]   Epoch 008 700/1576 train_mae 4.39 kl 0.289 lr 3e-04 (109s)
[18:05:22]   Epoch 008 800/1576 train_mae 4.41 kl 0.291 lr 3e-04 (124s)
[18:05:37]   Epoch 008 900/1576 train_mae 4.41 kl 0.291 lr 3e-04 (140s)
[18:05:53]   Epoch 008 1000/1576 train_mae 4.41 kl 0.290 lr 3e-04 (155s)
[18:06:08]   Epoch 008 1100/1576 train_mae 4.43 kl 0.291 lr 3e-04 (171s)
[18:06:24]   Epoch 008 1200/1576 train_mae 4.44 kl 0.292 lr 3e-04 (187s)
[18:06:39]   Epoch 008 1300/1576 train_mae 4.45 kl 0.292 lr 3e-04 (202s)
[18:06:55]   Epoch 008 1400/1576 train_mae 4.47 kl 0.291 lr 3e-04 (218s)
[18:07:10]   Epoch 008 1500/1576 train_mae 4.50 kl 0.293 lr 3e-04 (233s)
[18:07:22]   Epoch 008 1576/1576 train_mae 4.53 kl 0.293 lr 3e-04 (245s)
[18:07:43] [Epoch 008 완료] train MAE 4.53 | val MAE 8.11 | val RMSE 10.85 | lr 3e-04 | 개선없음 4/15
[18:07:58]   Epoch 009 100/1576 train_mae 4.34 kl 0.269 lr 3e-04 (15s)
[18:08:14]   Epoch 009 200/1576 train_mae 4.28 kl 0.261 lr 3e-04 (31s)
[18:08:29]   Epoch 009 300/1576 train_mae 4.29 kl 0.265 lr 3e-04 (46s)
[18:08:45]   Epoch 009 400/1576 train_mae 4.19 kl 0.259 lr 3e-04 (62s)
[18:09:00]   Epoch 009 500/1576 train_mae 4.21 kl 0.263 lr 3e-04 (77s)
[18:09:16]   Epoch 009 600/1576 train_mae 4.28 kl 0.264 lr 3e-04 (93s)
[18:09:31]   Epoch 009 700/1576 train_mae 4.30 kl 0.266 lr 3e-04 (108s)
[18:09:47]   Epoch 009 800/1576 train_mae 4.27 kl 0.265 lr 3e-04 (124s)
[18:10:02]   Epoch 009 900/1576 train_mae 4.29 kl 0.266 lr 3e-04 (139s)
[18:10:18]   Epoch 009 1000/1576 train_mae 4.31 kl 0.266 lr 3e-04 (155s)
[18:10:33]   Epoch 009 1100/1576 train_mae 4.31 kl 0.264 lr 3e-04 (171s)
[18:10:48]   Epoch 009 1200/1576 train_mae 4.29 kl 0.263 lr 3e-04 (185s)
[18:11:01]   Epoch 009 1300/1576 train_mae 4.30 kl 0.264 lr 3e-04 (198s)
[18:11:17]   Epoch 009 1400/1576 train_mae 4.29 kl 0.264 lr 3e-04 (214s)
[18:11:32]   Epoch 009 1500/1576 train_mae 4.30 kl 0.265 lr 3e-04 (229s)
[18:11:44]   Epoch 009 1576/1576 train_mae 4.30 kl 0.264 lr 3e-04 (241s)
[18:12:05] [Epoch 009 완료] train MAE 4.30 | val MAE 7.52 | val RMSE 10.17 | lr 3e-04 | * best 저장 (val MAE 7.52)
[18:12:21]   Epoch 010 100/1576 train_mae 3.80 kl 0.262 lr 3e-04 (15s)
[18:12:36]   Epoch 010 200/1576 train_mae 3.83 kl 0.257 lr 3e-04 (31s)
[18:12:52]   Epoch 010 300/1576 train_mae 3.82 kl 0.254 lr 3e-04 (47s)
[18:13:07]   Epoch 010 400/1576 train_mae 3.85 kl 0.252 lr 3e-04 (62s)
[18:13:23]   Epoch 010 500/1576 train_mae 3.88 kl 0.255 lr 3e-04 (78s)
[18:13:38]   Epoch 010 600/1576 train_mae 3.85 kl 0.255 lr 3e-04 (93s)
[18:13:54]   Epoch 010 700/1576 train_mae 3.86 kl 0.256 lr 3e-04 (109s)
[18:14:09]   Epoch 010 800/1576 train_mae 3.89 kl 0.255 lr 3e-04 (124s)
[18:14:25]   Epoch 010 900/1576 train_mae 3.91 kl 0.253 lr 3e-04 (140s)
[18:14:41]   Epoch 010 1000/1576 train_mae 3.93 kl 0.251 lr 3e-04 (155s)
[18:14:56]   Epoch 010 1100/1576 train_mae 3.92 kl 0.250 lr 3e-04 (171s)
[18:15:11]   Epoch 010 1200/1576 train_mae 3.94 kl 0.253 lr 3e-04 (185s)
[18:15:24]   Epoch 010 1300/1576 train_mae 3.96 kl 0.252 lr 3e-04 (199s)
[18:15:40]   Epoch 010 1400/1576 train_mae 3.96 kl 0.252 lr 3e-04 (214s)
[18:15:55]   Epoch 010 1500/1576 train_mae 3.99 kl 0.252 lr 3e-04 (230s)
[18:16:07]   Epoch 010 1576/1576 train_mae 3.99 kl 0.252 lr 3e-04 (242s)
[18:16:25] [Epoch 010 완료] train MAE 3.99 | val MAE 7.76 | val RMSE 10.36 | lr 3e-04 | 개선없음 1/15
[18:16:41]   Epoch 011 100/1576 train_mae 3.80 kl 0.249 lr 3e-04 (16s)
[18:16:57]   Epoch 011 200/1576 train_mae 3.76 kl 0.253 lr 3e-04 (31s)
[18:17:12]   Epoch 011 300/1576 train_mae 3.81 kl 0.255 lr 3e-04 (47s)
[18:17:28]   Epoch 011 400/1576 train_mae 3.80 kl 0.248 lr 3e-04 (62s)
[18:17:43]   Epoch 011 500/1576 train_mae 3.73 kl 0.246 lr 3e-04 (78s)
[18:17:59]   Epoch 011 600/1576 train_mae 3.76 kl 0.247 lr 3e-04 (93s)
[18:18:14]   Epoch 011 700/1576 train_mae 3.74 kl 0.245 lr 3e-04 (109s)
[18:18:30]   Epoch 011 800/1576 train_mae 3.78 kl 0.246 lr 3e-04 (125s)
[18:18:46]   Epoch 011 900/1576 train_mae 3.80 kl 0.246 lr 3e-04 (140s)
[18:19:01]   Epoch 011 1000/1576 train_mae 3.80 kl 0.245 lr 3e-04 (156s)
[18:19:17]   Epoch 011 1100/1576 train_mae 3.79 kl 0.243 lr 3e-04 (171s)
[18:19:32]   Epoch 011 1200/1576 train_mae 3.78 kl 0.241 lr 3e-04 (187s)
[18:19:48]   Epoch 011 1300/1576 train_mae 3.78 kl 0.240 lr 3e-04 (202s)
[18:20:03]   Epoch 011 1400/1576 train_mae 3.78 kl 0.240 lr 3e-04 (218s)
[18:20:19]   Epoch 011 1500/1576 train_mae 3.79 kl 0.239 lr 3e-04 (233s)
[18:20:31]   Epoch 011 1576/1576 train_mae 3.78 kl 0.238 lr 3e-04 (245s)
[18:20:51] [Epoch 011 완료] train MAE 3.78 | val MAE 7.90 | val RMSE 10.88 | lr 3e-04 | 개선없음 2/15
[18:21:07]   Epoch 012 100/1576 train_mae 3.49 kl 0.212 lr 3e-04 (16s)
[18:21:23]   Epoch 012 200/1576 train_mae 3.42 kl 0.213 lr 3e-04 (31s)
[18:21:38]   Epoch 012 300/1576 train_mae 3.46 kl 0.213 lr 3e-04 (47s)
[18:21:54]   Epoch 012 400/1576 train_mae 3.45 kl 0.212 lr 3e-04 (62s)
[18:22:10]   Epoch 012 500/1576 train_mae 3.48 kl 0.215 lr 3e-04 (78s)
[18:22:24]   Epoch 012 600/1576 train_mae 3.47 kl 0.214 lr 3e-04 (92s)
[18:22:40]   Epoch 012 700/1576 train_mae 3.49 kl 0.216 lr 3e-04 (108s)
[18:22:55]   Epoch 012 800/1576 train_mae 3.50 kl 0.218 lr 3e-04 (124s)
[18:23:11]   Epoch 012 900/1576 train_mae 3.54 kl 0.219 lr 3e-04 (139s)
[18:23:26]   Epoch 012 1000/1576 train_mae 3.55 kl 0.219 lr 3e-04 (155s)
[18:23:42]   Epoch 012 1100/1576 train_mae 3.55 kl 0.218 lr 3e-04 (170s)
[18:23:56]   Epoch 012 1200/1576 train_mae 3.55 kl 0.218 lr 3e-04 (185s)
[18:24:10]   Epoch 012 1300/1576 train_mae 3.55 kl 0.218 lr 3e-04 (198s)
[18:24:25]   Epoch 012 1400/1576 train_mae 3.55 kl 0.217 lr 3e-04 (213s)
[18:24:40]   Epoch 012 1500/1576 train_mae 3.57 kl 0.219 lr 3e-04 (229s)
[18:24:52]   Epoch 012 1576/1576 train_mae 3.57 kl 0.220 lr 3e-04 (240s)
[18:25:12] [Epoch 012 완료] train MAE 3.57 | val MAE 7.86 | val RMSE 10.57 | lr 3e-04 | 개선없음 3/15
[18:25:28]   Epoch 013 100/1576 train_mae 3.31 kl 0.215 lr 3e-04 (15s)
[18:25:44]   Epoch 013 200/1576 train_mae 3.37 kl 0.208 lr 3e-04 (31s)
[18:25:59]   Epoch 013 300/1576 train_mae 3.38 kl 0.207 lr 3e-04 (47s)
[18:26:15]   Epoch 013 400/1576 train_mae 3.35 kl 0.205 lr 3e-04 (62s)
[18:26:30]   Epoch 013 500/1576 train_mae 3.32 kl 0.204 lr 3e-04 (77s)
[18:26:44]   Epoch 013 600/1576 train_mae 3.37 kl 0.207 lr 3e-04 (91s)
[18:26:58]   Epoch 013 700/1576 train_mae 3.36 kl 0.207 lr 3e-04 (105s)
[18:27:13]   Epoch 013 800/1576 train_mae 3.32 kl 0.206 lr 3e-04 (121s)
[18:27:29]   Epoch 013 900/1576 train_mae 3.33 kl 0.206 lr 3e-04 (136s)
[18:27:44]   Epoch 013 1000/1576 train_mae 3.34 kl 0.205 lr 3e-04 (152s)
[18:28:00]   Epoch 013 1100/1576 train_mae 3.34 kl 0.206 lr 3e-04 (167s)
[18:28:15]   Epoch 013 1200/1576 train_mae 3.36 kl 0.206 lr 3e-04 (183s)
[18:28:31]   Epoch 013 1300/1576 train_mae 3.36 kl 0.207 lr 3e-04 (198s)
[18:28:47]   Epoch 013 1400/1576 train_mae 3.37 kl 0.207 lr 3e-04 (214s)
[18:29:02]   Epoch 013 1500/1576 train_mae 3.36 kl 0.208 lr 3e-04 (229s)
[18:29:14]   Epoch 013 1576/1576 train_mae 3.37 kl 0.209 lr 3e-04 (241s)
[18:29:34] [Epoch 013 완료] train MAE 3.37 | val MAE 7.63 | val RMSE 10.23 | lr 3e-04 | 개선없음 4/15
[18:29:50]   Epoch 014 100/1576 train_mae 3.26 kl 0.203 lr 3e-04 (16s)
[18:30:06]   Epoch 014 200/1576 train_mae 3.29 kl 0.210 lr 3e-04 (31s)
[18:30:21]   Epoch 014 300/1576 train_mae 3.26 kl 0.208 lr 3e-04 (47s)
[18:30:37]   Epoch 014 400/1576 train_mae 3.27 kl 0.203 lr 3e-04 (62s)
[18:30:52]   Epoch 014 500/1576 train_mae 3.28 kl 0.202 lr 3e-04 (78s)
[18:31:08]   Epoch 014 600/1576 train_mae 3.27 kl 0.202 lr 3e-04 (93s)
[18:31:23]   Epoch 014 700/1576 train_mae 3.24 kl 0.202 lr 3e-04 (109s)
[18:31:38]   Epoch 014 800/1576 train_mae 3.24 kl 0.202 lr 3e-04 (124s)
[18:31:52]   Epoch 014 900/1576 train_mae 3.25 kl 0.202 lr 3e-04 (138s)
[18:32:06]   Epoch 014 1000/1576 train_mae 3.26 kl 0.202 lr 3e-04 (151s)
[18:32:19]   Epoch 014 1100/1576 train_mae 3.25 kl 0.203 lr 3e-04 (165s)
[18:32:33]   Epoch 014 1200/1576 train_mae 3.25 kl 0.203 lr 3e-04 (179s)
[18:32:49]   Epoch 014 1300/1576 train_mae 3.26 kl 0.202 lr 3e-04 (194s)
[18:33:05]   Epoch 014 1400/1576 train_mae 3.25 kl 0.202 lr 3e-04 (210s)
[18:33:20]   Epoch 014 1500/1576 train_mae 3.27 kl 0.203 lr 3e-04 (226s)
[18:33:32]   Epoch 014 1576/1576 train_mae 3.27 kl 0.202 lr 3e-04 (237s)
[18:33:52] [Epoch 014 완료] train MAE 3.27 | val MAE 7.67 | val RMSE 10.53 | lr 3e-04 | 개선없음 5/15
[18:34:08]   Epoch 015 100/1576 train_mae 3.34 kl 0.199 lr 3e-04 (15s)
[18:34:23]   Epoch 015 200/1576 train_mae 3.31 kl 0.197 lr 3e-04 (30s)
[18:34:39]   Epoch 015 300/1576 train_mae 3.16 kl 0.191 lr 3e-04 (46s)
[18:34:54]   Epoch 015 400/1576 train_mae 3.17 kl 0.195 lr 3e-04 (62s)
[18:35:10]   Epoch 015 500/1576 train_mae 3.15 kl 0.193 lr 3e-04 (77s)
[18:35:25]   Epoch 015 600/1576 train_mae 3.12 kl 0.190 lr 3e-04 (93s)
[18:35:41]   Epoch 015 700/1576 train_mae 3.10 kl 0.190 lr 3e-04 (108s)
[18:35:57]   Epoch 015 800/1576 train_mae 3.08 kl 0.191 lr 3e-04 (124s)
[18:36:12]   Epoch 015 900/1576 train_mae 3.07 kl 0.193 lr 3e-04 (139s)
[18:36:28]   Epoch 015 1000/1576 train_mae 3.05 kl 0.191 lr 3e-04 (155s)
[18:36:43]   Epoch 015 1100/1576 train_mae 3.04 kl 0.191 lr 3e-04 (170s)
[18:36:59]   Epoch 015 1200/1576 train_mae 3.04 kl 0.189 lr 3e-04 (186s)
[18:37:14]   Epoch 015 1300/1576 train_mae 3.05 kl 0.189 lr 3e-04 (202s)
[18:37:30]   Epoch 015 1400/1576 train_mae 3.05 kl 0.188 lr 3e-04 (217s)
[18:37:45]   Epoch 015 1500/1576 train_mae 3.06 kl 0.188 lr 3e-04 (233s)
[18:37:57]   Epoch 015 1576/1576 train_mae 3.06 kl 0.187 lr 3e-04 (244s)
[18:38:18] [Epoch 015 완료] train MAE 3.06 | val MAE 7.83 | val RMSE 10.55 | lr 3e-04 | 개선없음 6/15
[18:38:34]   Epoch 016 100/1576 train_mae 3.12 kl 0.177 lr 3e-04 (16s)
[18:38:49]   Epoch 016 200/1576 train_mae 2.98 kl 0.175 lr 3e-04 (31s)
[18:39:05]   Epoch 016 300/1576 train_mae 3.00 kl 0.174 lr 3e-04 (47s)
[18:39:21]   Epoch 016 400/1576 train_mae 2.96 kl 0.177 lr 3e-04 (62s)
[18:39:36]   Epoch 016 500/1576 train_mae 2.99 kl 0.177 lr 3e-04 (78s)
[18:39:52]   Epoch 016 600/1576 train_mae 2.98 kl 0.177 lr 3e-04 (93s)
[18:40:07]   Epoch 016 700/1576 train_mae 2.98 kl 0.177 lr 3e-04 (109s)
[18:40:22]   Epoch 016 800/1576 train_mae 2.96 kl 0.176 lr 3e-04 (124s)
[18:40:37]   Epoch 016 900/1576 train_mae 2.95 kl 0.175 lr 3e-04 (139s)
[18:40:53]   Epoch 016 1000/1576 train_mae 2.96 kl 0.174 lr 3e-04 (155s)
[18:41:08]   Epoch 016 1100/1576 train_mae 2.95 kl 0.173 lr 3e-04 (170s)
[18:41:24]   Epoch 016 1200/1576 train_mae 2.95 kl 0.173 lr 3e-04 (186s)
[18:41:39]   Epoch 016 1300/1576 train_mae 2.94 kl 0.173 lr 3e-04 (201s)
[18:41:55]   Epoch 016 1400/1576 train_mae 2.94 kl 0.174 lr 3e-04 (217s)
[18:42:10]   Epoch 016 1500/1576 train_mae 2.95 kl 0.174 lr 3e-04 (232s)
[18:42:22]   Epoch 016 1576/1576 train_mae 2.95 kl 0.174 lr 3e-04 (244s)
[18:42:43] [Epoch 016 완료] train MAE 2.95 | val MAE 7.47 | val RMSE 10.11 | lr 3e-04 | * best 저장 (val MAE 7.47)
[18:42:59]   Epoch 017 100/1576 train_mae 3.00 kl 0.175 lr 3e-04 (16s)
[18:43:14]   Epoch 017 200/1576 train_mae 3.06 kl 0.173 lr 3e-04 (31s)
[18:43:30]   Epoch 017 300/1576 train_mae 3.03 kl 0.169 lr 3e-04 (47s)
[18:43:45]   Epoch 017 400/1576 train_mae 2.97 kl 0.166 lr 3e-04 (62s)
[18:44:01]   Epoch 017 500/1576 train_mae 2.97 kl 0.169 lr 3e-04 (78s)
[18:44:17]   Epoch 017 600/1576 train_mae 2.96 kl 0.168 lr 3e-04 (93s)
[18:44:32]   Epoch 017 700/1576 train_mae 2.94 kl 0.166 lr 3e-04 (109s)
[18:44:48]   Epoch 017 800/1576 train_mae 2.93 kl 0.166 lr 3e-04 (124s)
[18:45:03]   Epoch 017 900/1576 train_mae 2.93 kl 0.165 lr 3e-04 (140s)
[18:45:19]   Epoch 017 1000/1576 train_mae 2.92 kl 0.164 lr 3e-04 (155s)
[18:45:34]   Epoch 017 1100/1576 train_mae 2.89 kl 0.164 lr 3e-04 (171s)
[18:45:50]   Epoch 017 1200/1576 train_mae 2.89 kl 0.165 lr 3e-04 (186s)
[18:46:05]   Epoch 017 1300/1576 train_mae 2.90 kl 0.165 lr 3e-04 (202s)
[18:46:21]   Epoch 017 1400/1576 train_mae 2.90 kl 0.165 lr 3e-04 (218s)
[18:46:36]   Epoch 017 1500/1576 train_mae 2.89 kl 0.164 lr 3e-04 (233s)
[18:46:48]   Epoch 017 1576/1576 train_mae 2.88 kl 0.163 lr 3e-04 (245s)
[18:47:06] [Epoch 017 완료] train MAE 2.88 | val MAE 7.44 | val RMSE 10.03 | lr 3e-04 | * best 저장 (val MAE 7.44)
[18:47:21]   Epoch 018 100/1576 train_mae 2.89 kl 0.157 lr 3e-04 (14s)
[18:47:36]   Epoch 018 200/1576 train_mae 2.88 kl 0.154 lr 3e-04 (29s)
[18:47:51]   Epoch 018 300/1576 train_mae 2.91 kl 0.160 lr 3e-04 (45s)
[18:48:07]   Epoch 018 400/1576 train_mae 2.86 kl 0.159 lr 3e-04 (61s)
[18:48:23]   Epoch 018 500/1576 train_mae 2.85 kl 0.159 lr 3e-04 (76s)
[18:48:38]   Epoch 018 600/1576 train_mae 2.85 kl 0.161 lr 3e-04 (92s)
[18:48:54]   Epoch 018 700/1576 train_mae 2.85 kl 0.162 lr 3e-04 (107s)
[18:49:09]   Epoch 018 800/1576 train_mae 2.82 kl 0.162 lr 3e-04 (123s)
[18:49:25]   Epoch 018 900/1576 train_mae 2.82 kl 0.160 lr 3e-04 (138s)
[18:49:40]   Epoch 018 1000/1576 train_mae 2.80 kl 0.159 lr 3e-04 (154s)
[18:49:54]   Epoch 018 1100/1576 train_mae 2.79 kl 0.159 lr 3e-04 (168s)
[18:50:08]   Epoch 018 1200/1576 train_mae 2.78 kl 0.159 lr 3e-04 (182s)
[18:50:24]   Epoch 018 1300/1576 train_mae 2.77 kl 0.158 lr 3e-04 (197s)
[18:50:39]   Epoch 018 1400/1576 train_mae 2.75 kl 0.159 lr 3e-04 (213s)
[18:50:55]   Epoch 018 1500/1576 train_mae 2.75 kl 0.159 lr 3e-04 (228s)
[18:51:07]   Epoch 018 1576/1576 train_mae 2.75 kl 0.158 lr 3e-04 (240s)
[18:51:24] [Epoch 018 완료] train MAE 2.75 | val MAE 7.59 | val RMSE 10.18 | lr 3e-04 | 개선없음 1/15
[18:51:40]   Epoch 019 100/1576 train_mae 2.69 kl 0.151 lr 3e-04 (15s)
[18:51:56]   Epoch 019 200/1576 train_mae 2.66 kl 0.150 lr 3e-04 (31s)
[18:52:11]   Epoch 019 300/1576 train_mae 2.71 kl 0.152 lr 3e-04 (46s)
[18:52:26]   Epoch 019 400/1576 train_mae 2.71 kl 0.151 lr 3e-04 (62s)
[18:52:42]   Epoch 019 500/1576 train_mae 2.71 kl 0.152 lr 3e-04 (77s)
[18:52:58]   Epoch 019 600/1576 train_mae 2.71 kl 0.152 lr 3e-04 (93s)
[18:53:13]   Epoch 019 700/1576 train_mae 2.68 kl 0.151 lr 3e-04 (108s)
[18:53:29]   Epoch 019 800/1576 train_mae 2.66 kl 0.149 lr 3e-04 (124s)
[18:53:44]   Epoch 019 900/1576 train_mae 2.66 kl 0.151 lr 3e-04 (139s)
[18:54:00]   Epoch 019 1000/1576 train_mae 2.65 kl 0.151 lr 3e-04 (155s)
[18:54:15]   Epoch 019 1100/1576 train_mae 2.67 kl 0.151 lr 3e-04 (171s)
[18:54:31]   Epoch 019 1200/1576 train_mae 2.66 kl 0.151 lr 3e-04 (186s)
[18:54:46]   Epoch 019 1300/1576 train_mae 2.66 kl 0.150 lr 3e-04 (202s)
[18:55:02]   Epoch 019 1400/1576 train_mae 2.66 kl 0.150 lr 3e-04 (217s)
[18:55:18]   Epoch 019 1500/1576 train_mae 2.66 kl 0.151 lr 3e-04 (233s)
[18:55:29]   Epoch 019 1576/1576 train_mae 2.66 kl 0.151 lr 3e-04 (244s)
[18:55:50] [Epoch 019 완료] train MAE 2.66 | val MAE 7.57 | val RMSE 10.21 | lr 3e-04 | 개선없음 2/15
[18:56:06]   Epoch 020 100/1576 train_mae 2.71 kl 0.156 lr 3e-04 (16s)
[18:56:21]   Epoch 020 200/1576 train_mae 2.78 kl 0.155 lr 3e-04 (31s)
[18:56:37]   Epoch 020 300/1576 train_mae 2.74 kl 0.153 lr 3e-04 (47s)
[18:56:52]   Epoch 020 400/1576 train_mae 2.68 kl 0.150 lr 3e-04 (62s)
[18:57:08]   Epoch 020 500/1576 train_mae 2.67 kl 0.147 lr 3e-04 (78s)
[18:57:23]   Epoch 020 600/1576 train_mae 2.66 kl 0.148 lr 3e-04 (93s)
[18:57:39]   Epoch 020 700/1576 train_mae 2.66 kl 0.150 lr 3e-04 (109s)
[18:57:54]   Epoch 020 800/1576 train_mae 2.64 kl 0.148 lr 3e-04 (124s)
[18:58:10]   Epoch 020 900/1576 train_mae 2.65 kl 0.147 lr 3e-04 (140s)
[18:58:25]   Epoch 020 1000/1576 train_mae 2.64 kl 0.146 lr 3e-04 (155s)
[18:58:41]   Epoch 020 1100/1576 train_mae 2.62 kl 0.145 lr 3e-04 (171s)
[18:58:56]   Epoch 020 1200/1576 train_mae 2.62 kl 0.146 lr 3e-04 (186s)
[18:59:12]   Epoch 020 1300/1576 train_mae 2.61 kl 0.146 lr 3e-04 (202s)
[18:59:27]   Epoch 020 1400/1576 train_mae 2.60 kl 0.146 lr 3e-04 (217s)
[18:59:43]   Epoch 020 1500/1576 train_mae 2.60 kl 0.146 lr 3e-04 (233s)
[18:59:55]   Epoch 020 1576/1576 train_mae 2.61 kl 0.146 lr 3e-04 (245s)
[19:00:15] [Epoch 020 완료] train MAE 2.61 | val MAE 7.61 | val RMSE 10.34 | lr 3e-04 | 개선없음 3/15
[19:00:31]   Epoch 021 100/1576 train_mae 2.63 kl 0.140 lr 3e-04 (15s)
[19:00:46]   Epoch 021 200/1576 train_mae 2.58 kl 0.141 lr 3e-04 (30s)
[19:01:01]   Epoch 021 300/1576 train_mae 2.55 kl 0.140 lr 3e-04 (45s)
[19:01:17]   Epoch 021 400/1576 train_mae 2.52 kl 0.140 lr 3e-04 (61s)
[19:01:32]   Epoch 021 500/1576 train_mae 2.51 kl 0.140 lr 3e-04 (76s)
[19:01:48]   Epoch 021 600/1576 train_mae 2.51 kl 0.139 lr 3e-04 (92s)
[19:02:03]   Epoch 021 700/1576 train_mae 2.51 kl 0.140 lr 3e-04 (108s)
[19:02:19]   Epoch 021 800/1576 train_mae 2.51 kl 0.141 lr 3e-04 (123s)
[19:02:34]   Epoch 021 900/1576 train_mae 2.49 kl 0.140 lr 3e-04 (139s)
[19:02:50]   Epoch 021 1000/1576 train_mae 2.49 kl 0.140 lr 3e-04 (154s)
[19:03:05]   Epoch 021 1100/1576 train_mae 2.50 kl 0.140 lr 3e-04 (169s)
[19:03:21]   Epoch 021 1200/1576 train_mae 2.49 kl 0.140 lr 3e-04 (185s)
[19:03:36]   Epoch 021 1300/1576 train_mae 2.50 kl 0.140 lr 3e-04 (200s)
[19:03:51]   Epoch 021 1400/1576 train_mae 2.51 kl 0.141 lr 3e-04 (216s)
[19:04:07]   Epoch 021 1500/1576 train_mae 2.51 kl 0.140 lr 3e-04 (231s)
[19:04:19]   Epoch 021 1576/1576 train_mae 2.50 kl 0.141 lr 3e-04 (243s)
[19:04:38] [Epoch 021 완료] train MAE 2.50 | val MAE 7.51 | val RMSE 10.19 | lr 3e-04 | 개선없음 4/15
[19:04:54]   Epoch 022 100/1576 train_mae 2.49 kl 0.143 lr 3e-04 (15s)
[19:05:10]   Epoch 022 200/1576 train_mae 2.45 kl 0.144 lr 3e-04 (31s)
[19:05:25]   Epoch 022 300/1576 train_mae 2.42 kl 0.142 lr 3e-04 (46s)
[19:05:41]   Epoch 022 400/1576 train_mae 2.47 kl 0.143 lr 3e-04 (62s)
[19:05:56]   Epoch 022 500/1576 train_mae 2.49 kl 0.142 lr 3e-04 (77s)
[19:06:12]   Epoch 022 600/1576 train_mae 2.49 kl 0.141 lr 3e-04 (93s)
[19:06:27]   Epoch 022 700/1576 train_mae 2.47 kl 0.140 lr 3e-04 (108s)
[19:06:43]   Epoch 022 800/1576 train_mae 2.47 kl 0.142 lr 3e-04 (124s)
[19:06:58]   Epoch 022 900/1576 train_mae 2.46 kl 0.140 lr 3e-04 (139s)
[19:07:14]   Epoch 022 1000/1576 train_mae 2.44 kl 0.139 lr 3e-04 (155s)
[19:07:29]   Epoch 022 1100/1576 train_mae 2.42 kl 0.139 lr 3e-04 (170s)
[19:07:45]   Epoch 022 1200/1576 train_mae 2.42 kl 0.139 lr 3e-04 (186s)
[19:08:00]   Epoch 022 1300/1576 train_mae 2.42 kl 0.139 lr 3e-04 (202s)
[19:08:16]   Epoch 022 1400/1576 train_mae 2.42 kl 0.138 lr 3e-04 (217s)
[19:08:31]   Epoch 022 1500/1576 train_mae 2.41 kl 0.137 lr 3e-04 (233s)
[19:08:43]   Epoch 022 1576/1576 train_mae 2.42 kl 0.137 lr 3e-04 (244s)
[19:09:04] [Epoch 022 완료] train MAE 2.42 | val MAE 7.57 | val RMSE 10.19 | lr 3e-04 | 개선없음 5/15
[19:09:20]   Epoch 023 100/1576 train_mae 2.62 kl 0.132 lr 3e-04 (16s)
[19:09:35]   Epoch 023 200/1576 train_mae 2.57 kl 0.135 lr 3e-04 (31s)
[19:09:51]   Epoch 023 300/1576 train_mae 2.49 kl 0.132 lr 3e-04 (47s)
[19:10:06]   Epoch 023 400/1576 train_mae 2.46 kl 0.127 lr 3e-04 (62s)
[19:10:22]   Epoch 023 500/1576 train_mae 2.44 kl 0.128 lr 3e-04 (78s)
[19:10:37]   Epoch 023 600/1576 train_mae 2.44 kl 0.128 lr 3e-04 (93s)
[19:10:53]   Epoch 023 700/1576 train_mae 2.43 kl 0.129 lr 3e-04 (109s)
[19:11:08]   Epoch 023 800/1576 train_mae 2.42 kl 0.128 lr 3e-04 (124s)
[19:11:24]   Epoch 023 900/1576 train_mae 2.40 kl 0.127 lr 3e-04 (140s)
[19:11:39]   Epoch 023 1000/1576 train_mae 2.41 kl 0.126 lr 3e-04 (155s)
[19:11:55]   Epoch 023 1100/1576 train_mae 2.41 kl 0.127 lr 3e-04 (171s)
[19:12:10]   Epoch 023 1200/1576 train_mae 2.40 kl 0.127 lr 3e-04 (186s)
[19:12:26]   Epoch 023 1300/1576 train_mae 2.40 kl 0.127 lr 3e-04 (202s)
[19:12:41]   Epoch 023 1400/1576 train_mae 2.39 kl 0.127 lr 3e-04 (217s)
[19:12:57]   Epoch 023 1500/1576 train_mae 2.39 kl 0.128 lr 3e-04 (233s)
[19:13:08]   Epoch 023 1576/1576 train_mae 2.38 kl 0.127 lr 3e-04 (244s)
[19:13:29] [Epoch 023 완료] train MAE 2.38 | val MAE 7.52 | val RMSE 10.27 | lr 3e-04 | 개선없음 6/15
[19:13:45]   Epoch 024 100/1576 train_mae 2.44 kl 0.120 lr 3e-04 (16s)
[19:14:00]   Epoch 024 200/1576 train_mae 2.38 kl 0.122 lr 3e-04 (31s)
[19:14:16]   Epoch 024 300/1576 train_mae 2.42 kl 0.124 lr 3e-04 (47s)
[19:14:32]   Epoch 024 400/1576 train_mae 2.43 kl 0.126 lr 3e-04 (62s)
[19:14:47]   Epoch 024 500/1576 train_mae 2.40 kl 0.126 lr 3e-04 (78s)
[19:15:03]   Epoch 024 600/1576 train_mae 2.39 kl 0.125 lr 3e-04 (94s)
[19:15:18]   Epoch 024 700/1576 train_mae 2.36 kl 0.123 lr 3e-04 (109s)
[19:15:34]   Epoch 024 800/1576 train_mae 2.34 kl 0.122 lr 3e-04 (125s)
[19:15:50]   Epoch 024 900/1576 train_mae 2.32 kl 0.122 lr 3e-04 (140s)
[19:16:05]   Epoch 024 1000/1576 train_mae 2.31 kl 0.123 lr 3e-04 (156s)
[19:16:21]   Epoch 024 1100/1576 train_mae 2.30 kl 0.123 lr 3e-04 (171s)
[19:16:36]   Epoch 024 1200/1576 train_mae 2.29 kl 0.122 lr 3e-04 (187s)
[19:16:52]   Epoch 024 1300/1576 train_mae 2.29 kl 0.123 lr 3e-04 (203s)
[19:17:07]   Epoch 024 1400/1576 train_mae 2.29 kl 0.124 lr 3e-04 (218s)
[19:17:23]   Epoch 024 1500/1576 train_mae 2.28 kl 0.123 lr 3e-04 (234s)
[19:17:35]   Epoch 024 1576/1576 train_mae 2.28 kl 0.123 lr 3e-04 (245s)
[19:17:55] [Epoch 024 완료] train MAE 2.28 | val MAE 7.57 | val RMSE 10.26 | lr 3e-04 | 개선없음 7/15
[19:18:11]   Epoch 025 100/1576 train_mae 2.41 kl 0.118 lr 3e-04 (16s)
[19:18:27]   Epoch 025 200/1576 train_mae 2.40 kl 0.116 lr 3e-04 (31s)
[19:18:42]   Epoch 025 300/1576 train_mae 2.36 kl 0.120 lr 3e-04 (47s)
[19:18:58]   Epoch 025 400/1576 train_mae 2.37 kl 0.119 lr 3e-04 (62s)
[19:19:13]   Epoch 025 500/1576 train_mae 2.37 kl 0.119 lr 3e-04 (78s)
[19:19:29]   Epoch 025 600/1576 train_mae 2.34 kl 0.119 lr 3e-04 (93s)
[19:19:44]   Epoch 025 700/1576 train_mae 2.33 kl 0.119 lr 3e-04 (109s)
[19:20:00]   Epoch 025 800/1576 train_mae 2.30 kl 0.119 lr 3e-04 (124s)
[19:20:15]   Epoch 025 900/1576 train_mae 2.30 kl 0.120 lr 3e-04 (140s)
[19:20:31]   Epoch 025 1000/1576 train_mae 2.30 kl 0.122 lr 3e-04 (155s)
[19:20:47]   Epoch 025 1100/1576 train_mae 2.29 kl 0.122 lr 3e-04 (171s)
[19:21:02]   Epoch 025 1200/1576 train_mae 2.28 kl 0.121 lr 3e-04 (187s)
[19:21:18]   Epoch 025 1300/1576 train_mae 2.27 kl 0.121 lr 3e-04 (202s)
[19:21:33]   Epoch 025 1400/1576 train_mae 2.27 kl 0.121 lr 3e-04 (218s)
[19:21:49]   Epoch 025 1500/1576 train_mae 2.26 kl 0.120 lr 3e-04 (233s)
[19:22:01]   Epoch 025 1576/1576 train_mae 2.25 kl 0.120 lr 3e-04 (245s)
[19:22:21] [Epoch 025 완료] train MAE 2.25 | val MAE 7.55 | val RMSE 10.29 | lr 3e-04 | 개선없음 8/15
[19:22:37]   Epoch 026 100/1576 train_mae 2.39 kl 0.123 lr 3e-04 (16s)
[19:22:53]   Epoch 026 200/1576 train_mae 2.32 kl 0.121 lr 3e-04 (31s)
[19:23:08]   Epoch 026 300/1576 train_mae 2.27 kl 0.118 lr 3e-04 (46s)
[19:23:24]   Epoch 026 400/1576 train_mae 2.30 kl 0.119 lr 3e-04 (62s)
[19:23:39]   Epoch 026 500/1576 train_mae 2.29 kl 0.118 lr 3e-04 (78s)
[19:23:55]   Epoch 026 600/1576 train_mae 2.25 kl 0.117 lr 3e-04 (93s)
[19:24:10]   Epoch 026 700/1576 train_mae 2.24 kl 0.116 lr 3e-04 (109s)
[19:24:26]   Epoch 026 800/1576 train_mae 2.22 kl 0.116 lr 3e-04 (124s)
[19:24:42]   Epoch 026 900/1576 train_mae 2.22 kl 0.116 lr 3e-04 (140s)
[19:24:57]   Epoch 026 1000/1576 train_mae 2.21 kl 0.116 lr 3e-04 (155s)
[19:25:12]   Epoch 026 1100/1576 train_mae 2.19 kl 0.116 lr 3e-04 (171s)
[19:25:26]   Epoch 026 1200/1576 train_mae 2.19 kl 0.115 lr 3e-04 (184s)
[19:25:41]   Epoch 026 1300/1576 train_mae 2.18 kl 0.115 lr 3e-04 (199s)
[19:25:56]   Epoch 026 1400/1576 train_mae 2.18 kl 0.115 lr 3e-04 (215s)
[19:26:12]   Epoch 026 1500/1576 train_mae 2.18 kl 0.115 lr 3e-04 (230s)
[19:26:24]   Epoch 026 1576/1576 train_mae 2.18 kl 0.115 lr 3e-04 (242s)
[19:26:44] [Epoch 026 완료] train MAE 2.18 | val MAE 7.53 | val RMSE 10.22 | lr 3e-04 | 개선없음 9/15
[19:27:00]   Epoch 027 100/1576 train_mae 2.14 kl 0.120 lr 3e-04 (16s)
[19:27:16]   Epoch 027 200/1576 train_mae 2.21 kl 0.117 lr 3e-04 (31s)
[19:27:31]   Epoch 027 300/1576 train_mae 2.25 kl 0.117 lr 3e-04 (47s)
[19:27:47]   Epoch 027 400/1576 train_mae 2.20 kl 0.115 lr 3e-04 (62s)
[19:28:02]   Epoch 027 500/1576 train_mae 2.19 kl 0.115 lr 3e-04 (77s)
[19:28:17]   Epoch 027 600/1576 train_mae 2.19 kl 0.116 lr 3e-04 (93s)
[19:28:33]   Epoch 027 700/1576 train_mae 2.18 kl 0.116 lr 3e-04 (108s)
[19:28:48]   Epoch 027 800/1576 train_mae 2.15 kl 0.115 lr 3e-04 (124s)
[19:29:04]   Epoch 027 900/1576 train_mae 2.13 kl 0.113 lr 3e-04 (139s)
[19:29:19]   Epoch 027 1000/1576 train_mae 2.13 kl 0.113 lr 3e-04 (155s)
[19:29:35]   Epoch 027 1100/1576 train_mae 2.13 kl 0.113 lr 3e-04 (170s)
[19:29:50]   Epoch 027 1200/1576 train_mae 2.13 kl 0.113 lr 3e-04 (186s)
[19:30:06]   Epoch 027 1300/1576 train_mae 2.12 kl 0.112 lr 3e-04 (201s)
[19:30:22]   Epoch 027 1400/1576 train_mae 2.12 kl 0.112 lr 3e-04 (217s)
[19:30:37]   Epoch 027 1500/1576 train_mae 2.11 kl 0.112 lr 3e-04 (233s)
[19:30:49]   Epoch 027 1576/1576 train_mae 2.11 kl 0.112 lr 3e-04 (244s)
[19:31:09] [Epoch 027 완료] train MAE 2.11 | val MAE 7.48 | val RMSE 10.06 | lr 3e-04 | 개선없음 10/15
[19:31:25]   Epoch 028 100/1576 train_mae 2.23 kl 0.109 lr 3e-04 (15s)
[19:31:41]   Epoch 028 200/1576 train_mae 2.23 kl 0.109 lr 3e-04 (31s)
[19:31:56]   Epoch 028 300/1576 train_mae 2.19 kl 0.109 lr 3e-04 (47s)
[19:32:12]   Epoch 028 400/1576 train_mae 2.16 kl 0.110 lr 3e-04 (62s)
[19:32:28]   Epoch 028 500/1576 train_mae 2.13 kl 0.108 lr 3e-04 (78s)
[19:32:43]   Epoch 028 600/1576 train_mae 2.13 kl 0.107 lr 3e-04 (93s)
[19:32:59]   Epoch 028 700/1576 train_mae 2.11 kl 0.106 lr 3e-04 (109s)
[19:33:14]   Epoch 028 800/1576 train_mae 2.11 kl 0.107 lr 3e-04 (124s)
[19:33:30]   Epoch 028 900/1576 train_mae 2.12 kl 0.107 lr 3e-04 (140s)
[19:33:45]   Epoch 028 1000/1576 train_mae 2.10 kl 0.108 lr 3e-04 (156s)
[19:34:01]   Epoch 028 1100/1576 train_mae 2.09 kl 0.108 lr 3e-04 (171s)
[19:34:17]   Epoch 028 1200/1576 train_mae 2.09 kl 0.108 lr 3e-04 (187s)
[19:34:32]   Epoch 028 1300/1576 train_mae 2.09 kl 0.109 lr 3e-04 (202s)
[19:34:48]   Epoch 028 1400/1576 train_mae 2.09 kl 0.109 lr 3e-04 (218s)
[19:35:03]   Epoch 028 1500/1576 train_mae 2.10 kl 0.109 lr 3e-04 (233s)
[19:35:15]   Epoch 028 1576/1576 train_mae 2.10 kl 0.110 lr 3e-04 (245s)
[19:35:32] [Epoch 028 완료] train MAE 2.10 | val MAE 7.48 | val RMSE 10.16 | lr 3e-04 | 개선없음 11/15
[19:35:48]   Epoch 029 100/1576 train_mae 2.10 kl 0.108 lr 3e-04 (16s)
[19:36:04]   Epoch 029 200/1576 train_mae 2.14 kl 0.108 lr 3e-04 (31s)
[19:36:19]   Epoch 029 300/1576 train_mae 2.09 kl 0.110 lr 3e-04 (47s)
[19:36:35]   Epoch 029 400/1576 train_mae 2.09 kl 0.111 lr 3e-04 (62s)
[19:36:50]   Epoch 029 500/1576 train_mae 2.09 kl 0.112 lr 3e-04 (78s)
[19:37:06]   Epoch 029 600/1576 train_mae 2.05 kl 0.111 lr 3e-04 (93s)
[19:37:21]   Epoch 029 700/1576 train_mae 2.04 kl 0.110 lr 3e-04 (109s)
[19:37:37]   Epoch 029 800/1576 train_mae 2.03 kl 0.110 lr 3e-04 (124s)
[19:37:52]   Epoch 029 900/1576 train_mae 2.02 kl 0.110 lr 3e-04 (140s)
[19:38:08]   Epoch 029 1000/1576 train_mae 2.02 kl 0.111 lr 3e-04 (155s)
[19:38:23]   Epoch 029 1100/1576 train_mae 2.02 kl 0.110 lr 3e-04 (171s)
[19:38:39]   Epoch 029 1200/1576 train_mae 2.01 kl 0.110 lr 3e-04 (186s)
[19:38:54]   Epoch 029 1300/1576 train_mae 2.00 kl 0.109 lr 3e-04 (202s)
[19:39:10]   Epoch 029 1400/1576 train_mae 2.01 kl 0.109 lr 3e-04 (217s)
[19:39:25]   Epoch 029 1500/1576 train_mae 2.01 kl 0.109 lr 3e-04 (233s)
[19:39:37]   Epoch 029 1576/1576 train_mae 2.01 kl 0.109 lr 3e-04 (245s)
[19:39:56] [Epoch 029 완료] train MAE 2.01 | val MAE 7.42 | val RMSE 10.07 | lr 3e-04 | * best 저장 (val MAE 7.42)
[19:40:12]   Epoch 030 100/1576 train_mae 2.18 kl 0.111 lr 3e-04 (16s)
[19:40:27]   Epoch 030 200/1576 train_mae 2.12 kl 0.111 lr 3e-04 (31s)
[19:40:43]   Epoch 030 300/1576 train_mae 2.10 kl 0.110 lr 3e-04 (47s)
[19:40:58]   Epoch 030 400/1576 train_mae 2.08 kl 0.110 lr 3e-04 (62s)
[19:41:14]   Epoch 030 500/1576 train_mae 2.06 kl 0.108 lr 3e-04 (78s)
[19:41:29]   Epoch 030 600/1576 train_mae 2.06 kl 0.108 lr 3e-04 (93s)
[19:41:45]   Epoch 030 700/1576 train_mae 2.06 kl 0.109 lr 3e-04 (109s)
[19:42:01]   Epoch 030 800/1576 train_mae 2.04 kl 0.108 lr 3e-04 (124s)
[19:42:16]   Epoch 030 900/1576 train_mae 2.03 kl 0.107 lr 3e-04 (140s)
[19:42:32]   Epoch 030 1000/1576 train_mae 2.02 kl 0.107 lr 3e-04 (155s)
[19:42:47]   Epoch 030 1100/1576 train_mae 2.01 kl 0.107 lr 3e-04 (171s)
[19:43:03]   Epoch 030 1200/1576 train_mae 2.00 kl 0.107 lr 3e-04 (186s)
[19:43:18]   Epoch 030 1300/1576 train_mae 1.99 kl 0.107 lr 3e-04 (202s)
[19:43:34]   Epoch 030 1400/1576 train_mae 2.00 kl 0.107 lr 3e-04 (218s)
[19:43:49]   Epoch 030 1500/1576 train_mae 1.98 kl 0.106 lr 3e-04 (233s)
[19:44:01]   Epoch 030 1576/1576 train_mae 1.98 kl 0.106 lr 3e-04 (245s)
[19:44:22] [Epoch 030 완료] train MAE 1.98 | val MAE 7.57 | val RMSE 10.31 | lr 3e-04 | 개선없음 1/15
[19:44:38]   Epoch 031 100/1576 train_mae 2.06 kl 0.100 lr 3e-04 (15s)
[19:44:52]   Epoch 031 200/1576 train_mae 2.04 kl 0.101 lr 3e-04 (30s)
[19:45:08]   Epoch 031 300/1576 train_mae 2.00 kl 0.101 lr 3e-04 (46s)
[19:45:23]   Epoch 031 400/1576 train_mae 1.99 kl 0.101 lr 3e-04 (61s)
[19:45:39]   Epoch 031 500/1576 train_mae 1.98 kl 0.101 lr 3e-04 (77s)
[19:45:55]   Epoch 031 600/1576 train_mae 1.96 kl 0.101 lr 3e-04 (92s)
[19:46:10]   Epoch 031 700/1576 train_mae 1.95 kl 0.102 lr 3e-04 (108s)
[19:46:26]   Epoch 031 800/1576 train_mae 1.93 kl 0.103 lr 3e-04 (124s)
[19:46:41]   Epoch 031 900/1576 train_mae 1.94 kl 0.105 lr 3e-04 (139s)
[19:46:57]   Epoch 031 1000/1576 train_mae 1.94 kl 0.106 lr 3e-04 (155s)
[19:47:12]   Epoch 031 1100/1576 train_mae 1.94 kl 0.106 lr 3e-04 (170s)
[19:47:28]   Epoch 031 1200/1576 train_mae 1.93 kl 0.107 lr 3e-04 (186s)
[19:47:43]   Epoch 031 1300/1576 train_mae 1.93 kl 0.107 lr 3e-04 (201s)
[19:47:59]   Epoch 031 1400/1576 train_mae 1.93 kl 0.107 lr 3e-04 (217s)
[19:48:14]   Epoch 031 1500/1576 train_mae 1.93 kl 0.107 lr 3e-04 (232s)
[19:48:26]   Epoch 031 1576/1576 train_mae 1.93 kl 0.106 lr 3e-04 (244s)
[19:48:47] [Epoch 031 완료] train MAE 1.93 | val MAE 7.43 | val RMSE 10.05 | lr 3e-04 | 개선없음 2/15
[19:49:03]   Epoch 032 100/1576 train_mae 1.98 kl 0.105 lr 3e-04 (16s)
[19:49:18]   Epoch 032 200/1576 train_mae 1.96 kl 0.099 lr 3e-04 (31s)
[19:49:34]   Epoch 032 300/1576 train_mae 1.96 kl 0.104 lr 3e-04 (47s)
[19:49:49]   Epoch 032 400/1576 train_mae 1.99 kl 0.103 lr 3e-04 (62s)
[19:50:05]   Epoch 032 500/1576 train_mae 1.97 kl 0.102 lr 3e-04 (78s)
[19:50:20]   Epoch 032 600/1576 train_mae 1.96 kl 0.103 lr 3e-04 (93s)
[19:50:36]   Epoch 032 700/1576 train_mae 1.96 kl 0.102 lr 3e-04 (109s)
[19:50:51]   Epoch 032 800/1576 train_mae 1.96 kl 0.103 lr 3e-04 (124s)
[19:51:07]   Epoch 032 900/1576 train_mae 1.95 kl 0.103 lr 3e-04 (140s)
[19:51:22]   Epoch 032 1000/1576 train_mae 1.94 kl 0.103 lr 3e-04 (155s)
[19:51:38]   Epoch 032 1100/1576 train_mae 1.93 kl 0.103 lr 3e-04 (171s)
[19:51:53]   Epoch 032 1200/1576 train_mae 1.92 kl 0.103 lr 3e-04 (186s)
[19:52:09]   Epoch 032 1300/1576 train_mae 1.92 kl 0.103 lr 3e-04 (202s)
[19:52:25]   Epoch 032 1400/1576 train_mae 1.92 kl 0.103 lr 3e-04 (217s)
[19:52:40]   Epoch 032 1500/1576 train_mae 1.91 kl 0.103 lr 3e-04 (233s)
[19:52:52]   Epoch 032 1576/1576 train_mae 1.91 kl 0.103 lr 3e-04 (245s)
[19:53:12] [Epoch 032 완료] train MAE 1.91 | val MAE 7.32 | val RMSE 10.00 | lr 3e-04 | * best 저장 (val MAE 7.32)
[19:53:28]   Epoch 033 100/1576 train_mae 1.99 kl 0.104 lr 3e-04 (16s)
[19:53:44]   Epoch 033 200/1576 train_mae 1.98 kl 0.106 lr 3e-04 (31s)
[19:53:59]   Epoch 033 300/1576 train_mae 1.96 kl 0.102 lr 3e-04 (47s)
[19:54:15]   Epoch 033 400/1576 train_mae 1.94 kl 0.102 lr 3e-04 (62s)
[19:54:31]   Epoch 033 500/1576 train_mae 1.94 kl 0.102 lr 3e-04 (78s)
[19:54:45]   Epoch 033 600/1576 train_mae 1.93 kl 0.102 lr 3e-04 (92s)
[19:54:58]   Epoch 033 700/1576 train_mae 1.91 kl 0.102 lr 3e-04 (105s)
[19:55:12]   Epoch 033 800/1576 train_mae 1.90 kl 0.101 lr 3e-04 (119s)
[19:55:25]   Epoch 033 900/1576 train_mae 1.89 kl 0.101 lr 3e-04 (132s)
[19:55:40]   Epoch 033 1000/1576 train_mae 1.88 kl 0.101 lr 3e-04 (148s)
[19:55:56]   Epoch 033 1100/1576 train_mae 1.87 kl 0.101 lr 3e-04 (163s)
[19:56:11]   Epoch 033 1200/1576 train_mae 1.86 kl 0.100 lr 3e-04 (179s)
[19:56:27]   Epoch 033 1300/1576 train_mae 1.85 kl 0.100 lr 3e-04 (194s)
[19:56:42]   Epoch 033 1400/1576 train_mae 1.84 kl 0.100 lr 3e-04 (210s)
[19:56:58]   Epoch 033 1500/1576 train_mae 1.85 kl 0.101 lr 3e-04 (225s)
[19:57:10]   Epoch 033 1576/1576 train_mae 1.85 kl 0.101 lr 3e-04 (237s)
[19:57:30] [Epoch 033 완료] train MAE 1.85 | val MAE 7.54 | val RMSE 10.22 | lr 3e-04 | 개선없음 1/15
[19:57:46]   Epoch 034 100/1576 train_mae 1.91 kl 0.106 lr 3e-04 (15s)
[19:58:01]   Epoch 034 200/1576 train_mae 1.88 kl 0.100 lr 3e-04 (31s)
[19:58:17]   Epoch 034 300/1576 train_mae 1.91 kl 0.098 lr 3e-04 (46s)
[19:58:33]   Epoch 034 400/1576 train_mae 1.92 kl 0.099 lr 3e-04 (62s)
[19:58:48]   Epoch 034 500/1576 train_mae 1.89 kl 0.097 lr 3e-04 (77s)
[19:59:04]   Epoch 034 600/1576 train_mae 1.87 kl 0.097 lr 3e-04 (93s)
[19:59:19]   Epoch 034 700/1576 train_mae 1.86 kl 0.097 lr 3e-04 (108s)
[19:59:35]   Epoch 034 800/1576 train_mae 1.86 kl 0.099 lr 3e-04 (124s)
[19:59:50]   Epoch 034 900/1576 train_mae 1.87 kl 0.100 lr 3e-04 (140s)
[20:00:06]   Epoch 034 1000/1576 train_mae 1.85 kl 0.099 lr 3e-04 (155s)
[20:00:21]   Epoch 034 1100/1576 train_mae 1.84 kl 0.099 lr 3e-04 (171s)
[20:00:37]   Epoch 034 1200/1576 train_mae 1.84 kl 0.099 lr 3e-04 (186s)
[20:00:52]   Epoch 034 1300/1576 train_mae 1.83 kl 0.098 lr 3e-04 (202s)
[20:01:08]   Epoch 034 1400/1576 train_mae 1.83 kl 0.098 lr 3e-04 (217s)
[20:01:23]   Epoch 034 1500/1576 train_mae 1.83 kl 0.099 lr 3e-04 (233s)
[20:01:35]   Epoch 034 1576/1576 train_mae 1.83 kl 0.099 lr 3e-04 (245s)
[20:01:54] [Epoch 034 완료] train MAE 1.83 | val MAE 7.34 | val RMSE 10.03 | lr 3e-04 | 개선없음 2/15
[20:02:10]   Epoch 035 100/1576 train_mae 1.88 kl 0.102 lr 3e-04 (16s)
[20:02:26]   Epoch 035 200/1576 train_mae 1.84 kl 0.101 lr 3e-04 (31s)
[20:02:41]   Epoch 035 300/1576 train_mae 1.84 kl 0.098 lr 3e-04 (47s)
[20:02:57]   Epoch 035 400/1576 train_mae 1.83 kl 0.096 lr 3e-04 (62s)
[20:03:12]   Epoch 035 500/1576 train_mae 1.82 kl 0.095 lr 3e-04 (78s)
[20:03:28]   Epoch 035 600/1576 train_mae 1.83 kl 0.097 lr 3e-04 (93s)
[20:03:44]   Epoch 035 700/1576 train_mae 1.81 kl 0.097 lr 3e-04 (109s)
[20:03:59]   Epoch 035 800/1576 train_mae 1.80 kl 0.096 lr 3e-04 (124s)
[20:04:15]   Epoch 035 900/1576 train_mae 1.80 kl 0.097 lr 3e-04 (140s)
[20:04:30]   Epoch 035 1000/1576 train_mae 1.80 kl 0.097 lr 3e-04 (156s)
[20:04:46]   Epoch 035 1100/1576 train_mae 1.80 kl 0.097 lr 3e-04 (171s)
[20:05:01]   Epoch 035 1200/1576 train_mae 1.80 kl 0.097 lr 3e-04 (187s)
[20:05:17]   Epoch 035 1300/1576 train_mae 1.80 kl 0.098 lr 3e-04 (202s)
[20:05:33]   Epoch 035 1400/1576 train_mae 1.80 kl 0.097 lr 3e-04 (218s)
[20:05:48]   Epoch 035 1500/1576 train_mae 1.79 kl 0.097 lr 3e-04 (233s)
[20:05:59]   Epoch 035 1576/1576 train_mae 1.79 kl 0.098 lr 3e-04 (244s)
[20:06:16] [Epoch 035 완료] train MAE 1.79 | val MAE 7.55 | val RMSE 10.19 | lr 3e-04 | 개선없음 3/15
[20:06:32]   Epoch 036 100/1576 train_mae 1.88 kl 0.092 lr 3e-04 (16s)
[20:06:47]   Epoch 036 200/1576 train_mae 1.76 kl 0.092 lr 3e-04 (31s)
[20:07:03]   Epoch 036 300/1576 train_mae 1.79 kl 0.091 lr 3e-04 (47s)
[20:07:18]   Epoch 036 400/1576 train_mae 1.76 kl 0.092 lr 3e-04 (62s)
[20:07:34]   Epoch 036 500/1576 train_mae 1.77 kl 0.094 lr 3e-04 (78s)
[20:07:49]   Epoch 036 600/1576 train_mae 1.77 kl 0.095 lr 3e-04 (93s)
[20:08:05]   Epoch 036 700/1576 train_mae 1.77 kl 0.094 lr 3e-04 (109s)
[20:08:21]   Epoch 036 800/1576 train_mae 1.79 kl 0.095 lr 3e-04 (125s)
[20:08:36]   Epoch 036 900/1576 train_mae 1.78 kl 0.095 lr 3e-04 (140s)
[20:08:52]   Epoch 036 1000/1576 train_mae 1.77 kl 0.094 lr 3e-04 (156s)
[20:09:07]   Epoch 036 1100/1576 train_mae 1.75 kl 0.094 lr 3e-04 (171s)
[20:09:23]   Epoch 036 1200/1576 train_mae 1.75 kl 0.094 lr 3e-04 (187s)
[20:09:38]   Epoch 036 1300/1576 train_mae 1.75 kl 0.094 lr 3e-04 (202s)
[20:09:54]   Epoch 036 1400/1576 train_mae 1.75 kl 0.094 lr 3e-04 (218s)
[20:10:09]   Epoch 036 1500/1576 train_mae 1.74 kl 0.095 lr 3e-04 (233s)
[20:10:21]   Epoch 036 1576/1576 train_mae 1.75 kl 0.094 lr 3e-04 (245s)
[20:10:39] [Epoch 036 완료] train MAE 1.75 | val MAE 7.45 | val RMSE 10.09 | lr 3e-04 | 개선없음 4/15
[20:10:55]   Epoch 037 100/1576 train_mae 1.92 kl 0.093 lr 3e-04 (16s)
[20:11:11]   Epoch 037 200/1576 train_mae 1.87 kl 0.091 lr 3e-04 (31s)
[20:11:26]   Epoch 037 300/1576 train_mae 1.87 kl 0.090 lr 3e-04 (47s)
[20:11:42]   Epoch 037 400/1576 train_mae 1.88 kl 0.093 lr 3e-04 (62s)
[20:11:57]   Epoch 037 500/1576 train_mae 1.84 kl 0.092 lr 3e-04 (78s)
[20:12:13]   Epoch 037 600/1576 train_mae 1.83 kl 0.092 lr 3e-04 (93s)
[20:12:28]   Epoch 037 700/1576 train_mae 1.81 kl 0.092 lr 3e-04 (109s)
[20:12:44]   Epoch 037 800/1576 train_mae 1.79 kl 0.092 lr 3e-04 (124s)
[20:12:59]   Epoch 037 900/1576 train_mae 1.77 kl 0.093 lr 3e-04 (140s)
[20:13:15]   Epoch 037 1000/1576 train_mae 1.76 kl 0.092 lr 3e-04 (156s)
[20:13:31]   Epoch 037 1100/1576 train_mae 1.74 kl 0.092 lr 3e-04 (171s)
[20:13:46]   Epoch 037 1200/1576 train_mae 1.74 kl 0.092 lr 3e-04 (187s)
[20:14:02]   Epoch 037 1300/1576 train_mae 1.73 kl 0.092 lr 3e-04 (202s)
[20:14:17]   Epoch 037 1400/1576 train_mae 1.73 kl 0.092 lr 3e-04 (218s)
[20:14:33]   Epoch 037 1500/1576 train_mae 1.72 kl 0.092 lr 3e-04 (233s)
[20:14:45]   Epoch 037 1576/1576 train_mae 1.71 kl 0.092 lr 3e-04 (245s)
[20:15:05] [Epoch 037 완료] train MAE 1.71 | val MAE 7.44 | val RMSE 10.08 | lr 3e-04 | 개선없음 5/15
[20:15:21]   Epoch 038 100/1576 train_mae 1.89 kl 0.097 lr 3e-04 (16s)
[20:15:37]   Epoch 038 200/1576 train_mae 1.78 kl 0.095 lr 3e-04 (31s)
[20:15:53]   Epoch 038 300/1576 train_mae 1.75 kl 0.097 lr 3e-04 (47s)
[20:16:08]   Epoch 038 400/1576 train_mae 1.76 kl 0.100 lr 3e-04 (62s)
[20:16:24]   Epoch 038 500/1576 train_mae 1.76 kl 0.099 lr 3e-04 (78s)
[20:16:39]   Epoch 038 600/1576 train_mae 1.74 kl 0.098 lr 3e-04 (94s)
[20:16:55]   Epoch 038 700/1576 train_mae 1.73 kl 0.098 lr 3e-04 (109s)
[20:17:10]   Epoch 038 800/1576 train_mae 1.72 kl 0.097 lr 3e-04 (125s)
[20:17:26]   Epoch 038 900/1576 train_mae 1.72 kl 0.096 lr 3e-04 (140s)
[20:17:42]   Epoch 038 1000/1576 train_mae 1.71 kl 0.095 lr 3e-04 (156s)
[20:17:57]   Epoch 038 1100/1576 train_mae 1.70 kl 0.094 lr 3e-04 (172s)
[20:18:13]   Epoch 038 1200/1576 train_mae 1.69 kl 0.094 lr 3e-04 (187s)
[20:18:28]   Epoch 038 1300/1576 train_mae 1.68 kl 0.094 lr 3e-04 (203s)
[20:18:43]   Epoch 038 1400/1576 train_mae 1.68 kl 0.093 lr 3e-04 (217s)
[20:18:58]   Epoch 038 1500/1576 train_mae 1.68 kl 0.093 lr 3e-04 (233s)
[20:19:10]   Epoch 038 1576/1576 train_mae 1.68 kl 0.093 lr 3e-04 (245s)
[20:19:28] [Epoch 038 완료] train MAE 1.68 | val MAE 7.32 | val RMSE 10.09 | lr 3e-04 | 개선없음 6/15
[20:19:44]   Epoch 039 100/1576 train_mae 1.66 kl 0.087 lr 3e-04 (16s)
[20:20:00]   Epoch 039 200/1576 train_mae 1.66 kl 0.086 lr 3e-04 (31s)
[20:20:15]   Epoch 039 300/1576 train_mae 1.69 kl 0.092 lr 3e-04 (47s)
[20:20:31]   Epoch 039 400/1576 train_mae 1.67 kl 0.089 lr 3e-04 (62s)
[20:20:46]   Epoch 039 500/1576 train_mae 1.66 kl 0.089 lr 3e-04 (78s)
[20:21:02]   Epoch 039 600/1576 train_mae 1.68 kl 0.088 lr 3e-04 (94s)
[20:21:17]   Epoch 039 700/1576 train_mae 1.68 kl 0.089 lr 3e-04 (109s)
[20:21:33]   Epoch 039 800/1576 train_mae 1.68 kl 0.090 lr 3e-04 (125s)
[20:21:48]   Epoch 039 900/1576 train_mae 1.67 kl 0.090 lr 3e-04 (140s)
[20:22:04]   Epoch 039 1000/1576 train_mae 1.66 kl 0.090 lr 3e-04 (156s)
[20:22:20]   Epoch 039 1100/1576 train_mae 1.65 kl 0.090 lr 3e-04 (171s)
[20:22:35]   Epoch 039 1200/1576 train_mae 1.65 kl 0.091 lr 3e-04 (187s)
[20:22:51]   Epoch 039 1300/1576 train_mae 1.65 kl 0.091 lr 3e-04 (202s)
[20:23:06]   Epoch 039 1400/1576 train_mae 1.64 kl 0.090 lr 3e-04 (218s)
[20:23:22]   Epoch 039 1500/1576 train_mae 1.65 kl 0.090 lr 3e-04 (234s)
[20:23:34]   Epoch 039 1576/1576 train_mae 1.64 kl 0.090 lr 3e-04 (245s)
[20:23:53] [Epoch 039 완료] train MAE 1.64 | val MAE 7.44 | val RMSE 10.09 | lr 3e-04 | 개선없음 7/15
[20:24:08]   Epoch 040 100/1576 train_mae 1.74 kl 0.091 lr 3e-04 (15s)
[20:24:24]   Epoch 040 200/1576 train_mae 1.64 kl 0.093 lr 3e-04 (31s)
[20:24:39]   Epoch 040 300/1576 train_mae 1.67 kl 0.094 lr 3e-04 (46s)
[20:24:55]   Epoch 040 400/1576 train_mae 1.63 kl 0.093 lr 3e-04 (62s)
[20:25:10]   Epoch 040 500/1576 train_mae 1.64 kl 0.094 lr 3e-04 (77s)
[20:25:26]   Epoch 040 600/1576 train_mae 1.65 kl 0.093 lr 3e-04 (93s)
[20:25:41]   Epoch 040 700/1576 train_mae 1.64 kl 0.093 lr 3e-04 (108s)
[20:25:57]   Epoch 040 800/1576 train_mae 1.63 kl 0.092 lr 3e-04 (124s)
[20:26:13]   Epoch 040 900/1576 train_mae 1.63 kl 0.092 lr 3e-04 (140s)
[20:26:28]   Epoch 040 1000/1576 train_mae 1.62 kl 0.091 lr 3e-04 (155s)
[20:26:44]   Epoch 040 1100/1576 train_mae 1.62 kl 0.092 lr 3e-04 (171s)
[20:26:59]   Epoch 040 1200/1576 train_mae 1.61 kl 0.092 lr 3e-04 (186s)
[20:27:15]   Epoch 040 1300/1576 train_mae 1.61 kl 0.092 lr 3e-04 (202s)
[20:27:30]   Epoch 040 1400/1576 train_mae 1.60 kl 0.092 lr 3e-04 (217s)
[20:27:46]   Epoch 040 1500/1576 train_mae 1.60 kl 0.091 lr 3e-04 (233s)
[20:27:58]   Epoch 040 1576/1576 train_mae 1.60 kl 0.091 lr 3e-04 (245s)
[20:28:18] [Epoch 040 완료] train MAE 1.60 | val MAE 7.41 | val RMSE 10.15 | lr 3e-04 | 개선없음 8/15
[20:28:33]   Epoch 041 100/1576 train_mae 1.65 kl 0.093 lr 3e-04 (15s)
[20:28:48]   Epoch 041 200/1576 train_mae 1.62 kl 0.093 lr 3e-04 (30s)
[20:29:04]   Epoch 041 300/1576 train_mae 1.62 kl 0.092 lr 3e-04 (46s)
[20:29:19]   Epoch 041 400/1576 train_mae 1.61 kl 0.092 lr 3e-04 (62s)
[20:29:35]   Epoch 041 500/1576 train_mae 1.62 kl 0.091 lr 3e-04 (77s)
[20:29:51]   Epoch 041 600/1576 train_mae 1.60 kl 0.091 lr 3e-04 (93s)
[20:30:06]   Epoch 041 700/1576 train_mae 1.59 kl 0.091 lr 3e-04 (108s)
[20:30:22]   Epoch 041 800/1576 train_mae 1.59 kl 0.090 lr 3e-04 (124s)
[20:30:37]   Epoch 041 900/1576 train_mae 1.59 kl 0.091 lr 3e-04 (139s)
[20:30:53]   Epoch 041 1000/1576 train_mae 1.59 kl 0.091 lr 3e-04 (155s)
[20:31:09]   Epoch 041 1100/1576 train_mae 1.59 kl 0.091 lr 3e-04 (171s)
[20:31:24]   Epoch 041 1200/1576 train_mae 1.59 kl 0.091 lr 3e-04 (186s)
[20:31:40]   Epoch 041 1300/1576 train_mae 1.59 kl 0.092 lr 3e-04 (202s)
[20:31:55]   Epoch 041 1400/1576 train_mae 1.58 kl 0.092 lr 3e-04 (217s)
[20:32:11]   Epoch 041 1500/1576 train_mae 1.58 kl 0.092 lr 3e-04 (233s)
[20:32:23]   Epoch 041 1576/1576 train_mae 1.58 kl 0.092 lr 3e-04 (245s)
[20:32:42] [Epoch 041 완료] train MAE 1.58 | val MAE 7.45 | val RMSE 10.12 | lr 3e-04 | 개선없음 9/15
[20:32:58]   Epoch 042 100/1576 train_mae 1.58 kl 0.091 lr 3e-04 (16s)
[20:33:13]   Epoch 042 200/1576 train_mae 1.62 kl 0.092 lr 3e-04 (31s)
[20:33:29]   Epoch 042 300/1576 train_mae 1.64 kl 0.092 lr 3e-04 (47s)
[20:33:44]   Epoch 042 400/1576 train_mae 1.63 kl 0.092 lr 3e-04 (62s)
[20:34:00]   Epoch 042 500/1576 train_mae 1.62 kl 0.092 lr 3e-04 (78s)
[20:34:15]   Epoch 042 600/1576 train_mae 1.61 kl 0.090 lr 3e-04 (93s)
[20:34:31]   Epoch 042 700/1576 train_mae 1.62 kl 0.091 lr 3e-04 (109s)
[20:34:47]   Epoch 042 800/1576 train_mae 1.62 kl 0.090 lr 3e-04 (125s)
[20:35:02]   Epoch 042 900/1576 train_mae 1.62 kl 0.090 lr 3e-04 (140s)
[20:35:18]   Epoch 042 1000/1576 train_mae 1.62 kl 0.090 lr 3e-04 (156s)
[20:35:33]   Epoch 042 1100/1576 train_mae 1.62 kl 0.090 lr 3e-04 (171s)
[20:35:49]   Epoch 042 1200/1576 train_mae 1.61 kl 0.090 lr 3e-04 (187s)
[20:36:04]   Epoch 042 1300/1576 train_mae 1.60 kl 0.090 lr 3e-04 (202s)
[20:36:20]   Epoch 042 1400/1576 train_mae 1.59 kl 0.089 lr 3e-04 (218s)
[20:36:35]   Epoch 042 1500/1576 train_mae 1.59 kl 0.090 lr 3e-04 (233s)
[20:36:47]   Epoch 042 1576/1576 train_mae 1.59 kl 0.089 lr 3e-04 (245s)
[20:37:06] [Epoch 042 완료] train MAE 1.59 | val MAE 7.43 | val RMSE 10.04 | lr 3e-04 | 개선없음 10/15
[20:37:22]   Epoch 043 100/1576 train_mae 1.61 kl 0.092 lr 3e-04 (16s)
[20:37:38]   Epoch 043 200/1576 train_mae 1.55 kl 0.090 lr 3e-04 (31s)
[20:37:53]   Epoch 043 300/1576 train_mae 1.57 kl 0.088 lr 3e-04 (47s)
[20:38:09]   Epoch 043 400/1576 train_mae 1.59 kl 0.087 lr 3e-04 (62s)
[20:38:24]   Epoch 043 500/1576 train_mae 1.58 kl 0.086 lr 3e-04 (78s)
[20:38:40]   Epoch 043 600/1576 train_mae 1.57 kl 0.087 lr 3e-04 (93s)
[20:38:55]   Epoch 043 700/1576 train_mae 1.56 kl 0.087 lr 3e-04 (109s)
[20:39:11]   Epoch 043 800/1576 train_mae 1.56 kl 0.087 lr 3e-04 (124s)
[20:39:26]   Epoch 043 900/1576 train_mae 1.56 kl 0.086 lr 3e-04 (140s)
[20:39:42]   Epoch 043 1000/1576 train_mae 1.54 kl 0.086 lr 3e-04 (155s)
[20:39:57]   Epoch 043 1100/1576 train_mae 1.54 kl 0.087 lr 3e-04 (171s)
[20:40:13]   Epoch 043 1200/1576 train_mae 1.54 kl 0.087 lr 3e-04 (186s)
[20:40:28]   Epoch 043 1300/1576 train_mae 1.52 kl 0.087 lr 3e-04 (202s)
[20:40:44]   Epoch 043 1400/1576 train_mae 1.51 kl 0.087 lr 3e-04 (217s)
[20:41:00]   Epoch 043 1500/1576 train_mae 1.51 kl 0.087 lr 3e-04 (233s)
[20:41:11]   Epoch 043 1576/1576 train_mae 1.52 kl 0.087 lr 3e-04 (245s)
[20:41:32] [Epoch 043 완료] train MAE 1.52 | val MAE 7.40 | val RMSE 10.02 | lr 3e-04 | 개선없음 11/15
[20:41:48]   Epoch 044 100/1576 train_mae 1.56 kl 0.093 lr 3e-04 (16s)
[20:42:03]   Epoch 044 200/1576 train_mae 1.51 kl 0.091 lr 3e-04 (31s)
[20:42:19]   Epoch 044 300/1576 train_mae 1.52 kl 0.091 lr 3e-04 (47s)
[20:42:35]   Epoch 044 400/1576 train_mae 1.52 kl 0.089 lr 3e-04 (62s)
[20:42:50]   Epoch 044 500/1576 train_mae 1.53 kl 0.087 lr 3e-04 (78s)
[20:43:06]   Epoch 044 600/1576 train_mae 1.52 kl 0.086 lr 3e-04 (93s)
[20:43:21]   Epoch 044 700/1576 train_mae 1.50 kl 0.086 lr 3e-04 (109s)
[20:43:37]   Epoch 044 800/1576 train_mae 1.51 kl 0.086 lr 3e-04 (124s)
[20:43:52]   Epoch 044 900/1576 train_mae 1.50 kl 0.085 lr 3e-04 (140s)
[20:44:08]   Epoch 044 1000/1576 train_mae 1.50 kl 0.086 lr 3e-04 (155s)
[20:44:23]   Epoch 044 1100/1576 train_mae 1.49 kl 0.086 lr 3e-04 (171s)
[20:44:39]   Epoch 044 1200/1576 train_mae 1.49 kl 0.085 lr 3e-04 (186s)
[20:44:54]   Epoch 044 1300/1576 train_mae 1.48 kl 0.086 lr 3e-04 (202s)
[20:45:10]   Epoch 044 1400/1576 train_mae 1.48 kl 0.086 lr 3e-04 (217s)
[20:45:25]   Epoch 044 1500/1576 train_mae 1.48 kl 0.086 lr 3e-04 (233s)
[20:45:37]   Epoch 044 1576/1576 train_mae 1.49 kl 0.087 lr 3e-04 (245s)
[20:45:57] [Epoch 044 완료] train MAE 1.49 | val MAE 7.32 | val RMSE 9.86 | lr 3e-04 | 개선없음 12/15
[20:46:13]   Epoch 045 100/1576 train_mae 1.63 kl 0.090 lr 3e-04 (16s)
[20:46:29]   Epoch 045 200/1576 train_mae 1.61 kl 0.088 lr 3e-04 (31s)
[20:46:44]   Epoch 045 300/1576 train_mae 1.58 kl 0.086 lr 3e-04 (47s)
[20:47:00]   Epoch 045 400/1576 train_mae 1.59 kl 0.087 lr 3e-04 (62s)
[20:47:15]   Epoch 045 500/1576 train_mae 1.56 kl 0.088 lr 3e-04 (77s)
[20:47:30]   Epoch 045 600/1576 train_mae 1.54 kl 0.088 lr 3e-04 (92s)
[20:47:45]   Epoch 045 700/1576 train_mae 1.53 kl 0.088 lr 3e-04 (108s)
[20:48:01]   Epoch 045 800/1576 train_mae 1.54 kl 0.087 lr 3e-04 (123s)
[20:48:16]   Epoch 045 900/1576 train_mae 1.54 kl 0.088 lr 3e-04 (139s)
[20:48:32]   Epoch 045 1000/1576 train_mae 1.54 kl 0.088 lr 3e-04 (154s)
[20:48:47]   Epoch 045 1100/1576 train_mae 1.54 kl 0.088 lr 3e-04 (170s)
[20:49:03]   Epoch 045 1200/1576 train_mae 1.53 kl 0.087 lr 3e-04 (185s)
[20:49:19]   Epoch 045 1300/1576 train_mae 1.52 kl 0.087 lr 3e-04 (201s)
[20:49:34]   Epoch 045 1400/1576 train_mae 1.51 kl 0.087 lr 3e-04 (216s)
[20:49:50]   Epoch 045 1500/1576 train_mae 1.51 kl 0.086 lr 3e-04 (232s)
[20:50:01]   Epoch 045 1576/1576 train_mae 1.52 kl 0.086 lr 3e-04 (244s)
[20:50:20] [Epoch 045 완료] train MAE 1.52 | val MAE 7.33 | val RMSE 10.01 | lr 3e-04 | 개선없음 13/15
[20:50:36]   Epoch 046 100/1576 train_mae 1.63 kl 0.092 lr 3e-04 (16s)
[20:50:52]   Epoch 046 200/1576 train_mae 1.57 kl 0.089 lr 3e-04 (31s)
[20:51:07]   Epoch 046 300/1576 train_mae 1.59 kl 0.088 lr 3e-04 (47s)
[20:51:23]   Epoch 046 400/1576 train_mae 1.57 kl 0.090 lr 3e-04 (62s)
[20:51:38]   Epoch 046 500/1576 train_mae 1.56 kl 0.089 lr 3e-04 (78s)
[20:51:54]   Epoch 046 600/1576 train_mae 1.55 kl 0.089 lr 3e-04 (93s)
[20:52:10]   Epoch 046 700/1576 train_mae 1.55 kl 0.089 lr 3e-04 (109s)
[20:52:25]   Epoch 046 800/1576 train_mae 1.52 kl 0.088 lr 3e-04 (125s)
[20:52:41]   Epoch 046 900/1576 train_mae 1.50 kl 0.088 lr 3e-04 (140s)
[20:52:56]   Epoch 046 1000/1576 train_mae 1.50 kl 0.088 lr 3e-04 (156s)
[20:53:12]   Epoch 046 1100/1576 train_mae 1.49 kl 0.088 lr 3e-04 (171s)
[20:53:27]   Epoch 046 1200/1576 train_mae 1.49 kl 0.088 lr 3e-04 (187s)
[20:53:43]   Epoch 046 1300/1576 train_mae 1.49 kl 0.088 lr 3e-04 (202s)
[20:53:59]   Epoch 046 1400/1576 train_mae 1.48 kl 0.088 lr 3e-04 (218s)
[20:54:14]   Epoch 046 1500/1576 train_mae 1.47 kl 0.087 lr 3e-04 (234s)
[20:54:26]   Epoch 046 1576/1576 train_mae 1.47 kl 0.087 lr 3e-04 (245s)
[20:54:46] [Epoch 046 완료] train MAE 1.47 | val MAE 7.49 | val RMSE 10.11 | lr 3e-04 | 개선없음 14/15
[20:55:02]   Epoch 047 100/1576 train_mae 1.51 kl 0.087 lr 3e-04 (16s)
[20:55:18]   Epoch 047 200/1576 train_mae 1.50 kl 0.091 lr 3e-04 (31s)
[20:55:34]   Epoch 047 300/1576 train_mae 1.52 kl 0.091 lr 3e-04 (47s)
[20:55:49]   Epoch 047 400/1576 train_mae 1.51 kl 0.090 lr 3e-04 (62s)
[20:56:05]   Epoch 047 500/1576 train_mae 1.50 kl 0.089 lr 3e-04 (78s)
[20:56:20]   Epoch 047 600/1576 train_mae 1.48 kl 0.089 lr 3e-04 (93s)
[20:56:36]   Epoch 047 700/1576 train_mae 1.46 kl 0.088 lr 3e-04 (109s)
[20:56:51]   Epoch 047 800/1576 train_mae 1.46 kl 0.088 lr 3e-04 (124s)
[20:57:06]   Epoch 047 900/1576 train_mae 1.46 kl 0.089 lr 3e-04 (139s)
[20:57:20]   Epoch 047 1000/1576 train_mae 1.45 kl 0.088 lr 3e-04 (153s)
[20:57:36]   Epoch 047 1100/1576 train_mae 1.45 kl 0.088 lr 3e-04 (169s)
[20:57:51]   Epoch 047 1200/1576 train_mae 1.44 kl 0.088 lr 3e-04 (184s)
[20:58:07]   Epoch 047 1300/1576 train_mae 1.44 kl 0.088 lr 3e-04 (200s)
[20:58:22]   Epoch 047 1400/1576 train_mae 1.43 kl 0.089 lr 3e-04 (216s)
[20:58:38]   Epoch 047 1500/1576 train_mae 1.43 kl 0.089 lr 3e-04 (231s)
[20:58:50]   Epoch 047 1576/1576 train_mae 1.43 kl 0.089 lr 3e-04 (243s)
[20:59:10] [Epoch 047 완료] train MAE 1.43 | val MAE 7.56 | val RMSE 10.20 | lr 3e-04 | 개선없음 15/15
[20:59:26]   Epoch 048 100/1576 train_mae 1.55 kl 0.081 lr 3e-04 (16s)
[20:59:41]   Epoch 048 200/1576 train_mae 1.53 kl 0.082 lr 3e-04 (30s)
[20:59:57]   Epoch 048 300/1576 train_mae 1.52 kl 0.085 lr 3e-04 (46s)
[21:00:12]   Epoch 048 400/1576 train_mae 1.47 kl 0.085 lr 3e-04 (62s)
[21:00:28]   Epoch 048 500/1576 train_mae 1.45 kl 0.086 lr 3e-04 (77s)
[21:00:43]   Epoch 048 600/1576 train_mae 1.43 kl 0.087 lr 3e-04 (93s)
[21:00:59]   Epoch 048 700/1576 train_mae 1.43 kl 0.087 lr 3e-04 (108s)
[21:01:15]   Epoch 048 800/1576 train_mae 1.43 kl 0.088 lr 3e-04 (124s)
[21:01:30]   Epoch 048 900/1576 train_mae 1.42 kl 0.088 lr 3e-04 (139s)
[21:01:46]   Epoch 048 1000/1576 train_mae 1.43 kl 0.089 lr 3e-04 (155s)
[21:02:01]   Epoch 048 1100/1576 train_mae 1.43 kl 0.089 lr 3e-04 (171s)
[21:02:17]   Epoch 048 1200/1576 train_mae 1.43 kl 0.088 lr 3e-04 (186s)
[21:02:32]   Epoch 048 1300/1576 train_mae 1.42 kl 0.088 lr 3e-04 (202s)
[21:02:48]   Epoch 048 1400/1576 train_mae 1.42 kl 0.087 lr 3e-04 (217s)
[21:03:04]   Epoch 048 1500/1576 train_mae 1.41 kl 0.087 lr 3e-04 (233s)
[21:03:15]   Epoch 048 1576/1576 train_mae 1.41 kl 0.087 lr 3e-04 (245s)
[21:03:36] [Epoch 048 완료] train MAE 1.41 | val MAE 7.32 | val RMSE 10.01 | lr 3e-04 | 개선없음 16/15
[21:03:52]   Epoch 049 100/1576 train_mae 1.49 kl 0.084 lr 3e-04 (16s)
[21:04:08]   Epoch 049 200/1576 train_mae 1.49 kl 0.084 lr 3e-04 (31s)
[21:04:23]   Epoch 049 300/1576 train_mae 1.46 kl 0.085 lr 3e-04 (47s)
[21:04:39]   Epoch 049 400/1576 train_mae 1.43 kl 0.085 lr 3e-04 (62s)
[21:04:54]   Epoch 049 500/1576 train_mae 1.43 kl 0.084 lr 3e-04 (78s)
[21:05:10]   Epoch 049 600/1576 train_mae 1.43 kl 0.084 lr 3e-04 (93s)
[21:05:25]   Epoch 049 700/1576 train_mae 1.41 kl 0.084 lr 3e-04 (109s)
[21:05:41]   Epoch 049 800/1576 train_mae 1.40 kl 0.084 lr 3e-04 (125s)
[21:05:57]   Epoch 049 900/1576 train_mae 1.40 kl 0.084 lr 3e-04 (140s)
[21:06:12]   Epoch 049 1000/1576 train_mae 1.39 kl 0.085 lr 3e-04 (156s)
[21:06:28]   Epoch 049 1100/1576 train_mae 1.40 kl 0.086 lr 3e-04 (171s)
[21:06:43]   Epoch 049 1200/1576 train_mae 1.38 kl 0.085 lr 3e-04 (187s)
[21:06:59]   Epoch 049 1300/1576 train_mae 1.39 kl 0.086 lr 3e-04 (202s)
[21:07:14]   Epoch 049 1400/1576 train_mae 1.40 kl 0.086 lr 3e-04 (218s)
[21:07:30]   Epoch 049 1500/1576 train_mae 1.39 kl 0.086 lr 3e-04 (234s)
[21:07:42]   Epoch 049 1576/1576 train_mae 1.39 kl 0.086 lr 3e-04 (245s)
[21:08:02] [Epoch 049 완료] train MAE 1.39 | val MAE 7.38 | val RMSE 10.10 | lr 3e-04 | 개선없음 17/15
[21:08:18]   Epoch 050 100/1576 train_mae 1.42 kl 0.083 lr 3e-04 (16s)
[21:08:34]   Epoch 050 200/1576 train_mae 1.44 kl 0.084 lr 3e-04 (31s)
[21:08:49]   Epoch 050 300/1576 train_mae 1.45 kl 0.084 lr 3e-04 (47s)
[21:09:05]   Epoch 050 400/1576 train_mae 1.41 kl 0.085 lr 3e-04 (62s)
[21:09:20]   Epoch 050 500/1576 train_mae 1.40 kl 0.086 lr 3e-04 (77s)
[21:09:34]   Epoch 050 600/1576 train_mae 1.42 kl 0.088 lr 3e-04 (92s)
[21:09:49]   Epoch 050 700/1576 train_mae 1.42 kl 0.087 lr 3e-04 (106s)
[21:10:05]   Epoch 050 800/1576 train_mae 1.43 kl 0.086 lr 3e-04 (122s)
[21:10:20]   Epoch 050 900/1576 train_mae 1.42 kl 0.085 lr 3e-04 (137s)
[21:10:35]   Epoch 050 1000/1576 train_mae 1.41 kl 0.086 lr 3e-04 (153s)
[21:10:51]   Epoch 050 1100/1576 train_mae 1.40 kl 0.086 lr 3e-04 (168s)
[21:11:06]   Epoch 050 1200/1576 train_mae 1.40 kl 0.085 lr 3e-04 (183s)
[21:11:22]   Epoch 050 1300/1576 train_mae 1.40 kl 0.085 lr 3e-04 (199s)
[21:11:37]   Epoch 050 1400/1576 train_mae 1.39 kl 0.084 lr 3e-04 (214s)
[21:11:53]   Epoch 050 1500/1576 train_mae 1.38 kl 0.085 lr 3e-04 (230s)
[21:12:05]   Epoch 050 1576/1576 train_mae 1.38 kl 0.084 lr 3e-04 (242s)
[21:12:25] [Epoch 050 완료] train MAE 1.38 | val MAE 7.42 | val RMSE 10.10 | lr 3e-04 | 개선없음 18/15
[21:12:41]   Epoch 051 100/1576 train_mae 1.49 kl 0.085 lr 3e-04 (16s)
[21:12:57]   Epoch 051 200/1576 train_mae 1.45 kl 0.082 lr 3e-04 (31s)
[21:13:12]   Epoch 051 300/1576 train_mae 1.43 kl 0.082 lr 3e-04 (47s)
[21:13:28]   Epoch 051 400/1576 train_mae 1.41 kl 0.082 lr 3e-04 (62s)
[21:13:43]   Epoch 051 500/1576 train_mae 1.41 kl 0.082 lr 3e-04 (78s)
[21:13:58]   Epoch 051 600/1576 train_mae 1.40 kl 0.082 lr 3e-04 (93s)
[21:14:14]   Epoch 051 700/1576 train_mae 1.39 kl 0.082 lr 3e-04 (109s)
[21:14:29]   Epoch 051 800/1576 train_mae 1.37 kl 0.081 lr 3e-04 (124s)
[21:14:45]   Epoch 051 900/1576 train_mae 1.36 kl 0.082 lr 3e-04 (140s)
[21:15:01]   Epoch 051 1000/1576 train_mae 1.35 kl 0.082 lr 3e-04 (155s)
[21:15:16]   Epoch 051 1100/1576 train_mae 1.34 kl 0.083 lr 3e-04 (171s)
[21:15:32]   Epoch 051 1200/1576 train_mae 1.34 kl 0.083 lr 3e-04 (186s)
[21:15:47]   Epoch 051 1300/1576 train_mae 1.33 kl 0.083 lr 3e-04 (202s)
[21:16:03]   Epoch 051 1400/1576 train_mae 1.33 kl 0.083 lr 3e-04 (217s)
[21:16:18]   Epoch 051 1500/1576 train_mae 1.33 kl 0.084 lr 3e-04 (233s)
[21:16:30]   Epoch 051 1576/1576 train_mae 1.33 kl 0.084 lr 3e-04 (245s)
[21:16:49] [Epoch 051 완료] train MAE 1.33 | val MAE 7.52 | val RMSE 10.25 | lr 3e-04 | 개선없음 19/15
[21:17:05]   Epoch 052 100/1576 train_mae 1.50 kl 0.099 lr 3e-04 (16s)
[21:17:20]   Epoch 052 200/1576 train_mae 1.43 kl 0.093 lr 3e-04 (31s)
[21:17:36]   Epoch 052 300/1576 train_mae 1.42 kl 0.089 lr 3e-04 (47s)
[21:17:51]   Epoch 052 400/1576 train_mae 1.39 kl 0.090 lr 3e-04 (62s)
[21:18:07]   Epoch 052 500/1576 train_mae 1.39 kl 0.090 lr 3e-04 (78s)
[21:18:22]   Epoch 052 600/1576 train_mae 1.38 kl 0.089 lr 3e-04 (93s)
[21:18:38]   Epoch 052 700/1576 train_mae 1.37 kl 0.088 lr 3e-04 (109s)
[21:18:53]   Epoch 052 800/1576 train_mae 1.36 kl 0.087 lr 3e-04 (124s)
[21:19:09]   Epoch 052 900/1576 train_mae 1.35 kl 0.086 lr 3e-04 (140s)
[21:19:24]   Epoch 052 1000/1576 train_mae 1.35 kl 0.086 lr 3e-04 (155s)
[21:19:40]   Epoch 052 1100/1576 train_mae 1.35 kl 0.086 lr 3e-04 (171s)
[21:19:55]   Epoch 052 1200/1576 train_mae 1.34 kl 0.086 lr 3e-04 (186s)
[21:20:11]   Epoch 052 1300/1576 train_mae 1.34 kl 0.085 lr 3e-04 (202s)
[21:20:26]   Epoch 052 1400/1576 train_mae 1.33 kl 0.085 lr 3e-04 (217s)
[21:20:42]   Epoch 052 1500/1576 train_mae 1.33 kl 0.085 lr 3e-04 (233s)
[21:20:54]   Epoch 052 1576/1576 train_mae 1.33 kl 0.085 lr 3e-04 (245s)
[21:21:14] [Epoch 052 완료] train MAE 1.33 | val MAE 7.43 | val RMSE 10.08 | lr 3e-04 | 개선없음 20/15
[21:21:30]   Epoch 053 100/1576 train_mae 1.53 kl 0.087 lr 3e-04 (15s)
[21:21:46]   Epoch 053 200/1576 train_mae 1.47 kl 0.088 lr 3e-04 (31s)
[21:22:01]   Epoch 053 300/1576 train_mae 1.44 kl 0.087 lr 3e-04 (47s)
[21:22:17]   Epoch 053 400/1576 train_mae 1.39 kl 0.085 lr 3e-04 (62s)
[21:22:32]   Epoch 053 500/1576 train_mae 1.39 kl 0.084 lr 3e-04 (78s)
[21:22:48]   Epoch 053 600/1576 train_mae 1.38 kl 0.084 lr 3e-04 (93s)
[21:23:03]   Epoch 053 700/1576 train_mae 1.38 kl 0.083 lr 3e-04 (109s)
[21:23:19]   Epoch 053 800/1576 train_mae 1.36 kl 0.082 lr 3e-04 (124s)
[21:23:34]   Epoch 053 900/1576 train_mae 1.35 kl 0.083 lr 3e-04 (140s)
[21:23:50]   Epoch 053 1000/1576 train_mae 1.35 kl 0.083 lr 3e-04 (155s)
[21:24:04]   Epoch 053 1100/1576 train_mae 1.35 kl 0.083 lr 3e-04 (170s)
[21:24:20]   Epoch 053 1200/1576 train_mae 1.34 kl 0.083 lr 3e-04 (185s)
[21:24:35]   Epoch 053 1300/1576 train_mae 1.34 kl 0.084 lr 3e-04 (201s)
[21:24:51]   Epoch 053 1400/1576 train_mae 1.33 kl 0.084 lr 3e-04 (216s)
[21:25:06]   Epoch 053 1500/1576 train_mae 1.32 kl 0.084 lr 3e-04 (232s)
[21:25:18]   Epoch 053 1576/1576 train_mae 1.32 kl 0.083 lr 3e-04 (244s)
[21:25:37] [Epoch 053 완료] train MAE 1.32 | val MAE 7.46 | val RMSE 10.17 | lr 3e-04 | 개선없음 21/15
[21:25:53]   Epoch 054 100/1576 train_mae 1.42 kl 0.084 lr 3e-04 (16s)
[21:26:08]   Epoch 054 200/1576 train_mae 1.42 kl 0.086 lr 3e-04 (31s)
[21:26:24]   Epoch 054 300/1576 train_mae 1.36 kl 0.085 lr 3e-04 (47s)
[21:26:39]   Epoch 054 400/1576 train_mae 1.33 kl 0.084 lr 3e-04 (62s)
[21:26:55]   Epoch 054 500/1576 train_mae 1.32 kl 0.083 lr 3e-04 (78s)
[21:27:11]   Epoch 054 600/1576 train_mae 1.31 kl 0.083 lr 3e-04 (93s)
[21:27:25]   Epoch 054 700/1576 train_mae 1.31 kl 0.082 lr 3e-04 (108s)
[21:27:41]   Epoch 054 800/1576 train_mae 1.30 kl 0.082 lr 3e-04 (123s)
[21:27:56]   Epoch 054 900/1576 train_mae 1.29 kl 0.083 lr 3e-04 (139s)
[21:28:12]   Epoch 054 1000/1576 train_mae 1.29 kl 0.083 lr 3e-04 (155s)
[21:28:27]   Epoch 054 1100/1576 train_mae 1.29 kl 0.083 lr 3e-04 (170s)
[21:28:43]   Epoch 054 1200/1576 train_mae 1.28 kl 0.083 lr 3e-04 (186s)
[21:28:58]   Epoch 054 1300/1576 train_mae 1.28 kl 0.083 lr 3e-04 (201s)
[21:29:14]   Epoch 054 1400/1576 train_mae 1.28 kl 0.083 lr 3e-04 (217s)
[21:29:30]   Epoch 054 1500/1576 train_mae 1.28 kl 0.084 lr 3e-04 (232s)
[21:29:41]   Epoch 054 1576/1576 train_mae 1.28 kl 0.083 lr 3e-04 (244s)
[21:30:02] [Epoch 054 완료] train MAE 1.28 | val MAE 7.42 | val RMSE 10.18 | lr 3e-04 | 개선없음 22/15
[21:30:18]   Epoch 055 100/1576 train_mae 1.28 kl 0.077 lr 3e-04 (16s)
[21:30:33]   Epoch 055 200/1576 train_mae 1.35 kl 0.082 lr 3e-04 (31s)
[21:30:49]   Epoch 055 300/1576 train_mae 1.33 kl 0.080 lr 3e-04 (47s)
[21:31:04]   Epoch 055 400/1576 train_mae 1.31 kl 0.079 lr 3e-04 (62s)
[21:31:20]   Epoch 055 500/1576 train_mae 1.30 kl 0.079 lr 3e-04 (78s)
[21:31:36]   Epoch 055 600/1576 train_mae 1.31 kl 0.079 lr 3e-04 (93s)
[21:31:51]   Epoch 055 700/1576 train_mae 1.30 kl 0.080 lr 3e-04 (109s)
[21:32:07]   Epoch 055 800/1576 train_mae 1.30 kl 0.080 lr 3e-04 (124s)
[21:32:22]   Epoch 055 900/1576 train_mae 1.30 kl 0.081 lr 3e-04 (140s)
[21:32:38]   Epoch 055 1000/1576 train_mae 1.29 kl 0.082 lr 3e-04 (156s)
[21:32:53]   Epoch 055 1100/1576 train_mae 1.29 kl 0.082 lr 3e-04 (171s)
[21:33:09]   Epoch 055 1200/1576 train_mae 1.29 kl 0.082 lr 3e-04 (187s)
[21:33:24]   Epoch 055 1300/1576 train_mae 1.28 kl 0.082 lr 3e-04 (202s)
[21:33:40]   Epoch 055 1400/1576 train_mae 1.28 kl 0.082 lr 3e-04 (218s)
[21:33:56]   Epoch 055 1500/1576 train_mae 1.28 kl 0.082 lr 3e-04 (233s)
[21:34:07]   Epoch 055 1576/1576 train_mae 1.28 kl 0.082 lr 3e-04 (245s)
[21:34:26] [Epoch 055 완료] train MAE 1.28 | val MAE 7.26 | val RMSE 9.97 | lr 3e-04 | * best 저장 (val MAE 7.26)
[21:34:42]   Epoch 056 100/1576 train_mae 1.31 kl 0.084 lr 3e-04 (15s)
[21:34:57]   Epoch 056 200/1576 train_mae 1.33 kl 0.087 lr 3e-04 (31s)
[21:35:13]   Epoch 056 300/1576 train_mae 1.29 kl 0.085 lr 3e-04 (47s)
[21:35:28]   Epoch 056 400/1576 train_mae 1.29 kl 0.085 lr 3e-04 (62s)
[21:35:44]   Epoch 056 500/1576 train_mae 1.27 kl 0.084 lr 3e-04 (78s)
[21:36:00]   Epoch 056 600/1576 train_mae 1.26 kl 0.083 lr 3e-04 (93s)
[21:36:15]   Epoch 056 700/1576 train_mae 1.27 kl 0.083 lr 3e-04 (109s)
[21:36:31]   Epoch 056 800/1576 train_mae 1.27 kl 0.082 lr 3e-04 (124s)
[21:36:46]   Epoch 056 900/1576 train_mae 1.26 kl 0.083 lr 3e-04 (140s)
[21:37:02]   Epoch 056 1000/1576 train_mae 1.26 kl 0.083 lr 3e-04 (156s)
[21:37:17]   Epoch 056 1100/1576 train_mae 1.26 kl 0.083 lr 3e-04 (171s)
[21:37:33]   Epoch 056 1200/1576 train_mae 1.25 kl 0.083 lr 3e-04 (187s)
[21:37:48]   Epoch 056 1300/1576 train_mae 1.25 kl 0.084 lr 3e-04 (202s)
[21:38:04]   Epoch 056 1400/1576 train_mae 1.24 kl 0.084 lr 3e-04 (218s)
[21:38:20]   Epoch 056 1500/1576 train_mae 1.24 kl 0.083 lr 3e-04 (233s)
[21:38:31]   Epoch 056 1576/1576 train_mae 1.25 kl 0.084 lr 3e-04 (245s)
[21:38:50] [Epoch 056 완료] train MAE 1.25 | val MAE 7.25 | val RMSE 9.92 | lr 3e-04 | * best 저장 (val MAE 7.25)
[21:39:06]   Epoch 057 100/1576 train_mae 1.30 kl 0.087 lr 3e-04 (16s)
[21:39:22]   Epoch 057 200/1576 train_mae 1.27 kl 0.084 lr 3e-04 (31s)
[21:39:37]   Epoch 057 300/1576 train_mae 1.29 kl 0.083 lr 3e-04 (47s)
[21:39:53]   Epoch 057 400/1576 train_mae 1.27 kl 0.083 lr 3e-04 (62s)
[21:40:08]   Epoch 057 500/1576 train_mae 1.27 kl 0.082 lr 3e-04 (78s)
[21:40:24]   Epoch 057 600/1576 train_mae 1.25 kl 0.081 lr 3e-04 (93s)
[21:40:39]   Epoch 057 700/1576 train_mae 1.24 kl 0.081 lr 3e-04 (109s)
[21:40:55]   Epoch 057 800/1576 train_mae 1.24 kl 0.082 lr 3e-04 (125s)
[21:41:10]   Epoch 057 900/1576 train_mae 1.23 kl 0.082 lr 3e-04 (140s)
[21:41:26]   Epoch 057 1000/1576 train_mae 1.23 kl 0.083 lr 3e-04 (156s)
[21:41:41]   Epoch 057 1100/1576 train_mae 1.23 kl 0.083 lr 3e-04 (171s)
[21:41:57]   Epoch 057 1200/1576 train_mae 1.22 kl 0.083 lr 3e-04 (187s)
[21:42:13]   Epoch 057 1300/1576 train_mae 1.22 kl 0.083 lr 3e-04 (202s)
[21:42:28]   Epoch 057 1400/1576 train_mae 1.22 kl 0.083 lr 3e-04 (218s)
[21:42:44]   Epoch 057 1500/1576 train_mae 1.22 kl 0.083 lr 3e-04 (233s)
[21:42:55]   Epoch 057 1576/1576 train_mae 1.22 kl 0.083 lr 3e-04 (245s)
[21:43:16] [Epoch 057 완료] train MAE 1.22 | val MAE 7.39 | val RMSE 10.05 | lr 3e-04 | 개선없음 1/15
[21:43:32]   Epoch 058 100/1576 train_mae 1.29 kl 0.088 lr 3e-04 (15s)
[21:43:47]   Epoch 058 200/1576 train_mae 1.32 kl 0.085 lr 3e-04 (31s)
[21:44:03]   Epoch 058 300/1576 train_mae 1.30 kl 0.085 lr 3e-04 (47s)
[21:44:19]   Epoch 058 400/1576 train_mae 1.26 kl 0.086 lr 3e-04 (62s)
[21:44:34]   Epoch 058 500/1576 train_mae 1.25 kl 0.085 lr 3e-04 (78s)
[21:44:50]   Epoch 058 600/1576 train_mae 1.24 kl 0.085 lr 3e-04 (93s)
[21:45:05]   Epoch 058 700/1576 train_mae 1.24 kl 0.085 lr 3e-04 (109s)
[21:45:21]   Epoch 058 800/1576 train_mae 1.24 kl 0.085 lr 3e-04 (124s)
[21:45:36]   Epoch 058 900/1576 train_mae 1.23 kl 0.085 lr 3e-04 (140s)
[21:45:52]   Epoch 058 1000/1576 train_mae 1.22 kl 0.084 lr 3e-04 (156s)
[21:46:08]   Epoch 058 1100/1576 train_mae 1.22 kl 0.085 lr 3e-04 (171s)
[21:46:23]   Epoch 058 1200/1576 train_mae 1.21 kl 0.084 lr 3e-04 (187s)
[21:46:39]   Epoch 058 1300/1576 train_mae 1.21 kl 0.084 lr 3e-04 (202s)
[21:46:54]   Epoch 058 1400/1576 train_mae 1.21 kl 0.084 lr 3e-04 (218s)
[21:47:10]   Epoch 058 1500/1576 train_mae 1.21 kl 0.083 lr 3e-04 (233s)
[21:47:22]   Epoch 058 1576/1576 train_mae 1.20 kl 0.083 lr 3e-04 (245s)
[21:47:42] [Epoch 058 완료] train MAE 1.20 | val MAE 7.31 | val RMSE 9.97 | lr 3e-04 | 개선없음 2/15
[21:47:58]   Epoch 059 100/1576 train_mae 1.22 kl 0.082 lr 3e-04 (16s)
[21:48:14]   Epoch 059 200/1576 train_mae 1.21 kl 0.083 lr 3e-04 (31s)
[21:48:29]   Epoch 059 300/1576 train_mae 1.21 kl 0.082 lr 3e-04 (47s)
[21:48:45]   Epoch 059 400/1576 train_mae 1.19 kl 0.081 lr 3e-04 (62s)
[21:49:00]   Epoch 059 500/1576 train_mae 1.19 kl 0.080 lr 3e-04 (78s)
[21:49:14]   Epoch 059 600/1576 train_mae 1.19 kl 0.081 lr 3e-04 (92s)
[21:49:30]   Epoch 059 700/1576 train_mae 1.19 kl 0.081 lr 3e-04 (107s)
[21:49:45]   Epoch 059 800/1576 train_mae 1.20 kl 0.082 lr 3e-04 (123s)
[21:50:01]   Epoch 059 900/1576 train_mae 1.20 kl 0.082 lr 3e-04 (138s)
[21:50:16]   Epoch 059 1000/1576 train_mae 1.20 kl 0.082 lr 3e-04 (154s)
[21:50:32]   Epoch 059 1100/1576 train_mae 1.21 kl 0.082 lr 3e-04 (169s)
[21:50:48]   Epoch 059 1200/1576 train_mae 1.20 kl 0.083 lr 3e-04 (185s)
[21:51:03]   Epoch 059 1300/1576 train_mae 1.20 kl 0.083 lr 3e-04 (201s)
[21:51:19]   Epoch 059 1400/1576 train_mae 1.20 kl 0.083 lr 3e-04 (216s)
[21:51:34]   Epoch 059 1500/1576 train_mae 1.19 kl 0.083 lr 3e-04 (232s)
[21:51:46]   Epoch 059 1576/1576 train_mae 1.19 kl 0.083 lr 3e-04 (243s)
[21:52:06] [Epoch 059 완료] train MAE 1.19 | val MAE 7.36 | val RMSE 9.97 | lr 3e-04 | 개선없음 3/15
[21:52:22]   Epoch 060 100/1576 train_mae 1.25 kl 0.083 lr 3e-04 (15s)
[21:52:37]   Epoch 060 200/1576 train_mae 1.24 kl 0.085 lr 3e-04 (31s)
[21:52:52]   Epoch 060 300/1576 train_mae 1.22 kl 0.084 lr 3e-04 (45s)
[21:53:07]   Epoch 060 400/1576 train_mae 1.22 kl 0.084 lr 3e-04 (61s)
[21:53:23]   Epoch 060 500/1576 train_mae 1.21 kl 0.083 lr 3e-04 (76s)
[21:53:38]   Epoch 060 600/1576 train_mae 1.22 kl 0.082 lr 3e-04 (92s)
[21:53:54]   Epoch 060 700/1576 train_mae 1.20 kl 0.081 lr 3e-04 (107s)
[21:54:09]   Epoch 060 800/1576 train_mae 1.18 kl 0.081 lr 3e-04 (123s)
[21:54:25]   Epoch 060 900/1576 train_mae 1.18 kl 0.080 lr 3e-04 (138s)
[21:54:40]   Epoch 060 1000/1576 train_mae 1.18 kl 0.080 lr 3e-04 (154s)
[21:54:56]   Epoch 060 1100/1576 train_mae 1.18 kl 0.081 lr 3e-04 (170s)
[21:55:11]   Epoch 060 1200/1576 train_mae 1.18 kl 0.080 lr 3e-04 (185s)
[21:55:27]   Epoch 060 1300/1576 train_mae 1.17 kl 0.080 lr 3e-04 (201s)
[21:55:42]   Epoch 060 1400/1576 train_mae 1.17 kl 0.079 lr 3e-04 (216s)
[21:55:58]   Epoch 060 1500/1576 train_mae 1.18 kl 0.080 lr 3e-04 (232s)
[21:56:10]   Epoch 060 1576/1576 train_mae 1.17 kl 0.080 lr 3e-04 (244s)
[21:56:30] [Epoch 060 완료] train MAE 1.17 | val MAE 7.38 | val RMSE 10.05 | lr 3e-04 | 개선없음 4/15
[21:56:45]   Epoch 061 100/1576 train_mae 1.13 kl 0.075 lr 1e-04 (15s)
[21:57:01]   Epoch 061 200/1576 train_mae 1.18 kl 0.082 lr 1e-04 (30s)
[21:57:16]   Epoch 061 300/1576 train_mae 1.17 kl 0.082 lr 1e-04 (46s)
[21:57:32]   Epoch 061 400/1576 train_mae 1.14 kl 0.081 lr 1e-04 (61s)
[21:57:47]   Epoch 061 500/1576 train_mae 1.13 kl 0.080 lr 1e-04 (77s)
[21:58:03]   Epoch 061 600/1576 train_mae 1.11 kl 0.079 lr 1e-04 (92s)
[21:58:19]   Epoch 061 700/1576 train_mae 1.10 kl 0.079 lr 1e-04 (108s)
[21:58:34]   Epoch 061 800/1576 train_mae 1.08 kl 0.078 lr 1e-04 (124s)
[21:58:50]   Epoch 061 900/1576 train_mae 1.07 kl 0.078 lr 1e-04 (139s)
[21:59:05]   Epoch 061 1000/1576 train_mae 1.07 kl 0.078 lr 1e-04 (155s)
[21:59:21]   Epoch 061 1100/1576 train_mae 1.06 kl 0.077 lr 1e-04 (170s)
[21:59:36]   Epoch 061 1200/1576 train_mae 1.05 kl 0.077 lr 1e-04 (186s)
[21:59:52]   Epoch 061 1300/1576 train_mae 1.05 kl 0.077 lr 1e-04 (201s)
[22:00:07]   Epoch 061 1400/1576 train_mae 1.04 kl 0.076 lr 1e-04 (217s)
[22:00:23]   Epoch 061 1500/1576 train_mae 1.03 kl 0.077 lr 1e-04 (232s)
[22:00:35]   Epoch 061 1576/1576 train_mae 1.04 kl 0.077 lr 1e-04 (244s)
[22:00:55] [Epoch 061 완료] train MAE 1.04 | val MAE 7.32 | val RMSE 9.97 | lr 1e-04 | 개선없음 5/15
[22:01:11]   Epoch 062 100/1576 train_mae 0.75 kl 0.071 lr 1e-04 (16s)
[22:01:27]   Epoch 062 200/1576 train_mae 0.74 kl 0.072 lr 1e-04 (31s)
[22:01:43]   Epoch 062 300/1576 train_mae 0.73 kl 0.072 lr 1e-04 (47s)
[22:01:58]   Epoch 062 400/1576 train_mae 0.73 kl 0.073 lr 1e-04 (62s)
[22:02:14]   Epoch 062 500/1576 train_mae 0.72 kl 0.072 lr 1e-04 (78s)
[22:02:29]   Epoch 062 600/1576 train_mae 0.72 kl 0.073 lr 1e-04 (93s)
[22:02:45]   Epoch 062 700/1576 train_mae 0.72 kl 0.073 lr 1e-04 (109s)
[22:03:00]   Epoch 062 800/1576 train_mae 0.73 kl 0.074 lr 1e-04 (124s)
[22:03:16]   Epoch 062 900/1576 train_mae 0.72 kl 0.074 lr 1e-04 (140s)
[22:03:31]   Epoch 062 1000/1576 train_mae 0.73 kl 0.075 lr 1e-04 (156s)
[22:03:47]   Epoch 062 1100/1576 train_mae 0.73 kl 0.075 lr 1e-04 (171s)
[22:04:03]   Epoch 062 1200/1576 train_mae 0.73 kl 0.075 lr 1e-04 (187s)
[22:04:18]   Epoch 062 1300/1576 train_mae 0.73 kl 0.075 lr 1e-04 (202s)
[22:04:34]   Epoch 062 1400/1576 train_mae 0.73 kl 0.075 lr 1e-04 (218s)
[22:04:49]   Epoch 062 1500/1576 train_mae 0.73 kl 0.074 lr 1e-04 (234s)
[22:05:01]   Epoch 062 1576/1576 train_mae 0.73 kl 0.074 lr 1e-04 (245s)
[22:05:22] [Epoch 062 완료] train MAE 0.73 | val MAE 7.24 | val RMSE 9.91 | lr 1e-04 | * best 저장 (val MAE 7.24)
[22:05:38]   Epoch 063 100/1576 train_mae 0.60 kl 0.067 lr 1e-04 (15s)
[22:05:53]   Epoch 063 200/1576 train_mae 0.59 kl 0.066 lr 1e-04 (31s)
[22:06:09]   Epoch 063 300/1576 train_mae 0.60 kl 0.069 lr 1e-04 (47s)
[22:06:24]   Epoch 063 400/1576 train_mae 0.62 kl 0.070 lr 1e-04 (62s)
[22:06:40]   Epoch 063 500/1576 train_mae 0.62 kl 0.070 lr 1e-04 (78s)
[22:06:56]   Epoch 063 600/1576 train_mae 0.61 kl 0.069 lr 1e-04 (93s)
[22:07:11]   Epoch 063 700/1576 train_mae 0.61 kl 0.069 lr 1e-04 (109s)
[22:07:27]   Epoch 063 800/1576 train_mae 0.62 kl 0.069 lr 1e-04 (124s)
[22:07:42]   Epoch 063 900/1576 train_mae 0.62 kl 0.069 lr 1e-04 (140s)
[22:07:58]   Epoch 063 1000/1576 train_mae 0.62 kl 0.069 lr 1e-04 (156s)
[22:08:13]   Epoch 063 1100/1576 train_mae 0.62 kl 0.070 lr 1e-04 (171s)
[22:08:29]   Epoch 063 1200/1576 train_mae 0.62 kl 0.070 lr 1e-04 (187s)
[22:08:45]   Epoch 063 1300/1576 train_mae 0.62 kl 0.069 lr 1e-04 (202s)
[22:09:00]   Epoch 063 1400/1576 train_mae 0.62 kl 0.070 lr 1e-04 (218s)
[22:09:16]   Epoch 063 1500/1576 train_mae 0.62 kl 0.069 lr 1e-04 (233s)
[22:09:27]   Epoch 063 1576/1576 train_mae 0.62 kl 0.069 lr 1e-04 (245s)
[22:09:46] [Epoch 063 완료] train MAE 0.62 | val MAE 7.25 | val RMSE 9.90 | lr 1e-04 | 개선없음 1/15
[22:10:01]   Epoch 064 100/1576 train_mae 0.58 kl 0.065 lr 1e-04 (15s)
[22:10:17]   Epoch 064 200/1576 train_mae 0.55 kl 0.064 lr 1e-04 (30s)
[22:10:32]   Epoch 064 300/1576 train_mae 0.56 kl 0.067 lr 1e-04 (46s)
[22:10:48]   Epoch 064 400/1576 train_mae 0.56 kl 0.066 lr 1e-04 (62s)
[22:11:04]   Epoch 064 500/1576 train_mae 0.56 kl 0.066 lr 1e-04 (77s)
[22:11:19]   Epoch 064 600/1576 train_mae 0.56 kl 0.065 lr 1e-04 (93s)
[22:11:35]   Epoch 064 700/1576 train_mae 0.56 kl 0.066 lr 1e-04 (108s)
[22:11:50]   Epoch 064 800/1576 train_mae 0.56 kl 0.066 lr 1e-04 (124s)
[22:12:06]   Epoch 064 900/1576 train_mae 0.57 kl 0.066 lr 1e-04 (139s)
[22:12:22]   Epoch 064 1000/1576 train_mae 0.57 kl 0.066 lr 1e-04 (155s)
[22:12:37]   Epoch 064 1100/1576 train_mae 0.57 kl 0.066 lr 1e-04 (170s)
[22:12:53]   Epoch 064 1200/1576 train_mae 0.57 kl 0.066 lr 1e-04 (186s)
[22:13:08]   Epoch 064 1300/1576 train_mae 0.57 kl 0.066 lr 1e-04 (202s)
[22:13:24]   Epoch 064 1400/1576 train_mae 0.58 kl 0.067 lr 1e-04 (217s)
[22:13:39]   Epoch 064 1500/1576 train_mae 0.58 kl 0.067 lr 1e-04 (233s)
[22:13:51]   Epoch 064 1576/1576 train_mae 0.58 kl 0.067 lr 1e-04 (245s)
[22:14:12] [Epoch 064 완료] train MAE 0.58 | val MAE 7.22 | val RMSE 9.87 | lr 1e-04 | * best 저장 (val MAE 7.22)
[22:14:28]   Epoch 065 100/1576 train_mae 0.56 kl 0.063 lr 1e-04 (15s)
[22:14:43]   Epoch 065 200/1576 train_mae 0.55 kl 0.064 lr 1e-04 (31s)
[22:14:59]   Epoch 065 300/1576 train_mae 0.54 kl 0.064 lr 1e-04 (46s)
[22:15:14]   Epoch 065 400/1576 train_mae 0.56 kl 0.065 lr 1e-04 (62s)
[22:15:30]   Epoch 065 500/1576 train_mae 0.57 kl 0.067 lr 1e-04 (78s)
[22:15:45]   Epoch 065 600/1576 train_mae 0.56 kl 0.067 lr 1e-04 (93s)
[22:16:01]   Epoch 065 700/1576 train_mae 0.56 kl 0.067 lr 1e-04 (109s)
[22:16:16]   Epoch 065 800/1576 train_mae 0.56 kl 0.066 lr 1e-04 (124s)
[22:16:32]   Epoch 065 900/1576 train_mae 0.56 kl 0.066 lr 1e-04 (140s)
[22:16:47]   Epoch 065 1000/1576 train_mae 0.56 kl 0.066 lr 1e-04 (155s)
[22:17:03]   Epoch 065 1100/1576 train_mae 0.56 kl 0.066 lr 1e-04 (171s)
[22:17:18]   Epoch 065 1200/1576 train_mae 0.56 kl 0.066 lr 1e-04 (186s)
[22:17:34]   Epoch 065 1300/1576 train_mae 0.56 kl 0.066 lr 1e-04 (202s)
[22:17:50]   Epoch 065 1400/1576 train_mae 0.56 kl 0.066 lr 1e-04 (217s)
[22:18:05]   Epoch 065 1500/1576 train_mae 0.56 kl 0.066 lr 1e-04 (233s)
[22:18:17]   Epoch 065 1576/1576 train_mae 0.56 kl 0.065 lr 1e-04 (245s)
[22:18:38] [Epoch 065 완료] train MAE 0.56 | val MAE 7.29 | val RMSE 9.94 | lr 1e-04 | 개선없음 1/15
[22:18:53]   Epoch 066 100/1576 train_mae 0.61 kl 0.071 lr 1e-04 (15s)
[22:19:09]   Epoch 066 200/1576 train_mae 0.57 kl 0.068 lr 1e-04 (31s)
[22:19:25]   Epoch 066 300/1576 train_mae 0.55 kl 0.067 lr 1e-04 (47s)
[22:19:40]   Epoch 066 400/1576 train_mae 0.55 kl 0.066 lr 1e-04 (62s)
[22:19:56]   Epoch 066 500/1576 train_mae 0.55 kl 0.065 lr 1e-04 (78s)
[22:20:11]   Epoch 066 600/1576 train_mae 0.54 kl 0.064 lr 1e-04 (93s)
[22:20:27]   Epoch 066 700/1576 train_mae 0.54 kl 0.064 lr 1e-04 (109s)
[22:20:42]   Epoch 066 800/1576 train_mae 0.54 kl 0.064 lr 1e-04 (124s)
[22:20:58]   Epoch 066 900/1576 train_mae 0.54 kl 0.063 lr 1e-04 (140s)
[22:21:14]   Epoch 066 1000/1576 train_mae 0.54 kl 0.063 lr 1e-04 (155s)
[22:21:29]   Epoch 066 1100/1576 train_mae 0.54 kl 0.064 lr 1e-04 (171s)
[22:21:45]   Epoch 066 1200/1576 train_mae 0.53 kl 0.064 lr 1e-04 (187s)
[22:22:00]   Epoch 066 1300/1576 train_mae 0.53 kl 0.063 lr 1e-04 (202s)
[22:22:16]   Epoch 066 1400/1576 train_mae 0.53 kl 0.063 lr 1e-04 (218s)
[22:22:31]   Epoch 066 1500/1576 train_mae 0.53 kl 0.063 lr 1e-04 (233s)
[22:22:43]   Epoch 066 1576/1576 train_mae 0.53 kl 0.063 lr 1e-04 (245s)
[22:23:04] [Epoch 066 완료] train MAE 0.53 | val MAE 7.30 | val RMSE 9.96 | lr 1e-04 | 개선없음 2/15
[22:23:20]   Epoch 067 100/1576 train_mae 0.56 kl 0.061 lr 1e-04 (16s)
[22:23:35]   Epoch 067 200/1576 train_mae 0.54 kl 0.059 lr 1e-04 (31s)
[22:23:51]   Epoch 067 300/1576 train_mae 0.54 kl 0.058 lr 1e-04 (47s)
[22:24:06]   Epoch 067 400/1576 train_mae 0.53 kl 0.060 lr 1e-04 (62s)
[22:24:22]   Epoch 067 500/1576 train_mae 0.54 kl 0.061 lr 1e-04 (78s)
[22:24:37]   Epoch 067 600/1576 train_mae 0.53 kl 0.061 lr 1e-04 (94s)
[22:24:53]   Epoch 067 700/1576 train_mae 0.53 kl 0.061 lr 1e-04 (109s)
[22:25:09]   Epoch 067 800/1576 train_mae 0.53 kl 0.061 lr 1e-04 (125s)
[22:25:24]   Epoch 067 900/1576 train_mae 0.53 kl 0.061 lr 1e-04 (140s)
[22:25:40]   Epoch 067 1000/1576 train_mae 0.53 kl 0.061 lr 1e-04 (156s)
[22:25:55]   Epoch 067 1100/1576 train_mae 0.53 kl 0.062 lr 1e-04 (171s)
[22:26:11]   Epoch 067 1200/1576 train_mae 0.53 kl 0.062 lr 1e-04 (187s)
[22:26:26]   Epoch 067 1300/1576 train_mae 0.52 kl 0.062 lr 1e-04 (202s)
[22:26:43]   Epoch 067 1400/1576 train_mae 0.52 kl 0.062 lr 1e-04 (219s)
[22:26:59]   Epoch 067 1500/1576 train_mae 0.52 kl 0.062 lr 1e-04 (235s)
[22:27:10]   Epoch 067 1576/1576 train_mae 0.53 kl 0.063 lr 1e-04 (246s)
[22:27:31] [Epoch 067 완료] train MAE 0.53 | val MAE 7.24 | val RMSE 9.93 | lr 1e-04 | 개선없음 3/15
[22:27:46]   Epoch 068 100/1576 train_mae 0.48 kl 0.061 lr 1e-04 (15s)
[22:28:02]   Epoch 068 200/1576 train_mae 0.54 kl 0.067 lr 1e-04 (31s)
[22:28:17]   Epoch 068 300/1576 train_mae 0.52 kl 0.065 lr 1e-04 (46s)
[22:28:33]   Epoch 068 400/1576 train_mae 0.52 kl 0.065 lr 1e-04 (62s)
[22:28:48]   Epoch 068 500/1576 train_mae 0.52 kl 0.065 lr 1e-04 (77s)
[22:29:04]   Epoch 068 600/1576 train_mae 0.52 kl 0.064 lr 1e-04 (93s)
[22:29:19]   Epoch 068 700/1576 train_mae 0.52 kl 0.064 lr 1e-04 (108s)
[22:29:35]   Epoch 068 800/1576 train_mae 0.52 kl 0.063 lr 1e-04 (124s)
[22:29:49]   Epoch 068 900/1576 train_mae 0.52 kl 0.063 lr 1e-04 (138s)
[22:30:03]   Epoch 068 1000/1576 train_mae 0.52 kl 0.063 lr 1e-04 (152s)
[22:30:19]   Epoch 068 1100/1576 train_mae 0.52 kl 0.063 lr 1e-04 (167s)
[22:30:34]   Epoch 068 1200/1576 train_mae 0.51 kl 0.062 lr 1e-04 (183s)
[22:30:51]   Epoch 068 1300/1576 train_mae 0.52 kl 0.062 lr 1e-04 (200s)
[22:31:16]   Epoch 068 1400/1576 train_mae 0.52 kl 0.062 lr 1e-04 (225s)
[22:31:44]   Epoch 068 1500/1576 train_mae 0.52 kl 0.062 lr 1e-04 (252s)
[22:32:05]   Epoch 068 1576/1576 train_mae 0.52 kl 0.062 lr 1e-04 (274s)
[22:32:44] [Epoch 068 완료] train MAE 0.52 | val MAE 7.21 | val RMSE 9.89 | lr 1e-04 | * best 저장 (val MAE 7.21)
[22:33:14]   Epoch 069 100/1576 train_mae 0.52 kl 0.062 lr 1e-04 (29s)
[22:33:43]   Epoch 069 200/1576 train_mae 0.51 kl 0.061 lr 1e-04 (58s)
[22:34:13]   Epoch 069 300/1576 train_mae 0.50 kl 0.060 lr 1e-04 (88s)
[22:34:43]   Epoch 069 400/1576 train_mae 0.51 kl 0.061 lr 1e-04 (118s)
[22:35:12]   Epoch 069 500/1576 train_mae 0.51 kl 0.062 lr 1e-04 (147s)
[22:35:42]   Epoch 069 600/1576 train_mae 0.52 kl 0.063 lr 1e-04 (177s)
[22:36:12]   Epoch 069 700/1576 train_mae 0.53 kl 0.063 lr 1e-04 (207s)
[22:36:42]   Epoch 069 800/1576 train_mae 0.53 kl 0.063 lr 1e-04 (238s)
[22:37:11]   Epoch 069 900/1576 train_mae 0.52 kl 0.062 lr 1e-04 (267s)
[22:37:39]   Epoch 069 1000/1576 train_mae 0.52 kl 0.062 lr 1e-04 (294s)
[22:38:09]   Epoch 069 1100/1576 train_mae 0.52 kl 0.062 lr 1e-04 (324s)
[22:38:38]   Epoch 069 1200/1576 train_mae 0.52 kl 0.062 lr 1e-04 (354s)
[22:39:07]   Epoch 069 1300/1576 train_mae 0.52 kl 0.062 lr 1e-04 (382s)
[22:39:36]   Epoch 069 1400/1576 train_mae 0.52 kl 0.062 lr 1e-04 (411s)
[22:40:05]   Epoch 069 1500/1576 train_mae 0.51 kl 0.062 lr 1e-04 (440s)
[22:40:27]   Epoch 069 1576/1576 train_mae 0.52 kl 0.062 lr 1e-04 (462s)
[22:41:06] [Epoch 069 완료] train MAE 0.52 | val MAE 7.24 | val RMSE 9.91 | lr 1e-04 | 개선없음 1/15
[22:41:36]   Epoch 070 100/1576 train_mae 0.54 kl 0.066 lr 1e-04 (29s)
[22:42:04]   Epoch 070 200/1576 train_mae 0.55 kl 0.067 lr 1e-04 (57s)
[22:42:33]   Epoch 070 300/1576 train_mae 0.52 kl 0.064 lr 1e-04 (86s)
[22:43:02]   Epoch 070 400/1576 train_mae 0.52 kl 0.063 lr 1e-04 (115s)
[22:43:30]   Epoch 070 500/1576 train_mae 0.51 kl 0.063 lr 1e-04 (143s)
[22:43:59]   Epoch 070 600/1576 train_mae 0.51 kl 0.063 lr 1e-04 (172s)
[22:44:28]   Epoch 070 700/1576 train_mae 0.51 kl 0.062 lr 1e-04 (201s)
[22:44:57]   Epoch 070 800/1576 train_mae 0.51 kl 0.062 lr 1e-04 (229s)
[22:45:25]   Epoch 070 900/1576 train_mae 0.51 kl 0.062 lr 1e-04 (258s)
[22:45:53]   Epoch 070 1000/1576 train_mae 0.51 kl 0.061 lr 1e-04 (286s)
[22:46:22]   Epoch 070 1100/1576 train_mae 0.51 kl 0.061 lr 1e-04 (315s)
[22:46:51]   Epoch 070 1200/1576 train_mae 0.51 kl 0.062 lr 1e-04 (344s)
[22:47:20]   Epoch 070 1300/1576 train_mae 0.51 kl 0.061 lr 1e-04 (373s)
[22:47:48]   Epoch 070 1400/1576 train_mae 0.51 kl 0.061 lr 1e-04 (401s)
[22:48:18]   Epoch 070 1500/1576 train_mae 0.51 kl 0.061 lr 1e-04 (431s)
[22:48:40]   Epoch 070 1576/1576 train_mae 0.51 kl 0.060 lr 1e-04 (453s)
[22:49:21] [Epoch 070 완료] train MAE 0.51 | val MAE 7.23 | val RMSE 9.92 | lr 1e-04 | 개선없음 2/15
[22:49:51]   Epoch 071 100/1576 train_mae 0.49 kl 0.061 lr 1e-04 (29s)
[22:50:19]   Epoch 071 200/1576 train_mae 0.51 kl 0.060 lr 1e-04 (57s)
[22:50:47]   Epoch 071 300/1576 train_mae 0.50 kl 0.060 lr 1e-04 (85s)
[22:51:16]   Epoch 071 400/1576 train_mae 0.50 kl 0.060 lr 1e-04 (114s)
[22:51:44]   Epoch 071 500/1576 train_mae 0.50 kl 0.060 lr 1e-04 (143s)
[22:52:13]   Epoch 071 600/1576 train_mae 0.50 kl 0.060 lr 1e-04 (172s)
[22:52:42]   Epoch 071 700/1576 train_mae 0.50 kl 0.060 lr 1e-04 (201s)
[22:53:11]   Epoch 071 800/1576 train_mae 0.50 kl 0.060 lr 1e-04 (230s)
[22:53:40]   Epoch 071 900/1576 train_mae 0.50 kl 0.060 lr 1e-04 (258s)
[22:54:07]   Epoch 071 1000/1576 train_mae 0.49 kl 0.060 lr 1e-04 (285s)
[22:54:36]   Epoch 071 1100/1576 train_mae 0.50 kl 0.060 lr 1e-04 (314s)
[22:55:04]   Epoch 071 1200/1576 train_mae 0.50 kl 0.060 lr 1e-04 (343s)
[22:55:32]   Epoch 071 1300/1576 train_mae 0.50 kl 0.060 lr 1e-04 (371s)
[22:56:01]   Epoch 071 1400/1576 train_mae 0.50 kl 0.060 lr 1e-04 (400s)
[22:56:30]   Epoch 071 1500/1576 train_mae 0.50 kl 0.059 lr 1e-04 (428s)
[22:56:52]   Epoch 071 1576/1576 train_mae 0.50 kl 0.060 lr 1e-04 (450s)
[22:57:32] [Epoch 071 완료] train MAE 0.50 | val MAE 7.20 | val RMSE 9.91 | lr 1e-04 | 개선없음 3/15
[22:58:01]   Epoch 072 100/1576 train_mae 0.48 kl 0.057 lr 1e-04 (29s)
[22:58:30]   Epoch 072 200/1576 train_mae 0.50 kl 0.058 lr 1e-04 (57s)
[22:58:58]   Epoch 072 300/1576 train_mae 0.49 kl 0.058 lr 1e-04 (86s)
[22:59:27]   Epoch 072 400/1576 train_mae 0.49 kl 0.058 lr 1e-04 (114s)
[22:59:55]   Epoch 072 500/1576 train_mae 0.49 kl 0.060 lr 1e-04 (142s)
[23:00:23]   Epoch 072 600/1576 train_mae 0.49 kl 0.059 lr 1e-04 (171s)
[23:00:52]   Epoch 072 700/1576 train_mae 0.49 kl 0.059 lr 1e-04 (199s)
[23:01:19]   Epoch 072 800/1576 train_mae 0.49 kl 0.059 lr 1e-04 (227s)
[23:01:47]   Epoch 072 900/1576 train_mae 0.49 kl 0.059 lr 1e-04 (255s)
[23:02:15]   Epoch 072 1000/1576 train_mae 0.50 kl 0.059 lr 1e-04 (283s)
[23:02:44]   Epoch 072 1100/1576 train_mae 0.49 kl 0.059 lr 1e-04 (312s)
[23:03:13]   Epoch 072 1200/1576 train_mae 0.50 kl 0.059 lr 1e-04 (340s)
[23:03:42]   Epoch 072 1300/1576 train_mae 0.50 kl 0.059 lr 1e-04 (369s)
[23:04:11]   Epoch 072 1400/1576 train_mae 0.50 kl 0.059 lr 1e-04 (398s)
[23:04:40]   Epoch 072 1500/1576 train_mae 0.50 kl 0.059 lr 1e-04 (427s)
[23:05:02]   Epoch 072 1576/1576 train_mae 0.50 kl 0.059 lr 1e-04 (449s)
[23:05:43] [Epoch 072 완료] train MAE 0.50 | val MAE 7.24 | val RMSE 9.95 | lr 1e-04 | 개선없음 4/15
[23:06:11]   Epoch 073 100/1576 train_mae 0.49 kl 0.058 lr 1e-04 (28s)
[23:06:40]   Epoch 073 200/1576 train_mae 0.48 kl 0.058 lr 1e-04 (57s)
[23:07:08]   Epoch 073 300/1576 train_mae 0.50 kl 0.059 lr 1e-04 (85s)
[23:07:36]   Epoch 073 400/1576 train_mae 0.49 kl 0.058 lr 1e-04 (113s)
[23:08:05]   Epoch 073 500/1576 train_mae 0.50 kl 0.058 lr 1e-04 (142s)
[23:08:34]   Epoch 073 600/1576 train_mae 0.49 kl 0.058 lr 1e-04 (171s)
[23:09:02]   Epoch 073 700/1576 train_mae 0.49 kl 0.058 lr 1e-04 (199s)
[23:09:30]   Epoch 073 800/1576 train_mae 0.50 kl 0.059 lr 1e-04 (227s)
[23:09:57]   Epoch 073 900/1576 train_mae 0.50 kl 0.059 lr 1e-04 (254s)
[23:10:22]   Epoch 073 1000/1576 train_mae 0.49 kl 0.059 lr 1e-04 (279s)
[23:10:51]   Epoch 073 1100/1576 train_mae 0.49 kl 0.058 lr 1e-04 (308s)
[23:11:20]   Epoch 073 1200/1576 train_mae 0.49 kl 0.058 lr 1e-04 (337s)
[23:11:48]   Epoch 073 1300/1576 train_mae 0.49 kl 0.059 lr 1e-04 (365s)
[23:12:19]   Epoch 073 1400/1576 train_mae 0.49 kl 0.058 lr 1e-04 (396s)
[23:12:48]   Epoch 073 1500/1576 train_mae 0.49 kl 0.059 lr 1e-04 (425s)
[23:13:09]   Epoch 073 1576/1576 train_mae 0.49 kl 0.059 lr 1e-04 (446s)
[23:13:49] [Epoch 073 완료] train MAE 0.49 | val MAE 7.21 | val RMSE 9.90 | lr 1e-04 | 개선없음 5/15
[23:14:17]   Epoch 074 100/1576 train_mae 0.48 kl 0.058 lr 1e-04 (28s)
[23:14:42]   Epoch 074 200/1576 train_mae 0.48 kl 0.059 lr 1e-04 (52s)
[23:15:07]   Epoch 074 300/1576 train_mae 0.47 kl 0.058 lr 1e-04 (78s)
[23:15:23]   Epoch 074 400/1576 train_mae 0.49 kl 0.058 lr 1e-04 (93s)
[23:15:38]   Epoch 074 500/1576 train_mae 0.49 kl 0.058 lr 1e-04 (108s)
[23:15:53]   Epoch 074 600/1576 train_mae 0.49 kl 0.057 lr 1e-04 (124s)
[23:16:09]   Epoch 074 700/1576 train_mae 0.50 kl 0.059 lr 1e-04 (139s)
[23:16:24]   Epoch 074 800/1576 train_mae 0.49 kl 0.059 lr 1e-04 (155s)
[23:16:40]   Epoch 074 900/1576 train_mae 0.49 kl 0.058 lr 1e-04 (170s)
[23:16:55]   Epoch 074 1000/1576 train_mae 0.49 kl 0.059 lr 1e-04 (186s)
[23:17:11]   Epoch 074 1100/1576 train_mae 0.49 kl 0.058 lr 1e-04 (201s)
[23:17:26]   Epoch 074 1200/1576 train_mae 0.49 kl 0.058 lr 1e-04 (217s)
[23:17:42]   Epoch 074 1300/1576 train_mae 0.49 kl 0.058 lr 1e-04 (232s)
[23:17:57]   Epoch 074 1400/1576 train_mae 0.49 kl 0.058 lr 1e-04 (248s)
[23:18:13]   Epoch 074 1500/1576 train_mae 0.48 kl 0.058 lr 1e-04 (263s)
[23:18:25]   Epoch 074 1576/1576 train_mae 0.49 kl 0.058 lr 1e-04 (275s)
[23:18:43] [Epoch 074 완료] train MAE 0.49 | val MAE 7.19 | val RMSE 9.86 | lr 1e-04 | * best 저장 (val MAE 7.19)
[23:18:59]   Epoch 075 100/1576 train_mae 0.54 kl 0.060 lr 1e-04 (16s)
[23:19:14]   Epoch 075 200/1576 train_mae 0.50 kl 0.059 lr 1e-04 (31s)
[23:19:30]   Epoch 075 300/1576 train_mae 0.49 kl 0.059 lr 1e-04 (47s)
[23:19:45]   Epoch 075 400/1576 train_mae 0.49 kl 0.058 lr 1e-04 (62s)
[23:20:01]   Epoch 075 500/1576 train_mae 0.48 kl 0.058 lr 1e-04 (78s)
[23:20:16]   Epoch 075 600/1576 train_mae 0.49 kl 0.059 lr 1e-04 (93s)
[23:20:32]   Epoch 075 700/1576 train_mae 0.49 kl 0.058 lr 1e-04 (109s)
[23:20:48]   Epoch 075 800/1576 train_mae 0.48 kl 0.058 lr 1e-04 (124s)
[23:21:03]   Epoch 075 900/1576 train_mae 0.48 kl 0.058 lr 1e-04 (140s)
[23:21:19]   Epoch 075 1000/1576 train_mae 0.48 kl 0.058 lr 1e-04 (155s)
[23:21:34]   Epoch 075 1100/1576 train_mae 0.48 kl 0.058 lr 1e-04 (171s)
[23:21:50]   Epoch 075 1200/1576 train_mae 0.48 kl 0.058 lr 1e-04 (187s)
[23:22:05]   Epoch 075 1300/1576 train_mae 0.48 kl 0.058 lr 1e-04 (202s)
[23:22:21]   Epoch 075 1400/1576 train_mae 0.48 kl 0.058 lr 1e-04 (218s)
[23:22:36]   Epoch 075 1500/1576 train_mae 0.48 kl 0.058 lr 1e-04 (233s)
[23:22:48]   Epoch 075 1576/1576 train_mae 0.48 kl 0.058 lr 1e-04 (245s)
[23:23:09] [Epoch 075 완료] train MAE 0.48 | val MAE 7.29 | val RMSE 9.95 | lr 1e-04 | 개선없음 1/15
[23:23:25]   Epoch 076 100/1576 train_mae 0.47 kl 0.055 lr 1e-04 (16s)
[23:23:40]   Epoch 076 200/1576 train_mae 0.47 kl 0.054 lr 1e-04 (31s)
[23:23:56]   Epoch 076 300/1576 train_mae 0.48 kl 0.057 lr 1e-04 (47s)
[23:24:11]   Epoch 076 400/1576 train_mae 0.48 kl 0.056 lr 1e-04 (62s)
[23:24:27]   Epoch 076 500/1576 train_mae 0.49 kl 0.058 lr 1e-04 (78s)
[23:24:43]   Epoch 076 600/1576 train_mae 0.49 kl 0.057 lr 1e-04 (94s)
[23:24:58]   Epoch 076 700/1576 train_mae 0.49 kl 0.057 lr 1e-04 (109s)
[23:25:14]   Epoch 076 800/1576 train_mae 0.48 kl 0.057 lr 1e-04 (125s)
[23:25:29]   Epoch 076 900/1576 train_mae 0.48 kl 0.057 lr 1e-04 (140s)
[23:25:45]   Epoch 076 1000/1576 train_mae 0.48 kl 0.057 lr 1e-04 (156s)
[23:26:01]   Epoch 076 1100/1576 train_mae 0.48 kl 0.058 lr 1e-04 (171s)
[23:26:16]   Epoch 076 1200/1576 train_mae 0.47 kl 0.058 lr 1e-04 (187s)
[23:26:32]   Epoch 076 1300/1576 train_mae 0.47 kl 0.057 lr 1e-04 (203s)
[23:26:47]   Epoch 076 1400/1576 train_mae 0.48 kl 0.057 lr 1e-04 (218s)
[23:27:02]   Epoch 076 1500/1576 train_mae 0.47 kl 0.057 lr 1e-04 (233s)
[23:27:14]   Epoch 076 1576/1576 train_mae 0.47 kl 0.057 lr 1e-04 (245s)
[23:27:33] [Epoch 076 완료] train MAE 0.47 | val MAE 7.23 | val RMSE 9.88 | lr 1e-04 | 개선없음 2/15
[23:27:47]   Epoch 077 100/1576 train_mae 0.51 kl 0.057 lr 1e-04 (14s)
[23:28:03]   Epoch 077 200/1576 train_mae 0.50 kl 0.056 lr 1e-04 (30s)
[23:28:18]   Epoch 077 300/1576 train_mae 0.49 kl 0.055 lr 1e-04 (45s)
[23:28:34]   Epoch 077 400/1576 train_mae 0.49 kl 0.055 lr 1e-04 (61s)
[23:28:49]   Epoch 077 500/1576 train_mae 0.48 kl 0.055 lr 1e-04 (76s)
[23:29:05]   Epoch 077 600/1576 train_mae 0.48 kl 0.055 lr 1e-04 (92s)
[23:29:20]   Epoch 077 700/1576 train_mae 0.47 kl 0.055 lr 1e-04 (107s)
[23:29:36]   Epoch 077 800/1576 train_mae 0.48 kl 0.056 lr 1e-04 (123s)
[23:29:51]   Epoch 077 900/1576 train_mae 0.47 kl 0.056 lr 1e-04 (138s)
[23:30:07]   Epoch 077 1000/1576 train_mae 0.47 kl 0.056 lr 1e-04 (154s)
[23:30:22]   Epoch 077 1100/1576 train_mae 0.47 kl 0.056 lr 1e-04 (169s)
[23:30:38]   Epoch 077 1200/1576 train_mae 0.47 kl 0.056 lr 1e-04 (185s)
[23:30:53]   Epoch 077 1300/1576 train_mae 0.47 kl 0.056 lr 1e-04 (200s)
[23:31:09]   Epoch 077 1400/1576 train_mae 0.47 kl 0.056 lr 1e-04 (216s)
[23:31:24]   Epoch 077 1500/1576 train_mae 0.47 kl 0.056 lr 1e-04 (231s)
[23:31:36]   Epoch 077 1576/1576 train_mae 0.47 kl 0.056 lr 1e-04 (243s)
[23:31:54] [Epoch 077 완료] train MAE 0.47 | val MAE 7.25 | val RMSE 9.92 | lr 1e-04 | 개선없음 3/15
[23:32:10]   Epoch 078 100/1576 train_mae 0.45 kl 0.054 lr 1e-04 (16s)
[23:32:25]   Epoch 078 200/1576 train_mae 0.49 kl 0.060 lr 1e-04 (31s)
[23:32:41]   Epoch 078 300/1576 train_mae 0.49 kl 0.058 lr 1e-04 (47s)
[23:32:56]   Epoch 078 400/1576 train_mae 0.48 kl 0.058 lr 1e-04 (62s)
[23:33:12]   Epoch 078 500/1576 train_mae 0.47 kl 0.057 lr 1e-04 (78s)
[23:33:28]   Epoch 078 600/1576 train_mae 0.47 kl 0.057 lr 1e-04 (93s)
[23:33:43]   Epoch 078 700/1576 train_mae 0.47 kl 0.057 lr 1e-04 (109s)
[23:33:59]   Epoch 078 800/1576 train_mae 0.47 kl 0.057 lr 1e-04 (125s)
[23:34:14]   Epoch 078 900/1576 train_mae 0.47 kl 0.057 lr 1e-04 (140s)
[23:34:30]   Epoch 078 1000/1576 train_mae 0.47 kl 0.056 lr 1e-04 (156s)
[23:34:45]   Epoch 078 1100/1576 train_mae 0.47 kl 0.056 lr 1e-04 (171s)
[23:35:01]   Epoch 078 1200/1576 train_mae 0.47 kl 0.057 lr 1e-04 (187s)
[23:35:17]   Epoch 078 1300/1576 train_mae 0.47 kl 0.057 lr 1e-04 (202s)
[23:35:32]   Epoch 078 1400/1576 train_mae 0.46 kl 0.056 lr 1e-04 (218s)
[23:35:48]   Epoch 078 1500/1576 train_mae 0.46 kl 0.056 lr 1e-04 (234s)
[23:36:00]   Epoch 078 1576/1576 train_mae 0.46 kl 0.056 lr 1e-04 (245s)
[23:36:20] [Epoch 078 완료] train MAE 0.46 | val MAE 7.24 | val RMSE 9.89 | lr 1e-04 | 개선없음 4/15
[23:36:36]   Epoch 079 100/1576 train_mae 0.47 kl 0.059 lr 1e-04 (15s)
[23:36:52]   Epoch 079 200/1576 train_mae 0.47 kl 0.058 lr 1e-04 (31s)
[23:37:07]   Epoch 079 300/1576 train_mae 0.47 kl 0.059 lr 1e-04 (47s)
[23:37:23]   Epoch 079 400/1576 train_mae 0.46 kl 0.057 lr 1e-04 (62s)
[23:37:37]   Epoch 079 500/1576 train_mae 0.47 kl 0.057 lr 1e-04 (77s)
[23:37:53]   Epoch 079 600/1576 train_mae 0.47 kl 0.056 lr 1e-04 (92s)
[23:38:08]   Epoch 079 700/1576 train_mae 0.46 kl 0.056 lr 1e-04 (108s)
[23:38:24]   Epoch 079 800/1576 train_mae 0.46 kl 0.056 lr 1e-04 (123s)
[23:38:39]   Epoch 079 900/1576 train_mae 0.46 kl 0.056 lr 1e-04 (139s)
[23:38:55]   Epoch 079 1000/1576 train_mae 0.46 kl 0.056 lr 1e-04 (154s)
[23:39:10]   Epoch 079 1100/1576 train_mae 0.46 kl 0.056 lr 1e-04 (170s)
[23:39:26]   Epoch 079 1200/1576 train_mae 0.47 kl 0.057 lr 1e-04 (185s)
[23:39:41]   Epoch 079 1300/1576 train_mae 0.46 kl 0.056 lr 1e-04 (201s)
[23:39:57]   Epoch 079 1400/1576 train_mae 0.47 kl 0.056 lr 1e-04 (216s)
[23:40:12]   Epoch 079 1500/1576 train_mae 0.46 kl 0.056 lr 1e-04 (232s)
[23:40:24]   Epoch 079 1576/1576 train_mae 0.46 kl 0.056 lr 1e-04 (244s)
[23:40:45] [Epoch 079 완료] train MAE 0.46 | val MAE 7.26 | val RMSE 9.92 | lr 1e-04 | 개선없음 5/15
[23:41:00]   Epoch 080 100/1576 train_mae 0.45 kl 0.056 lr 1e-04 (15s)
[23:41:16]   Epoch 080 200/1576 train_mae 0.45 kl 0.056 lr 1e-04 (31s)
[23:41:31]   Epoch 080 300/1576 train_mae 0.44 kl 0.055 lr 1e-04 (46s)
[23:41:47]   Epoch 080 400/1576 train_mae 0.44 kl 0.056 lr 1e-04 (62s)
[23:42:03]   Epoch 080 500/1576 train_mae 0.45 kl 0.055 lr 1e-04 (78s)
[23:42:18]   Epoch 080 600/1576 train_mae 0.45 kl 0.055 lr 1e-04 (93s)
[23:42:34]   Epoch 080 700/1576 train_mae 0.46 kl 0.056 lr 1e-04 (109s)
[23:42:49]   Epoch 080 800/1576 train_mae 0.46 kl 0.056 lr 1e-04 (124s)
[23:43:05]   Epoch 080 900/1576 train_mae 0.46 kl 0.057 lr 1e-04 (140s)
[23:43:20]   Epoch 080 1000/1576 train_mae 0.46 kl 0.056 lr 1e-04 (155s)
[23:43:36]   Epoch 080 1100/1576 train_mae 0.46 kl 0.056 lr 1e-04 (171s)
[23:43:51]   Epoch 080 1200/1576 train_mae 0.46 kl 0.056 lr 1e-04 (187s)
[23:44:07]   Epoch 080 1300/1576 train_mae 0.46 kl 0.056 lr 1e-04 (202s)
[23:44:22]   Epoch 080 1400/1576 train_mae 0.46 kl 0.056 lr 1e-04 (217s)
[23:44:38]   Epoch 080 1500/1576 train_mae 0.46 kl 0.055 lr 1e-04 (233s)
[23:44:50]   Epoch 080 1576/1576 train_mae 0.45 kl 0.055 lr 1e-04 (245s)
[23:45:10] [Epoch 080 완료] train MAE 0.45 | val MAE 7.32 | val RMSE 10.03 | lr 1e-04 | 개선없음 6/15
[23:45:26]   Epoch 081 100/1576 train_mae 0.44 kl 0.052 lr 1e-04 (16s)
[23:45:42]   Epoch 081 200/1576 train_mae 0.43 kl 0.053 lr 1e-04 (31s)
[23:45:58]   Epoch 081 300/1576 train_mae 0.43 kl 0.052 lr 1e-04 (47s)
[23:46:13]   Epoch 081 400/1576 train_mae 0.44 kl 0.053 lr 1e-04 (62s)
[23:46:29]   Epoch 081 500/1576 train_mae 0.45 kl 0.054 lr 1e-04 (78s)
[23:46:44]   Epoch 081 600/1576 train_mae 0.45 kl 0.054 lr 1e-04 (93s)
[23:47:00]   Epoch 081 700/1576 train_mae 0.45 kl 0.055 lr 1e-04 (109s)
[23:47:15]   Epoch 081 800/1576 train_mae 0.45 kl 0.054 lr 1e-04 (125s)
[23:47:31]   Epoch 081 900/1576 train_mae 0.45 kl 0.055 lr 1e-04 (140s)
[23:47:47]   Epoch 081 1000/1576 train_mae 0.46 kl 0.056 lr 1e-04 (156s)
[23:48:02]   Epoch 081 1100/1576 train_mae 0.45 kl 0.055 lr 1e-04 (171s)
[23:48:18]   Epoch 081 1200/1576 train_mae 0.45 kl 0.055 lr 1e-04 (187s)
[23:48:33]   Epoch 081 1300/1576 train_mae 0.46 kl 0.055 lr 1e-04 (202s)
[23:48:49]   Epoch 081 1400/1576 train_mae 0.46 kl 0.055 lr 1e-04 (218s)
[23:49:23]   Epoch 081 1500/1576 train_mae 0.46 kl 0.055 lr 1e-04 (252s)
[23:49:35]   Epoch 081 1576/1576 train_mae 0.45 kl 0.055 lr 1e-04 (264s)
[23:49:55] [Epoch 081 완료] train MAE 0.45 | val MAE 7.30 | val RMSE 9.99 | lr 1e-04 | 개선없음 7/15
[23:50:11]   Epoch 082 100/1576 train_mae 0.43 kl 0.053 lr 1e-04 (15s)
[23:50:26]   Epoch 082 200/1576 train_mae 0.44 kl 0.052 lr 1e-04 (31s)
[23:50:42]   Epoch 082 300/1576 train_mae 0.46 kl 0.056 lr 1e-04 (46s)
[23:50:57]   Epoch 082 400/1576 train_mae 0.46 kl 0.054 lr 1e-04 (61s)
[23:51:12]   Epoch 082 500/1576 train_mae 0.46 kl 0.053 lr 1e-04 (77s)
[23:51:27]   Epoch 082 600/1576 train_mae 0.45 kl 0.054 lr 1e-04 (92s)
[23:51:42]   Epoch 082 700/1576 train_mae 0.45 kl 0.053 lr 1e-04 (106s)
[23:51:58]   Epoch 082 800/1576 train_mae 0.45 kl 0.054 lr 1e-04 (122s)
[23:52:13]   Epoch 082 900/1576 train_mae 0.44 kl 0.054 lr 1e-04 (137s)
[23:52:29]   Epoch 082 1000/1576 train_mae 0.45 kl 0.054 lr 1e-04 (153s)
[23:52:43]   Epoch 082 1100/1576 train_mae 0.45 kl 0.054 lr 1e-04 (168s)
[23:52:59]   Epoch 082 1200/1576 train_mae 0.45 kl 0.054 lr 1e-04 (183s)
[23:53:14]   Epoch 082 1300/1576 train_mae 0.45 kl 0.054 lr 1e-04 (199s)
[23:53:30]   Epoch 082 1400/1576 train_mae 0.45 kl 0.054 lr 1e-04 (214s)
[23:53:47]   Epoch 082 1500/1576 train_mae 0.45 kl 0.054 lr 1e-04 (232s)
[23:53:59]   Epoch 082 1576/1576 train_mae 0.45 kl 0.054 lr 1e-04 (244s)
[23:54:17] [Epoch 082 완료] train MAE 0.45 | val MAE 7.25 | val RMSE 9.90 | lr 1e-04 | 개선없음 8/15
[23:54:33]   Epoch 083 100/1576 train_mae 0.42 kl 0.053 lr 1e-04 (16s)
[23:54:49]   Epoch 083 200/1576 train_mae 0.43 kl 0.052 lr 1e-04 (31s)
[23:55:04]   Epoch 083 300/1576 train_mae 0.43 kl 0.051 lr 1e-04 (47s)
[23:55:20]   Epoch 083 400/1576 train_mae 0.43 kl 0.051 lr 1e-04 (62s)
[23:55:35]   Epoch 083 500/1576 train_mae 0.43 kl 0.052 lr 1e-04 (78s)
[23:55:51]   Epoch 083 600/1576 train_mae 0.43 kl 0.053 lr 1e-04 (93s)
[23:56:06]   Epoch 083 700/1576 train_mae 0.43 kl 0.053 lr 1e-04 (109s)
[23:56:22]   Epoch 083 800/1576 train_mae 0.43 kl 0.053 lr 1e-04 (124s)
[23:56:38]   Epoch 083 900/1576 train_mae 0.43 kl 0.053 lr 1e-04 (140s)
[23:56:53]   Epoch 083 1000/1576 train_mae 0.44 kl 0.054 lr 1e-04 (156s)
[23:57:09]   Epoch 083 1100/1576 train_mae 0.44 kl 0.054 lr 1e-04 (171s)
[23:57:24]   Epoch 083 1200/1576 train_mae 0.44 kl 0.054 lr 1e-04 (187s)
[23:57:40]   Epoch 083 1300/1576 train_mae 0.44 kl 0.054 lr 1e-04 (202s)
[23:57:55]   Epoch 083 1400/1576 train_mae 0.44 kl 0.054 lr 1e-04 (218s)
[23:58:11]   Epoch 083 1500/1576 train_mae 0.45 kl 0.054 lr 1e-04 (233s)
[23:58:23]   Epoch 083 1576/1576 train_mae 0.44 kl 0.054 lr 1e-04 (245s)
[23:58:43] [Epoch 083 완료] train MAE 0.44 | val MAE 7.20 | val RMSE 9.86 | lr 1e-04 | 개선없음 9/15
[23:58:59]   Epoch 084 100/1576 train_mae 0.45 kl 0.056 lr 1e-04 (16s)
[23:59:15]   Epoch 084 200/1576 train_mae 0.44 kl 0.054 lr 1e-04 (31s)
[23:59:30]   Epoch 084 300/1576 train_mae 0.45 kl 0.053 lr 1e-04 (47s)
[23:59:46]   Epoch 084 400/1576 train_mae 0.44 kl 0.053 lr 1e-04 (62s)
[00:00:01]   Epoch 084 500/1576 train_mae 0.44 kl 0.053 lr 1e-04 (78s)
[00:00:17]   Epoch 084 600/1576 train_mae 0.44 kl 0.053 lr 1e-04 (93s)
[00:00:33]   Epoch 084 700/1576 train_mae 0.44 kl 0.052 lr 1e-04 (109s)
[00:00:48]   Epoch 084 800/1576 train_mae 0.44 kl 0.054 lr 1e-04 (125s)
[00:01:04]   Epoch 084 900/1576 train_mae 0.44 kl 0.054 lr 1e-04 (140s)
[00:01:19]   Epoch 084 1000/1576 train_mae 0.44 kl 0.053 lr 1e-04 (156s)
[00:01:35]   Epoch 084 1100/1576 train_mae 0.44 kl 0.053 lr 1e-04 (171s)
[00:01:51]   Epoch 084 1200/1576 train_mae 0.44 kl 0.053 lr 1e-04 (187s)
[00:02:06]   Epoch 084 1300/1576 train_mae 0.44 kl 0.053 lr 1e-04 (203s)
[00:02:22]   Epoch 084 1400/1576 train_mae 0.44 kl 0.053 lr 1e-04 (218s)
[00:02:37]   Epoch 084 1500/1576 train_mae 0.44 kl 0.053 lr 1e-04 (234s)
[00:02:49]   Epoch 084 1576/1576 train_mae 0.44 kl 0.053 lr 1e-04 (245s)
[00:03:07] [Epoch 084 완료] train MAE 0.44 | val MAE 7.28 | val RMSE 9.92 | lr 1e-04 | 개선없음 10/15
[00:03:23]   Epoch 085 100/1576 train_mae 0.43 kl 0.055 lr 1e-04 (15s)
[00:03:39]   Epoch 085 200/1576 train_mae 0.43 kl 0.053 lr 1e-04 (31s)
[00:03:54]   Epoch 085 300/1576 train_mae 0.43 kl 0.054 lr 1e-04 (46s)
[00:04:08]   Epoch 085 400/1576 train_mae 0.42 kl 0.053 lr 1e-04 (60s)
[00:04:24]   Epoch 085 500/1576 train_mae 0.42 kl 0.053 lr 1e-04 (76s)
[00:04:39]   Epoch 085 600/1576 train_mae 0.42 kl 0.054 lr 1e-04 (92s)
[00:04:55]   Epoch 085 700/1576 train_mae 0.43 kl 0.054 lr 1e-04 (107s)
[00:05:11]   Epoch 085 800/1576 train_mae 0.43 kl 0.053 lr 1e-04 (123s)
[00:05:26]   Epoch 085 900/1576 train_mae 0.43 kl 0.053 lr 1e-04 (138s)
[00:05:42]   Epoch 085 1000/1576 train_mae 0.44 kl 0.053 lr 1e-04 (154s)
[00:05:57]   Epoch 085 1100/1576 train_mae 0.44 kl 0.053 lr 1e-04 (170s)
[00:06:13]   Epoch 085 1200/1576 train_mae 0.44 kl 0.054 lr 1e-04 (185s)
[00:06:29]   Epoch 085 1300/1576 train_mae 0.44 kl 0.054 lr 1e-04 (201s)
[00:06:44]   Epoch 085 1400/1576 train_mae 0.44 kl 0.054 lr 1e-04 (216s)
[00:07:00]   Epoch 085 1500/1576 train_mae 0.44 kl 0.054 lr 1e-04 (232s)
[00:07:12]   Epoch 085 1576/1576 train_mae 0.44 kl 0.054 lr 1e-04 (244s)
[00:07:32] [Epoch 085 완료] train MAE 0.44 | val MAE 7.24 | val RMSE 9.91 | lr 1e-04 | 개선없음 11/15
[00:07:48]   Epoch 086 100/1576 train_mae 0.44 kl 0.055 lr 1e-04 (16s)
[00:08:04]   Epoch 086 200/1576 train_mae 0.45 kl 0.054 lr 1e-04 (31s)
[00:08:19]   Epoch 086 300/1576 train_mae 0.44 kl 0.052 lr 1e-04 (47s)
[00:08:35]   Epoch 086 400/1576 train_mae 0.43 kl 0.052 lr 1e-04 (62s)
[00:08:50]   Epoch 086 500/1576 train_mae 0.44 kl 0.052 lr 1e-04 (78s)
[00:09:05]   Epoch 086 600/1576 train_mae 0.43 kl 0.052 lr 1e-04 (92s)
[00:09:20]   Epoch 086 700/1576 train_mae 0.43 kl 0.051 lr 1e-04 (107s)
[00:09:36]   Epoch 086 800/1576 train_mae 0.43 kl 0.052 lr 1e-04 (123s)
[00:09:51]   Epoch 086 900/1576 train_mae 0.44 kl 0.053 lr 1e-04 (138s)
[00:10:07]   Epoch 086 1000/1576 train_mae 0.45 kl 0.053 lr 1e-04 (154s)
[00:10:22]   Epoch 086 1100/1576 train_mae 0.44 kl 0.053 lr 1e-04 (170s)
[00:10:38]   Epoch 086 1200/1576 train_mae 0.44 kl 0.053 lr 1e-04 (185s)
[00:10:53]   Epoch 086 1300/1576 train_mae 0.44 kl 0.053 lr 1e-04 (201s)
[00:11:09]   Epoch 086 1400/1576 train_mae 0.44 kl 0.053 lr 1e-04 (216s)
[00:11:24]   Epoch 086 1500/1576 train_mae 0.43 kl 0.053 lr 1e-04 (232s)
[00:11:36]   Epoch 086 1576/1576 train_mae 0.43 kl 0.052 lr 1e-04 (243s)
[00:11:57] [Epoch 086 완료] train MAE 0.43 | val MAE 7.25 | val RMSE 9.91 | lr 1e-04 | 개선없음 12/15
[00:12:13]   Epoch 087 100/1576 train_mae 0.47 kl 0.050 lr 1e-04 (16s)
[00:12:28]   Epoch 087 200/1576 train_mae 0.44 kl 0.051 lr 1e-04 (31s)
[00:12:44]   Epoch 087 300/1576 train_mae 0.44 kl 0.051 lr 1e-04 (47s)
[00:12:59]   Epoch 087 400/1576 train_mae 0.44 kl 0.051 lr 1e-04 (62s)
[00:13:15]   Epoch 087 500/1576 train_mae 0.43 kl 0.051 lr 1e-04 (78s)
[00:13:30]   Epoch 087 600/1576 train_mae 0.43 kl 0.051 lr 1e-04 (93s)
[00:13:46]   Epoch 087 700/1576 train_mae 0.43 kl 0.051 lr 1e-04 (109s)
[00:14:01]   Epoch 087 800/1576 train_mae 0.43 kl 0.052 lr 1e-04 (124s)
[00:14:17]   Epoch 087 900/1576 train_mae 0.44 kl 0.053 lr 1e-04 (140s)
[00:14:33]   Epoch 087 1000/1576 train_mae 0.43 kl 0.052 lr 1e-04 (155s)
[00:14:48]   Epoch 087 1100/1576 train_mae 0.44 kl 0.052 lr 1e-04 (171s)
[00:15:04]   Epoch 087 1200/1576 train_mae 0.43 kl 0.052 lr 1e-04 (187s)
[00:15:19]   Epoch 087 1300/1576 train_mae 0.43 kl 0.052 lr 1e-04 (202s)
[00:15:35]   Epoch 087 1400/1576 train_mae 0.43 kl 0.052 lr 1e-04 (218s)
[00:15:50]   Epoch 087 1500/1576 train_mae 0.43 kl 0.052 lr 1e-04 (233s)
[00:16:02]   Epoch 087 1576/1576 train_mae 0.43 kl 0.052 lr 1e-04 (245s)
[00:16:22] [Epoch 087 완료] train MAE 0.43 | val MAE 7.20 | val RMSE 9.86 | lr 1e-04 | 개선없음 13/15
[00:16:38]   Epoch 088 100/1576 train_mae 0.43 kl 0.053 lr 1e-04 (15s)
[00:16:54]   Epoch 088 200/1576 train_mae 0.43 kl 0.052 lr 1e-04 (31s)
[00:17:12]   Epoch 088 300/1576 train_mae 0.43 kl 0.050 lr 1e-04 (49s)
[00:17:31]   Epoch 088 400/1576 train_mae 0.43 kl 0.050 lr 1e-04 (68s)
[00:17:49]   Epoch 088 500/1576 train_mae 0.44 kl 0.051 lr 1e-04 (86s)
[00:18:08]   Epoch 088 600/1576 train_mae 0.44 kl 0.052 lr 1e-04 (105s)
[00:18:27]   Epoch 088 700/1576 train_mae 0.44 kl 0.052 lr 1e-04 (124s)
[00:18:45]   Epoch 088 800/1576 train_mae 0.44 kl 0.051 lr 1e-04 (143s)
[00:19:04]   Epoch 088 900/1576 train_mae 0.44 kl 0.052 lr 1e-04 (161s)
[00:19:21]   Epoch 088 1000/1576 train_mae 0.44 kl 0.051 lr 1e-04 (178s)
[00:19:36]   Epoch 088 1100/1576 train_mae 0.44 kl 0.051 lr 1e-04 (193s)
[00:19:52]   Epoch 088 1200/1576 train_mae 0.43 kl 0.051 lr 1e-04 (209s)
[00:20:08]   Epoch 088 1300/1576 train_mae 0.43 kl 0.051 lr 1e-04 (225s)
[00:20:23]   Epoch 088 1400/1576 train_mae 0.44 kl 0.052 lr 1e-04 (240s)
[00:20:39]   Epoch 088 1500/1576 train_mae 0.43 kl 0.052 lr 1e-04 (256s)
[00:20:52]   Epoch 088 1576/1576 train_mae 0.44 kl 0.052 lr 1e-04 (270s)
[00:21:15] [Epoch 088 완료] train MAE 0.44 | val MAE 7.18 | val RMSE 9.84 | lr 1e-04 | 개선없음 14/15
[00:21:35]   Epoch 089 100/1576 train_mae 0.42 kl 0.052 lr 1e-04 (19s)
[00:21:53]   Epoch 089 200/1576 train_mae 0.42 kl 0.051 lr 1e-04 (37s)
[00:22:12]   Epoch 089 300/1576 train_mae 0.44 kl 0.053 lr 1e-04 (56s)
[00:22:30]   Epoch 089 400/1576 train_mae 0.44 kl 0.053 lr 1e-04 (74s)
[00:22:49]   Epoch 089 500/1576 train_mae 0.44 kl 0.052 lr 1e-04 (93s)
[00:23:06]   Epoch 089 600/1576 train_mae 0.43 kl 0.051 lr 1e-04 (110s)
[00:23:21]   Epoch 089 700/1576 train_mae 0.44 kl 0.053 lr 1e-04 (125s)
[00:23:36]   Epoch 089 800/1576 train_mae 0.43 kl 0.053 lr 1e-04 (141s)
[00:23:53]   Epoch 089 900/1576 train_mae 0.43 kl 0.053 lr 1e-04 (157s)
[00:24:08]   Epoch 089 1000/1576 train_mae 0.43 kl 0.052 lr 1e-04 (173s)
[00:24:24]   Epoch 089 1100/1576 train_mae 0.43 kl 0.052 lr 1e-04 (188s)
[00:24:42]   Epoch 089 1200/1576 train_mae 0.43 kl 0.052 lr 1e-04 (207s)
[00:25:01]   Epoch 089 1300/1576 train_mae 0.43 kl 0.052 lr 1e-04 (226s)
[00:25:20]   Epoch 089 1400/1576 train_mae 0.42 kl 0.052 lr 1e-04 (244s)
[00:25:39]   Epoch 089 1500/1576 train_mae 0.42 kl 0.052 lr 1e-04 (263s)
[00:25:53]   Epoch 089 1576/1576 train_mae 0.42 kl 0.052 lr 1e-04 (278s)
[00:26:16] [Epoch 089 완료] train MAE 0.42 | val MAE 7.29 | val RMSE 9.98 | lr 1e-04 | 개선없음 15/15
[00:26:16] 조기종료: 15에폭 연속 개선 없음 | 최고 val MAE 7.19 @ epoch 74
================================================================
[00:26:16] 최종 평가 (best.pt 로드)
[00:26:17] [backbone] timm 'legacy_xception' 로드 완료 (pretrained=False)
[00:26:17] [reg] backbone out (2048, 18, 18) -> z 6,400 | params 27.1M
[00:26:17] best.pt 로드 | 채널 ['hand', 'r1', 'r2'] | lambda 0.5 | delta 15.0
[00:26:17]  split |      N |  MAE(mo) |  RMSE(mo) |    bias
[00:29:32]  train | 12,611 |     0.48 |      0.94 |   -0.12
[00:29:55]    val |  1,425 |     7.19 |      9.86 |   -0.46
[00:29:58]   test |    200 |     6.70 |      9.02 |   +0.85
[00:30:08] 나이 분포 저장: G:\Project\sinra_cho\checkpoints_attention_v4\age_distribution.png
==========================================================
Attention + LDL 골연령 | 채널 hand+r1+r2
2026-07-30 00:26
==========================================================
 split |      N |  MAE(mo) |  RMSE(mo) |    bias
 train | 12,611 |     0.48 |      0.94 |   -0.12
   val |  1,425 |     7.19 |      9.86 |   -0.46
  test |    200 |     6.70 |      9.02 |   +0.85
----------------------------------------------------------
[test 연령대별]
  group |     N |    MAE |   RMSE |   bias
   0-4y |    10 |   3.84 |   5.03 |  +3.25
   4-8y |    34 |   8.54 |  10.00 |  +4.09
  8-12y |    65 |   8.21 |  11.16 |  +2.01
 12-16y |    80 |   4.86 |   6.36 |  -0.89
   >16y |    11 |   8.10 |  10.85 |  -5.58
==========================================================
[00:30:08] 결과 저장: G:\Project\sinra_cho\checkpoints_attention_v4\results.txt
[00:30:08] 추론 함수 준비 완료 · best.pt: G:\Project\sinra_cho\checkpoints_attention_v4\best.pt
[00:30:08] === 전체 완료 ===
