================================================================
[01:21:47] Attention(R1/R2) + LDL 골연령 - v8 (ConvNeXt-Tiny) 시작
[01:21:47] PyTorch 2.6.0+cu124 | torchvision 0.21.0+cu124 | timm 1.0.28
[01:21:47] device cuda | CUDA True
[GPU-GUARD] (inproc) 바로 실행 — 티켓 114번 infer 16000MiB
[01:21:47] GPU NVIDIA A100 80GB PCIe | CUDA 12.4
[01:21:47] BASE_DIR       G:\Project\sinra_cho
[01:21:47] HAND_CROP_DIR  G:\Project\sinra_cho\crop_data
[01:21:47] 채널 ('hand', 'r1', 'r2') | tau(R1/R2) 30/50 | 정규화 div255 | 증강 True
================================================================
[01:21:47]   TRAIN_CSV OK  G:\Project\sinra_cho\crop_data_csv\training.csv
[01:21:47]   VAL_CSV   OK  G:\Project\sinra_cho\crop_data_csv\validation.csv
[01:21:47]   TEST_CSV  OK  G:\Project\sinra_cho\crop_data_csv\test.csv
[01:21:48]   손크롭 train OK  G:\Project\sinra_cho\crop_data\training  (파일 11,643장)
[01:21:48]   손크롭 val   OK  G:\Project\sinra_cho\crop_data\validation  (파일 1,324장)
[01:21:48]   손크롭 test  OK  G:\Project\sinra_cho\crop_data\test  (파일 167장)
[01:21:48]   · train: 라벨 11,643 -> 사용 11,628 (제외/미크롭 15)
[01:21:48]   · val: 라벨 1,324 -> 사용 1,319 (제외/미크롭 5)
[01:21:48]   · test: 라벨 167 -> 사용 166 (제외/미크롭 1)
[01:21:48] 최종 | train 11,628 | val 1,319 | test 166 | 나이 128.5±39.5개월 | 남 54.5%
[01:21:48] hand512 캐시 생성: 정규화(none) -> TopHat(none) -> CLAHE(2.0,8@post_resize) -> scale(per_image) -> pad(auto) -> 512px
[01:22:36]   hand512 train 2000/11628
[01:23:28]   hand512 train 4000/11628
[01:24:23]   hand512 train 6000/11628
[01:25:20]   hand512 train 8000/11628
[01:26:16]   hand512 train 10000/11628
[01:26:59] [hand512:train] 생성 11628 | 스킵 0 | 실패 0
[01:27:35] [hand512:val] 생성 1319 | 스킵 0 | 실패 0
[01:27:39] [hand512:test] 생성 166 | 스킵 0 | 실패 0
[01:27:39]   Top-Hat 커널 중앙값 0px (뼈 굵기 84~88px 보다 커야 정상) | 패딩 비율 중앙값 25.4%
[01:27:39]   [마커] 제거된 이미지 0/13113 (0.0%) | 제거 덩어리 총 0개 | 안전상 건너뜀 13113장 {'off': 13113}
[01:27:39]        ↳ 마커가 없는 크롭은 '제거 0'이 정상입니다. 비율이 비정상적으로 높으면 MARKER_* 조건을 조이세요.
[01:27:39] hand512 캐시 완료
[01:27:40] 캐시 확인 후 | train 11,628 | val 1,319 | test 166
[01:27:40] ### Phase I-a : R1(수근골) 국소화 + Erased 생성 ###
[01:27:40]   R1 밴드 {'x0': 0.12, 'y0': 0.52, 'x1': 0.88, 'y1': 0.98} | clamp True | tau 30
[01:27:40]   크기 맞추기: 비율유지 + 배경색 패딩(왜곡 0)
[01:27:40] [cls-r1] 분류 모델 학습 | pool=gmp src=hand512 size=512 epochs=70
[01:27:41] [backbone] timm 'inception_v3' 로드 완료 (pretrained=True)
[01:27:42] [cls-gmp] feat (2048, 14, 14) -> FC 2048->240
[01:28:11]   [cls-r1] ep01 100/1453 loss 0.2510 lr 3e-04 (29s)
[01:28:32]   [cls-r1] ep01 200/1453 loss 0.2008 lr 3e-04 (50s)
[01:28:55]   [cls-r1] ep01 300/1453 loss 0.1784 lr 3e-04 (73s)
[01:29:18]   [cls-r1] ep01 400/1453 loss 0.1636 lr 3e-04 (96s)
[01:29:38]   [cls-r1] ep01 500/1453 loss 0.1534 lr 3e-04 (116s)
[01:29:59]   [cls-r1] ep01 600/1453 loss 0.1463 lr 3e-04 (137s)
[01:30:19]   [cls-r1] ep01 700/1453 loss 0.1411 lr 3e-04 (157s)
[01:30:39]   [cls-r1] ep01 800/1453 loss 0.1361 lr 3e-04 (177s)
[01:31:00]   [cls-r1] ep01 900/1453 loss 0.1328 lr 3e-04 (198s)
[01:31:19]   [cls-r1] ep01 1000/1453 loss 0.1291 lr 3e-04 (217s)
[01:31:40]   [cls-r1] ep01 1100/1453 loss 0.1262 lr 3e-04 (238s)
[01:32:01]   [cls-r1] ep01 1200/1453 loss 0.1238 lr 3e-04 (259s)
[01:32:21]   [cls-r1] ep01 1300/1453 loss 0.1213 lr 3e-04 (279s)
[01:32:42]   [cls-r1] ep01 1400/1453 loss 0.1191 lr 3e-04 (300s)
[01:32:54]   [cls-r1] ep01 1453/1453 loss 0.1183 lr 3e-04 (312s)
[01:33:24]   [cls-r1] Epoch 01 완료 | train L1 0.1183 | val argmax-MAE 15.02 | * best 저장 (15.02)
[01:33:37]   [cls-r1] ep02 100/1453 loss 0.0901 lr 3e-04 (12s)
[01:33:48]   [cls-r1] ep02 200/1453 loss 0.0874 lr 3e-04 (24s)
[01:34:00]   [cls-r1] ep02 300/1453 loss 0.0878 lr 3e-04 (36s)
[01:34:12]   [cls-r1] ep02 400/1453 loss 0.0871 lr 3e-04 (48s)
[01:34:24]   [cls-r1] ep02 500/1453 loss 0.0866 lr 3e-04 (60s)
[01:34:36]   [cls-r1] ep02 600/1453 loss 0.0859 lr 3e-04 (72s)
[01:34:48]   [cls-r1] ep02 700/1453 loss 0.0852 lr 3e-04 (84s)
[01:35:00]   [cls-r1] ep02 800/1453 loss 0.0848 lr 3e-04 (96s)
[01:35:11]   [cls-r1] ep02 900/1453 loss 0.0845 lr 3e-04 (107s)
[01:35:23]   [cls-r1] ep02 1000/1453 loss 0.0843 lr 3e-04 (119s)
[01:35:34]   [cls-r1] ep02 1100/1453 loss 0.0843 lr 3e-04 (130s)
[01:35:46]   [cls-r1] ep02 1200/1453 loss 0.0842 lr 3e-04 (141s)
[01:35:57]   [cls-r1] ep02 1300/1453 loss 0.0841 lr 3e-04 (153s)
[01:36:10]   [cls-r1] ep02 1400/1453 loss 0.0836 lr 3e-04 (165s)
[01:36:16]   [cls-r1] ep02 1453/1453 loss 0.0835 lr 3e-04 (171s)
[01:36:26]   [cls-r1] Epoch 02 완료 | train L1 0.0835 | val argmax-MAE 10.05 | * best 저장 (10.05)
[01:36:38]   [cls-r1] ep03 100/1453 loss 0.0774 lr 3e-04 (11s)
[01:36:49]   [cls-r1] ep03 200/1453 loss 0.0781 lr 3e-04 (22s)
[01:37:00]   [cls-r1] ep03 300/1453 loss 0.0774 lr 3e-04 (34s)
[01:37:11]   [cls-r1] ep03 400/1453 loss 0.0759 lr 3e-04 (45s)
[01:37:23]   [cls-r1] ep03 500/1453 loss 0.0757 lr 3e-04 (56s)
[01:37:34]   [cls-r1] ep03 600/1453 loss 0.0753 lr 3e-04 (68s)
[01:37:46]   [cls-r1] ep03 700/1453 loss 0.0749 lr 3e-04 (79s)
[01:37:57]   [cls-r1] ep03 800/1453 loss 0.0752 lr 3e-04 (91s)
[01:38:08]   [cls-r1] ep03 900/1453 loss 0.0753 lr 3e-04 (101s)
[01:38:19]   [cls-r1] ep03 1000/1453 loss 0.0751 lr 3e-04 (113s)
[01:38:33]   [cls-r1] ep03 1100/1453 loss 0.0751 lr 3e-04 (126s)
[01:38:45]   [cls-r1] ep03 1200/1453 loss 0.0750 lr 3e-04 (138s)
[01:38:56]   [cls-r1] ep03 1300/1453 loss 0.0750 lr 3e-04 (149s)
[01:39:07]   [cls-r1] ep03 1400/1453 loss 0.0749 lr 3e-04 (161s)
[01:39:14]   [cls-r1] ep03 1453/1453 loss 0.0748 lr 3e-04 (168s)
[01:39:24]   [cls-r1] Epoch 03 완료 | train L1 0.0748 | val argmax-MAE 9.86 | * best 저장 (9.86)
[01:39:35]   [cls-r1] ep04 100/1453 loss 0.0673 lr 3e-04 (11s)
[01:39:46]   [cls-r1] ep04 200/1453 loss 0.0679 lr 3e-04 (21s)
[01:39:56]   [cls-r1] ep04 300/1453 loss 0.0670 lr 3e-04 (32s)
[01:40:08]   [cls-r1] ep04 400/1453 loss 0.0676 lr 3e-04 (43s)
[01:40:19]   [cls-r1] ep04 500/1453 loss 0.0677 lr 3e-04 (55s)
[01:40:31]   [cls-r1] ep04 600/1453 loss 0.0674 lr 3e-04 (67s)
[01:40:43]   [cls-r1] ep04 700/1453 loss 0.0681 lr 3e-04 (78s)
[01:40:53]   [cls-r1] ep04 800/1453 loss 0.0683 lr 3e-04 (88s)
[01:41:04]   [cls-r1] ep04 900/1453 loss 0.0682 lr 3e-04 (99s)
[01:41:15]   [cls-r1] ep04 1000/1453 loss 0.0687 lr 3e-04 (110s)
[01:41:27]   [cls-r1] ep04 1100/1453 loss 0.0691 lr 3e-04 (122s)
[01:41:37]   [cls-r1] ep04 1200/1453 loss 0.0692 lr 3e-04 (133s)
[01:41:49]   [cls-r1] ep04 1300/1453 loss 0.0693 lr 3e-04 (144s)
[01:42:17]   [cls-r1] ep04 1400/1453 loss 0.0693 lr 3e-04 (172s)
[01:42:32]   [cls-r1] ep04 1453/1453 loss 0.0693 lr 3e-04 (187s)
[01:43:17]   [cls-r1] Epoch 04 완료 | train L1 0.0693 | val argmax-MAE 10.03 | 개선없음 1/8
[01:43:46]   [cls-r1] ep05 100/1453 loss 0.0634 lr 3e-04 (29s)
[01:44:19]   [cls-r1] ep05 200/1453 loss 0.0624 lr 3e-04 (61s)
[01:44:54]   [cls-r1] ep05 300/1453 loss 0.0628 lr 3e-04 (96s)
[01:45:26]   [cls-r1] ep05 400/1453 loss 0.0628 lr 3e-04 (129s)
[01:45:57]   [cls-r1] ep05 500/1453 loss 0.0630 lr 3e-04 (159s)
[01:46:29]   [cls-r1] ep05 600/1453 loss 0.0632 lr 3e-04 (191s)
[01:46:55]   [cls-r1] ep05 700/1453 loss 0.0635 lr 3e-04 (218s)
[01:47:20]   [cls-r1] ep05 800/1453 loss 0.0636 lr 3e-04 (243s)
[01:47:33]   [cls-r1] ep05 900/1453 loss 0.0633 lr 3e-04 (255s)
[01:47:45]   [cls-r1] ep05 1000/1453 loss 0.0638 lr 3e-04 (268s)
[01:47:58]   [cls-r1] ep05 1100/1453 loss 0.0638 lr 3e-04 (280s)
[01:48:10]   [cls-r1] ep05 1200/1453 loss 0.0640 lr 3e-04 (293s)
[01:48:24]   [cls-r1] ep05 1300/1453 loss 0.0640 lr 3e-04 (307s)
[01:48:37]   [cls-r1] ep05 1400/1453 loss 0.0642 lr 3e-04 (319s)
[01:48:43]   [cls-r1] ep05 1453/1453 loss 0.0641 lr 3e-04 (326s)
[01:48:53]   [cls-r1] Epoch 05 완료 | train L1 0.0641 | val argmax-MAE 9.62 | * best 저장 (9.62)
[01:49:06]   [cls-r1] ep06 100/1453 loss 0.0576 lr 3e-04 (13s)
[01:49:24]   [cls-r1] ep06 200/1453 loss 0.0591 lr 3e-04 (30s)
[01:49:36]   [cls-r1] ep06 300/1453 loss 0.0593 lr 3e-04 (43s)
[01:49:49]   [cls-r1] ep06 400/1453 loss 0.0590 lr 3e-04 (55s)
[01:50:02]   [cls-r1] ep06 500/1453 loss 0.0586 lr 3e-04 (68s)
[01:50:14]   [cls-r1] ep06 600/1453 loss 0.0582 lr 3e-04 (81s)
[01:50:27]   [cls-r1] ep06 700/1453 loss 0.0584 lr 3e-04 (94s)
[01:50:41]   [cls-r1] ep06 800/1453 loss 0.0582 lr 3e-04 (107s)
[01:50:56]   [cls-r1] ep06 900/1453 loss 0.0581 lr 3e-04 (122s)
[01:51:14]   [cls-r1] ep06 1000/1453 loss 0.0581 lr 3e-04 (141s)
[01:51:33]   [cls-r1] ep06 1100/1453 loss 0.0581 lr 3e-04 (159s)
[01:51:52]   [cls-r1] ep06 1200/1453 loss 0.0584 lr 3e-04 (179s)
[01:52:11]   [cls-r1] ep06 1300/1453 loss 0.0588 lr 3e-04 (197s)
[01:52:29]   [cls-r1] ep06 1400/1453 loss 0.0586 lr 3e-04 (216s)
[01:52:39]   [cls-r1] ep06 1453/1453 loss 0.0587 lr 3e-04 (225s)
[01:52:57]   [cls-r1] Epoch 06 완료 | train L1 0.0587 | val argmax-MAE 9.22 | * best 저장 (9.22)
[01:53:17]   [cls-r1] ep07 100/1453 loss 0.0513 lr 3e-04 (19s)
[01:53:35]   [cls-r1] ep07 200/1453 loss 0.0525 lr 3e-04 (38s)
[01:53:54]   [cls-r1] ep07 300/1453 loss 0.0520 lr 3e-04 (56s)
[01:54:13]   [cls-r1] ep07 400/1453 loss 0.0521 lr 3e-04 (76s)
[01:54:32]   [cls-r1] ep07 500/1453 loss 0.0527 lr 3e-04 (94s)
[01:54:50]   [cls-r1] ep07 600/1453 loss 0.0529 lr 3e-04 (113s)
[01:55:10]   [cls-r1] ep07 700/1453 loss 0.0529 lr 3e-04 (132s)
[01:55:28]   [cls-r1] ep07 800/1453 loss 0.0530 lr 3e-04 (151s)
[01:55:46]   [cls-r1] ep07 900/1453 loss 0.0533 lr 3e-04 (169s)
[01:56:05]   [cls-r1] ep07 1000/1453 loss 0.0535 lr 3e-04 (188s)
[01:56:24]   [cls-r1] ep07 1100/1453 loss 0.0536 lr 3e-04 (207s)
[01:56:40]   [cls-r1] ep07 1200/1453 loss 0.0540 lr 3e-04 (222s)
[01:56:52]   [cls-r1] ep07 1300/1453 loss 0.0540 lr 3e-04 (234s)
[01:57:05]   [cls-r1] ep07 1400/1453 loss 0.0541 lr 3e-04 (247s)
[01:57:14]   [cls-r1] ep07 1453/1453 loss 0.0541 lr 3e-04 (257s)
[01:57:29]   [cls-r1] Epoch 07 완료 | train L1 0.0541 | val argmax-MAE 9.37 | 개선없음 1/8
[01:57:46]   [cls-r1] ep08 100/1453 loss 0.0511 lr 3e-04 (17s)
[01:58:03]   [cls-r1] ep08 200/1453 loss 0.0500 lr 3e-04 (34s)
[01:58:21]   [cls-r1] ep08 300/1453 loss 0.0506 lr 3e-04 (52s)
[01:58:40]   [cls-r1] ep08 400/1453 loss 0.0513 lr 3e-04 (71s)
[01:58:57]   [cls-r1] ep08 500/1453 loss 0.0511 lr 3e-04 (88s)
[01:59:16]   [cls-r1] ep08 600/1453 loss 0.0509 lr 3e-04 (107s)
[01:59:36]   [cls-r1] ep08 700/1453 loss 0.0512 lr 3e-04 (127s)
[01:59:55]   [cls-r1] ep08 800/1453 loss 0.0512 lr 3e-04 (145s)
[02:00:12]   [cls-r1] ep08 900/1453 loss 0.0512 lr 3e-04 (163s)
[02:00:30]   [cls-r1] ep08 1000/1453 loss 0.0513 lr 3e-04 (181s)
[02:00:49]   [cls-r1] ep08 1100/1453 loss 0.0511 lr 3e-04 (200s)
[02:01:06]   [cls-r1] ep08 1200/1453 loss 0.0513 lr 3e-04 (217s)
[02:01:24]   [cls-r1] ep08 1300/1453 loss 0.0512 lr 3e-04 (235s)
[02:01:42]   [cls-r1] ep08 1400/1453 loss 0.0510 lr 3e-04 (253s)
[02:01:52]   [cls-r1] ep08 1453/1453 loss 0.0510 lr 3e-04 (263s)
[02:02:08]   [cls-r1] Epoch 08 완료 | train L1 0.0510 | val argmax-MAE 8.79 | * best 저장 (8.79)
[02:02:26]   [cls-r1] ep09 100/1453 loss 0.0454 lr 3e-04 (17s)
[02:02:43]   [cls-r1] ep09 200/1453 loss 0.0456 lr 3e-04 (34s)
[02:03:03]   [cls-r1] ep09 300/1453 loss 0.0459 lr 3e-04 (54s)
[02:03:20]   [cls-r1] ep09 400/1453 loss 0.0459 lr 3e-04 (72s)
[02:03:38]   [cls-r1] ep09 500/1453 loss 0.0458 lr 3e-04 (89s)
[02:03:57]   [cls-r1] ep09 600/1453 loss 0.0458 lr 3e-04 (108s)
[02:04:15]   [cls-r1] ep09 700/1453 loss 0.0460 lr 3e-04 (127s)
[02:04:33]   [cls-r1] ep09 800/1453 loss 0.0461 lr 3e-04 (144s)
[02:04:55]   [cls-r1] ep09 900/1453 loss 0.0463 lr 3e-04 (166s)
[02:05:13]   [cls-r1] ep09 1000/1453 loss 0.0465 lr 3e-04 (185s)
[02:05:37]   [cls-r1] ep09 1100/1453 loss 0.0466 lr 3e-04 (208s)
[02:05:58]   [cls-r1] ep09 1200/1453 loss 0.0468 lr 3e-04 (229s)
[02:06:17]   [cls-r1] ep09 1300/1453 loss 0.0469 lr 3e-04 (248s)
[02:06:34]   [cls-r1] ep09 1400/1453 loss 0.0468 lr 3e-04 (265s)
[02:06:43]   [cls-r1] ep09 1453/1453 loss 0.0469 lr 3e-04 (274s)
[02:07:01]   [cls-r1] Epoch 09 완료 | train L1 0.0469 | val argmax-MAE 9.05 | 개선없음 1/8
[02:07:21]   [cls-r1] ep10 100/1453 loss 0.0430 lr 3e-04 (19s)
[02:07:38]   [cls-r1] ep10 200/1453 loss 0.0431 lr 3e-04 (36s)
[02:07:55]   [cls-r1] ep10 300/1453 loss 0.0425 lr 3e-04 (54s)
[02:08:13]   [cls-r1] ep10 400/1453 loss 0.0426 lr 3e-04 (71s)
[02:08:33]   [cls-r1] ep10 500/1453 loss 0.0436 lr 3e-04 (92s)
[02:08:51]   [cls-r1] ep10 600/1453 loss 0.0438 lr 3e-04 (110s)
[02:09:09]   [cls-r1] ep10 700/1453 loss 0.0436 lr 3e-04 (127s)
[02:09:27]   [cls-r1] ep10 800/1453 loss 0.0432 lr 3e-04 (145s)
[02:09:45]   [cls-r1] ep10 900/1453 loss 0.0433 lr 3e-04 (163s)
[02:10:03]   [cls-r1] ep10 1000/1453 loss 0.0436 lr 3e-04 (181s)
[02:10:21]   [cls-r1] ep10 1100/1453 loss 0.0436 lr 3e-04 (199s)
[02:10:46]   [cls-r1] ep10 1200/1453 loss 0.0439 lr 3e-04 (225s)
[02:11:04]   [cls-r1] ep10 1300/1453 loss 0.0438 lr 3e-04 (242s)
[02:11:21]   [cls-r1] ep10 1400/1453 loss 0.0439 lr 3e-04 (260s)
[02:11:31]   [cls-r1] ep10 1453/1453 loss 0.0439 lr 3e-04 (269s)
[02:11:53]   [cls-r1] Epoch 10 완료 | train L1 0.0439 | val argmax-MAE 8.71 | * best 저장 (8.71)
[02:12:12]   [cls-r1] ep11 100/1453 loss 0.0408 lr 3e-04 (18s)
[02:12:46]   [cls-r1] ep11 200/1453 loss 0.0402 lr 3e-04 (52s)
[02:13:10]   [cls-r1] ep11 300/1453 loss 0.0395 lr 3e-04 (76s)
[02:13:32]   [cls-r1] ep11 400/1453 loss 0.0394 lr 3e-04 (98s)
[02:13:54]   [cls-r1] ep11 500/1453 loss 0.0394 lr 3e-04 (120s)
[02:14:18]   [cls-r1] ep11 600/1453 loss 0.0393 lr 3e-04 (144s)
[02:14:41]   [cls-r1] ep11 700/1453 loss 0.0396 lr 3e-04 (167s)
[02:15:05]   [cls-r1] ep11 800/1453 loss 0.0398 lr 3e-04 (191s)
[02:15:33]   [cls-r1] ep11 900/1453 loss 0.0399 lr 3e-04 (219s)
[02:15:57]   [cls-r1] ep11 1000/1453 loss 0.0397 lr 3e-04 (244s)
[02:16:24]   [cls-r1] ep11 1100/1453 loss 0.0401 lr 3e-04 (270s)
[02:16:54]   [cls-r1] ep11 1200/1453 loss 0.0402 lr 3e-04 (300s)
[02:17:19]   [cls-r1] ep11 1300/1453 loss 0.0406 lr 3e-04 (325s)
[02:17:45]   [cls-r1] ep11 1400/1453 loss 0.0406 lr 3e-04 (351s)
[02:18:02]   [cls-r1] ep11 1453/1453 loss 0.0406 lr 3e-04 (368s)
[02:18:32]   [cls-r1] Epoch 11 완료 | train L1 0.0406 | val argmax-MAE 8.61 | * best 저장 (8.61)
[02:19:03]   [cls-r1] ep12 100/1453 loss 0.0352 lr 3e-04 (30s)
[02:19:30]   [cls-r1] ep12 200/1453 loss 0.0361 lr 3e-04 (57s)
[02:19:55]   [cls-r1] ep12 300/1453 loss 0.0361 lr 3e-04 (83s)
[02:20:25]   [cls-r1] ep12 400/1453 loss 0.0371 lr 3e-04 (112s)
[02:20:50]   [cls-r1] ep12 500/1453 loss 0.0374 lr 3e-04 (137s)
[02:21:17]   [cls-r1] ep12 600/1453 loss 0.0376 lr 3e-04 (165s)
[02:21:45]   [cls-r1] ep12 700/1453 loss 0.0378 lr 3e-04 (193s)
[02:22:14]   [cls-r1] ep12 800/1453 loss 0.0380 lr 3e-04 (222s)
[02:22:39]   [cls-r1] ep12 900/1453 loss 0.0380 lr 3e-04 (246s)
[02:23:00]   [cls-r1] ep12 1000/1453 loss 0.0381 lr 3e-04 (268s)
[02:23:22]   [cls-r1] ep12 1100/1453 loss 0.0380 lr 3e-04 (290s)
[02:23:44]   [cls-r1] ep12 1200/1453 loss 0.0382 lr 3e-04 (311s)
[02:24:17]   [cls-r1] ep12 1300/1453 loss 0.0383 lr 3e-04 (344s)
[02:24:47]   [cls-r1] ep12 1400/1453 loss 0.0382 lr 3e-04 (375s)
[02:25:02]   [cls-r1] ep12 1453/1453 loss 0.0383 lr 3e-04 (389s)
[02:25:31]   [cls-r1] Epoch 12 완료 | train L1 0.0383 | val argmax-MAE 8.97 | 개선없음 1/8
[02:26:00]   [cls-r1] ep13 100/1453 loss 0.0382 lr 3e-04 (28s)
[02:26:29]   [cls-r1] ep13 200/1453 loss 0.0384 lr 3e-04 (57s)
[02:26:58]   [cls-r1] ep13 300/1453 loss 0.0381 lr 3e-04 (86s)
[02:27:25]   [cls-r1] ep13 400/1453 loss 0.0375 lr 3e-04 (113s)
[02:27:58]   [cls-r1] ep13 500/1453 loss 0.0369 lr 3e-04 (146s)
[02:28:29]   [cls-r1] ep13 600/1453 loss 0.0372 lr 3e-04 (177s)
[02:29:04]   [cls-r1] ep13 700/1453 loss 0.0374 lr 3e-04 (212s)
[02:29:33]   [cls-r1] ep13 800/1453 loss 0.0370 lr 3e-04 (241s)
[02:30:03]   [cls-r1] ep13 900/1453 loss 0.0369 lr 3e-04 (271s)
[02:30:30]   [cls-r1] ep13 1000/1453 loss 0.0367 lr 3e-04 (298s)
[02:30:58]   [cls-r1] ep13 1100/1453 loss 0.0366 lr 3e-04 (326s)
[02:31:29]   [cls-r1] ep13 1200/1453 loss 0.0366 lr 3e-04 (357s)
[02:32:01]   [cls-r1] ep13 1300/1453 loss 0.0365 lr 3e-04 (389s)
[02:32:34]   [cls-r1] ep13 1400/1453 loss 0.0366 lr 3e-04 (422s)
[02:32:51]   [cls-r1] ep13 1453/1453 loss 0.0367 lr 3e-04 (439s)
[02:33:14]   [cls-r1] Epoch 13 완료 | train L1 0.0367 | val argmax-MAE 8.52 | * best 저장 (8.52)
[02:33:46]   [cls-r1] ep14 100/1453 loss 0.0343 lr 3e-04 (31s)
[02:34:18]   [cls-r1] ep14 200/1453 loss 0.0345 lr 3e-04 (63s)
[02:34:51]   [cls-r1] ep14 300/1453 loss 0.0344 lr 3e-04 (96s)
[02:35:24]   [cls-r1] ep14 400/1453 loss 0.0343 lr 3e-04 (129s)
[02:35:55]   [cls-r1] ep14 500/1453 loss 0.0346 lr 3e-04 (160s)
[02:36:27]   [cls-r1] ep14 600/1453 loss 0.0344 lr 3e-04 (192s)
[02:37:02]   [cls-r1] ep14 700/1453 loss 0.0344 lr 3e-04 (228s)
[02:37:37]   [cls-r1] ep14 800/1453 loss 0.0351 lr 3e-04 (262s)
[02:38:13]   [cls-r1] ep14 900/1453 loss 0.0355 lr 3e-04 (298s)
[02:38:46]   [cls-r1] ep14 1000/1453 loss 0.0359 lr 3e-04 (331s)
[02:39:19]   [cls-r1] ep14 1100/1453 loss 0.0359 lr 3e-04 (364s)
[02:39:50]   [cls-r1] ep14 1200/1453 loss 0.0358 lr 3e-04 (396s)
[02:40:23]   [cls-r1] ep14 1300/1453 loss 0.0359 lr 3e-04 (428s)
[02:40:54]   [cls-r1] ep14 1400/1453 loss 0.0357 lr 3e-04 (459s)
[02:41:12]   [cls-r1] ep14 1453/1453 loss 0.0358 lr 3e-04 (477s)
[02:41:34]   [cls-r1] Epoch 14 완료 | train L1 0.0358 | val argmax-MAE 8.77 | 개선없음 1/8
[02:42:05]   [cls-r1] ep15 100/1453 loss 0.0355 lr 3e-04 (31s)
[02:42:37]   [cls-r1] ep15 200/1453 loss 0.0348 lr 3e-04 (63s)
[02:43:09]   [cls-r1] ep15 300/1453 loss 0.0352 lr 3e-04 (95s)
[02:43:40]   [cls-r1] ep15 400/1453 loss 0.0351 lr 3e-04 (126s)
[02:44:14]   [cls-r1] ep15 500/1453 loss 0.0346 lr 3e-04 (159s)
[02:44:44]   [cls-r1] ep15 600/1453 loss 0.0345 lr 3e-04 (190s)
[02:45:16]   [cls-r1] ep15 700/1453 loss 0.0342 lr 3e-04 (221s)
[02:45:45]   [cls-r1] ep15 800/1453 loss 0.0341 lr 3e-04 (251s)
[02:46:17]   [cls-r1] ep15 900/1453 loss 0.0341 lr 3e-04 (283s)
[02:46:51]   [cls-r1] ep15 1000/1453 loss 0.0339 lr 3e-04 (317s)
[02:47:24]   [cls-r1] ep15 1100/1453 loss 0.0339 lr 3e-04 (350s)
[02:47:57]   [cls-r1] ep15 1200/1453 loss 0.0338 lr 3e-04 (383s)
[02:48:28]   [cls-r1] ep15 1300/1453 loss 0.0339 lr 3e-04 (414s)
[02:49:00]   [cls-r1] ep15 1400/1453 loss 0.0340 lr 3e-04 (446s)
[02:49:16]   [cls-r1] ep15 1453/1453 loss 0.0340 lr 3e-04 (462s)
[02:49:40]   [cls-r1] Epoch 15 완료 | train L1 0.0340 | val argmax-MAE 8.55 | 개선없음 2/8
[02:50:11]   [cls-r1] ep16 100/1453 loss 0.0320 lr 3e-04 (31s)
[02:50:41]   [cls-r1] ep16 200/1453 loss 0.0317 lr 3e-04 (61s)
[02:51:14]   [cls-r1] ep16 300/1453 loss 0.0321 lr 3e-04 (94s)
[02:51:49]   [cls-r1] ep16 400/1453 loss 0.0318 lr 3e-04 (129s)
[02:52:28]   [cls-r1] ep16 500/1453 loss 0.0322 lr 3e-04 (168s)
[02:53:02]   [cls-r1] ep16 600/1453 loss 0.0320 lr 3e-04 (202s)
[02:53:36]   [cls-r1] ep16 700/1453 loss 0.0321 lr 3e-04 (235s)
[02:54:06]   [cls-r1] ep16 800/1453 loss 0.0322 lr 3e-04 (266s)
[02:54:39]   [cls-r1] ep16 900/1453 loss 0.0321 lr 3e-04 (299s)
[02:55:11]   [cls-r1] ep16 1000/1453 loss 0.0321 lr 3e-04 (331s)
[02:55:44]   [cls-r1] ep16 1100/1453 loss 0.0323 lr 3e-04 (364s)
[02:56:16]   [cls-r1] ep16 1200/1453 loss 0.0322 lr 3e-04 (396s)
[02:56:48]   [cls-r1] ep16 1300/1453 loss 0.0322 lr 3e-04 (428s)
[02:57:20]   [cls-r1] ep16 1400/1453 loss 0.0324 lr 3e-04 (460s)
[02:57:37]   [cls-r1] ep16 1453/1453 loss 0.0324 lr 3e-04 (477s)
[02:58:02]   [cls-r1] Epoch 16 완료 | train L1 0.0324 | val argmax-MAE 8.27 | * best 저장 (8.27)
[02:58:36]   [cls-r1] ep17 100/1453 loss 0.0323 lr 3e-04 (34s)
[02:59:09]   [cls-r1] ep17 200/1453 loss 0.0312 lr 3e-04 (67s)
[02:59:41]   [cls-r1] ep17 300/1453 loss 0.0310 lr 3e-04 (99s)
[03:00:13]   [cls-r1] ep17 400/1453 loss 0.0308 lr 3e-04 (131s)
[03:00:46]   [cls-r1] ep17 500/1453 loss 0.0308 lr 3e-04 (164s)
[03:01:17]   [cls-r1] ep17 600/1453 loss 0.0307 lr 3e-04 (195s)
[03:01:52]   [cls-r1] ep17 700/1453 loss 0.0304 lr 3e-04 (229s)
[03:02:21]   [cls-r1] ep17 800/1453 loss 0.0305 lr 3e-04 (258s)
[03:02:53]   [cls-r1] ep17 900/1453 loss 0.0306 lr 3e-04 (291s)
[03:03:28]   [cls-r1] ep17 1000/1453 loss 0.0308 lr 3e-04 (326s)
[03:04:06]   [cls-r1] ep17 1100/1453 loss 0.0309 lr 3e-04 (363s)
[03:04:37]   [cls-r1] ep17 1200/1453 loss 0.0310 lr 3e-04 (395s)
[03:05:10]   [cls-r1] ep17 1300/1453 loss 0.0311 lr 3e-04 (428s)
[03:05:42]   [cls-r1] ep17 1400/1453 loss 0.0312 lr 3e-04 (460s)
[03:05:59]   [cls-r1] ep17 1453/1453 loss 0.0313 lr 3e-04 (476s)
[03:06:29]   [cls-r1] Epoch 17 완료 | train L1 0.0313 | val argmax-MAE 8.57 | 개선없음 1/8
[03:07:06]   [cls-r1] ep18 100/1453 loss 0.0313 lr 3e-04 (37s)
[03:07:43]   [cls-r1] ep18 200/1453 loss 0.0302 lr 3e-04 (73s)
[03:08:14]   [cls-r1] ep18 300/1453 loss 0.0299 lr 3e-04 (104s)
[03:08:45]   [cls-r1] ep18 400/1453 loss 0.0306 lr 3e-04 (135s)
[03:09:17]   [cls-r1] ep18 500/1453 loss 0.0305 lr 3e-04 (167s)
[03:09:54]   [cls-r1] ep18 600/1453 loss 0.0302 lr 3e-04 (204s)
[03:10:27]   [cls-r1] ep18 700/1453 loss 0.0302 lr 3e-04 (237s)
[03:11:00]   [cls-r1] ep18 800/1453 loss 0.0301 lr 3e-04 (270s)
[03:11:32]   [cls-r1] ep18 900/1453 loss 0.0301 lr 3e-04 (302s)
[03:12:03]   [cls-r1] ep18 1000/1453 loss 0.0304 lr 3e-04 (333s)
[03:12:35]   [cls-r1] ep18 1100/1453 loss 0.0306 lr 3e-04 (365s)
[03:13:07]   [cls-r1] ep18 1200/1453 loss 0.0306 lr 3e-04 (397s)
[03:13:40]   [cls-r1] ep18 1300/1453 loss 0.0308 lr 3e-04 (430s)
[03:14:12]   [cls-r1] ep18 1400/1453 loss 0.0308 lr 3e-04 (462s)
[03:14:29]   [cls-r1] ep18 1453/1453 loss 0.0308 lr 3e-04 (479s)
[03:14:52]   [cls-r1] Epoch 18 완료 | train L1 0.0308 | val argmax-MAE 8.63 | 개선없음 2/8
[03:15:23]   [cls-r1] ep19 100/1453 loss 0.0285 lr 3e-04 (30s)
[03:15:56]   [cls-r1] ep19 200/1453 loss 0.0289 lr 3e-04 (64s)
[03:16:29]   [cls-r1] ep19 300/1453 loss 0.0287 lr 3e-04 (97s)
[03:17:00]   [cls-r1] ep19 400/1453 loss 0.0295 lr 3e-04 (128s)
[03:17:32]   [cls-r1] ep19 500/1453 loss 0.0294 lr 3e-04 (160s)
[03:18:05]   [cls-r1] ep19 600/1453 loss 0.0294 lr 3e-04 (192s)
[03:18:36]   [cls-r1] ep19 700/1453 loss 0.0295 lr 3e-04 (224s)
[03:19:09]   [cls-r1] ep19 800/1453 loss 0.0297 lr 3e-04 (257s)
[03:19:41]   [cls-r1] ep19 900/1453 loss 0.0297 lr 3e-04 (289s)
[03:20:14]   [cls-r1] ep19 1000/1453 loss 0.0297 lr 3e-04 (321s)
[03:20:46]   [cls-r1] ep19 1100/1453 loss 0.0298 lr 3e-04 (354s)
[03:21:20]   [cls-r1] ep19 1200/1453 loss 0.0296 lr 3e-04 (388s)
[03:21:55]   [cls-r1] ep19 1300/1453 loss 0.0295 lr 3e-04 (423s)
[03:22:35]   [cls-r1] ep19 1400/1453 loss 0.0295 lr 3e-04 (463s)
[03:22:51]   [cls-r1] ep19 1453/1453 loss 0.0295 lr 3e-04 (479s)
[03:23:19]   [cls-r1] Epoch 19 완료 | train L1 0.0295 | val argmax-MAE 8.65 | 개선없음 3/8
[03:23:56]   [cls-r1] ep20 100/1453 loss 0.0292 lr 3e-04 (36s)
[03:24:28]   [cls-r1] ep20 200/1453 loss 0.0289 lr 3e-04 (68s)
[03:25:00]   [cls-r1] ep20 300/1453 loss 0.0281 lr 3e-04 (100s)
[03:25:31]   [cls-r1] ep20 400/1453 loss 0.0286 lr 3e-04 (131s)
[03:26:05]   [cls-r1] ep20 500/1453 loss 0.0282 lr 3e-04 (165s)
[03:26:38]   [cls-r1] ep20 600/1453 loss 0.0282 lr 3e-04 (198s)
[03:27:10]   [cls-r1] ep20 700/1453 loss 0.0287 lr 3e-04 (230s)
[03:27:45]   [cls-r1] ep20 800/1453 loss 0.0285 lr 3e-04 (264s)
[03:28:20]   [cls-r1] ep20 900/1453 loss 0.0285 lr 3e-04 (300s)
[03:28:52]   [cls-r1] ep20 1000/1453 loss 0.0287 lr 3e-04 (332s)
[03:29:24]   [cls-r1] ep20 1100/1453 loss 0.0286 lr 3e-04 (363s)
[03:29:55]   [cls-r1] ep20 1200/1453 loss 0.0286 lr 3e-04 (395s)
[03:30:27]   [cls-r1] ep20 1300/1453 loss 0.0285 lr 3e-04 (427s)
[03:30:59]   [cls-r1] ep20 1400/1453 loss 0.0287 lr 3e-04 (459s)
[03:31:21]   [cls-r1] ep20 1453/1453 loss 0.0286 lr 3e-04 (481s)
[03:31:48]   [cls-r1] Epoch 20 완료 | train L1 0.0286 | val argmax-MAE 8.60 | 개선없음 4/8
[03:32:25]   [cls-r1] ep21 100/1453 loss 0.0308 lr 3e-04 (36s)
[03:32:56]   [cls-r1] ep21 200/1453 loss 0.0303 lr 3e-04 (67s)
[03:33:28]   [cls-r1] ep21 300/1453 loss 0.0301 lr 3e-04 (100s)
[03:34:02]   [cls-r1] ep21 400/1453 loss 0.0296 lr 3e-04 (134s)
[03:34:34]   [cls-r1] ep21 500/1453 loss 0.0293 lr 3e-04 (165s)
[03:35:05]   [cls-r1] ep21 600/1453 loss 0.0294 lr 3e-04 (197s)
[03:35:40]   [cls-r1] ep21 700/1453 loss 0.0291 lr 3e-04 (231s)
[03:36:12]   [cls-r1] ep21 800/1453 loss 0.0291 lr 3e-04 (263s)
[03:36:44]   [cls-r1] ep21 900/1453 loss 0.0289 lr 3e-04 (295s)
[03:37:16]   [cls-r1] ep21 1000/1453 loss 0.0288 lr 3e-04 (327s)
[03:37:50]   [cls-r1] ep21 1100/1453 loss 0.0285 lr 3e-04 (361s)
[03:38:21]   [cls-r1] ep21 1200/1453 loss 0.0286 lr 3e-04 (392s)
[03:38:58]   [cls-r1] ep21 1300/1453 loss 0.0286 lr 3e-04 (430s)
[03:39:33]   [cls-r1] ep21 1400/1453 loss 0.0287 lr 3e-04 (464s)
[03:39:51]   [cls-r1] ep21 1453/1453 loss 0.0286 lr 3e-04 (482s)
[03:40:17]   [cls-r1] Epoch 21 완료 | train L1 0.0286 | val argmax-MAE 8.18 | * best 저장 (8.18)
[03:40:46]   [cls-r1] ep22 100/1453 loss 0.0290 lr 3e-04 (29s)
[03:41:21]   [cls-r1] ep22 200/1453 loss 0.0294 lr 3e-04 (64s)
[03:41:54]   [cls-r1] ep22 300/1453 loss 0.0281 lr 3e-04 (97s)
[03:42:32]   [cls-r1] ep22 400/1453 loss 0.0280 lr 3e-04 (135s)
[03:43:03]   [cls-r1] ep22 500/1453 loss 0.0277 lr 3e-04 (166s)
[03:43:36]   [cls-r1] ep22 600/1453 loss 0.0274 lr 3e-04 (199s)
[03:44:07]   [cls-r1] ep22 700/1453 loss 0.0273 lr 3e-04 (230s)
[03:44:40]   [cls-r1] ep22 800/1453 loss 0.0273 lr 3e-04 (263s)
[03:45:13]   [cls-r1] ep22 900/1453 loss 0.0271 lr 3e-04 (296s)
[03:45:47]   [cls-r1] ep22 1000/1453 loss 0.0272 lr 3e-04 (330s)
[03:46:19]   [cls-r1] ep22 1100/1453 loss 0.0273 lr 3e-04 (362s)
[03:46:51]   [cls-r1] ep22 1200/1453 loss 0.0275 lr 3e-04 (393s)
[03:47:21]   [cls-r1] ep22 1300/1453 loss 0.0275 lr 3e-04 (424s)
[03:47:53]   [cls-r1] ep22 1400/1453 loss 0.0275 lr 3e-04 (456s)
[03:48:10]   [cls-r1] ep22 1453/1453 loss 0.0275 lr 3e-04 (473s)
[03:48:34]   [cls-r1] Epoch 22 완료 | train L1 0.0275 | val argmax-MAE 8.40 | 개선없음 1/8
[03:49:07]   [cls-r1] ep23 100/1453 loss 0.0272 lr 3e-04 (33s)
[03:49:42]   [cls-r1] ep23 200/1453 loss 0.0268 lr 3e-04 (68s)
[03:50:16]   [cls-r1] ep23 300/1453 loss 0.0263 lr 3e-04 (102s)
[03:50:48]   [cls-r1] ep23 400/1453 loss 0.0263 lr 3e-04 (133s)
[03:51:27]   [cls-r1] ep23 500/1453 loss 0.0261 lr 3e-04 (173s)
[03:52:01]   [cls-r1] ep23 600/1453 loss 0.0264 lr 3e-04 (207s)
[03:52:38]   [cls-r1] ep23 700/1453 loss 0.0263 lr 3e-04 (243s)
[03:53:16]   [cls-r1] ep23 800/1453 loss 0.0265 lr 3e-04 (282s)
[03:53:46]   [cls-r1] ep23 900/1453 loss 0.0267 lr 3e-04 (312s)
[03:54:19]   [cls-r1] ep23 1000/1453 loss 0.0267 lr 3e-04 (345s)
[03:54:51]   [cls-r1] ep23 1100/1453 loss 0.0268 lr 3e-04 (376s)
[03:55:23]   [cls-r1] ep23 1200/1453 loss 0.0270 lr 3e-04 (408s)
[03:55:55]   [cls-r1] ep23 1300/1453 loss 0.0270 lr 3e-04 (440s)
[03:56:29]   [cls-r1] ep23 1400/1453 loss 0.0271 lr 3e-04 (475s)
[03:56:47]   [cls-r1] ep23 1453/1453 loss 0.0271 lr 3e-04 (492s)
[03:57:10]   [cls-r1] Epoch 23 완료 | train L1 0.0271 | val argmax-MAE 8.45 | 개선없음 2/8
[03:57:42]   [cls-r1] ep24 100/1453 loss 0.0249 lr 3e-04 (31s)
[03:58:15]   [cls-r1] ep24 200/1453 loss 0.0267 lr 3e-04 (64s)
[03:58:50]   [cls-r1] ep24 300/1453 loss 0.0267 lr 3e-04 (99s)
[03:59:21]   [cls-r1] ep24 400/1453 loss 0.0264 lr 3e-04 (130s)
[03:59:56]   [cls-r1] ep24 500/1453 loss 0.0265 lr 3e-04 (165s)
[04:00:28]   [cls-r1] ep24 600/1453 loss 0.0268 lr 3e-04 (197s)
[04:01:02]   [cls-r1] ep24 700/1453 loss 0.0263 lr 3e-04 (231s)
[04:01:34]   [cls-r1] ep24 800/1453 loss 0.0261 lr 3e-04 (263s)
[04:02:10]   [cls-r1] ep24 900/1453 loss 0.0261 lr 3e-04 (299s)
[04:02:41]   [cls-r1] ep24 1000/1453 loss 0.0262 lr 3e-04 (330s)
[04:03:17]   [cls-r1] ep24 1100/1453 loss 0.0261 lr 3e-04 (366s)
[04:03:47]   [cls-r1] ep24 1200/1453 loss 0.0260 lr 3e-04 (396s)
[04:04:24]   [cls-r1] ep24 1300/1453 loss 0.0260 lr 3e-04 (433s)
[04:04:56]   [cls-r1] ep24 1400/1453 loss 0.0259 lr 3e-04 (465s)
[04:05:15]   [cls-r1] ep24 1453/1453 loss 0.0260 lr 3e-04 (484s)
[04:05:36]   [cls-r1] Epoch 24 완료 | train L1 0.0260 | val argmax-MAE 8.95 | 개선없음 3/8
[04:06:07]   [cls-r1] ep25 100/1453 loss 0.0265 lr 3e-04 (31s)
[04:06:42]   [cls-r1] ep25 200/1453 loss 0.0266 lr 3e-04 (65s)
[04:07:17]   [cls-r1] ep25 300/1453 loss 0.0268 lr 3e-04 (100s)
[04:07:50]   [cls-r1] ep25 400/1453 loss 0.0266 lr 3e-04 (133s)
[04:08:23]   [cls-r1] ep25 500/1453 loss 0.0266 lr 3e-04 (166s)
[04:09:02]   [cls-r1] ep25 600/1453 loss 0.0270 lr 3e-04 (205s)
[04:09:36]   [cls-r1] ep25 700/1453 loss 0.0270 lr 3e-04 (239s)
[04:10:12]   [cls-r1] ep25 800/1453 loss 0.0266 lr 3e-04 (275s)
[04:10:44]   [cls-r1] ep25 900/1453 loss 0.0264 lr 3e-04 (307s)
[04:11:17]   [cls-r1] ep25 1000/1453 loss 0.0260 lr 3e-04 (340s)
[04:11:49]   [cls-r1] ep25 1100/1453 loss 0.0259 lr 3e-04 (373s)
[04:12:21]   [cls-r1] ep25 1200/1453 loss 0.0259 lr 3e-04 (404s)
[04:12:53]   [cls-r1] ep25 1300/1453 loss 0.0258 lr 3e-04 (436s)
[04:13:27]   [cls-r1] ep25 1400/1453 loss 0.0256 lr 3e-04 (470s)
[04:13:44]   [cls-r1] ep25 1453/1453 loss 0.0257 lr 3e-04 (487s)
[04:14:12]   [cls-r1] Epoch 25 완료 | train L1 0.0257 | val argmax-MAE 8.53 | 개선없음 4/8
[04:14:45]   [cls-r1] ep26 100/1453 loss 0.0233 lr 3e-04 (32s)
[04:15:22]   [cls-r1] ep26 200/1453 loss 0.0238 lr 3e-04 (69s)
[04:15:53]   [cls-r1] ep26 300/1453 loss 0.0238 lr 3e-04 (101s)
[04:16:30]   [cls-r1] ep26 400/1453 loss 0.0235 lr 3e-04 (137s)
[04:17:02]   [cls-r1] ep26 500/1453 loss 0.0237 lr 3e-04 (169s)
[04:17:35]   [cls-r1] ep26 600/1453 loss 0.0240 lr 3e-04 (202s)
[04:18:07]   [cls-r1] ep26 700/1453 loss 0.0243 lr 3e-04 (235s)
[04:18:40]   [cls-r1] ep26 800/1453 loss 0.0242 lr 3e-04 (268s)
[04:19:13]   [cls-r1] ep26 900/1453 loss 0.0243 lr 3e-04 (301s)
[04:19:48]   [cls-r1] ep26 1000/1453 loss 0.0243 lr 3e-04 (336s)
[04:20:20]   [cls-r1] ep26 1100/1453 loss 0.0242 lr 3e-04 (367s)
[04:20:54]   [cls-r1] ep26 1200/1453 loss 0.0243 lr 3e-04 (402s)
[04:21:28]   [cls-r1] ep26 1300/1453 loss 0.0243 lr 3e-04 (435s)
[04:22:03]   [cls-r1] ep26 1400/1453 loss 0.0243 lr 3e-04 (471s)
[04:22:20]   [cls-r1] ep26 1453/1453 loss 0.0244 lr 3e-04 (488s)
[04:23:11]   [cls-r1] Epoch 26 완료 | train L1 0.0244 | val argmax-MAE 8.70 | 개선없음 5/8
[04:23:41]   [cls-r1] ep27 100/1453 loss 0.0254 lr 3e-04 (30s)
[04:24:15]   [cls-r1] ep27 200/1453 loss 0.0238 lr 3e-04 (64s)
[04:24:49]   [cls-r1] ep27 300/1453 loss 0.0237 lr 3e-04 (97s)
[04:25:28]   [cls-r1] ep27 400/1453 loss 0.0241 lr 3e-04 (137s)
[04:25:59]   [cls-r1] ep27 500/1453 loss 0.0240 lr 3e-04 (168s)
[04:26:35]   [cls-r1] ep27 600/1453 loss 0.0241 lr 3e-04 (204s)
[04:27:08]   [cls-r1] ep27 700/1453 loss 0.0240 lr 3e-04 (236s)
[04:27:42]   [cls-r1] ep27 800/1453 loss 0.0238 lr 3e-04 (270s)
[04:28:13]   [cls-r1] ep27 900/1453 loss 0.0239 lr 3e-04 (301s)
[04:28:45]   [cls-r1] ep27 1000/1453 loss 0.0239 lr 3e-04 (333s)
[04:29:17]   [cls-r1] ep27 1100/1453 loss 0.0239 lr 3e-04 (365s)
[04:29:49]   [cls-r1] ep27 1200/1453 loss 0.0240 lr 3e-04 (398s)
[04:30:22]   [cls-r1] ep27 1300/1453 loss 0.0239 lr 3e-04 (430s)
[04:30:56]   [cls-r1] ep27 1400/1453 loss 0.0242 lr 3e-04 (465s)
[04:31:13]   [cls-r1] ep27 1453/1453 loss 0.0243 lr 3e-04 (481s)
[04:31:36]   [cls-r1] Epoch 27 완료 | train L1 0.0243 | val argmax-MAE 8.56 | 개선없음 6/8
[04:32:08]   [cls-r1] ep28 100/1453 loss 0.0222 lr 3e-04 (32s)
[04:32:47]   [cls-r1] ep28 200/1453 loss 0.0232 lr 3e-04 (70s)
[04:33:24]   [cls-r1] ep28 300/1453 loss 0.0237 lr 3e-04 (108s)
[04:34:07]   [cls-r1] ep28 400/1453 loss 0.0231 lr 3e-04 (151s)
[04:34:51]   [cls-r1] ep28 500/1453 loss 0.0232 lr 3e-04 (194s)
[04:35:57]   [cls-r1] ep28 600/1453 loss 0.0233 lr 3e-04 (261s)
[04:36:51]   [cls-r1] ep28 700/1453 loss 0.0234 lr 3e-04 (315s)
[04:37:44]   [cls-r1] ep28 800/1453 loss 0.0235 lr 3e-04 (367s)
[04:38:39]   [cls-r1] ep28 900/1453 loss 0.0237 lr 3e-04 (423s)
[04:39:34]   [cls-r1] ep28 1000/1453 loss 0.0240 lr 3e-04 (477s)
[04:41:21]   [cls-r1] ep28 1100/1453 loss 0.0239 lr 3e-04 (584s)
[04:43:22]   [cls-r1] ep28 1200/1453 loss 0.0239 lr 3e-04 (705s)
[04:44:41]   [cls-r1] ep28 1300/1453 loss 0.0238 lr 3e-04 (785s)
[04:45:49]   [cls-r1] ep28 1400/1453 loss 0.0238 lr 3e-04 (852s)
[04:46:24]   [cls-r1] ep28 1453/1453 loss 0.0237 lr 3e-04 (888s)
[04:47:26]   [cls-r1] Epoch 28 완료 | train L1 0.0237 | val argmax-MAE 8.23 | 개선없음 7/8
[04:47:47]   [cls-r1] ep29 100/1453 loss 0.0236 lr 3e-04 (21s)
[04:48:12]   [cls-r1] ep29 200/1453 loss 0.0226 lr 3e-04 (45s)
[04:48:33]   [cls-r1] ep29 300/1453 loss 0.0232 lr 3e-04 (66s)
[04:48:54]   [cls-r1] ep29 400/1453 loss 0.0229 lr 3e-04 (87s)
[04:49:17]   [cls-r1] ep29 500/1453 loss 0.0233 lr 3e-04 (110s)
[04:49:40]   [cls-r1] ep29 600/1453 loss 0.0236 lr 3e-04 (133s)
[04:50:04]   [cls-r1] ep29 700/1453 loss 0.0236 lr 3e-04 (158s)
[04:50:27]   [cls-r1] ep29 800/1453 loss 0.0237 lr 3e-04 (180s)
[04:50:47]   [cls-r1] ep29 900/1453 loss 0.0236 lr 3e-04 (200s)
[04:51:08]   [cls-r1] ep29 1000/1453 loss 0.0235 lr 3e-04 (221s)
[04:51:30]   [cls-r1] ep29 1100/1453 loss 0.0233 lr 3e-04 (243s)
[04:51:50]   [cls-r1] ep29 1200/1453 loss 0.0234 lr 3e-04 (263s)
[04:52:11]   [cls-r1] ep29 1300/1453 loss 0.0233 lr 3e-04 (284s)
[04:52:32]   [cls-r1] ep29 1400/1453 loss 0.0231 lr 3e-04 (305s)
[04:52:42]   [cls-r1] ep29 1453/1453 loss 0.0231 lr 3e-04 (315s)
[04:52:58]   [cls-r1] Epoch 29 완료 | train L1 0.0231 | val argmax-MAE 8.27 | 개선없음 8/8
[04:52:59]   [cls-r1] 조기종료 | best argmax-MAE 8.18 @ epoch 21
[04:54:41]   [r1] train 1000/11628
[04:55:58]   [r1] train 2000/11628
[04:57:24]   [r1] train 3000/11628
[04:58:45]   [r1] train 4000/11628
[05:00:04]   [r1] train 5000/11628
[05:01:25]   [r1] train 6000/11628
[05:02:44]   [r1] train 7000/11628
[05:04:02]   [r1] train 8000/11628
[05:05:25]   [r1] train 9000/11628
[05:06:49]   [r1] train 10000/11628
[05:08:12]   [r1] train 11000/11628
[05:09:06] [r1:train] CAM 11628 | 밴드폴백 0 | 파일없음 0
[05:10:32]   [r1] val 1000/1319
[05:10:59] [r1:val] CAM 1319 | 밴드폴백 0 | 파일없음 0
[05:11:13] [r1:test] CAM 166 | 밴드폴백 0 | 파일없음 0
[05:11:13] ### Phase I-b : R2(중수골) 국소화 - 논문 방식(erase 재학습) ###
[05:11:13]   E 이미지로 cls-r2 재학습 -> CAM tau=50 | 밴드 제약 없음 | 박스 확대 없음 | 최대연결성분 True
[05:11:13] [cls-r2] 분류 모델 학습 | pool=gmp src=erased size=512 epochs=70
[05:11:14] [backbone] timm 'inception_v3' 로드 완료 (pretrained=True)
[05:11:14] [cls-gmp] feat (2048, 14, 14) -> FC 2048->240
[05:11:51]   [cls-r2] ep01 100/1453 loss 0.2606 lr 3e-04 (33s)
[05:12:25]   [cls-r2] ep01 200/1453 loss 0.2072 lr 3e-04 (67s)
[05:12:59]   [cls-r2] ep01 300/1453 loss 0.1821 lr 3e-04 (101s)
[05:13:34]   [cls-r2] ep01 400/1453 loss 0.1663 lr 3e-04 (136s)
[05:14:09]   [cls-r2] ep01 500/1453 loss 0.1562 lr 3e-04 (171s)
[05:14:44]   [cls-r2] ep01 600/1453 loss 0.1490 lr 3e-04 (207s)
[05:15:19]   [cls-r2] ep01 700/1453 loss 0.1421 lr 3e-04 (241s)
[05:15:51]   [cls-r2] ep01 800/1453 loss 0.1371 lr 3e-04 (274s)
[05:16:26]   [cls-r2] ep01 900/1453 loss 0.1331 lr 3e-04 (308s)
[05:16:58]   [cls-r2] ep01 1000/1453 loss 0.1295 lr 3e-04 (341s)
[05:17:32]   [cls-r2] ep01 1100/1453 loss 0.1264 lr 3e-04 (374s)
[05:18:06]   [cls-r2] ep01 1200/1453 loss 0.1238 lr 3e-04 (408s)
[05:18:46]   [cls-r2] ep01 1300/1453 loss 0.1219 lr 3e-04 (449s)
[05:19:25]   [cls-r2] ep01 1400/1453 loss 0.1196 lr 3e-04 (487s)
[05:19:44]   [cls-r2] ep01 1453/1453 loss 0.1187 lr 3e-04 (506s)
[05:20:21]   [cls-r2] Epoch 01 완료 | train L1 0.1187 | val argmax-MAE 13.32 | * best 저장 (13.32)
[05:20:45]   [cls-r2] ep02 100/1453 loss 0.0826 lr 3e-04 (23s)
[05:21:11]   [cls-r2] ep02 200/1453 loss 0.0834 lr 3e-04 (49s)
[05:21:36]   [cls-r2] ep02 300/1453 loss 0.0849 lr 3e-04 (75s)
[05:22:05]   [cls-r2] ep02 400/1453 loss 0.0841 lr 3e-04 (103s)
[05:22:36]   [cls-r2] ep02 500/1453 loss 0.0844 lr 3e-04 (134s)
[05:23:09]   [cls-r2] ep02 600/1453 loss 0.0851 lr 3e-04 (167s)
[05:23:41]   [cls-r2] ep02 700/1453 loss 0.0851 lr 3e-04 (199s)
[05:24:14]   [cls-r2] ep02 800/1453 loss 0.0847 lr 3e-04 (233s)
[05:24:48]   [cls-r2] ep02 900/1453 loss 0.0845 lr 3e-04 (266s)
[05:25:21]   [cls-r2] ep02 1000/1453 loss 0.0847 lr 3e-04 (299s)
[05:25:55]   [cls-r2] ep02 1100/1453 loss 0.0843 lr 3e-04 (333s)
[05:26:28]   [cls-r2] ep02 1200/1453 loss 0.0838 lr 3e-04 (366s)
[05:26:59]   [cls-r2] ep02 1300/1453 loss 0.0833 lr 3e-04 (397s)
[05:27:32]   [cls-r2] ep02 1400/1453 loss 0.0828 lr 3e-04 (430s)
[05:27:48]   [cls-r2] ep02 1453/1453 loss 0.0826 lr 3e-04 (446s)
[05:28:18]   [cls-r2] Epoch 02 완료 | train L1 0.0826 | val argmax-MAE 13.60 | 개선없음 1/8
[05:28:52]   [cls-r2] ep03 100/1453 loss 0.0748 lr 3e-04 (33s)
[05:29:23]   [cls-r2] ep03 200/1453 loss 0.0749 lr 3e-04 (65s)
[05:29:57]   [cls-r2] ep03 300/1453 loss 0.0769 lr 3e-04 (98s)
[05:30:31]   [cls-r2] ep03 400/1453 loss 0.0757 lr 3e-04 (133s)
[05:31:07]   [cls-r2] ep03 500/1453 loss 0.0758 lr 3e-04 (168s)
[05:31:40]   [cls-r2] ep03 600/1453 loss 0.0757 lr 3e-04 (201s)
[05:32:13]   [cls-r2] ep03 700/1453 loss 0.0753 lr 3e-04 (235s)
[05:32:48]   [cls-r2] ep03 800/1453 loss 0.0749 lr 3e-04 (270s)
[05:33:23]   [cls-r2] ep03 900/1453 loss 0.0750 lr 3e-04 (304s)
[05:33:57]   [cls-r2] ep03 1000/1453 loss 0.0754 lr 3e-04 (339s)
[05:34:30]   [cls-r2] ep03 1100/1453 loss 0.0755 lr 3e-04 (372s)
[05:35:00]   [cls-r2] ep03 1200/1453 loss 0.0757 lr 3e-04 (402s)
[05:35:34]   [cls-r2] ep03 1300/1453 loss 0.0760 lr 3e-04 (436s)
[05:36:12]   [cls-r2] ep03 1400/1453 loss 0.0761 lr 3e-04 (474s)
[05:36:31]   [cls-r2] ep03 1453/1453 loss 0.0760 lr 3e-04 (492s)
[05:37:12]   [cls-r2] Epoch 03 완료 | train L1 0.0760 | val argmax-MAE 10.22 | * best 저장 (10.22)
[05:37:47]   [cls-r2] ep04 100/1453 loss 0.0696 lr 3e-04 (35s)
[05:38:23]   [cls-r2] ep04 200/1453 loss 0.0708 lr 3e-04 (71s)
[05:38:58]   [cls-r2] ep04 300/1453 loss 0.0697 lr 3e-04 (105s)
[05:39:34]   [cls-r2] ep04 400/1453 loss 0.0698 lr 3e-04 (142s)
[05:40:10]   [cls-r2] ep04 500/1453 loss 0.0701 lr 3e-04 (177s)
[05:40:46]   [cls-r2] ep04 600/1453 loss 0.0700 lr 3e-04 (213s)
[05:41:21]   [cls-r2] ep04 700/1453 loss 0.0699 lr 3e-04 (249s)
[05:41:56]   [cls-r2] ep04 800/1453 loss 0.0700 lr 3e-04 (283s)
[05:42:29]   [cls-r2] ep04 900/1453 loss 0.0702 lr 3e-04 (316s)
[05:43:02]   [cls-r2] ep04 1000/1453 loss 0.0702 lr 3e-04 (350s)
[05:43:35]   [cls-r2] ep04 1100/1453 loss 0.0704 lr 3e-04 (382s)
[05:44:07]   [cls-r2] ep04 1200/1453 loss 0.0704 lr 3e-04 (415s)
[05:44:39]   [cls-r2] ep04 1300/1453 loss 0.0703 lr 3e-04 (446s)
[05:45:12]   [cls-r2] ep04 1400/1453 loss 0.0702 lr 3e-04 (479s)
[05:45:29]   [cls-r2] ep04 1453/1453 loss 0.0701 lr 3e-04 (496s)
[05:45:57]   [cls-r2] Epoch 04 완료 | train L1 0.0701 | val argmax-MAE 10.08 | * best 저장 (10.08)
[05:46:29]   [cls-r2] ep05 100/1453 loss 0.0719 lr 3e-04 (32s)
[05:47:02]   [cls-r2] ep05 200/1453 loss 0.0691 lr 3e-04 (64s)
[05:47:35]   [cls-r2] ep05 300/1453 loss 0.0668 lr 3e-04 (97s)
[05:48:05]   [cls-r2] ep05 400/1453 loss 0.0665 lr 3e-04 (127s)
[05:48:33]   [cls-r2] ep05 500/1453 loss 0.0664 lr 3e-04 (156s)
[05:48:59]   [cls-r2] ep05 600/1453 loss 0.0665 lr 3e-04 (181s)
[05:49:27]   [cls-r2] ep05 700/1453 loss 0.0665 lr 3e-04 (209s)
[05:49:54]   [cls-r2] ep05 800/1453 loss 0.0663 lr 3e-04 (236s)
[05:50:23]   [cls-r2] ep05 900/1453 loss 0.0666 lr 3e-04 (265s)
[05:50:49]   [cls-r2] ep05 1000/1453 loss 0.0666 lr 3e-04 (291s)
[05:51:16]   [cls-r2] ep05 1100/1453 loss 0.0666 lr 3e-04 (319s)
[05:51:40]   [cls-r2] ep05 1200/1453 loss 0.0667 lr 3e-04 (343s)
[05:52:01]   [cls-r2] ep05 1300/1453 loss 0.0668 lr 3e-04 (364s)
[05:52:30]   [cls-r2] ep05 1400/1453 loss 0.0667 lr 3e-04 (393s)
[05:52:44]   [cls-r2] ep05 1453/1453 loss 0.0667 lr 3e-04 (407s)
[05:53:07]   [cls-r2] Epoch 05 완료 | train L1 0.0667 | val argmax-MAE 10.00 | * best 저장 (10.00)
[05:53:33]   [cls-r2] ep06 100/1453 loss 0.0618 lr 3e-04 (25s)
[05:54:01]   [cls-r2] ep06 200/1453 loss 0.0610 lr 3e-04 (53s)
[05:54:29]   [cls-r2] ep06 300/1453 loss 0.0609 lr 3e-04 (82s)
[05:55:00]   [cls-r2] ep06 400/1453 loss 0.0607 lr 3e-04 (112s)
[05:55:29]   [cls-r2] ep06 500/1453 loss 0.0610 lr 3e-04 (141s)
[05:55:56]   [cls-r2] ep06 600/1453 loss 0.0609 lr 3e-04 (168s)
[05:56:23]   [cls-r2] ep06 700/1453 loss 0.0612 lr 3e-04 (195s)
[05:56:52]   [cls-r2] ep06 800/1453 loss 0.0617 lr 3e-04 (224s)
[05:57:21]   [cls-r2] ep06 900/1453 loss 0.0620 lr 3e-04 (254s)
[05:57:52]   [cls-r2] ep06 1000/1453 loss 0.0620 lr 3e-04 (284s)
[05:58:19]   [cls-r2] ep06 1100/1453 loss 0.0619 lr 3e-04 (311s)
[05:58:48]   [cls-r2] ep06 1200/1453 loss 0.0621 lr 3e-04 (340s)
[05:59:16]   [cls-r2] ep06 1300/1453 loss 0.0624 lr 3e-04 (368s)
[05:59:44]   [cls-r2] ep06 1400/1453 loss 0.0630 lr 3e-04 (396s)
[06:00:00]   [cls-r2] ep06 1453/1453 loss 0.0633 lr 3e-04 (412s)
[06:00:27]   [cls-r2] Epoch 06 완료 | train L1 0.0633 | val argmax-MAE 10.98 | 개선없음 1/8
[06:00:57]   [cls-r2] ep07 100/1453 loss 0.0613 lr 3e-04 (29s)
[06:01:24]   [cls-r2] ep07 200/1453 loss 0.0606 lr 3e-04 (56s)
[06:01:51]   [cls-r2] ep07 300/1453 loss 0.0618 lr 3e-04 (82s)
[06:02:17]   [cls-r2] ep07 400/1453 loss 0.0610 lr 3e-04 (109s)
[06:02:42]   [cls-r2] ep07 500/1453 loss 0.0610 lr 3e-04 (134s)
[06:03:09]   [cls-r2] ep07 600/1453 loss 0.0613 lr 3e-04 (160s)
[06:03:37]   [cls-r2] ep07 700/1453 loss 0.0610 lr 3e-04 (189s)
[06:04:03]   [cls-r2] ep07 800/1453 loss 0.0607 lr 3e-04 (215s)
[06:04:32]   [cls-r2] ep07 900/1453 loss 0.0609 lr 3e-04 (244s)
[06:05:08]   [cls-r2] ep07 1000/1453 loss 0.0609 lr 3e-04 (280s)
[06:05:35]   [cls-r2] ep07 1100/1453 loss 0.0609 lr 3e-04 (307s)
[06:05:54]   [cls-r2] ep07 1200/1453 loss 0.0608 lr 3e-04 (326s)
[06:06:15]   [cls-r2] ep07 1300/1453 loss 0.0610 lr 3e-04 (346s)
[06:06:34]   [cls-r2] ep07 1400/1453 loss 0.0609 lr 3e-04 (366s)
[06:06:43]   [cls-r2] ep07 1453/1453 loss 0.0610 lr 3e-04 (375s)
[06:07:02]   [cls-r2] Epoch 07 완료 | train L1 0.0610 | val argmax-MAE 9.90 | * best 저장 (9.90)
[06:07:22]   [cls-r2] ep08 100/1453 loss 0.0581 lr 3e-04 (20s)
[06:07:41]   [cls-r2] ep08 200/1453 loss 0.0586 lr 3e-04 (38s)
[06:07:59]   [cls-r2] ep08 300/1453 loss 0.0581 lr 3e-04 (57s)
[06:08:16]   [cls-r2] ep08 400/1453 loss 0.0576 lr 3e-04 (74s)
[06:08:34]   [cls-r2] ep08 500/1453 loss 0.0578 lr 3e-04 (92s)
[06:08:53]   [cls-r2] ep08 600/1453 loss 0.0570 lr 3e-04 (111s)
[06:09:11]   [cls-r2] ep08 700/1453 loss 0.0568 lr 3e-04 (128s)
[06:09:29]   [cls-r2] ep08 800/1453 loss 0.0571 lr 3e-04 (146s)
[06:09:47]   [cls-r2] ep08 900/1453 loss 0.0572 lr 3e-04 (165s)
[06:10:07]   [cls-r2] ep08 1000/1453 loss 0.0573 lr 3e-04 (184s)
[06:10:26]   [cls-r2] ep08 1100/1453 loss 0.0573 lr 3e-04 (203s)
[06:10:44]   [cls-r2] ep08 1200/1453 loss 0.0570 lr 3e-04 (222s)
[06:11:02]   [cls-r2] ep08 1300/1453 loss 0.0571 lr 3e-04 (240s)
[06:11:21]   [cls-r2] ep08 1400/1453 loss 0.0573 lr 3e-04 (258s)
[06:11:31]   [cls-r2] ep08 1453/1453 loss 0.0573 lr 3e-04 (268s)
[06:11:49]   [cls-r2] Epoch 08 완료 | train L1 0.0573 | val argmax-MAE 9.63 | * best 저장 (9.63)
[06:12:07]   [cls-r2] ep09 100/1453 loss 0.0515 lr 3e-04 (17s)
[06:12:22]   [cls-r2] ep09 200/1453 loss 0.0519 lr 3e-04 (32s)
[06:12:37]   [cls-r2] ep09 300/1453 loss 0.0515 lr 3e-04 (47s)
[06:12:53]   [cls-r2] ep09 400/1453 loss 0.0519 lr 3e-04 (63s)
[06:13:08]   [cls-r2] ep09 500/1453 loss 0.0525 lr 3e-04 (78s)
[06:13:23]   [cls-r2] ep09 600/1453 loss 0.0519 lr 3e-04 (93s)
[06:13:38]   [cls-r2] ep09 700/1453 loss 0.0517 lr 3e-04 (108s)
[06:13:53]   [cls-r2] ep09 800/1453 loss 0.0523 lr 3e-04 (123s)
[06:14:09]   [cls-r2] ep09 900/1453 loss 0.0525 lr 3e-04 (139s)
[06:14:24]   [cls-r2] ep09 1000/1453 loss 0.0532 lr 3e-04 (154s)
[06:14:39]   [cls-r2] ep09 1100/1453 loss 0.0533 lr 3e-04 (169s)
[06:14:53]   [cls-r2] ep09 1200/1453 loss 0.0533 lr 3e-04 (183s)
[06:15:07]   [cls-r2] ep09 1300/1453 loss 0.0535 lr 3e-04 (197s)
[06:15:21]   [cls-r2] ep09 1400/1453 loss 0.0540 lr 3e-04 (212s)
[06:15:29]   [cls-r2] ep09 1453/1453 loss 0.0542 lr 3e-04 (219s)
[06:15:40]   [cls-r2] Epoch 09 완료 | train L1 0.0542 | val argmax-MAE 9.71 | 개선없음 1/8
[06:15:55]   [cls-r2] ep10 100/1453 loss 0.0532 lr 3e-04 (15s)
[06:16:11]   [cls-r2] ep10 200/1453 loss 0.0520 lr 3e-04 (31s)
[06:16:28]   [cls-r2] ep10 300/1453 loss 0.0521 lr 3e-04 (47s)
[06:16:43]   [cls-r2] ep10 400/1453 loss 0.0518 lr 3e-04 (62s)
[06:16:58]   [cls-r2] ep10 500/1453 loss 0.0517 lr 3e-04 (78s)
[06:17:14]   [cls-r2] ep10 600/1453 loss 0.0516 lr 3e-04 (94s)
[06:17:29]   [cls-r2] ep10 700/1453 loss 0.0520 lr 3e-04 (109s)
[06:17:44]   [cls-r2] ep10 800/1453 loss 0.0519 lr 3e-04 (124s)
[06:17:59]   [cls-r2] ep10 900/1453 loss 0.0518 lr 3e-04 (139s)
[06:18:14]   [cls-r2] ep10 1000/1453 loss 0.0519 lr 3e-04 (154s)
[06:18:29]   [cls-r2] ep10 1100/1453 loss 0.0520 lr 3e-04 (169s)
[06:18:44]   [cls-r2] ep10 1200/1453 loss 0.0523 lr 3e-04 (183s)
[06:18:59]   [cls-r2] ep10 1300/1453 loss 0.0522 lr 3e-04 (198s)
[06:19:14]   [cls-r2] ep10 1400/1453 loss 0.0524 lr 3e-04 (213s)
[06:19:22]   [cls-r2] ep10 1453/1453 loss 0.0524 lr 3e-04 (221s)
[06:19:33]   [cls-r2] Epoch 10 완료 | train L1 0.0524 | val argmax-MAE 9.63 | 개선없음 2/8
[06:19:49]   [cls-r2] ep11 100/1453 loss 0.0482 lr 3e-04 (15s)
[06:20:04]   [cls-r2] ep11 200/1453 loss 0.0478 lr 3e-04 (30s)
[06:20:18]   [cls-r2] ep11 300/1453 loss 0.0489 lr 3e-04 (45s)
[06:20:33]   [cls-r2] ep11 400/1453 loss 0.0482 lr 3e-04 (59s)
[06:20:48]   [cls-r2] ep11 500/1453 loss 0.0481 lr 3e-04 (75s)
[06:21:03]   [cls-r2] ep11 600/1453 loss 0.0487 lr 3e-04 (89s)
[06:21:18]   [cls-r2] ep11 700/1453 loss 0.0491 lr 3e-04 (105s)
[06:21:34]   [cls-r2] ep11 800/1453 loss 0.0496 lr 3e-04 (120s)
[06:21:49]   [cls-r2] ep11 900/1453 loss 0.0496 lr 3e-04 (135s)
[06:22:05]   [cls-r2] ep11 1000/1453 loss 0.0495 lr 3e-04 (152s)
[06:22:21]   [cls-r2] ep11 1100/1453 loss 0.0495 lr 3e-04 (168s)
[06:22:36]   [cls-r2] ep11 1200/1453 loss 0.0496 lr 3e-04 (183s)
[06:22:51]   [cls-r2] ep11 1300/1453 loss 0.0508 lr 3e-04 (198s)
[06:23:06]   [cls-r2] ep11 1400/1453 loss 0.0514 lr 3e-04 (213s)
[06:23:14]   [cls-r2] ep11 1453/1453 loss 0.0515 lr 3e-04 (221s)
[06:23:25]   [cls-r2] Epoch 11 완료 | train L1 0.0515 | val argmax-MAE 9.53 | * best 저장 (9.53)
[06:23:41]   [cls-r2] ep12 100/1453 loss 0.0488 lr 3e-04 (15s)
[06:23:56]   [cls-r2] ep12 200/1453 loss 0.0483 lr 3e-04 (30s)
[06:24:11]   [cls-r2] ep12 300/1453 loss 0.0481 lr 3e-04 (45s)
[06:24:26]   [cls-r2] ep12 400/1453 loss 0.0477 lr 3e-04 (60s)
[06:24:41]   [cls-r2] ep12 500/1453 loss 0.0474 lr 3e-04 (75s)
[06:24:56]   [cls-r2] ep12 600/1453 loss 0.0474 lr 3e-04 (90s)
[06:25:10]   [cls-r2] ep12 700/1453 loss 0.0474 lr 3e-04 (104s)
[06:25:25]   [cls-r2] ep12 800/1453 loss 0.0473 lr 3e-04 (119s)
[06:25:41]   [cls-r2] ep12 900/1453 loss 0.0473 lr 3e-04 (135s)
[06:25:57]   [cls-r2] ep12 1000/1453 loss 0.0470 lr 3e-04 (151s)
[06:26:12]   [cls-r2] ep12 1100/1453 loss 0.0468 lr 3e-04 (166s)
[06:26:26]   [cls-r2] ep12 1200/1453 loss 0.0468 lr 3e-04 (181s)
[06:26:42]   [cls-r2] ep12 1300/1453 loss 0.0469 lr 3e-04 (197s)
[06:26:58]   [cls-r2] ep12 1400/1453 loss 0.0471 lr 3e-04 (212s)
[06:27:06]   [cls-r2] ep12 1453/1453 loss 0.0471 lr 3e-04 (220s)
[06:27:17]   [cls-r2] Epoch 12 완료 | train L1 0.0471 | val argmax-MAE 9.50 | 개선없음 1/8
[06:27:33]   [cls-r2] ep13 100/1453 loss 0.0402 lr 3e-04 (15s)
[06:27:48]   [cls-r2] ep13 200/1453 loss 0.0403 lr 3e-04 (30s)
[06:28:03]   [cls-r2] ep13 300/1453 loss 0.0425 lr 3e-04 (45s)
[06:28:18]   [cls-r2] ep13 400/1453 loss 0.0424 lr 3e-04 (60s)
[06:28:33]   [cls-r2] ep13 500/1453 loss 0.0435 lr 3e-04 (75s)
[06:28:47]   [cls-r2] ep13 600/1453 loss 0.0441 lr 3e-04 (90s)
[06:29:02]   [cls-r2] ep13 700/1453 loss 0.0443 lr 3e-04 (104s)
[06:29:17]   [cls-r2] ep13 800/1453 loss 0.0448 lr 3e-04 (119s)
[06:29:31]   [cls-r2] ep13 900/1453 loss 0.0452 lr 3e-04 (134s)
[06:29:46]   [cls-r2] ep13 1000/1453 loss 0.0457 lr 3e-04 (148s)
[06:30:00]   [cls-r2] ep13 1100/1453 loss 0.0464 lr 3e-04 (162s)
[06:30:14]   [cls-r2] ep13 1200/1453 loss 0.0467 lr 3e-04 (177s)
[06:30:30]   [cls-r2] ep13 1300/1453 loss 0.0471 lr 3e-04 (192s)
[06:30:45]   [cls-r2] ep13 1400/1453 loss 0.0473 lr 3e-04 (207s)
[06:30:53]   [cls-r2] ep13 1453/1453 loss 0.0475 lr 3e-04 (215s)
[06:31:05]   [cls-r2] Epoch 13 완료 | train L1 0.0475 | val argmax-MAE 9.49 | 개선없음 2/8
[06:31:20]   [cls-r2] ep14 100/1453 loss 0.0493 lr 3e-04 (15s)
[06:31:36]   [cls-r2] ep14 200/1453 loss 0.0480 lr 3e-04 (31s)
[06:31:51]   [cls-r2] ep14 300/1453 loss 0.0472 lr 3e-04 (46s)
[06:32:06]   [cls-r2] ep14 400/1453 loss 0.0465 lr 3e-04 (61s)
[06:32:21]   [cls-r2] ep14 500/1453 loss 0.0462 lr 3e-04 (76s)
[06:32:35]   [cls-r2] ep14 600/1453 loss 0.0461 lr 3e-04 (90s)
[06:32:51]   [cls-r2] ep14 700/1453 loss 0.0460 lr 3e-04 (106s)
[06:33:06]   [cls-r2] ep14 800/1453 loss 0.0458 lr 3e-04 (121s)
[06:33:21]   [cls-r2] ep14 900/1453 loss 0.0455 lr 3e-04 (136s)
[06:33:36]   [cls-r2] ep14 1000/1453 loss 0.0455 lr 3e-04 (150s)
[06:33:50]   [cls-r2] ep14 1100/1453 loss 0.0452 lr 3e-04 (165s)
[06:34:05]   [cls-r2] ep14 1200/1453 loss 0.0449 lr 3e-04 (180s)
[06:34:21]   [cls-r2] ep14 1300/1453 loss 0.0450 lr 3e-04 (195s)
[06:34:36]   [cls-r2] ep14 1400/1453 loss 0.0449 lr 3e-04 (211s)
[06:34:43]   [cls-r2] ep14 1453/1453 loss 0.0448 lr 3e-04 (218s)
[06:34:55]   [cls-r2] Epoch 14 완료 | train L1 0.0448 | val argmax-MAE 9.78 | 개선없음 3/8
[06:35:11]   [cls-r2] ep15 100/1453 loss 0.0390 lr 3e-04 (16s)
[06:35:26]   [cls-r2] ep15 200/1453 loss 0.0390 lr 3e-04 (31s)
[06:35:43]   [cls-r2] ep15 300/1453 loss 0.0388 lr 3e-04 (47s)
[06:35:58]   [cls-r2] ep15 400/1453 loss 0.0394 lr 3e-04 (63s)
[06:36:13]   [cls-r2] ep15 500/1453 loss 0.0395 lr 3e-04 (78s)
[06:36:28]   [cls-r2] ep15 600/1453 loss 0.0402 lr 3e-04 (93s)
[06:36:43]   [cls-r2] ep15 700/1453 loss 0.0407 lr 3e-04 (108s)
[06:37:00]   [cls-r2] ep15 800/1453 loss 0.0421 lr 3e-04 (125s)
[06:37:15]   [cls-r2] ep15 900/1453 loss 0.0426 lr 3e-04 (140s)
[06:37:30]   [cls-r2] ep15 1000/1453 loss 0.0426 lr 3e-04 (155s)
[06:37:45]   [cls-r2] ep15 1100/1453 loss 0.0430 lr 3e-04 (170s)
[06:37:59]   [cls-r2] ep15 1200/1453 loss 0.0430 lr 3e-04 (183s)
[06:38:12]   [cls-r2] ep15 1300/1453 loss 0.0431 lr 3e-04 (197s)
[06:38:26]   [cls-r2] ep15 1400/1453 loss 0.0430 lr 3e-04 (211s)
[06:38:33]   [cls-r2] ep15 1453/1453 loss 0.0431 lr 3e-04 (218s)
[06:38:48]   [cls-r2] Epoch 15 완료 | train L1 0.0431 | val argmax-MAE 9.67 | 개선없음 4/8
[06:39:02]   [cls-r2] ep16 100/1453 loss 0.0373 lr 3e-04 (14s)
[06:39:15]   [cls-r2] ep16 200/1453 loss 0.0377 lr 3e-04 (27s)
[06:39:30]   [cls-r2] ep16 300/1453 loss 0.0379 lr 3e-04 (41s)
[06:39:45]   [cls-r2] ep16 400/1453 loss 0.0382 lr 3e-04 (56s)
[06:40:00]   [cls-r2] ep16 500/1453 loss 0.0383 lr 3e-04 (71s)
[06:40:14]   [cls-r2] ep16 600/1453 loss 0.0382 lr 3e-04 (85s)
[06:40:28]   [cls-r2] ep16 700/1453 loss 0.0382 lr 3e-04 (100s)
[06:40:42]   [cls-r2] ep16 800/1453 loss 0.0383 lr 3e-04 (114s)
[06:40:55]   [cls-r2] ep16 900/1453 loss 0.0384 lr 3e-04 (127s)
[06:41:09]   [cls-r2] ep16 1000/1453 loss 0.0386 lr 3e-04 (141s)
[06:41:23]   [cls-r2] ep16 1100/1453 loss 0.0388 lr 3e-04 (154s)
[06:41:37]   [cls-r2] ep16 1200/1453 loss 0.0387 lr 3e-04 (168s)
[06:41:52]   [cls-r2] ep16 1300/1453 loss 0.0390 lr 3e-04 (183s)
[06:42:07]   [cls-r2] ep16 1400/1453 loss 0.0392 lr 3e-04 (198s)
[06:42:14]   [cls-r2] ep16 1453/1453 loss 0.0393 lr 3e-04 (206s)
[06:42:28]   [cls-r2] Epoch 16 완료 | train L1 0.0393 | val argmax-MAE 9.27 | * best 저장 (9.27)
[06:42:42]   [cls-r2] ep17 100/1453 loss 0.0363 lr 3e-04 (14s)
[06:42:55]   [cls-r2] ep17 200/1453 loss 0.0361 lr 3e-04 (27s)
[06:43:09]   [cls-r2] ep17 300/1453 loss 0.0374 lr 3e-04 (41s)
[06:43:23]   [cls-r2] ep17 400/1453 loss 0.0376 lr 3e-04 (54s)
[06:43:37]   [cls-r2] ep17 500/1453 loss 0.0378 lr 3e-04 (69s)
[06:43:51]   [cls-r2] ep17 600/1453 loss 0.0374 lr 3e-04 (83s)
[06:44:06]   [cls-r2] ep17 700/1453 loss 0.0377 lr 3e-04 (97s)
[06:44:20]   [cls-r2] ep17 800/1453 loss 0.0380 lr 3e-04 (111s)
[06:44:33]   [cls-r2] ep17 900/1453 loss 0.0382 lr 3e-04 (125s)
[06:44:47]   [cls-r2] ep17 1000/1453 loss 0.0383 lr 3e-04 (138s)
[06:45:00]   [cls-r2] ep17 1100/1453 loss 0.0387 lr 3e-04 (152s)
[06:45:15]   [cls-r2] ep17 1200/1453 loss 0.0390 lr 3e-04 (166s)
[06:45:29]   [cls-r2] ep17 1300/1453 loss 0.0389 lr 3e-04 (181s)
[06:45:42]   [cls-r2] ep17 1400/1453 loss 0.0389 lr 3e-04 (194s)
[06:45:49]   [cls-r2] ep17 1453/1453 loss 0.0389 lr 3e-04 (201s)
[06:46:03]   [cls-r2] Epoch 17 완료 | train L1 0.0389 | val argmax-MAE 9.61 | 개선없음 1/8
[06:46:16]   [cls-r2] ep18 100/1453 loss 0.0380 lr 3e-04 (13s)
[06:46:30]   [cls-r2] ep18 200/1453 loss 0.0374 lr 3e-04 (27s)
[06:46:44]   [cls-r2] ep18 300/1453 loss 0.0377 lr 3e-04 (41s)
[06:46:59]   [cls-r2] ep18 400/1453 loss 0.0378 lr 3e-04 (56s)
[06:47:12]   [cls-r2] ep18 500/1453 loss 0.0376 lr 3e-04 (69s)
[06:47:26]   [cls-r2] ep18 600/1453 loss 0.0383 lr 3e-04 (83s)
[06:47:40]   [cls-r2] ep18 700/1453 loss 0.0389 lr 3e-04 (97s)
[06:47:54]   [cls-r2] ep18 800/1453 loss 0.0390 lr 3e-04 (111s)
[06:48:09]   [cls-r2] ep18 900/1453 loss 0.0391 lr 3e-04 (126s)
[06:48:24]   [cls-r2] ep18 1000/1453 loss 0.0388 lr 3e-04 (141s)
[06:48:39]   [cls-r2] ep18 1100/1453 loss 0.0388 lr 3e-04 (155s)
[06:48:52]   [cls-r2] ep18 1200/1453 loss 0.0389 lr 3e-04 (169s)
[06:49:06]   [cls-r2] ep18 1300/1453 loss 0.0394 lr 3e-04 (183s)
[06:49:20]   [cls-r2] ep18 1400/1453 loss 0.0399 lr 3e-04 (197s)
[06:49:27]   [cls-r2] ep18 1453/1453 loss 0.0400 lr 3e-04 (204s)
[06:49:39]   [cls-r2] Epoch 18 완료 | train L1 0.0400 | val argmax-MAE 9.72 | 개선없음 2/8
[06:49:53]   [cls-r2] ep19 100/1453 loss 0.0443 lr 3e-04 (13s)
[06:50:07]   [cls-r2] ep19 200/1453 loss 0.0431 lr 3e-04 (27s)
[06:50:21]   [cls-r2] ep19 300/1453 loss 0.0406 lr 3e-04 (41s)
[06:50:35]   [cls-r2] ep19 400/1453 loss 0.0395 lr 3e-04 (55s)
[06:50:51]   [cls-r2] ep19 500/1453 loss 0.0389 lr 3e-04 (71s)
[06:51:07]   [cls-r2] ep19 600/1453 loss 0.0381 lr 3e-04 (87s)
[06:51:22]   [cls-r2] ep19 700/1453 loss 0.0374 lr 3e-04 (103s)
[06:51:37]   [cls-r2] ep19 800/1453 loss 0.0371 lr 3e-04 (117s)
[06:51:52]   [cls-r2] ep19 900/1453 loss 0.0370 lr 3e-04 (132s)
[06:52:06]   [cls-r2] ep19 1000/1453 loss 0.0370 lr 3e-04 (147s)
[06:52:22]   [cls-r2] ep19 1100/1453 loss 0.0367 lr 3e-04 (162s)
[06:52:37]   [cls-r2] ep19 1200/1453 loss 0.0368 lr 3e-04 (177s)
[06:52:52]   [cls-r2] ep19 1300/1453 loss 0.0369 lr 3e-04 (192s)
[06:53:07]   [cls-r2] ep19 1400/1453 loss 0.0369 lr 3e-04 (207s)
[06:53:15]   [cls-r2] ep19 1453/1453 loss 0.0368 lr 3e-04 (215s)
[06:53:30]   [cls-r2] Epoch 19 완료 | train L1 0.0368 | val argmax-MAE 9.64 | 개선없음 3/8
[06:53:45]   [cls-r2] ep20 100/1453 loss 0.0325 lr 3e-04 (14s)
[06:53:59]   [cls-r2] ep20 200/1453 loss 0.0333 lr 3e-04 (28s)
[06:54:13]   [cls-r2] ep20 300/1453 loss 0.0326 lr 3e-04 (43s)
[06:54:28]   [cls-r2] ep20 400/1453 loss 0.0323 lr 3e-04 (57s)
[06:54:43]   [cls-r2] ep20 500/1453 loss 0.0323 lr 3e-04 (72s)
[06:54:56]   [cls-r2] ep20 600/1453 loss 0.0325 lr 3e-04 (86s)
[06:55:10]   [cls-r2] ep20 700/1453 loss 0.0329 lr 3e-04 (100s)
[06:55:24]   [cls-r2] ep20 800/1453 loss 0.0330 lr 3e-04 (114s)
[06:55:39]   [cls-r2] ep20 900/1453 loss 0.0329 lr 3e-04 (129s)
[06:55:53]   [cls-r2] ep20 1000/1453 loss 0.0331 lr 3e-04 (143s)
[06:56:09]   [cls-r2] ep20 1100/1453 loss 0.0332 lr 3e-04 (158s)
[06:56:23]   [cls-r2] ep20 1200/1453 loss 0.0334 lr 3e-04 (173s)
[06:56:38]   [cls-r2] ep20 1300/1453 loss 0.0336 lr 3e-04 (187s)
[06:56:52]   [cls-r2] ep20 1400/1453 loss 0.0339 lr 3e-04 (201s)
[06:57:00]   [cls-r2] ep20 1453/1453 loss 0.0340 lr 3e-04 (209s)
[06:57:15]   [cls-r2] Epoch 20 완료 | train L1 0.0340 | val argmax-MAE 9.71 | 개선없음 4/8
[06:57:30]   [cls-r2] ep21 100/1453 loss 0.0310 lr 3e-04 (15s)
[06:57:44]   [cls-r2] ep21 200/1453 loss 0.0328 lr 3e-04 (29s)
[06:57:59]   [cls-r2] ep21 300/1453 loss 0.0327 lr 3e-04 (43s)
[06:58:13]   [cls-r2] ep21 400/1453 loss 0.0330 lr 3e-04 (57s)
[06:58:27]   [cls-r2] ep21 500/1453 loss 0.0335 lr 3e-04 (72s)
[06:58:41]   [cls-r2] ep21 600/1453 loss 0.0333 lr 3e-04 (85s)
[06:58:55]   [cls-r2] ep21 700/1453 loss 0.0330 lr 3e-04 (100s)
[06:59:08]   [cls-r2] ep21 800/1453 loss 0.0330 lr 3e-04 (113s)
[06:59:22]   [cls-r2] ep21 900/1453 loss 0.0333 lr 3e-04 (126s)
[06:59:36]   [cls-r2] ep21 1000/1453 loss 0.0332 lr 3e-04 (140s)
[06:59:49]   [cls-r2] ep21 1100/1453 loss 0.0334 lr 3e-04 (153s)
[07:00:02]   [cls-r2] ep21 1200/1453 loss 0.0332 lr 3e-04 (167s)
[07:00:16]   [cls-r2] ep21 1300/1453 loss 0.0333 lr 3e-04 (181s)
[07:00:31]   [cls-r2] ep21 1400/1453 loss 0.0334 lr 3e-04 (195s)
[07:00:38]   [cls-r2] ep21 1453/1453 loss 0.0334 lr 3e-04 (202s)
[07:00:50]   [cls-r2] Epoch 21 완료 | train L1 0.0334 | val argmax-MAE 9.74 | 개선없음 5/8
[07:01:04]   [cls-r2] ep22 100/1453 loss 0.0317 lr 3e-04 (14s)
[07:01:17]   [cls-r2] ep22 200/1453 loss 0.0326 lr 3e-04 (27s)
[07:01:30]   [cls-r2] ep22 300/1453 loss 0.0334 lr 3e-04 (40s)
[07:01:44]   [cls-r2] ep22 400/1453 loss 0.0331 lr 3e-04 (54s)
[07:01:57]   [cls-r2] ep22 500/1453 loss 0.0330 lr 3e-04 (67s)
[07:02:11]   [cls-r2] ep22 600/1453 loss 0.0330 lr 3e-04 (81s)
[07:02:25]   [cls-r2] ep22 700/1453 loss 0.0330 lr 3e-04 (95s)
[07:02:40]   [cls-r2] ep22 800/1453 loss 0.0328 lr 3e-04 (110s)
[07:02:55]   [cls-r2] ep22 900/1453 loss 0.0328 lr 3e-04 (125s)
[07:03:10]   [cls-r2] ep22 1000/1453 loss 0.0326 lr 3e-04 (140s)
[07:03:24]   [cls-r2] ep22 1100/1453 loss 0.0328 lr 3e-04 (154s)
[07:03:38]   [cls-r2] ep22 1200/1453 loss 0.0329 lr 3e-04 (168s)
[07:03:52]   [cls-r2] ep22 1300/1453 loss 0.0330 lr 3e-04 (182s)
[07:04:06]   [cls-r2] ep22 1400/1453 loss 0.0332 lr 3e-04 (196s)
[07:04:13]   [cls-r2] ep22 1453/1453 loss 0.0330 lr 3e-04 (203s)
[07:04:24]   [cls-r2] Epoch 22 완료 | train L1 0.0330 | val argmax-MAE 9.67 | 개선없음 6/8
[07:04:39]   [cls-r2] ep23 100/1453 loss 0.0306 lr 3e-04 (14s)
[07:04:53]   [cls-r2] ep23 200/1453 loss 0.0318 lr 3e-04 (28s)
[07:05:07]   [cls-r2] ep23 300/1453 loss 0.0314 lr 3e-04 (42s)
[07:05:20]   [cls-r2] ep23 400/1453 loss 0.0309 lr 3e-04 (55s)
[07:05:30]   [cls-r2] ep23 500/1453 loss 0.0311 lr 3e-04 (66s)
[07:05:41]   [cls-r2] ep23 600/1453 loss 0.0309 lr 3e-04 (77s)
[07:05:53]   [cls-r2] ep23 700/1453 loss 0.0313 lr 3e-04 (88s)
[07:06:04]   [cls-r2] ep23 800/1453 loss 0.0312 lr 3e-04 (99s)
[07:06:15]   [cls-r2] ep23 900/1453 loss 0.0311 lr 3e-04 (110s)
[07:06:26]   [cls-r2] ep23 1000/1453 loss 0.0312 lr 3e-04 (121s)
[07:06:37]   [cls-r2] ep23 1100/1453 loss 0.0315 lr 3e-04 (132s)
[07:06:48]   [cls-r2] ep23 1200/1453 loss 0.0319 lr 3e-04 (143s)
[07:07:00]   [cls-r2] ep23 1300/1453 loss 0.0320 lr 3e-04 (155s)
[07:07:10]   [cls-r2] ep23 1400/1453 loss 0.0320 lr 3e-04 (165s)
[07:07:17]   [cls-r2] ep23 1453/1453 loss 0.0320 lr 3e-04 (172s)
[07:07:25]   [cls-r2] Epoch 23 완료 | train L1 0.0320 | val argmax-MAE 9.72 | 개선없음 7/8
[07:07:37]   [cls-r2] ep24 100/1453 loss 0.0284 lr 3e-04 (11s)
[07:07:48]   [cls-r2] ep24 200/1453 loss 0.0284 lr 3e-04 (22s)
[07:08:00]   [cls-r2] ep24 300/1453 loss 0.0289 lr 3e-04 (34s)
[07:08:10]   [cls-r2] ep24 400/1453 loss 0.0287 lr 3e-04 (44s)
[07:08:21]   [cls-r2] ep24 500/1453 loss 0.0287 lr 3e-04 (55s)
[07:08:32]   [cls-r2] ep24 600/1453 loss 0.0288 lr 3e-04 (66s)
[07:08:43]   [cls-r2] ep24 700/1453 loss 0.0289 lr 3e-04 (77s)
[07:08:54]   [cls-r2] ep24 800/1453 loss 0.0292 lr 3e-04 (88s)
[07:09:05]   [cls-r2] ep24 900/1453 loss 0.0293 lr 3e-04 (99s)
[07:09:17]   [cls-r2] ep24 1000/1453 loss 0.0294 lr 3e-04 (111s)
[07:09:28]   [cls-r2] ep24 1100/1453 loss 0.0296 lr 3e-04 (122s)
[07:09:38]   [cls-r2] ep24 1200/1453 loss 0.0297 lr 3e-04 (132s)
[07:09:50]   [cls-r2] ep24 1300/1453 loss 0.0298 lr 3e-04 (144s)
[07:10:01]   [cls-r2] ep24 1400/1453 loss 0.0300 lr 3e-04 (155s)
[07:10:07]   [cls-r2] ep24 1453/1453 loss 0.0301 lr 3e-04 (161s)
[07:10:16]   [cls-r2] Epoch 24 완료 | train L1 0.0301 | val argmax-MAE 9.53 | 개선없음 8/8
[07:10:17]   [cls-r2] 조기종료 | best argmax-MAE 9.27 @ epoch 16
[07:11:12]   [r2] train 1000/11628
[07:12:01]   [r2] train 2000/11628
[07:12:56]   [r2] train 3000/11628
[07:13:51]   [r2] train 4000/11628
[07:14:47]   [r2] train 5000/11628
[07:15:42]   [r2] train 6000/11628
[07:16:37]   [r2] train 7000/11628
[07:17:33]   [r2] train 8000/11628
[07:18:29]   [r2] train 9000/11628
[07:19:24]   [r2] train 10000/11628
[07:20:19]   [r2] train 11000/11628
[07:20:53] [r2:train] CAM 11628 | 마스크실패 0 | 파일없음 0
[07:21:47]   [r2] val 1000/1319
[07:22:05] [r2:val] CAM 1319 | 마스크실패 0 | 파일없음 0
[07:22:16] [r2:test] CAM 166 | 마스크실패 0 | 파일없음 0
[07:22:16] bbox 로그 저장: G:\Project\sinra_cho\checkpoints_attention_v8\roi_bboxes.csv
[07:22:16]   [r1] 박스 폭 중앙값 246px (48%) | 높이 중앙값 175px (34%)
[07:22:16]   [r2] 박스 폭 중앙값 121px (24%) | 높이 중앙값 126px (25%)
[07:22:16] R1/R2/E 캐시 완료
[07:22:17] [backbone] timm 'inception_v3' 로드 완료 (pretrained=False)
[07:22:17] [cls-gmp] feat (2048, 14, 14) -> FC 2048->240
[07:22:18] [backbone] timm 'inception_v3' 로드 완료 (pretrained=False)
[07:22:18] [cls-gmp] feat (2048, 14, 14) -> FC 2048->240
[07:22:18] [경고] QC 시트 생성 실패: 'r2'
[07:22:18] Phase II 정규화 div255 | 증강 ON
[07:22:18] Phase II 설정: {'BACKBONE': 'convnext_tiny.fb_in22k_ft_in1k', 'IMG_SIZE': 512, 'AGE_BINS': 240, 'GENDER_EMB_DIM': 32, 'HEAD_RELU': True, 'GENDER_RELU': True, 'LDL_DELTA': 15.0, 'LDL_LAMBDA': 0.5, 'AGG_CHANNELS': ['hand', 'r1', 'r2'], 'NORMALIZE': 'div255', 'USE_AUG': True, 'TAU_R1': 30, 'TAU_R2': 50, 'R2_METHOD': 'paper_erase', 'CLS_SIZE_REGION': 512, 'PRE': {'IMG_SIZE': 512, 'NORM_MODE': 'none', 'NORM_LO': 1.0, 'NORM_HI': 99.0, 'TOPHAT_MODE': 'none', 'TOPHAT_KFRAC': 0.1, 'TOPHAT_KSIZE': 0, 'TOPHAT_SHAPE': 'rect', 'TOPHAT_WEIGHT': 1.0, 'CLAHE_CLIP': 2.0, 'CLAHE_TILE': 8, 'SCALE_MODE': 'per_image', 'PAD_MODE': 'auto', 'PAD_BORDER_FRAC': 0.02, 'PAD_BORDER_PCTL': 25.0, 'PAD_ANCHOR': 'center', 'MARKER_MODE': 'off', 'MARKER_BRIGHT_PCTL': 99.2, 'MARKER_BRIGHT_MIN': 200, 'MARKER_MAX_AREA_FRAC': 0.03, 'MARKER_REQUIRE_BORDER': True, 'MARKER_BORDER_FRAC': 0.18, 'MARKER_MAX_COUNT': 4, 'ALIGN_MODE': 'off', 'ALIGN_MAX_DEG': 35.0, 'ALIGN_FIX_FLIP': True, 'CLAHE_STAGE': 'post_resize'}, 'PRE_TAG': '512_nnone_mkoff_aloff_thoff_c2t8@post_img_padauto', 'HAND_SOURCE': 'G:\\Project\\sinra_cho\\crop_data', 'BOX_CFG': {'r1': {'pad_x': 0.1, 'pad_y': 0.12, 'min_w': 0.48, 'min_h': 0.34}}, 'MERGE_COMPONENTS': True, 'BANDS': {'r1': {'x0': 0.12, 'y0': 0.52, 'x1': 0.88, 'y1': 0.98}}, 'CLAMP_TO_BAND': True, 'PAD_TO_SQUARE': True}
[07:22:18] 조기종료 | Phase I patience 8 | Phase II patience 15 (최소 65에폭 이후)
[07:22:18] 배치 수 | train 1453 | val 165 | test 21
[07:22:25] [backbone] timm 'convnext_tiny.fb_in22k_ft_in1k' 로드 완료 (pretrained=True)
[07:22:25] [reg] backbone out (768, 16, 16) -> z 4,096 | params 30.6M
[07:22:25] [LDL] loss = l_MAE + 0.5 * D_KL(G||p) | bins 240 | delta 15.0
[07:22:25] Phase II 새로 학습 시작
[07:23:08]   Epoch 001 100/1453 train_mae 32.34 kl 1.239 lr 1e-04 (43s)
[07:23:44]   Epoch 001 200/1453 train_mae 27.75 kl 1.154 lr 1e-04 (79s)
[07:24:20]   Epoch 001 300/1453 train_mae 23.27 kl 1.090 lr 1e-04 (115s)
[07:24:56]   Epoch 001 400/1453 train_mae 20.46 kl 1.055 lr 1e-04 (151s)
[07:25:32]   Epoch 001 500/1453 train_mae 18.49 kl 1.030 lr 1e-04 (187s)
[07:26:09]   Epoch 001 600/1453 train_mae 16.93 kl 1.004 lr 1e-04 (224s)
[07:26:46]   Epoch 001 700/1453 train_mae 15.78 kl 0.976 lr 1e-04 (261s)
[07:27:34]   Epoch 001 800/1453 train_mae 14.90 kl 0.953 lr 1e-04 (309s)
[07:28:35]   Epoch 001 900/1453 train_mae 14.20 kl 0.935 lr 1e-04 (370s)
[07:29:38]   Epoch 001 1000/1453 train_mae 13.56 kl 0.922 lr 1e-04 (432s)
[07:30:39]   Epoch 001 1100/1453 train_mae 13.06 kl 0.904 lr 1e-04 (494s)
[07:31:36]   Epoch 001 1200/1453 train_mae 12.66 kl 0.887 lr 1e-04 (551s)
[07:32:38]   Epoch 001 1300/1453 train_mae 12.30 kl 0.876 lr 1e-04 (613s)
[07:33:34]   Epoch 001 1400/1453 train_mae 12.01 kl 0.861 lr 1e-04 (669s)
[07:34:01]   Epoch 001 1453/1453 train_mae 11.86 kl 0.854 lr 1e-04 (696s)
[07:35:36] [Epoch 001 완료] train MAE 11.86 | val MAE 8.17 | val RMSE 10.89 | lr 1e-04 | * best 저장 (val MAE 8.17)
[07:36:12]   Epoch 002 100/1453 train_mae 7.76 kl 0.645 lr 1e-04 (36s)
[07:36:51]   Epoch 002 200/1453 train_mae 7.70 kl 0.639 lr 1e-04 (75s)
[07:37:28]   Epoch 002 300/1453 train_mae 7.77 kl 0.656 lr 1e-04 (112s)
[07:38:04]   Epoch 002 400/1453 train_mae 7.59 kl 0.641 lr 1e-04 (148s)
[07:38:45]   Epoch 002 500/1453 train_mae 7.53 kl 0.627 lr 1e-04 (188s)
[07:39:20]   Epoch 002 600/1453 train_mae 7.58 kl 0.621 lr 1e-04 (224s)
[07:39:57]   Epoch 002 700/1453 train_mae 7.64 kl 0.612 lr 1e-04 (260s)
[07:40:36]   Epoch 002 800/1453 train_mae 7.56 kl 0.607 lr 1e-04 (300s)
[07:41:12]   Epoch 002 900/1453 train_mae 7.54 kl 0.599 lr 1e-04 (336s)
[07:41:49]   Epoch 002 1000/1453 train_mae 7.52 kl 0.596 lr 1e-04 (372s)
[07:42:25]   Epoch 002 1100/1453 train_mae 7.54 kl 0.593 lr 1e-04 (409s)
[07:43:01]   Epoch 002 1200/1453 train_mae 7.49 kl 0.587 lr 1e-04 (445s)
[07:43:38]   Epoch 002 1300/1453 train_mae 7.48 kl 0.584 lr 1e-04 (481s)
[07:44:15]   Epoch 002 1400/1453 train_mae 7.46 kl 0.581 lr 1e-04 (519s)
[07:44:35]   Epoch 002 1453/1453 train_mae 7.45 kl 0.578 lr 1e-04 (538s)
[07:45:10] [Epoch 002 완료] train MAE 7.45 | val MAE 8.38 | val RMSE 11.26 | lr 1e-04 | 개선없음 1/15
[07:45:46]   Epoch 003 100/1453 train_mae 7.35 kl 0.532 lr 1e-04 (35s)
[07:46:23]   Epoch 003 200/1453 train_mae 7.14 kl 0.524 lr 1e-04 (72s)
[07:47:04]   Epoch 003 300/1453 train_mae 7.15 kl 0.523 lr 1e-04 (113s)
[07:47:47]   Epoch 003 400/1453 train_mae 7.15 kl 0.519 lr 1e-04 (156s)
[07:48:25]   Epoch 003 500/1453 train_mae 7.15 kl 0.518 lr 1e-04 (194s)
[07:49:02]   Epoch 003 600/1453 train_mae 7.08 kl 0.510 lr 1e-04 (231s)
[07:49:39]   Epoch 003 700/1453 train_mae 7.03 kl 0.510 lr 1e-04 (268s)
[07:50:15]   Epoch 003 800/1453 train_mae 7.06 kl 0.511 lr 1e-04 (305s)
[07:50:57]   Epoch 003 900/1453 train_mae 7.00 kl 0.505 lr 1e-04 (346s)
[07:51:37]   Epoch 003 1000/1453 train_mae 6.99 kl 0.504 lr 1e-04 (387s)
[07:52:14]   Epoch 003 1100/1453 train_mae 6.98 kl 0.501 lr 1e-04 (423s)
[07:52:54]   Epoch 003 1200/1453 train_mae 6.96 kl 0.498 lr 1e-04 (464s)
[07:53:31]   Epoch 003 1300/1453 train_mae 6.97 kl 0.496 lr 1e-04 (500s)
[07:54:12]   Epoch 003 1400/1453 train_mae 6.96 kl 0.496 lr 1e-04 (541s)
[07:54:34]   Epoch 003 1453/1453 train_mae 6.97 kl 0.495 lr 1e-04 (564s)
[07:55:34] [Epoch 003 완료] train MAE 6.97 | val MAE 7.91 | val RMSE 10.41 | lr 1e-04 | * best 저장 (val MAE 7.91)
[07:56:20]   Epoch 004 100/1453 train_mae 6.38 kl 0.468 lr 1e-04 (45s)
[07:57:02]   Epoch 004 200/1453 train_mae 6.35 kl 0.462 lr 1e-04 (87s)
[07:57:41]   Epoch 004 300/1453 train_mae 6.40 kl 0.462 lr 1e-04 (126s)
[07:58:21]   Epoch 004 400/1453 train_mae 6.35 kl 0.465 lr 1e-04 (166s)
[07:58:59]   Epoch 004 500/1453 train_mae 6.37 kl 0.466 lr 1e-04 (204s)
[07:59:35]   Epoch 004 600/1453 train_mae 6.37 kl 0.457 lr 1e-04 (240s)
[08:00:16]   Epoch 004 700/1453 train_mae 6.34 kl 0.450 lr 1e-04 (281s)
[08:00:57]   Epoch 004 800/1453 train_mae 6.44 kl 0.449 lr 1e-04 (322s)
[08:01:40]   Epoch 004 900/1453 train_mae 6.43 kl 0.448 lr 1e-04 (365s)
[08:02:15]   Epoch 004 1000/1453 train_mae 6.44 kl 0.450 lr 1e-04 (400s)
[08:02:53]   Epoch 004 1100/1453 train_mae 6.47 kl 0.452 lr 1e-04 (438s)
[08:03:33]   Epoch 004 1200/1453 train_mae 6.49 kl 0.451 lr 1e-04 (478s)
[08:04:12]   Epoch 004 1300/1453 train_mae 6.50 kl 0.449 lr 1e-04 (517s)
[08:04:50]   Epoch 004 1400/1453 train_mae 6.50 kl 0.449 lr 1e-04 (555s)
[08:05:09]   Epoch 004 1453/1453 train_mae 6.49 kl 0.449 lr 1e-04 (574s)
[08:05:51] [Epoch 004 완료] train MAE 6.49 | val MAE 8.06 | val RMSE 10.46 | lr 1e-04 | 개선없음 1/15
[08:06:31]   Epoch 005 100/1453 train_mae 5.90 kl 0.420 lr 1e-04 (39s)
[08:07:12]   Epoch 005 200/1453 train_mae 5.95 kl 0.428 lr 1e-04 (80s)
[08:07:53]   Epoch 005 300/1453 train_mae 5.99 kl 0.428 lr 1e-04 (121s)
[08:08:30]   Epoch 005 400/1453 train_mae 6.04 kl 0.419 lr 1e-04 (158s)
[08:09:13]   Epoch 005 500/1453 train_mae 6.09 kl 0.415 lr 1e-04 (202s)
[08:09:54]   Epoch 005 600/1453 train_mae 6.09 kl 0.412 lr 1e-04 (242s)
[08:10:35]   Epoch 005 700/1453 train_mae 6.22 kl 0.417 lr 1e-04 (283s)
[08:11:12]   Epoch 005 800/1453 train_mae 6.24 kl 0.418 lr 1e-04 (321s)
[08:12:00]   Epoch 005 900/1453 train_mae 6.24 kl 0.416 lr 1e-04 (369s)
[08:12:47]   Epoch 005 1000/1453 train_mae 6.25 kl 0.414 lr 1e-04 (415s)
[08:13:29]   Epoch 005 1100/1453 train_mae 6.24 kl 0.414 lr 1e-04 (457s)
[08:14:09]   Epoch 005 1200/1453 train_mae 6.26 kl 0.413 lr 1e-04 (497s)
[08:14:51]   Epoch 005 1300/1453 train_mae 6.26 kl 0.410 lr 1e-04 (539s)
[08:15:34]   Epoch 005 1400/1453 train_mae 6.26 kl 0.408 lr 1e-04 (582s)
[08:15:55]   Epoch 005 1453/1453 train_mae 6.26 kl 0.406 lr 1e-04 (604s)
[08:16:46] [Epoch 005 완료] train MAE 6.26 | val MAE 8.08 | val RMSE 10.81 | lr 1e-04 | 개선없음 2/15
[08:17:28]   Epoch 006 100/1453 train_mae 5.62 kl 0.388 lr 1e-04 (41s)
[08:18:14]   Epoch 006 200/1453 train_mae 5.81 kl 0.387 lr 1e-04 (87s)
[08:18:57]   Epoch 006 300/1453 train_mae 5.82 kl 0.382 lr 1e-04 (130s)
[08:19:38]   Epoch 006 400/1453 train_mae 5.89 kl 0.383 lr 1e-04 (171s)
[08:20:18]   Epoch 006 500/1453 train_mae 5.88 kl 0.385 lr 1e-04 (212s)
[08:20:57]   Epoch 006 600/1453 train_mae 5.88 kl 0.388 lr 1e-04 (250s)
[08:21:34]   Epoch 006 700/1453 train_mae 5.85 kl 0.388 lr 1e-04 (287s)
[08:22:12]   Epoch 006 800/1453 train_mae 5.86 kl 0.388 lr 1e-04 (325s)
[08:22:49]   Epoch 006 900/1453 train_mae 5.92 kl 0.387 lr 1e-04 (363s)
[08:23:30]   Epoch 006 1000/1453 train_mae 5.93 kl 0.387 lr 1e-04 (403s)
[08:24:14]   Epoch 006 1100/1453 train_mae 5.98 kl 0.389 lr 1e-04 (447s)
[08:24:56]   Epoch 006 1200/1453 train_mae 5.97 kl 0.388 lr 1e-04 (490s)
[08:25:39]   Epoch 006 1300/1453 train_mae 5.98 kl 0.388 lr 1e-04 (532s)
[08:26:18]   Epoch 006 1400/1453 train_mae 6.00 kl 0.385 lr 1e-04 (572s)
[08:26:40]   Epoch 006 1453/1453 train_mae 5.99 kl 0.385 lr 1e-04 (593s)
[08:27:30] [Epoch 006 완료] train MAE 5.99 | val MAE 8.14 | val RMSE 10.65 | lr 1e-04 | 개선없음 3/15
[08:28:09]   Epoch 007 100/1453 train_mae 5.38 kl 0.360 lr 1e-04 (38s)
[08:28:50]   Epoch 007 200/1453 train_mae 5.62 kl 0.364 lr 1e-04 (79s)
[08:29:31]   Epoch 007 300/1453 train_mae 5.67 kl 0.369 lr 1e-04 (121s)
[08:30:12]   Epoch 007 400/1453 train_mae 5.66 kl 0.366 lr 1e-04 (161s)
[08:30:43]   Epoch 007 500/1453 train_mae 5.62 kl 0.362 lr 1e-04 (192s)
[08:31:03]   Epoch 007 600/1453 train_mae 5.64 kl 0.361 lr 1e-04 (212s)
[08:31:22]   Epoch 007 700/1453 train_mae 5.64 kl 0.361 lr 1e-04 (231s)
[08:31:41]   Epoch 007 800/1453 train_mae 5.63 kl 0.362 lr 1e-04 (250s)
[08:32:01]   Epoch 007 900/1453 train_mae 5.68 kl 0.362 lr 1e-04 (270s)
[08:32:21]   Epoch 007 1000/1453 train_mae 5.67 kl 0.362 lr 1e-04 (290s)
[08:32:40]   Epoch 007 1100/1453 train_mae 5.64 kl 0.361 lr 1e-04 (309s)
[08:32:59]   Epoch 007 1200/1453 train_mae 5.66 kl 0.360 lr 1e-04 (328s)
[08:33:19]   Epoch 007 1300/1453 train_mae 5.66 kl 0.358 lr 1e-04 (348s)
[08:33:38]   Epoch 007 1400/1453 train_mae 5.68 kl 0.359 lr 1e-04 (368s)
[08:33:49]   Epoch 007 1453/1453 train_mae 5.68 kl 0.359 lr 1e-04 (378s)
[08:34:08] [Epoch 007 완료] train MAE 5.68 | val MAE 7.60 | val RMSE 9.91 | lr 1e-04 | * best 저장 (val MAE 7.60)
[08:34:28]   Epoch 008 100/1453 train_mae 5.40 kl 0.353 lr 1e-04 (19s)
[08:34:47]   Epoch 008 200/1453 train_mae 5.49 kl 0.348 lr 1e-04 (38s)
[08:35:06]   Epoch 008 300/1453 train_mae 5.43 kl 0.348 lr 1e-04 (57s)
[08:35:25]   Epoch 008 400/1453 train_mae 5.39 kl 0.352 lr 1e-04 (76s)
[08:35:45]   Epoch 008 500/1453 train_mae 5.41 kl 0.355 lr 1e-04 (96s)
[08:36:04]   Epoch 008 600/1453 train_mae 5.40 kl 0.352 lr 1e-04 (115s)
[08:36:23]   Epoch 008 700/1453 train_mae 5.42 kl 0.352 lr 1e-04 (134s)
[08:36:41]   Epoch 008 800/1453 train_mae 5.44 kl 0.350 lr 1e-04 (152s)
[08:37:01]   Epoch 008 900/1453 train_mae 5.44 kl 0.348 lr 1e-04 (172s)
[08:37:21]   Epoch 008 1000/1453 train_mae 5.46 kl 0.345 lr 1e-04 (192s)
[08:37:40]   Epoch 008 1100/1453 train_mae 5.47 kl 0.346 lr 1e-04 (212s)
[08:38:00]   Epoch 008 1200/1453 train_mae 5.46 kl 0.344 lr 1e-04 (231s)
[08:38:19]   Epoch 008 1300/1453 train_mae 5.44 kl 0.343 lr 1e-04 (250s)
[08:38:39]   Epoch 008 1400/1453 train_mae 5.46 kl 0.343 lr 1e-04 (270s)
[08:38:49]   Epoch 008 1453/1453 train_mae 5.46 kl 0.343 lr 1e-04 (280s)
[08:39:09] [Epoch 008 완료] train MAE 5.46 | val MAE 7.80 | val RMSE 10.16 | lr 1e-04 | 개선없음 1/15
[08:39:30]   Epoch 009 100/1453 train_mae 4.85 kl 0.307 lr 1e-04 (20s)
[08:39:49]   Epoch 009 200/1453 train_mae 5.08 kl 0.324 lr 1e-04 (39s)
[08:40:09]   Epoch 009 300/1453 train_mae 5.27 kl 0.328 lr 1e-04 (59s)
[08:40:28]   Epoch 009 400/1453 train_mae 5.24 kl 0.332 lr 1e-04 (78s)
[08:40:48]   Epoch 009 500/1453 train_mae 5.22 kl 0.330 lr 1e-04 (98s)
[08:41:07]   Epoch 009 600/1453 train_mae 5.19 kl 0.326 lr 1e-04 (117s)
[08:41:27]   Epoch 009 700/1453 train_mae 5.19 kl 0.325 lr 1e-04 (137s)
[08:41:45]   Epoch 009 800/1453 train_mae 5.23 kl 0.326 lr 1e-04 (155s)
[08:42:04]   Epoch 009 900/1453 train_mae 5.25 kl 0.325 lr 1e-04 (174s)
[08:42:23]   Epoch 009 1000/1453 train_mae 5.26 kl 0.325 lr 1e-04 (193s)
[08:42:43]   Epoch 009 1100/1453 train_mae 5.26 kl 0.324 lr 1e-04 (213s)
[08:43:03]   Epoch 009 1200/1453 train_mae 5.29 kl 0.324 lr 1e-04 (233s)
[08:43:22]   Epoch 009 1300/1453 train_mae 5.29 kl 0.326 lr 1e-04 (252s)
[08:43:41]   Epoch 009 1400/1453 train_mae 5.27 kl 0.326 lr 1e-04 (271s)
[08:43:51]   Epoch 009 1453/1453 train_mae 5.26 kl 0.325 lr 1e-04 (281s)
[08:44:12] [Epoch 009 완료] train MAE 5.26 | val MAE 7.35 | val RMSE 9.74 | lr 1e-04 | * best 저장 (val MAE 7.35)
[08:44:31]   Epoch 010 100/1453 train_mae 5.21 kl 0.330 lr 1e-04 (19s)
[08:44:50]   Epoch 010 200/1453 train_mae 4.99 kl 0.315 lr 1e-04 (38s)
[08:45:09]   Epoch 010 300/1453 train_mae 4.99 kl 0.318 lr 1e-04 (57s)
[08:45:28]   Epoch 010 400/1453 train_mae 5.04 kl 0.316 lr 1e-04 (76s)
[08:45:47]   Epoch 010 500/1453 train_mae 5.00 kl 0.315 lr 1e-04 (95s)
[08:46:06]   Epoch 010 600/1453 train_mae 5.01 kl 0.315 lr 1e-04 (114s)
[08:46:26]   Epoch 010 700/1453 train_mae 5.02 kl 0.318 lr 1e-04 (134s)
[08:46:45]   Epoch 010 800/1453 train_mae 5.02 kl 0.315 lr 1e-04 (153s)
[08:47:04]   Epoch 010 900/1453 train_mae 5.00 kl 0.313 lr 1e-04 (172s)
[08:47:23]   Epoch 010 1000/1453 train_mae 5.00 kl 0.312 lr 1e-04 (191s)
[08:47:42]   Epoch 010 1100/1453 train_mae 5.04 kl 0.313 lr 1e-04 (210s)
[08:48:02]   Epoch 010 1200/1453 train_mae 5.05 kl 0.313 lr 1e-04 (229s)
[08:48:21]   Epoch 010 1300/1453 train_mae 5.04 kl 0.311 lr 1e-04 (249s)
[08:48:40]   Epoch 010 1400/1453 train_mae 5.03 kl 0.310 lr 1e-04 (268s)
[08:48:51]   Epoch 010 1453/1453 train_mae 5.04 kl 0.309 lr 1e-04 (278s)
[08:49:10] [Epoch 010 완료] train MAE 5.04 | val MAE 7.77 | val RMSE 10.19 | lr 1e-04 | 개선없음 1/15
[08:49:33]   Epoch 011 100/1453 train_mae 4.58 kl 0.296 lr 1e-04 (22s)
[08:49:54]   Epoch 011 200/1453 train_mae 4.75 kl 0.300 lr 1e-04 (43s)
[08:50:13]   Epoch 011 300/1453 train_mae 4.68 kl 0.302 lr 1e-04 (62s)
[08:50:32]   Epoch 011 400/1453 train_mae 4.73 kl 0.300 lr 1e-04 (81s)
[08:50:52]   Epoch 011 500/1453 train_mae 4.75 kl 0.297 lr 1e-04 (101s)
[08:51:11]   Epoch 011 600/1453 train_mae 4.73 kl 0.296 lr 1e-04 (120s)
[08:51:31]   Epoch 011 700/1453 train_mae 4.73 kl 0.295 lr 1e-04 (140s)
[08:51:50]   Epoch 011 800/1453 train_mae 4.74 kl 0.295 lr 1e-04 (159s)
[08:52:09]   Epoch 011 900/1453 train_mae 4.74 kl 0.297 lr 1e-04 (178s)
[08:52:26]   Epoch 011 1000/1453 train_mae 4.74 kl 0.297 lr 1e-04 (196s)
[08:52:46]   Epoch 011 1100/1453 train_mae 4.77 kl 0.298 lr 1e-04 (216s)
[08:53:06]   Epoch 011 1200/1453 train_mae 4.79 kl 0.297 lr 1e-04 (235s)
[08:53:25]   Epoch 011 1300/1453 train_mae 4.80 kl 0.297 lr 1e-04 (254s)
[08:53:44]   Epoch 011 1400/1453 train_mae 4.81 kl 0.297 lr 1e-04 (274s)
[08:53:54]   Epoch 011 1453/1453 train_mae 4.83 kl 0.297 lr 1e-04 (283s)
[08:54:18] [Epoch 011 완료] train MAE 4.83 | val MAE 7.80 | val RMSE 10.21 | lr 1e-04 | 개선없음 2/15
[08:54:47]   Epoch 012 100/1453 train_mae 4.58 kl 0.294 lr 1e-04 (29s)
[08:55:20]   Epoch 012 200/1453 train_mae 4.53 kl 0.292 lr 1e-04 (61s)
[08:55:54]   Epoch 012 300/1453 train_mae 4.63 kl 0.291 lr 1e-04 (95s)
[08:56:26]   Epoch 012 400/1453 train_mae 4.61 kl 0.295 lr 1e-04 (128s)
[08:57:00]   Epoch 012 500/1453 train_mae 4.60 kl 0.294 lr 1e-04 (161s)
[08:57:33]   Epoch 012 600/1453 train_mae 4.62 kl 0.292 lr 1e-04 (194s)
[08:58:05]   Epoch 012 700/1453 train_mae 4.63 kl 0.291 lr 1e-04 (226s)
[08:58:38]   Epoch 012 800/1453 train_mae 4.62 kl 0.289 lr 1e-04 (260s)
[08:59:11]   Epoch 012 900/1453 train_mae 4.60 kl 0.286 lr 1e-04 (292s)
[08:59:42]   Epoch 012 1000/1453 train_mae 4.63 kl 0.286 lr 1e-04 (324s)
[09:00:12]   Epoch 012 1100/1453 train_mae 4.64 kl 0.286 lr 1e-04 (353s)
[09:00:40]   Epoch 012 1200/1453 train_mae 4.64 kl 0.285 lr 1e-04 (382s)
[09:01:06]   Epoch 012 1300/1453 train_mae 4.66 kl 0.284 lr 1e-04 (407s)
[09:01:39]   Epoch 012 1400/1453 train_mae 4.65 kl 0.284 lr 1e-04 (440s)
[09:01:56]   Epoch 012 1453/1453 train_mae 4.64 kl 0.285 lr 1e-04 (457s)
[09:02:25] [Epoch 012 완료] train MAE 4.64 | val MAE 7.49 | val RMSE 9.89 | lr 1e-04 | 개선없음 3/15
[09:02:58]   Epoch 013 100/1453 train_mae 4.31 kl 0.280 lr 1e-04 (33s)
[09:03:28]   Epoch 013 200/1453 train_mae 4.47 kl 0.287 lr 1e-04 (63s)
[09:04:01]   Epoch 013 300/1453 train_mae 4.33 kl 0.284 lr 1e-04 (96s)
[09:04:35]   Epoch 013 400/1453 train_mae 4.35 kl 0.282 lr 1e-04 (130s)
[09:05:07]   Epoch 013 500/1453 train_mae 4.38 kl 0.281 lr 1e-04 (162s)
[09:05:40]   Epoch 013 600/1453 train_mae 4.36 kl 0.278 lr 1e-04 (195s)
[09:06:13]   Epoch 013 700/1453 train_mae 4.41 kl 0.278 lr 1e-04 (228s)
[09:06:48]   Epoch 013 800/1453 train_mae 4.40 kl 0.279 lr 1e-04 (262s)
[09:07:23]   Epoch 013 900/1453 train_mae 4.42 kl 0.282 lr 1e-04 (298s)
[09:07:58]   Epoch 013 1000/1453 train_mae 4.41 kl 0.281 lr 1e-04 (333s)
[09:08:31]   Epoch 013 1100/1453 train_mae 4.42 kl 0.281 lr 1e-04 (366s)
[09:09:06]   Epoch 013 1200/1453 train_mae 4.43 kl 0.280 lr 1e-04 (401s)
[09:09:38]   Epoch 013 1300/1453 train_mae 4.43 kl 0.280 lr 1e-04 (433s)
[09:10:11]   Epoch 013 1400/1453 train_mae 4.43 kl 0.279 lr 1e-04 (465s)
[09:10:27]   Epoch 013 1453/1453 train_mae 4.44 kl 0.279 lr 1e-04 (482s)
[09:10:56] [Epoch 013 완료] train MAE 4.44 | val MAE 7.55 | val RMSE 10.01 | lr 1e-04 | 개선없음 4/15
[09:11:16]   Epoch 014 100/1453 train_mae 4.11 kl 0.260 lr 1e-04 (19s)
[09:11:35]   Epoch 014 200/1453 train_mae 4.22 kl 0.269 lr 1e-04 (38s)
[09:11:54]   Epoch 014 300/1453 train_mae 4.20 kl 0.265 lr 1e-04 (58s)
[09:12:13]   Epoch 014 400/1453 train_mae 4.19 kl 0.265 lr 1e-04 (77s)
[09:12:33]   Epoch 014 500/1453 train_mae 4.19 kl 0.261 lr 1e-04 (96s)
[09:12:52]   Epoch 014 600/1453 train_mae 4.21 kl 0.259 lr 1e-04 (116s)
[09:13:12]   Epoch 014 700/1453 train_mae 4.24 kl 0.260 lr 1e-04 (136s)
[09:13:32]   Epoch 014 800/1453 train_mae 4.25 kl 0.260 lr 1e-04 (155s)
[09:13:51]   Epoch 014 900/1453 train_mae 4.25 kl 0.261 lr 1e-04 (175s)
[09:14:13]   Epoch 014 1000/1453 train_mae 4.25 kl 0.260 lr 1e-04 (196s)
[09:14:32]   Epoch 014 1100/1453 train_mae 4.24 kl 0.260 lr 1e-04 (216s)
[09:14:52]   Epoch 014 1200/1453 train_mae 4.27 kl 0.262 lr 1e-04 (235s)
[09:15:11]   Epoch 014 1300/1453 train_mae 4.28 kl 0.262 lr 1e-04 (255s)
[09:15:31]   Epoch 014 1400/1453 train_mae 4.29 kl 0.261 lr 1e-04 (274s)
[09:15:41]   Epoch 014 1453/1453 train_mae 4.29 kl 0.261 lr 1e-04 (285s)
[09:16:01] [Epoch 014 완료] train MAE 4.29 | val MAE 8.01 | val RMSE 10.48 | lr 1e-04 | 개선없음 5/15
[09:16:21]   Epoch 015 100/1453 train_mae 4.36 kl 0.254 lr 1e-04 (19s)
[09:16:40]   Epoch 015 200/1453 train_mae 4.21 kl 0.256 lr 1e-04 (38s)
[09:17:00]   Epoch 015 300/1453 train_mae 4.23 kl 0.264 lr 1e-04 (58s)
[09:17:22]   Epoch 015 400/1453 train_mae 4.15 kl 0.262 lr 1e-04 (80s)
[09:17:41]   Epoch 015 500/1453 train_mae 4.13 kl 0.262 lr 1e-04 (99s)
[09:18:01]   Epoch 015 600/1453 train_mae 4.18 kl 0.263 lr 1e-04 (119s)
[09:18:24]   Epoch 015 700/1453 train_mae 4.14 kl 0.262 lr 1e-04 (142s)
[09:18:47]   Epoch 015 800/1453 train_mae 4.18 kl 0.262 lr 1e-04 (165s)
[09:19:16]   Epoch 015 900/1453 train_mae 4.19 kl 0.262 lr 1e-04 (195s)
[09:19:45]   Epoch 015 1000/1453 train_mae 4.18 kl 0.260 lr 1e-04 (224s)
[09:20:31]   Epoch 015 1100/1453 train_mae 4.18 kl 0.258 lr 1e-04 (270s)
[09:21:10]   Epoch 015 1200/1453 train_mae 4.16 kl 0.258 lr 1e-04 (309s)
[09:21:53]   Epoch 015 1300/1453 train_mae 4.17 kl 0.258 lr 1e-04 (352s)
[09:22:37]   Epoch 015 1400/1453 train_mae 4.17 kl 0.257 lr 1e-04 (395s)
[09:22:59]   Epoch 015 1453/1453 train_mae 4.16 kl 0.257 lr 1e-04 (418s)
[09:23:47] [Epoch 015 완료] train MAE 4.16 | val MAE 7.76 | val RMSE 10.30 | lr 1e-04 | 개선없음 6/15
[09:24:29]   Epoch 016 100/1453 train_mae 3.95 kl 0.239 lr 1e-04 (41s)
[09:25:13]   Epoch 016 200/1453 train_mae 3.97 kl 0.247 lr 1e-04 (85s)
[09:25:57]   Epoch 016 300/1453 train_mae 3.90 kl 0.247 lr 1e-04 (129s)
[09:26:39]   Epoch 016 400/1453 train_mae 3.90 kl 0.244 lr 1e-04 (171s)
[09:27:24]   Epoch 016 500/1453 train_mae 3.91 kl 0.243 lr 1e-04 (216s)
[09:28:08]   Epoch 016 600/1453 train_mae 3.91 kl 0.244 lr 1e-04 (260s)
[09:28:47]   Epoch 016 700/1453 train_mae 3.95 kl 0.245 lr 1e-04 (299s)
[09:29:30]   Epoch 016 800/1453 train_mae 3.98 kl 0.244 lr 1e-04 (342s)
[09:30:10]   Epoch 016 900/1453 train_mae 4.00 kl 0.245 lr 1e-04 (382s)
[09:30:50]   Epoch 016 1000/1453 train_mae 3.99 kl 0.245 lr 1e-04 (422s)
[09:31:33]   Epoch 016 1100/1453 train_mae 3.98 kl 0.243 lr 1e-04 (465s)
[09:32:15]   Epoch 016 1200/1453 train_mae 3.98 kl 0.245 lr 1e-04 (507s)
[09:32:56]   Epoch 016 1300/1453 train_mae 3.98 kl 0.245 lr 1e-04 (548s)
[09:33:38]   Epoch 016 1400/1453 train_mae 3.97 kl 0.244 lr 1e-04 (590s)
[09:33:59]   Epoch 016 1453/1453 train_mae 3.97 kl 0.243 lr 1e-04 (611s)
[09:34:36] [Epoch 016 완료] train MAE 3.97 | val MAE 7.81 | val RMSE 10.23 | lr 1e-04 | 개선없음 7/15
[09:35:15]   Epoch 017 100/1453 train_mae 3.77 kl 0.247 lr 1e-04 (39s)
[09:36:00]   Epoch 017 200/1453 train_mae 3.64 kl 0.237 lr 1e-04 (84s)
[09:36:43]   Epoch 017 300/1453 train_mae 3.65 kl 0.231 lr 1e-04 (126s)
[09:37:22]   Epoch 017 400/1453 train_mae 3.69 kl 0.230 lr 1e-04 (166s)
[09:38:02]   Epoch 017 500/1453 train_mae 3.69 kl 0.229 lr 1e-04 (206s)
[09:38:44]   Epoch 017 600/1453 train_mae 3.70 kl 0.229 lr 1e-04 (248s)
[09:39:26]   Epoch 017 700/1453 train_mae 3.74 kl 0.228 lr 1e-04 (289s)
[09:40:05]   Epoch 017 800/1453 train_mae 3.75 kl 0.229 lr 1e-04 (329s)
[09:40:46]   Epoch 017 900/1453 train_mae 3.77 kl 0.231 lr 1e-04 (369s)
[09:41:30]   Epoch 017 1000/1453 train_mae 3.78 kl 0.232 lr 1e-04 (413s)
[09:42:18]   Epoch 017 1100/1453 train_mae 3.78 kl 0.233 lr 1e-04 (462s)
[09:43:08]   Epoch 017 1200/1453 train_mae 3.79 kl 0.234 lr 1e-04 (511s)
[09:43:55]   Epoch 017 1300/1453 train_mae 3.81 kl 0.235 lr 1e-04 (559s)
[09:44:39]   Epoch 017 1400/1453 train_mae 3.82 kl 0.235 lr 1e-04 (602s)
[09:45:03]   Epoch 017 1453/1453 train_mae 3.81 kl 0.235 lr 1e-04 (626s)
[09:45:40] [Epoch 017 완료] train MAE 3.81 | val MAE 7.86 | val RMSE 10.39 | lr 1e-04 | 개선없음 8/15
[09:46:30]   Epoch 018 100/1453 train_mae 3.66 kl 0.226 lr 1e-04 (49s)
[09:47:17]   Epoch 018 200/1453 train_mae 3.75 kl 0.234 lr 1e-04 (96s)
[09:48:01]   Epoch 018 300/1453 train_mae 3.68 kl 0.231 lr 1e-04 (140s)
[09:48:42]   Epoch 018 400/1453 train_mae 3.65 kl 0.231 lr 1e-04 (181s)
[09:49:23]   Epoch 018 500/1453 train_mae 3.65 kl 0.227 lr 1e-04 (222s)
[09:50:03]   Epoch 018 600/1453 train_mae 3.69 kl 0.228 lr 1e-04 (262s)
[09:50:46]   Epoch 018 700/1453 train_mae 3.71 kl 0.228 lr 1e-04 (305s)
[09:51:27]   Epoch 018 800/1453 train_mae 3.72 kl 0.227 lr 1e-04 (345s)
[09:52:07]   Epoch 018 900/1453 train_mae 3.71 kl 0.226 lr 1e-04 (386s)
[09:52:49]   Epoch 018 1000/1453 train_mae 3.71 kl 0.226 lr 1e-04 (427s)
[09:53:32]   Epoch 018 1100/1453 train_mae 3.70 kl 0.226 lr 1e-04 (471s)
[09:54:18]   Epoch 018 1200/1453 train_mae 3.71 kl 0.228 lr 1e-04 (516s)
[09:55:04]   Epoch 018 1300/1453 train_mae 3.73 kl 0.227 lr 1e-04 (562s)
[09:55:51]   Epoch 018 1400/1453 train_mae 3.72 kl 0.228 lr 1e-04 (610s)
[09:56:16]   Epoch 018 1453/1453 train_mae 3.73 kl 0.228 lr 1e-04 (635s)
[09:57:11] [Epoch 018 완료] train MAE 3.73 | val MAE 7.77 | val RMSE 10.32 | lr 1e-04 | 개선없음 9/15
[09:58:11]   Epoch 019 100/1453 train_mae 3.74 kl 0.222 lr 1e-04 (59s)
[09:59:35]   Epoch 019 200/1453 train_mae 3.63 kl 0.219 lr 1e-04 (144s)
[10:01:07]   Epoch 019 300/1453 train_mae 3.63 kl 0.223 lr 1e-04 (236s)
[10:02:35]   Epoch 019 400/1453 train_mae 3.64 kl 0.220 lr 1e-04 (324s)
[10:03:56]   Epoch 019 500/1453 train_mae 3.64 kl 0.219 lr 1e-04 (404s)
[10:05:15]   Epoch 019 600/1453 train_mae 3.61 kl 0.219 lr 1e-04 (483s)
[10:06:32]   Epoch 019 700/1453 train_mae 3.62 kl 0.220 lr 1e-04 (561s)
[10:07:47]   Epoch 019 800/1453 train_mae 3.61 kl 0.220 lr 1e-04 (635s)
[10:09:03]   Epoch 019 900/1453 train_mae 3.61 kl 0.220 lr 1e-04 (712s)
[10:10:21]   Epoch 019 1000/1453 train_mae 3.59 kl 0.221 lr 1e-04 (790s)
[10:11:45]   Epoch 019 1100/1453 train_mae 3.60 kl 0.221 lr 1e-04 (874s)
[10:13:11]   Epoch 019 1200/1453 train_mae 3.61 kl 0.222 lr 1e-04 (960s)
[10:14:25]   Epoch 019 1300/1453 train_mae 3.60 kl 0.221 lr 1e-04 (1033s)
[10:15:37]   Epoch 019 1400/1453 train_mae 3.63 kl 0.221 lr 1e-04 (1106s)
[10:16:15]   Epoch 019 1453/1453 train_mae 3.63 kl 0.221 lr 1e-04 (1143s)
[10:17:51] [Epoch 019 완료] train MAE 3.63 | val MAE 7.71 | val RMSE 10.17 | lr 1e-04 | 개선없음 10/15
[10:18:37]   Epoch 020 100/1453 train_mae 3.40 kl 0.219 lr 1e-04 (45s)
[10:19:22]   Epoch 020 200/1453 train_mae 3.38 kl 0.214 lr 1e-04 (89s)
[10:20:10]   Epoch 020 300/1453 train_mae 3.39 kl 0.212 lr 1e-04 (138s)
[10:20:57]   Epoch 020 400/1453 train_mae 3.45 kl 0.212 lr 1e-04 (185s)
[10:21:45]   Epoch 020 500/1453 train_mae 3.45 kl 0.211 lr 1e-04 (233s)
[10:22:35]   Epoch 020 600/1453 train_mae 3.49 kl 0.212 lr 1e-04 (283s)
[10:23:23]   Epoch 020 700/1453 train_mae 3.50 kl 0.211 lr 1e-04 (331s)
[10:24:10]   Epoch 020 800/1453 train_mae 3.53 kl 0.213 lr 1e-04 (378s)
[10:24:57]   Epoch 020 900/1453 train_mae 3.52 kl 0.211 lr 1e-04 (425s)
[10:25:44]   Epoch 020 1000/1453 train_mae 3.54 kl 0.211 lr 1e-04 (471s)
[10:26:25]   Epoch 020 1100/1453 train_mae 3.53 kl 0.210 lr 1e-04 (513s)
[10:27:07]   Epoch 020 1200/1453 train_mae 3.54 kl 0.211 lr 1e-04 (555s)
[10:27:50]   Epoch 020 1300/1453 train_mae 3.54 kl 0.211 lr 1e-04 (598s)
[10:28:32]   Epoch 020 1400/1453 train_mae 3.55 kl 0.211 lr 1e-04 (640s)
[10:28:57]   Epoch 020 1453/1453 train_mae 3.56 kl 0.211 lr 1e-04 (664s)
[10:29:34] [Epoch 020 완료] train MAE 3.56 | val MAE 7.68 | val RMSE 10.27 | lr 1e-04 | 개선없음 11/15
[10:30:15]   Epoch 021 100/1453 train_mae 3.28 kl 0.210 lr 1e-04 (40s)
[10:30:55]   Epoch 021 200/1453 train_mae 3.38 kl 0.207 lr 1e-04 (80s)
[10:31:35]   Epoch 021 300/1453 train_mae 3.38 kl 0.205 lr 1e-04 (120s)
[10:32:20]   Epoch 021 400/1453 train_mae 3.41 kl 0.209 lr 1e-04 (165s)
[10:33:08]   Epoch 021 500/1453 train_mae 3.41 kl 0.208 lr 1e-04 (213s)
[10:33:55]   Epoch 021 600/1453 train_mae 3.42 kl 0.208 lr 1e-04 (260s)
[10:34:41]   Epoch 021 700/1453 train_mae 3.45 kl 0.208 lr 1e-04 (305s)
[10:35:26]   Epoch 021 800/1453 train_mae 3.47 kl 0.208 lr 1e-04 (351s)
[10:36:10]   Epoch 021 900/1453 train_mae 3.50 kl 0.209 lr 1e-04 (395s)
[10:36:55]   Epoch 021 1000/1453 train_mae 3.49 kl 0.208 lr 1e-04 (440s)
[10:37:42]   Epoch 021 1100/1453 train_mae 3.46 kl 0.208 lr 1e-04 (487s)
[10:38:27]   Epoch 021 1200/1453 train_mae 3.46 kl 0.208 lr 1e-04 (532s)
[10:39:07]   Epoch 021 1300/1453 train_mae 3.46 kl 0.208 lr 1e-04 (572s)
[10:39:48]   Epoch 021 1400/1453 train_mae 3.45 kl 0.207 lr 1e-04 (613s)
[10:40:10]   Epoch 021 1453/1453 train_mae 3.44 kl 0.208 lr 1e-04 (635s)
[10:40:46] [Epoch 021 완료] train MAE 3.44 | val MAE 7.77 | val RMSE 10.27 | lr 1e-04 | 개선없음 12/15
[10:41:30]   Epoch 022 100/1453 train_mae 3.30 kl 0.196 lr 1e-04 (44s)
[10:42:13]   Epoch 022 200/1453 train_mae 3.32 kl 0.204 lr 1e-04 (87s)
[10:42:53]   Epoch 022 300/1453 train_mae 3.34 kl 0.204 lr 1e-04 (127s)
[10:43:37]   Epoch 022 400/1453 train_mae 3.34 kl 0.201 lr 1e-04 (170s)
[10:44:17]   Epoch 022 500/1453 train_mae 3.32 kl 0.199 lr 1e-04 (210s)
[10:44:59]   Epoch 022 600/1453 train_mae 3.34 kl 0.198 lr 1e-04 (252s)
[10:45:46]   Epoch 022 700/1453 train_mae 3.34 kl 0.198 lr 1e-04 (299s)
[10:46:32]   Epoch 022 800/1453 train_mae 3.33 kl 0.197 lr 1e-04 (345s)
[10:47:16]   Epoch 022 900/1453 train_mae 3.32 kl 0.198 lr 1e-04 (390s)
[10:48:03]   Epoch 022 1000/1453 train_mae 3.33 kl 0.198 lr 1e-04 (436s)
[10:48:49]   Epoch 022 1100/1453 train_mae 3.33 kl 0.199 lr 1e-04 (482s)
[10:49:33]   Epoch 022 1200/1453 train_mae 3.37 kl 0.199 lr 1e-04 (526s)
[10:50:19]   Epoch 022 1300/1453 train_mae 3.35 kl 0.199 lr 1e-04 (573s)
[10:51:06]   Epoch 022 1400/1453 train_mae 3.35 kl 0.199 lr 1e-04 (619s)
[10:51:29]   Epoch 022 1453/1453 train_mae 3.35 kl 0.200 lr 1e-04 (642s)
[10:52:04] [Epoch 022 완료] train MAE 3.35 | val MAE 7.56 | val RMSE 9.96 | lr 1e-04 | 개선없음 13/15
[10:52:45]   Epoch 023 100/1453 train_mae 3.15 kl 0.195 lr 1e-04 (40s)
[10:53:27]   Epoch 023 200/1453 train_mae 3.22 kl 0.196 lr 1e-04 (82s)
[10:54:13]   Epoch 023 300/1453 train_mae 3.20 kl 0.199 lr 1e-04 (128s)
[10:54:57]   Epoch 023 400/1453 train_mae 3.22 kl 0.198 lr 1e-04 (172s)
[10:55:38]   Epoch 023 500/1453 train_mae 3.24 kl 0.201 lr 1e-04 (213s)
[10:56:18]   Epoch 023 600/1453 train_mae 3.23 kl 0.200 lr 1e-04 (253s)
[10:56:58]   Epoch 023 700/1453 train_mae 3.24 kl 0.199 lr 1e-04 (292s)
[10:57:39]   Epoch 023 800/1453 train_mae 3.24 kl 0.199 lr 1e-04 (333s)
[10:58:24]   Epoch 023 900/1453 train_mae 3.26 kl 0.199 lr 1e-04 (379s)
[10:59:10]   Epoch 023 1000/1453 train_mae 3.27 kl 0.199 lr 1e-04 (425s)
[10:59:54]   Epoch 023 1100/1453 train_mae 3.28 kl 0.200 lr 1e-04 (469s)
[11:00:40]   Epoch 023 1200/1453 train_mae 3.28 kl 0.199 lr 1e-04 (514s)
[11:01:25]   Epoch 023 1300/1453 train_mae 3.28 kl 0.198 lr 1e-04 (560s)
[11:02:11]   Epoch 023 1400/1453 train_mae 3.28 kl 0.198 lr 1e-04 (606s)
[11:02:35]   Epoch 023 1453/1453 train_mae 3.28 kl 0.198 lr 1e-04 (630s)
[11:03:12] [Epoch 023 완료] train MAE 3.28 | val MAE 7.62 | val RMSE 10.11 | lr 1e-04 | 개선없음 14/15
[11:04:00]   Epoch 024 100/1453 train_mae 3.32 kl 0.200 lr 1e-04 (47s)
[11:04:43]   Epoch 024 200/1453 train_mae 3.22 kl 0.194 lr 1e-04 (90s)
[11:05:22]   Epoch 024 300/1453 train_mae 3.14 kl 0.195 lr 1e-04 (129s)
[11:06:03]   Epoch 024 400/1453 train_mae 3.12 kl 0.194 lr 1e-04 (170s)
[11:06:45]   Epoch 024 500/1453 train_mae 3.11 kl 0.194 lr 1e-04 (212s)
[11:07:28]   Epoch 024 600/1453 train_mae 3.12 kl 0.193 lr 1e-04 (255s)
[11:08:09]   Epoch 024 700/1453 train_mae 3.15 kl 0.194 lr 1e-04 (297s)
[11:08:49]   Epoch 024 800/1453 train_mae 3.15 kl 0.193 lr 1e-04 (337s)
[11:09:30]   Epoch 024 900/1453 train_mae 3.15 kl 0.192 lr 1e-04 (377s)
[11:10:16]   Epoch 024 1000/1453 train_mae 3.17 kl 0.193 lr 1e-04 (423s)
[11:11:02]   Epoch 024 1100/1453 train_mae 3.17 kl 0.193 lr 1e-04 (469s)
[11:11:47]   Epoch 024 1200/1453 train_mae 3.18 kl 0.192 lr 1e-04 (514s)
[11:12:31]   Epoch 024 1300/1453 train_mae 3.19 kl 0.191 lr 1e-04 (558s)
[11:13:16]   Epoch 024 1400/1453 train_mae 3.20 kl 0.191 lr 1e-04 (603s)
[11:13:40]   Epoch 024 1453/1453 train_mae 3.21 kl 0.192 lr 1e-04 (627s)
[11:14:36] [Epoch 024 완료] train MAE 3.21 | val MAE 7.59 | val RMSE 9.95 | lr 1e-04 | 개선없음 15/15
[11:15:25]   Epoch 025 100/1453 train_mae 3.13 kl 0.182 lr 1e-04 (48s)
[11:16:11]   Epoch 025 200/1453 train_mae 3.15 kl 0.188 lr 1e-04 (94s)
[11:16:53]   Epoch 025 300/1453 train_mae 3.07 kl 0.187 lr 1e-04 (136s)
[11:17:33]   Epoch 025 400/1453 train_mae 3.08 kl 0.186 lr 1e-04 (176s)
[11:18:13]   Epoch 025 500/1453 train_mae 3.06 kl 0.184 lr 1e-04 (216s)
[11:18:54]   Epoch 025 600/1453 train_mae 3.06 kl 0.185 lr 1e-04 (258s)
[11:19:40]   Epoch 025 700/1453 train_mae 3.04 kl 0.184 lr 1e-04 (303s)
[11:20:21]   Epoch 025 800/1453 train_mae 3.06 kl 0.185 lr 1e-04 (344s)
[11:21:02]   Epoch 025 900/1453 train_mae 3.08 kl 0.185 lr 1e-04 (385s)
[11:21:44]   Epoch 025 1000/1453 train_mae 3.08 kl 0.185 lr 1e-04 (427s)
[11:22:28]   Epoch 025 1100/1453 train_mae 3.10 kl 0.186 lr 1e-04 (471s)
[11:23:14]   Epoch 025 1200/1453 train_mae 3.12 kl 0.187 lr 1e-04 (517s)
[11:24:00]   Epoch 025 1300/1453 train_mae 3.11 kl 0.188 lr 1e-04 (564s)
[11:24:45]   Epoch 025 1400/1453 train_mae 3.10 kl 0.188 lr 1e-04 (608s)
[11:25:06]   Epoch 025 1453/1453 train_mae 3.11 kl 0.188 lr 1e-04 (629s)
[11:25:38] [Epoch 025 완료] train MAE 3.11 | val MAE 7.56 | val RMSE 9.92 | lr 1e-04 | 개선없음 16/15
[11:26:18]   Epoch 026 100/1453 train_mae 2.97 kl 0.174 lr 1e-04 (40s)
[11:26:59]   Epoch 026 200/1453 train_mae 2.97 kl 0.176 lr 1e-04 (81s)
[11:27:41]   Epoch 026 300/1453 train_mae 3.02 kl 0.178 lr 1e-04 (122s)
[11:28:18]   Epoch 026 400/1453 train_mae 3.04 kl 0.176 lr 1e-04 (160s)
[11:28:54]   Epoch 026 500/1453 train_mae 3.07 kl 0.177 lr 1e-04 (195s)
[11:29:34]   Epoch 026 600/1453 train_mae 3.07 kl 0.178 lr 1e-04 (235s)
[11:30:10]   Epoch 026 700/1453 train_mae 3.07 kl 0.181 lr 1e-04 (272s)
[11:30:47]   Epoch 026 800/1453 train_mae 3.07 kl 0.181 lr 1e-04 (309s)
[11:31:29]   Epoch 026 900/1453 train_mae 3.09 kl 0.183 lr 1e-04 (350s)
[11:32:11]   Epoch 026 1000/1453 train_mae 3.09 kl 0.183 lr 1e-04 (392s)
[11:32:56]   Epoch 026 1100/1453 train_mae 3.08 kl 0.182 lr 1e-04 (438s)
[11:33:44]   Epoch 026 1200/1453 train_mae 3.09 kl 0.183 lr 1e-04 (485s)
[11:34:30]   Epoch 026 1300/1453 train_mae 3.09 kl 0.184 lr 1e-04 (532s)
[11:35:15]   Epoch 026 1400/1453 train_mae 3.10 kl 0.184 lr 1e-04 (576s)
[11:35:39]   Epoch 026 1453/1453 train_mae 3.10 kl 0.184 lr 1e-04 (601s)
[11:36:21] [Epoch 026 완료] train MAE 3.10 | val MAE 7.59 | val RMSE 10.03 | lr 1e-04 | 개선없음 17/15
[11:37:11]   Epoch 027 100/1453 train_mae 3.07 kl 0.177 lr 1e-04 (48s)
[11:37:55]   Epoch 027 200/1453 train_mae 2.94 kl 0.175 lr 1e-04 (92s)
[11:38:36]   Epoch 027 300/1453 train_mae 2.94 kl 0.171 lr 1e-04 (133s)
[11:39:18]   Epoch 027 400/1453 train_mae 2.96 kl 0.172 lr 1e-04 (175s)
[11:40:00]   Epoch 027 500/1453 train_mae 3.02 kl 0.175 lr 1e-04 (217s)
[11:40:42]   Epoch 027 600/1453 train_mae 3.01 kl 0.176 lr 1e-04 (260s)
[11:41:25]   Epoch 027 700/1453 train_mae 3.03 kl 0.176 lr 1e-04 (303s)
[11:42:08]   Epoch 027 800/1453 train_mae 3.02 kl 0.177 lr 1e-04 (346s)
[11:42:49]   Epoch 027 900/1453 train_mae 3.02 kl 0.177 lr 1e-04 (387s)
[11:43:33]   Epoch 027 1000/1453 train_mae 3.04 kl 0.179 lr 1e-04 (431s)
[11:44:18]   Epoch 027 1100/1453 train_mae 3.05 kl 0.179 lr 1e-04 (475s)
[11:45:02]   Epoch 027 1200/1453 train_mae 3.04 kl 0.179 lr 1e-04 (519s)
[11:45:48]   Epoch 027 1300/1453 train_mae 3.05 kl 0.179 lr 1e-04 (565s)
[11:46:32]   Epoch 027 1400/1453 train_mae 3.04 kl 0.179 lr 1e-04 (609s)
[11:46:54]   Epoch 027 1453/1453 train_mae 3.04 kl 0.179 lr 1e-04 (632s)
[11:47:33] [Epoch 027 완료] train MAE 3.04 | val MAE 7.88 | val RMSE 10.46 | lr 1e-04 | 개선없음 18/15
[11:48:15]   Epoch 028 100/1453 train_mae 2.79 kl 0.175 lr 1e-04 (42s)
[11:48:59]   Epoch 028 200/1453 train_mae 2.89 kl 0.175 lr 1e-04 (85s)
[11:49:43]   Epoch 028 300/1453 train_mae 2.98 kl 0.177 lr 1e-04 (129s)
[11:50:27]   Epoch 028 400/1453 train_mae 2.96 kl 0.176 lr 1e-04 (173s)
[11:51:10]   Epoch 028 500/1453 train_mae 2.98 kl 0.177 lr 1e-04 (217s)
[11:51:54]   Epoch 028 600/1453 train_mae 2.99 kl 0.177 lr 1e-04 (260s)
[11:52:38]   Epoch 028 700/1453 train_mae 2.97 kl 0.177 lr 1e-04 (305s)
[11:53:25]   Epoch 028 800/1453 train_mae 2.96 kl 0.178 lr 1e-04 (352s)
[11:54:12]   Epoch 028 900/1453 train_mae 2.96 kl 0.178 lr 1e-04 (399s)
[11:55:01]   Epoch 028 1000/1453 train_mae 2.96 kl 0.178 lr 1e-04 (447s)
[11:55:48]   Epoch 028 1100/1453 train_mae 2.96 kl 0.177 lr 1e-04 (494s)
[11:56:34]   Epoch 028 1200/1453 train_mae 2.97 kl 0.178 lr 1e-04 (541s)
[11:57:22]   Epoch 028 1300/1453 train_mae 2.96 kl 0.177 lr 1e-04 (588s)
[11:58:10]   Epoch 028 1400/1453 train_mae 2.97 kl 0.177 lr 1e-04 (636s)
[11:58:34]   Epoch 028 1453/1453 train_mae 2.98 kl 0.177 lr 1e-04 (660s)
[11:59:15] [Epoch 028 완료] train MAE 2.98 | val MAE 7.63 | val RMSE 10.02 | lr 1e-04 | 개선없음 19/15
[12:00:01]   Epoch 029 100/1453 train_mae 2.98 kl 0.171 lr 1e-04 (46s)
[12:00:46]   Epoch 029 200/1453 train_mae 3.04 kl 0.181 lr 1e-04 (90s)
[12:01:31]   Epoch 029 300/1453 train_mae 2.95 kl 0.177 lr 1e-04 (135s)
[12:02:13]   Epoch 029 400/1453 train_mae 2.97 kl 0.177 lr 1e-04 (178s)
[12:02:57]   Epoch 029 500/1453 train_mae 2.96 kl 0.177 lr 1e-04 (222s)
[12:03:40]   Epoch 029 600/1453 train_mae 2.94 kl 0.176 lr 1e-04 (264s)
[12:04:23]   Epoch 029 700/1453 train_mae 2.94 kl 0.176 lr 1e-04 (308s)
[12:05:07]   Epoch 029 800/1453 train_mae 2.94 kl 0.175 lr 1e-04 (351s)
[12:05:51]   Epoch 029 900/1453 train_mae 2.95 kl 0.176 lr 1e-04 (395s)
[12:06:35]   Epoch 029 1000/1453 train_mae 2.95 kl 0.176 lr 1e-04 (439s)
[12:07:20]   Epoch 029 1100/1453 train_mae 2.95 kl 0.175 lr 1e-04 (485s)
[12:08:05]   Epoch 029 1200/1453 train_mae 2.95 kl 0.174 lr 1e-04 (529s)
[12:08:49]   Epoch 029 1300/1453 train_mae 2.95 kl 0.174 lr 1e-04 (574s)
[12:09:32]   Epoch 029 1400/1453 train_mae 2.95 kl 0.174 lr 1e-04 (617s)
[12:09:56]   Epoch 029 1453/1453 train_mae 2.95 kl 0.174 lr 1e-04 (640s)
[12:10:33] [Epoch 029 완료] train MAE 2.95 | val MAE 7.63 | val RMSE 9.99 | lr 1e-04 | 개선없음 20/15
[12:11:16]   Epoch 030 100/1453 train_mae 2.96 kl 0.163 lr 1e-04 (43s)
[12:12:01]   Epoch 030 200/1453 train_mae 2.92 kl 0.164 lr 1e-04 (87s)
[12:12:44]   Epoch 030 300/1453 train_mae 2.96 kl 0.166 lr 1e-04 (131s)
[12:13:27]   Epoch 030 400/1453 train_mae 2.93 kl 0.165 lr 1e-04 (173s)
[12:14:11]   Epoch 030 500/1453 train_mae 2.90 kl 0.165 lr 1e-04 (217s)
[12:14:55]   Epoch 030 600/1453 train_mae 2.90 kl 0.165 lr 1e-04 (262s)
[12:15:39]   Epoch 030 700/1453 train_mae 2.90 kl 0.165 lr 1e-04 (305s)
[12:16:22]   Epoch 030 800/1453 train_mae 2.90 kl 0.166 lr 1e-04 (349s)
[12:17:09]   Epoch 030 900/1453 train_mae 2.91 kl 0.167 lr 1e-04 (395s)
[12:17:55]   Epoch 030 1000/1453 train_mae 2.92 kl 0.167 lr 1e-04 (442s)
[12:18:42]   Epoch 030 1100/1453 train_mae 2.92 kl 0.167 lr 1e-04 (488s)
[12:19:30]   Epoch 030 1200/1453 train_mae 2.93 kl 0.168 lr 1e-04 (536s)
[12:20:16]   Epoch 030 1300/1453 train_mae 2.94 kl 0.168 lr 1e-04 (583s)
[12:21:00]   Epoch 030 1400/1453 train_mae 2.94 kl 0.168 lr 1e-04 (627s)
[12:21:25]   Epoch 030 1453/1453 train_mae 2.93 kl 0.168 lr 1e-04 (652s)
[12:22:02] [Epoch 030 완료] train MAE 2.93 | val MAE 7.72 | val RMSE 10.21 | lr 1e-04 | 개선없음 21/15
[12:22:47]   Epoch 031 100/1453 train_mae 2.79 kl 0.164 lr 1e-04 (44s)
[12:23:31]   Epoch 031 200/1453 train_mae 2.81 kl 0.163 lr 1e-04 (88s)
[12:24:16]   Epoch 031 300/1453 train_mae 2.80 kl 0.164 lr 1e-04 (133s)
[12:25:03]   Epoch 031 400/1453 train_mae 2.83 kl 0.165 lr 1e-04 (180s)
[12:25:51]   Epoch 031 500/1453 train_mae 2.82 kl 0.165 lr 1e-04 (228s)
[12:26:35]   Epoch 031 600/1453 train_mae 2.84 kl 0.165 lr 1e-04 (272s)
[12:27:17]   Epoch 031 700/1453 train_mae 2.84 kl 0.166 lr 1e-04 (314s)
[12:27:59]   Epoch 031 800/1453 train_mae 2.87 kl 0.167 lr 1e-04 (356s)
[12:28:41]   Epoch 031 900/1453 train_mae 2.87 kl 0.167 lr 1e-04 (398s)
[12:29:24]   Epoch 031 1000/1453 train_mae 2.89 kl 0.167 lr 1e-04 (441s)
[12:30:07]   Epoch 031 1100/1453 train_mae 2.90 kl 0.168 lr 1e-04 (484s)
[12:30:49]   Epoch 031 1200/1453 train_mae 2.89 kl 0.167 lr 1e-04 (526s)
[12:31:33]   Epoch 031 1300/1453 train_mae 2.90 kl 0.167 lr 1e-04 (570s)
[12:32:16]   Epoch 031 1400/1453 train_mae 2.88 kl 0.165 lr 1e-04 (613s)
[12:32:38]   Epoch 031 1453/1453 train_mae 2.88 kl 0.165 lr 1e-04 (635s)
[12:33:21] [Epoch 031 완료] train MAE 2.88 | val MAE 7.64 | val RMSE 10.01 | lr 1e-04 | 개선없음 22/15
[12:34:06]   Epoch 032 100/1453 train_mae 2.84 kl 0.170 lr 1e-04 (45s)
[12:34:49]   Epoch 032 200/1453 train_mae 2.72 kl 0.167 lr 1e-04 (88s)
[12:35:33]   Epoch 032 300/1453 train_mae 2.77 kl 0.169 lr 1e-04 (131s)
[12:36:15]   Epoch 032 400/1453 train_mae 2.76 kl 0.169 lr 1e-04 (174s)
[12:36:57]   Epoch 032 500/1453 train_mae 2.78 kl 0.167 lr 1e-04 (216s)
[12:37:41]   Epoch 032 600/1453 train_mae 2.78 kl 0.166 lr 1e-04 (260s)
[12:38:24]   Epoch 032 700/1453 train_mae 2.81 kl 0.165 lr 1e-04 (303s)
[12:39:07]   Epoch 032 800/1453 train_mae 2.83 kl 0.164 lr 1e-04 (346s)
[12:39:49]   Epoch 032 900/1453 train_mae 2.82 kl 0.164 lr 1e-04 (388s)
[12:40:32]   Epoch 032 1000/1453 train_mae 2.81 kl 0.163 lr 1e-04 (431s)
[12:41:16]   Epoch 032 1100/1453 train_mae 2.80 kl 0.164 lr 1e-04 (475s)
[12:42:03]   Epoch 032 1200/1453 train_mae 2.81 kl 0.164 lr 1e-04 (522s)
[12:42:50]   Epoch 032 1300/1453 train_mae 2.81 kl 0.164 lr 1e-04 (569s)
[12:43:36]   Epoch 032 1400/1453 train_mae 2.81 kl 0.164 lr 1e-04 (615s)
[12:44:00]   Epoch 032 1453/1453 train_mae 2.82 kl 0.164 lr 1e-04 (639s)
[12:44:42] [Epoch 032 완료] train MAE 2.82 | val MAE 7.63 | val RMSE 10.00 | lr 1e-04 | 개선없음 23/15
[12:45:26]   Epoch 033 100/1453 train_mae 2.77 kl 0.162 lr 1e-04 (43s)
[12:46:10]   Epoch 033 200/1453 train_mae 2.67 kl 0.156 lr 1e-04 (87s)
[12:46:57]   Epoch 033 300/1453 train_mae 2.64 kl 0.161 lr 1e-04 (133s)
[12:47:44]   Epoch 033 400/1453 train_mae 2.69 kl 0.161 lr 1e-04 (181s)
[12:48:28]   Epoch 033 500/1453 train_mae 2.68 kl 0.160 lr 1e-04 (225s)
[12:49:15]   Epoch 033 600/1453 train_mae 2.69 kl 0.159 lr 1e-04 (272s)
[12:50:03]   Epoch 033 700/1453 train_mae 2.69 kl 0.159 lr 1e-04 (320s)
[12:50:46]   Epoch 033 800/1453 train_mae 2.72 kl 0.159 lr 1e-04 (363s)
[12:51:28]   Epoch 033 900/1453 train_mae 2.73 kl 0.159 lr 1e-04 (405s)
[12:52:11]   Epoch 033 1000/1453 train_mae 2.75 kl 0.159 lr 1e-04 (448s)
[12:52:54]   Epoch 033 1100/1453 train_mae 2.77 kl 0.160 lr 1e-04 (491s)
[12:53:36]   Epoch 033 1200/1453 train_mae 2.78 kl 0.160 lr 1e-04 (533s)
[12:54:19]   Epoch 033 1300/1453 train_mae 2.78 kl 0.160 lr 1e-04 (576s)
[12:55:03]   Epoch 033 1400/1453 train_mae 2.79 kl 0.161 lr 1e-04 (620s)
[12:55:25]   Epoch 033 1453/1453 train_mae 2.79 kl 0.161 lr 1e-04 (642s)
[12:56:04] [Epoch 033 완료] train MAE 2.79 | val MAE 7.65 | val RMSE 10.13 | lr 1e-04 | 개선없음 24/15
[12:56:49]   Epoch 034 100/1453 train_mae 2.64 kl 0.156 lr 1e-04 (44s)
[12:57:32]   Epoch 034 200/1453 train_mae 2.70 kl 0.156 lr 1e-04 (88s)
[12:58:19]   Epoch 034 300/1453 train_mae 2.68 kl 0.160 lr 1e-04 (134s)
[12:59:03]   Epoch 034 400/1453 train_mae 2.64 kl 0.163 lr 1e-04 (178s)
[12:59:47]   Epoch 034 500/1453 train_mae 2.69 kl 0.163 lr 1e-04 (222s)
[13:00:30]   Epoch 034 600/1453 train_mae 2.69 kl 0.161 lr 1e-04 (265s)
[13:01:14]   Epoch 034 700/1453 train_mae 2.72 kl 0.162 lr 1e-04 (309s)
[13:01:57]   Epoch 034 800/1453 train_mae 2.72 kl 0.161 lr 1e-04 (352s)
[13:02:41]   Epoch 034 900/1453 train_mae 2.72 kl 0.160 lr 1e-04 (397s)
[13:03:25]   Epoch 034 1000/1453 train_mae 2.72 kl 0.159 lr 1e-04 (440s)
[13:04:09]   Epoch 034 1100/1453 train_mae 2.73 kl 0.159 lr 1e-04 (484s)
[13:04:52]   Epoch 034 1200/1453 train_mae 2.73 kl 0.158 lr 1e-04 (527s)
[13:05:35]   Epoch 034 1300/1453 train_mae 2.74 kl 0.158 lr 1e-04 (570s)
[13:06:18]   Epoch 034 1400/1453 train_mae 2.74 kl 0.157 lr 1e-04 (614s)
[13:06:43]   Epoch 034 1453/1453 train_mae 2.73 kl 0.158 lr 1e-04 (638s)
[13:07:23] [Epoch 034 완료] train MAE 2.73 | val MAE 7.72 | val RMSE 10.24 | lr 1e-04 | 개선없음 25/15
[13:08:11]   Epoch 035 100/1453 train_mae 2.66 kl 0.156 lr 1e-04 (46s)
[13:08:58]   Epoch 035 200/1453 train_mae 2.72 kl 0.156 lr 1e-04 (94s)
[13:09:46]   Epoch 035 300/1453 train_mae 2.71 kl 0.156 lr 1e-04 (142s)
[13:10:35]   Epoch 035 400/1453 train_mae 2.69 kl 0.154 lr 1e-04 (190s)
[13:11:21]   Epoch 035 500/1453 train_mae 2.68 kl 0.155 lr 1e-04 (237s)
[13:12:08]   Epoch 035 600/1453 train_mae 2.69 kl 0.155 lr 1e-04 (283s)
[13:12:54]   Epoch 035 700/1453 train_mae 2.70 kl 0.155 lr 1e-04 (329s)
[13:13:40]   Epoch 035 800/1453 train_mae 2.68 kl 0.155 lr 1e-04 (376s)
[13:14:22]   Epoch 035 900/1453 train_mae 2.67 kl 0.154 lr 1e-04 (418s)
[13:15:04]   Epoch 035 1000/1453 train_mae 2.66 kl 0.155 lr 1e-04 (460s)
[13:15:46]   Epoch 035 1100/1453 train_mae 2.67 kl 0.157 lr 1e-04 (502s)
[13:16:30]   Epoch 035 1200/1453 train_mae 2.67 kl 0.156 lr 1e-04 (545s)
[13:17:12]   Epoch 035 1300/1453 train_mae 2.67 kl 0.155 lr 1e-04 (588s)
[13:17:55]   Epoch 035 1400/1453 train_mae 2.67 kl 0.154 lr 1e-04 (631s)
[13:18:17]   Epoch 035 1453/1453 train_mae 2.67 kl 0.154 lr 1e-04 (653s)
[13:18:53] [Epoch 035 완료] train MAE 2.67 | val MAE 7.60 | val RMSE 10.00 | lr 1e-04 | 개선없음 26/15
[13:19:40]   Epoch 036 100/1453 train_mae 2.85 kl 0.156 lr 1e-04 (45s)
[13:20:25]   Epoch 036 200/1453 train_mae 2.73 kl 0.154 lr 1e-04 (91s)
[13:21:09]   Epoch 036 300/1453 train_mae 2.71 kl 0.152 lr 1e-04 (134s)
[13:21:52]   Epoch 036 400/1453 train_mae 2.69 kl 0.151 lr 1e-04 (178s)
[13:22:37]   Epoch 036 500/1453 train_mae 2.69 kl 0.152 lr 1e-04 (223s)
[13:23:20]   Epoch 036 600/1453 train_mae 2.67 kl 0.153 lr 1e-04 (266s)
[13:24:02]   Epoch 036 700/1453 train_mae 2.65 kl 0.153 lr 1e-04 (308s)
[13:24:45]   Epoch 036 800/1453 train_mae 2.65 kl 0.152 lr 1e-04 (351s)
[13:25:29]   Epoch 036 900/1453 train_mae 2.66 kl 0.152 lr 1e-04 (394s)
[13:26:12]   Epoch 036 1000/1453 train_mae 2.66 kl 0.152 lr 1e-04 (437s)
[13:26:54]   Epoch 036 1100/1453 train_mae 2.66 kl 0.152 lr 1e-04 (480s)
[13:27:38]   Epoch 036 1200/1453 train_mae 2.67 kl 0.152 lr 1e-04 (524s)
[13:28:20]   Epoch 036 1300/1453 train_mae 2.68 kl 0.151 lr 1e-04 (566s)
[13:29:02]   Epoch 036 1400/1453 train_mae 2.69 kl 0.152 lr 1e-04 (608s)
[13:29:26]   Epoch 036 1453/1453 train_mae 2.68 kl 0.152 lr 1e-04 (631s)
[13:30:06] [Epoch 036 완료] train MAE 2.68 | val MAE 7.66 | val RMSE 9.97 | lr 1e-04 | 개선없음 27/15
[13:30:53]   Epoch 037 100/1453 train_mae 2.63 kl 0.154 lr 1e-04 (46s)
[13:31:39]   Epoch 037 200/1453 train_mae 2.60 kl 0.156 lr 1e-04 (92s)
[13:32:25]   Epoch 037 300/1453 train_mae 2.56 kl 0.152 lr 1e-04 (139s)
[13:33:12]   Epoch 037 400/1453 train_mae 2.59 kl 0.153 lr 1e-04 (186s)
[13:34:01]   Epoch 037 500/1453 train_mae 2.63 kl 0.153 lr 1e-04 (235s)
[13:34:47]   Epoch 037 600/1453 train_mae 2.63 kl 0.152 lr 1e-04 (281s)
[13:35:34]   Epoch 037 700/1453 train_mae 2.63 kl 0.152 lr 1e-04 (328s)
[13:36:21]   Epoch 037 800/1453 train_mae 2.63 kl 0.154 lr 1e-04 (374s)
[13:37:06]   Epoch 037 900/1453 train_mae 2.63 kl 0.154 lr 1e-04 (420s)
[13:37:52]   Epoch 037 1000/1453 train_mae 2.63 kl 0.155 lr 1e-04 (465s)
[13:38:35]   Epoch 037 1100/1453 train_mae 2.63 kl 0.155 lr 1e-04 (508s)
[13:39:18]   Epoch 037 1200/1453 train_mae 2.62 kl 0.154 lr 1e-04 (552s)
[13:40:01]   Epoch 037 1300/1453 train_mae 2.61 kl 0.153 lr 1e-04 (594s)
[13:40:44]   Epoch 037 1400/1453 train_mae 2.62 kl 0.153 lr 1e-04 (638s)
[13:41:07]   Epoch 037 1453/1453 train_mae 2.61 kl 0.153 lr 1e-04 (661s)
[13:41:34] [Epoch 037 완료] train MAE 2.61 | val MAE 7.65 | val RMSE 10.15 | lr 1e-04 | 개선없음 28/15
[13:42:06]   Epoch 038 100/1453 train_mae 2.64 kl 0.141 lr 1e-04 (31s)
[13:42:35]   Epoch 038 200/1453 train_mae 2.69 kl 0.146 lr 1e-04 (60s)
[13:43:05]   Epoch 038 300/1453 train_mae 2.64 kl 0.144 lr 1e-04 (91s)
[13:43:34]   Epoch 038 400/1453 train_mae 2.61 kl 0.145 lr 1e-04 (119s)
[13:44:03]   Epoch 038 500/1453 train_mae 2.60 kl 0.145 lr 1e-04 (148s)
[13:44:34]   Epoch 038 600/1453 train_mae 2.56 kl 0.144 lr 1e-04 (179s)
[13:45:03]   Epoch 038 700/1453 train_mae 2.56 kl 0.145 lr 1e-04 (208s)
[13:45:33]   Epoch 038 800/1453 train_mae 2.55 kl 0.146 lr 1e-04 (238s)
[13:46:03]   Epoch 038 900/1453 train_mae 2.54 kl 0.146 lr 1e-04 (268s)
[13:46:29]   Epoch 038 1000/1453 train_mae 2.55 kl 0.146 lr 1e-04 (294s)
[13:46:53]   Epoch 038 1100/1453 train_mae 2.56 kl 0.147 lr 1e-04 (318s)
[13:47:17]   Epoch 038 1200/1453 train_mae 2.56 kl 0.147 lr 1e-04 (342s)
[13:47:41]   Epoch 038 1300/1453 train_mae 2.58 kl 0.147 lr 1e-04 (366s)
[13:48:05]   Epoch 038 1400/1453 train_mae 2.58 kl 0.147 lr 1e-04 (390s)
[13:48:18]   Epoch 038 1453/1453 train_mae 2.58 kl 0.147 lr 1e-04 (403s)
[13:48:40] [Epoch 038 완료] train MAE 2.58 | val MAE 7.66 | val RMSE 10.05 | lr 1e-04 | 개선없음 29/15
[13:49:04]   Epoch 039 100/1453 train_mae 2.56 kl 0.149 lr 1e-04 (23s)
[13:49:28]   Epoch 039 200/1453 train_mae 2.66 kl 0.150 lr 1e-04 (47s)
[13:49:50]   Epoch 039 300/1453 train_mae 2.63 kl 0.146 lr 1e-04 (69s)
[13:50:13]   Epoch 039 400/1453 train_mae 2.62 kl 0.147 lr 1e-04 (92s)
[13:50:38]   Epoch 039 500/1453 train_mae 2.58 kl 0.146 lr 1e-04 (117s)
[13:51:00]   Epoch 039 600/1453 train_mae 2.55 kl 0.146 lr 1e-04 (139s)
[13:51:25]   Epoch 039 700/1453 train_mae 2.58 kl 0.147 lr 1e-04 (164s)
[13:51:47]   Epoch 039 800/1453 train_mae 2.60 kl 0.147 lr 1e-04 (186s)
[13:52:11]   Epoch 039 900/1453 train_mae 2.60 kl 0.147 lr 1e-04 (210s)
[13:52:34]   Epoch 039 1000/1453 train_mae 2.60 kl 0.147 lr 1e-04 (234s)
[13:52:59]   Epoch 039 1100/1453 train_mae 2.60 kl 0.147 lr 1e-04 (258s)
[13:53:23]   Epoch 039 1200/1453 train_mae 2.59 kl 0.146 lr 1e-04 (282s)
[13:53:48]   Epoch 039 1300/1453 train_mae 2.59 kl 0.145 lr 1e-04 (307s)
[13:54:13]   Epoch 039 1400/1453 train_mae 2.59 kl 0.146 lr 1e-04 (332s)
[13:54:25]   Epoch 039 1453/1453 train_mae 2.58 kl 0.146 lr 1e-04 (344s)
[13:54:48] [Epoch 039 완료] train MAE 2.58 | val MAE 7.51 | val RMSE 9.92 | lr 1e-04 | 개선없음 30/15
[13:55:11]   Epoch 040 100/1453 train_mae 2.60 kl 0.148 lr 1e-04 (23s)
[13:55:36]   Epoch 040 200/1453 train_mae 2.61 kl 0.146 lr 1e-04 (47s)
[13:56:01]   Epoch 040 300/1453 train_mae 2.57 kl 0.144 lr 1e-04 (73s)
[13:56:25]   Epoch 040 400/1453 train_mae 2.56 kl 0.146 lr 1e-04 (97s)
[13:56:50]   Epoch 040 500/1453 train_mae 2.56 kl 0.144 lr 1e-04 (121s)
[13:57:34]   Epoch 040 600/1453 train_mae 2.56 kl 0.143 lr 1e-04 (165s)
[13:58:21]   Epoch 040 700/1453 train_mae 2.56 kl 0.144 lr 1e-04 (213s)
[13:59:08]   Epoch 040 800/1453 train_mae 2.59 kl 0.145 lr 1e-04 (260s)
[13:59:58]   Epoch 040 900/1453 train_mae 2.60 kl 0.145 lr 1e-04 (309s)
[14:00:47]   Epoch 040 1000/1453 train_mae 2.60 kl 0.145 lr 1e-04 (358s)
[14:01:36]   Epoch 040 1100/1453 train_mae 2.60 kl 0.145 lr 1e-04 (408s)
[14:02:27]   Epoch 040 1200/1453 train_mae 2.60 kl 0.145 lr 1e-04 (459s)
[14:03:18]   Epoch 040 1300/1453 train_mae 2.60 kl 0.147 lr 1e-04 (509s)
[14:04:07]   Epoch 040 1400/1453 train_mae 2.60 kl 0.147 lr 1e-04 (558s)
[14:04:32]   Epoch 040 1453/1453 train_mae 2.59 kl 0.147 lr 1e-04 (584s)
[14:05:42] [Epoch 040 완료] train MAE 2.59 | val MAE 7.72 | val RMSE 10.22 | lr 1e-04 | 개선없음 31/15
[14:06:18]   Epoch 041 100/1453 train_mae 2.46 kl 0.139 lr 1e-04 (35s)
[14:06:50]   Epoch 041 200/1453 train_mae 2.54 kl 0.140 lr 1e-04 (67s)
[14:07:23]   Epoch 041 300/1453 train_mae 2.57 kl 0.139 lr 1e-04 (100s)
[14:07:57]   Epoch 041 400/1453 train_mae 2.55 kl 0.140 lr 1e-04 (134s)
[14:08:33]   Epoch 041 500/1453 train_mae 2.53 kl 0.140 lr 1e-04 (170s)
