================================================================
[20:50:40] Attention(R1/R2) + LDL 골연령 - v2 (손 크롭 폴더 입력) 시작
[20:50:40] PyTorch 2.6.0+cu124 | torchvision 0.21.0+cu124 | timm 1.0.28
[20:50:40] device cuda | CUDA True
Traceback (most recent call last):
  File "C:\ProgramData\gpu-guard\gpu_guard.py", line 438, in <module>
    main()
    ~~~~^^
  File "C:\ProgramData\gpu-guard\gpu_guard.py", line 332, in main
    sys.exit(gate_only(parse_kv(argv[1:])))
             ~~~~~~~~~^^^^^^^^^^^^^^^^^^^^
  File "C:\ProgramData\gpu-guard\gpu_guard.py", line 220, in gate_only
    led = cleanup_dead_running(load_ledger())
                               ~~~~~~~~~~~^^
  File "C:\ProgramData\gpu-guard\common.py", line 54, in load_ledger
    data = json.load(f)
  File "G:\anaconda3\Lib\json\__init__.py", line 293, in load
    return loads(fp.read(),
        cls=cls, object_hook=object_hook,
        parse_float=parse_float, parse_int=parse_int,
        parse_constant=parse_constant, object_pairs_hook=object_pairs_hook, **kw)
  File "G:\anaconda3\Lib\json\__init__.py", line 346, in loads
    return _default_decoder.decode(s)
           ~~~~~~~~~~~~~~~~~~~~~~~^^^
  File "G:\anaconda3\Lib\json\decoder.py", line 345, in decode
    obj, end = self.raw_decode(s, idx=_w(s, 0).end())
               ~~~~~~~~~~~~~~~^^^^^^^^^^^^^^^^^^^^^^^
  File "G:\anaconda3\Lib\json\decoder.py", line 363, in raw_decode
    raise JSONDecodeError("Expecting value", s, err.value) from None
json.decoder.JSONDecodeError: Expecting value: line 1 column 1 (char 0)
[20:50:41] GPU NVIDIA A100 80GB PCIe | CUDA 12.4
[20:50:41] BASE_DIR       G:\Project\sinra_cho
[20:50:41] HAND_CROP_DIR  G:\Project\sinra_cho\yolo_crop
[20:50:41] 채널 ('hand', 'r1', 'r2') | tau(R1/R2) 30/30 | 정규화 div255 | 증강 False
================================================================
[20:50:41]   TRAIN_CSV OK  G:\Project\sinra_cho\yolo_crop_csv\train.csv
[20:50:41]   VAL_CSV   OK  G:\Project\sinra_cho\yolo_crop_csv\Validation Dataset.csv
[20:50:41]   TEST_CSV  OK  G:\Project\sinra_cho\yolo_crop_csv\Bone age ground truth.csv
[20:50:41]   손크롭 train OK  G:\Project\sinra_cho\yolo_crop\train  (파일 12,611장)
[20:50:41]   손크롭 val   OK  G:\Project\sinra_cho\yolo_crop\validation  (파일 1,425장)
[20:50:41]   손크롭 test  OK  G:\Project\sinra_cho\yolo_crop\test  (파일 200장)
[20:50:41]   · train: 라벨 12,611 -> 사용 12,611 (제외/미크롭 0)
[20:50:41]   · val: 라벨 1,425 -> 사용 1,425 (제외/미크롭 0)
[20:50:41]   · test: 라벨 200 -> 사용 200 (제외/미크롭 0)
[20:50:41] 최종 | train 12,611 | val 1,425 | test 200 | 나이 127.3±41.2개월 | 남 54.2%
[20:50:41] hand560 캐시 생성 (손 크롭 -> 560x560, pad=False)...
[20:51:10]   hand560 train 2000/12611
[20:51:40]   hand560 train 4000/12611
[20:52:14]   hand560 train 6000/12611
[20:52:47]   hand560 train 8000/12611
[20:53:20]   hand560 train 10000/12611
[20:53:53]   hand560 train 12000/12611
[20:54:03] [hand560:train] 생성 12611 | 스킵 0 | 실패 0
[20:54:26] [hand560:val] 생성 1425 | 스킵 0 | 실패 0
[20:54:29] [hand560:test] 생성 200 | 스킵 0 | 실패 0
[20:54:29] hand560 캐시 완료
[20:54:29] 캐시 확인 후 | train 12,611 | val 1,425 | test 200
[20:54:29] ### Phase I-a : Region-1(수근골) 국소화 + Erased 생성 ###
[20:54:29] [cls-r1] 분류 모델 학습 | pool=gmp src=hand560 size=560 epochs=70
[20:54:30] [backbone] timm 'inception_v3' 로드 완료 (pretrained=True)
[20:54:30] [cls-gmp] feat (2048, 16, 16) -> FC 2048->240
[20:54:47]   [cls-r1] ep01 100/1576 loss 0.2612 lr 3e-04 (17s)
[20:55:03]   [cls-r1] ep01 200/1576 loss 0.2107 lr 3e-04 (33s)
[20:55:19]   [cls-r1] ep01 300/1576 loss 0.1858 lr 3e-04 (48s)
[20:55:35]   [cls-r1] ep01 400/1576 loss 0.1704 lr 3e-04 (64s)
[20:55:50]   [cls-r1] ep01 500/1576 loss 0.1593 lr 3e-04 (80s)
[20:56:06]   [cls-r1] ep01 600/1576 loss 0.1512 lr 3e-04 (96s)
[20:56:22]   [cls-r1] ep01 700/1576 loss 0.1444 lr 3e-04 (111s)
[20:56:37]   [cls-r1] ep01 800/1576 loss 0.1389 lr 3e-04 (127s)
[20:56:53]   [cls-r1] ep01 900/1576 loss 0.1345 lr 3e-04 (142s)
[20:57:08]   [cls-r1] ep01 1000/1576 loss 0.1307 lr 3e-04 (158s)
[20:57:24]   [cls-r1] ep01 1100/1576 loss 0.1274 lr 3e-04 (173s)
[20:57:39]   [cls-r1] ep01 1200/1576 loss 0.1247 lr 3e-04 (189s)
[20:57:55]   [cls-r1] ep01 1300/1576 loss 0.1224 lr 3e-04 (204s)
[20:58:10]   [cls-r1] ep01 1400/1576 loss 0.1200 lr 3e-04 (220s)
[20:58:26]   [cls-r1] ep01 1500/1576 loss 0.1182 lr 3e-04 (235s)
[20:58:37]   [cls-r1] ep01 1576/1576 loss 0.1169 lr 3e-04 (247s)
[20:58:58]   [cls-r1] Epoch 01 완료 | train L1 0.1169 | val argmax-MAE 10.32 | * best 저장 (10.32)
[20:59:07]   [cls-r1] ep02 100/1576 loss 0.0831 lr 3e-04 (9s)
[20:59:17]   [cls-r1] ep02 200/1576 loss 0.0828 lr 3e-04 (18s)
[20:59:26]   [cls-r1] ep02 300/1576 loss 0.0841 lr 3e-04 (28s)
[20:59:35]   [cls-r1] ep02 400/1576 loss 0.0847 lr 3e-04 (37s)
[20:59:44]   [cls-r1] ep02 500/1576 loss 0.0842 lr 3e-04 (46s)
[20:59:53]   [cls-r1] ep02 600/1576 loss 0.0833 lr 3e-04 (55s)
[21:00:03]   [cls-r1] ep02 700/1576 loss 0.0828 lr 3e-04 (64s)
[21:00:12]   [cls-r1] ep02 800/1576 loss 0.0829 lr 3e-04 (74s)
[21:00:21]   [cls-r1] ep02 900/1576 loss 0.0832 lr 3e-04 (83s)
[21:00:30]   [cls-r1] ep02 1000/1576 loss 0.0831 lr 3e-04 (92s)
[21:00:39]   [cls-r1] ep02 1100/1576 loss 0.0827 lr 3e-04 (101s)
[21:00:49]   [cls-r1] ep02 1200/1576 loss 0.0823 lr 3e-04 (111s)
[21:00:58]   [cls-r1] ep02 1300/1576 loss 0.0819 lr 3e-04 (120s)
[21:01:06]   [cls-r1] ep02 1400/1576 loss 0.0816 lr 3e-04 (128s)
[21:01:15]   [cls-r1] ep02 1500/1576 loss 0.0816 lr 3e-04 (137s)
[21:01:22]   [cls-r1] ep02 1576/1576 loss 0.0815 lr 3e-04 (144s)
[21:01:31]   [cls-r1] Epoch 02 완료 | train L1 0.0815 | val argmax-MAE 11.06 | 개선없음 1/8
[21:01:40]   [cls-r1] ep03 100/1576 loss 0.0750 lr 3e-04 (9s)
[21:01:49]   [cls-r1] ep03 200/1576 loss 0.0747 lr 3e-04 (18s)
[21:01:58]   [cls-r1] ep03 300/1576 loss 0.0741 lr 3e-04 (27s)
[21:02:08]   [cls-r1] ep03 400/1576 loss 0.0741 lr 3e-04 (37s)
[21:02:17]   [cls-r1] ep03 500/1576 loss 0.0746 lr 3e-04 (46s)
[21:02:26]   [cls-r1] ep03 600/1576 loss 0.0750 lr 3e-04 (55s)
[21:02:35]   [cls-r1] ep03 700/1576 loss 0.0750 lr 3e-04 (64s)
[21:02:44]   [cls-r1] ep03 800/1576 loss 0.0748 lr 3e-04 (73s)
[21:02:54]   [cls-r1] ep03 900/1576 loss 0.0748 lr 3e-04 (83s)
[21:03:03]   [cls-r1] ep03 1000/1576 loss 0.0748 lr 3e-04 (92s)
[21:03:12]   [cls-r1] ep03 1100/1576 loss 0.0746 lr 3e-04 (101s)
[21:03:21]   [cls-r1] ep03 1200/1576 loss 0.0747 lr 3e-04 (110s)
[21:03:30]   [cls-r1] ep03 1300/1576 loss 0.0746 lr 3e-04 (119s)
[21:03:40]   [cls-r1] ep03 1400/1576 loss 0.0742 lr 3e-04 (129s)
[21:03:49]   [cls-r1] ep03 1500/1576 loss 0.0739 lr 3e-04 (138s)
[21:03:56]   [cls-r1] ep03 1576/1576 loss 0.0738 lr 3e-04 (145s)
[21:04:04]   [cls-r1] Epoch 03 완료 | train L1 0.0738 | val argmax-MAE 9.86 | * best 저장 (9.86)
[21:04:14]   [cls-r1] ep04 100/1576 loss 0.0663 lr 3e-04 (9s)
[21:04:23]   [cls-r1] ep04 200/1576 loss 0.0665 lr 3e-04 (18s)
[21:04:32]   [cls-r1] ep04 300/1576 loss 0.0674 lr 3e-04 (27s)
[21:04:41]   [cls-r1] ep04 400/1576 loss 0.0674 lr 3e-04 (36s)
[21:04:50]   [cls-r1] ep04 500/1576 loss 0.0680 lr 3e-04 (46s)
[21:05:00]   [cls-r1] ep04 600/1576 loss 0.0678 lr 3e-04 (55s)
[21:05:09]   [cls-r1] ep04 700/1576 loss 0.0674 lr 3e-04 (64s)
[21:05:18]   [cls-r1] ep04 800/1576 loss 0.0675 lr 3e-04 (73s)
[21:05:27]   [cls-r1] ep04 900/1576 loss 0.0674 lr 3e-04 (82s)
[21:05:36]   [cls-r1] ep04 1000/1576 loss 0.0674 lr 3e-04 (92s)
[21:05:46]   [cls-r1] ep04 1100/1576 loss 0.0674 lr 3e-04 (101s)
[21:05:55]   [cls-r1] ep04 1200/1576 loss 0.0671 lr 3e-04 (110s)
[21:06:04]   [cls-r1] ep04 1300/1576 loss 0.0672 lr 3e-04 (119s)
[21:06:13]   [cls-r1] ep04 1400/1576 loss 0.0674 lr 3e-04 (128s)
[21:06:22]   [cls-r1] ep04 1500/1576 loss 0.0674 lr 3e-04 (138s)
[21:06:29]   [cls-r1] ep04 1576/1576 loss 0.0676 lr 3e-04 (145s)
[21:06:38]   [cls-r1] Epoch 04 완료 | train L1 0.0676 | val argmax-MAE 9.21 | * best 저장 (9.21)
[21:06:48]   [cls-r1] ep05 100/1576 loss 0.0614 lr 3e-04 (9s)
[21:06:57]   [cls-r1] ep05 200/1576 loss 0.0602 lr 3e-04 (18s)
[21:07:06]   [cls-r1] ep05 300/1576 loss 0.0605 lr 3e-04 (28s)
[21:07:15]   [cls-r1] ep05 400/1576 loss 0.0608 lr 3e-04 (37s)
[21:07:24]   [cls-r1] ep05 500/1576 loss 0.0607 lr 3e-04 (46s)
[21:07:34]   [cls-r1] ep05 600/1576 loss 0.0607 lr 3e-04 (55s)
[21:07:43]   [cls-r1] ep05 700/1576 loss 0.0608 lr 3e-04 (64s)
[21:07:52]   [cls-r1] ep05 800/1576 loss 0.0612 lr 3e-04 (73s)
[21:08:01]   [cls-r1] ep05 900/1576 loss 0.0614 lr 3e-04 (83s)
[21:08:10]   [cls-r1] ep05 1000/1576 loss 0.0612 lr 3e-04 (92s)
[21:08:20]   [cls-r1] ep05 1100/1576 loss 0.0614 lr 3e-04 (101s)
[21:08:29]   [cls-r1] ep05 1200/1576 loss 0.0615 lr 3e-04 (110s)
[21:08:38]   [cls-r1] ep05 1300/1576 loss 0.0616 lr 3e-04 (119s)
[21:08:47]   [cls-r1] ep05 1400/1576 loss 0.0617 lr 3e-04 (128s)
[21:08:56]   [cls-r1] ep05 1500/1576 loss 0.0617 lr 3e-04 (138s)
[21:09:03]   [cls-r1] ep05 1576/1576 loss 0.0617 lr 3e-04 (145s)
[21:09:12]   [cls-r1] Epoch 05 완료 | train L1 0.0617 | val argmax-MAE 9.24 | 개선없음 1/8
[21:09:23]   [cls-r1] ep06 100/1576 loss 0.0562 lr 3e-04 (9s)
[21:09:32]   [cls-r1] ep06 200/1576 loss 0.0548 lr 3e-04 (18s)
[21:09:41]   [cls-r1] ep06 300/1576 loss 0.0549 lr 3e-04 (28s)
[21:09:50]   [cls-r1] ep06 400/1576 loss 0.0558 lr 3e-04 (37s)
[21:10:00]   [cls-r1] ep06 500/1576 loss 0.0567 lr 3e-04 (46s)
[21:10:09]   [cls-r1] ep06 600/1576 loss 0.0569 lr 3e-04 (55s)
[21:10:18]   [cls-r1] ep06 700/1576 loss 0.0567 lr 3e-04 (64s)
[21:10:27]   [cls-r1] ep06 800/1576 loss 0.0563 lr 3e-04 (73s)
[21:10:36]   [cls-r1] ep06 900/1576 loss 0.0564 lr 3e-04 (82s)
[21:10:45]   [cls-r1] ep06 1000/1576 loss 0.0565 lr 3e-04 (92s)
[21:10:54]   [cls-r1] ep06 1100/1576 loss 0.0566 lr 3e-04 (101s)
[21:11:04]   [cls-r1] ep06 1200/1576 loss 0.0566 lr 3e-04 (110s)
[21:11:13]   [cls-r1] ep06 1300/1576 loss 0.0566 lr 3e-04 (119s)
[21:11:22]   [cls-r1] ep06 1400/1576 loss 0.0566 lr 3e-04 (128s)
[21:11:31]   [cls-r1] ep06 1500/1576 loss 0.0568 lr 3e-04 (137s)
[21:11:38]   [cls-r1] ep06 1576/1576 loss 0.0569 lr 3e-04 (144s)
[21:11:47]   [cls-r1] Epoch 06 완료 | train L1 0.0569 | val argmax-MAE 9.34 | 개선없음 2/8
[21:11:56]   [cls-r1] ep07 100/1576 loss 0.0495 lr 3e-04 (9s)
[21:12:05]   [cls-r1] ep07 200/1576 loss 0.0508 lr 3e-04 (18s)
[21:12:14]   [cls-r1] ep07 300/1576 loss 0.0510 lr 3e-04 (27s)
[21:12:24]   [cls-r1] ep07 400/1576 loss 0.0511 lr 3e-04 (37s)
[21:12:33]   [cls-r1] ep07 500/1576 loss 0.0513 lr 3e-04 (46s)
[21:12:42]   [cls-r1] ep07 600/1576 loss 0.0512 lr 3e-04 (55s)
[21:12:51]   [cls-r1] ep07 700/1576 loss 0.0515 lr 3e-04 (64s)
[21:13:00]   [cls-r1] ep07 800/1576 loss 0.0514 lr 3e-04 (73s)
[21:13:10]   [cls-r1] ep07 900/1576 loss 0.0517 lr 3e-04 (83s)
[21:13:19]   [cls-r1] ep07 1000/1576 loss 0.0516 lr 3e-04 (92s)
[21:13:28]   [cls-r1] ep07 1100/1576 loss 0.0517 lr 3e-04 (101s)
[21:13:37]   [cls-r1] ep07 1200/1576 loss 0.0520 lr 3e-04 (110s)
[21:13:46]   [cls-r1] ep07 1300/1576 loss 0.0518 lr 3e-04 (119s)
[21:13:56]   [cls-r1] ep07 1400/1576 loss 0.0518 lr 3e-04 (128s)
[21:14:05]   [cls-r1] ep07 1500/1576 loss 0.0519 lr 3e-04 (138s)
[21:14:12]   [cls-r1] ep07 1576/1576 loss 0.0521 lr 3e-04 (145s)
[21:14:21]   [cls-r1] Epoch 07 완료 | train L1 0.0521 | val argmax-MAE 8.60 | * best 저장 (8.60)
[21:14:30]   [cls-r1] ep08 100/1576 loss 0.0481 lr 3e-04 (9s)
[21:14:39]   [cls-r1] ep08 200/1576 loss 0.0471 lr 3e-04 (18s)
[21:14:48]   [cls-r1] ep08 300/1576 loss 0.0468 lr 3e-04 (28s)
[21:14:58]   [cls-r1] ep08 400/1576 loss 0.0474 lr 3e-04 (37s)
[21:15:07]   [cls-r1] ep08 500/1576 loss 0.0474 lr 3e-04 (46s)
[21:15:16]   [cls-r1] ep08 600/1576 loss 0.0472 lr 3e-04 (55s)
[21:15:28]   [cls-r1] ep08 700/1576 loss 0.0470 lr 3e-04 (67s)
[21:15:40]   [cls-r1] ep08 800/1576 loss 0.0472 lr 3e-04 (79s)
[21:15:51]   [cls-r1] ep08 900/1576 loss 0.0471 lr 3e-04 (90s)
[21:16:03]   [cls-r1] ep08 1000/1576 loss 0.0475 lr 3e-04 (102s)
[21:16:15]   [cls-r1] ep08 1100/1576 loss 0.0477 lr 3e-04 (114s)
[21:16:27]   [cls-r1] ep08 1200/1576 loss 0.0479 lr 3e-04 (126s)
[21:16:38]   [cls-r1] ep08 1300/1576 loss 0.0480 lr 3e-04 (138s)
[21:16:50]   [cls-r1] ep08 1400/1576 loss 0.0480 lr 3e-04 (149s)
[21:17:02]   [cls-r1] ep08 1500/1576 loss 0.0482 lr 3e-04 (161s)
[21:17:11]   [cls-r1] ep08 1576/1576 loss 0.0481 lr 3e-04 (170s)
[21:17:21]   [cls-r1] Epoch 08 완료 | train L1 0.0481 | val argmax-MAE 9.02 | 개선없음 1/8
[21:17:33]   [cls-r1] ep09 100/1576 loss 0.0462 lr 3e-04 (12s)
[21:17:44]   [cls-r1] ep09 200/1576 loss 0.0452 lr 3e-04 (23s)
[21:17:55]   [cls-r1] ep09 300/1576 loss 0.0443 lr 3e-04 (34s)
[21:18:04]   [cls-r1] ep09 400/1576 loss 0.0441 lr 3e-04 (43s)
[21:18:13]   [cls-r1] ep09 500/1576 loss 0.0436 lr 3e-04 (52s)
[21:18:25]   [cls-r1] ep09 600/1576 loss 0.0437 lr 3e-04 (64s)
[21:18:37]   [cls-r1] ep09 700/1576 loss 0.0439 lr 3e-04 (75s)
[21:18:49]   [cls-r1] ep09 800/1576 loss 0.0440 lr 3e-04 (88s)
[21:19:01]   [cls-r1] ep09 900/1576 loss 0.0442 lr 3e-04 (100s)
[21:19:13]   [cls-r1] ep09 1000/1576 loss 0.0444 lr 3e-04 (112s)
[21:19:26]   [cls-r1] ep09 1100/1576 loss 0.0442 lr 3e-04 (124s)
[21:19:38]   [cls-r1] ep09 1200/1576 loss 0.0440 lr 3e-04 (136s)
[21:19:50]   [cls-r1] ep09 1300/1576 loss 0.0440 lr 3e-04 (149s)
[21:20:02]   [cls-r1] ep09 1400/1576 loss 0.0442 lr 3e-04 (161s)
[21:20:14]   [cls-r1] ep09 1500/1576 loss 0.0441 lr 3e-04 (173s)
[21:20:23]   [cls-r1] ep09 1576/1576 loss 0.0442 lr 3e-04 (182s)
[21:20:34]   [cls-r1] Epoch 09 완료 | train L1 0.0442 | val argmax-MAE 8.88 | 개선없음 2/8
[21:20:47]   [cls-r1] ep10 100/1576 loss 0.0410 lr 3e-04 (13s)
[21:20:59]   [cls-r1] ep10 200/1576 loss 0.0419 lr 3e-04 (25s)
[21:21:11]   [cls-r1] ep10 300/1576 loss 0.0414 lr 3e-04 (37s)
[21:21:23]   [cls-r1] ep10 400/1576 loss 0.0412 lr 3e-04 (49s)
[21:21:36]   [cls-r1] ep10 500/1576 loss 0.0413 lr 3e-04 (61s)
[21:21:48]   [cls-r1] ep10 600/1576 loss 0.0412 lr 3e-04 (74s)
[21:22:00]   [cls-r1] ep10 700/1576 loss 0.0413 lr 3e-04 (86s)
[21:22:13]   [cls-r1] ep10 800/1576 loss 0.0414 lr 3e-04 (98s)
[21:22:25]   [cls-r1] ep10 900/1576 loss 0.0415 lr 3e-04 (111s)
[21:22:37]   [cls-r1] ep10 1000/1576 loss 0.0414 lr 3e-04 (122s)
[21:22:49]   [cls-r1] ep10 1100/1576 loss 0.0415 lr 3e-04 (134s)
[21:23:01]   [cls-r1] ep10 1200/1576 loss 0.0416 lr 3e-04 (147s)
[21:23:13]   [cls-r1] ep10 1300/1576 loss 0.0415 lr 3e-04 (159s)
[21:23:26]   [cls-r1] ep10 1400/1576 loss 0.0416 lr 3e-04 (171s)
[21:23:38]   [cls-r1] ep10 1500/1576 loss 0.0417 lr 3e-04 (183s)
[21:23:47]   [cls-r1] ep10 1576/1576 loss 0.0416 lr 3e-04 (192s)
[21:23:56]   [cls-r1] Epoch 10 완료 | train L1 0.0416 | val argmax-MAE 8.94 | 개선없음 3/8
[21:24:09]   [cls-r1] ep11 100/1576 loss 0.0408 lr 3e-04 (12s)
[21:24:21]   [cls-r1] ep11 200/1576 loss 0.0399 lr 3e-04 (24s)
[21:24:33]   [cls-r1] ep11 300/1576 loss 0.0380 lr 3e-04 (36s)
[21:24:45]   [cls-r1] ep11 400/1576 loss 0.0380 lr 3e-04 (48s)
[21:24:58]   [cls-r1] ep11 500/1576 loss 0.0380 lr 3e-04 (61s)
[21:25:10]   [cls-r1] ep11 600/1576 loss 0.0385 lr 3e-04 (73s)
[21:25:21]   [cls-r1] ep11 700/1576 loss 0.0385 lr 3e-04 (85s)
[21:25:33]   [cls-r1] ep11 800/1576 loss 0.0383 lr 3e-04 (97s)
[21:25:46]   [cls-r1] ep11 900/1576 loss 0.0383 lr 3e-04 (109s)
[21:25:58]   [cls-r1] ep11 1000/1576 loss 0.0385 lr 3e-04 (121s)
[21:26:10]   [cls-r1] ep11 1100/1576 loss 0.0385 lr 3e-04 (133s)
[21:26:23]   [cls-r1] ep11 1200/1576 loss 0.0385 lr 3e-04 (146s)
[21:26:35]   [cls-r1] ep11 1300/1576 loss 0.0384 lr 3e-04 (158s)
[21:26:46]   [cls-r1] ep11 1400/1576 loss 0.0386 lr 3e-04 (169s)
[21:26:58]   [cls-r1] ep11 1500/1576 loss 0.0387 lr 3e-04 (182s)
[21:27:08]   [cls-r1] ep11 1576/1576 loss 0.0388 lr 3e-04 (191s)
[21:27:17]   [cls-r1] Epoch 11 완료 | train L1 0.0388 | val argmax-MAE 9.01 | 개선없음 4/8
[21:27:30]   [cls-r1] ep12 100/1576 loss 0.0361 lr 3e-04 (12s)
[21:27:42]   [cls-r1] ep12 200/1576 loss 0.0364 lr 3e-04 (24s)
[21:27:55]   [cls-r1] ep12 300/1576 loss 0.0368 lr 3e-04 (37s)
[21:28:07]   [cls-r1] ep12 400/1576 loss 0.0368 lr 3e-04 (49s)
[21:28:19]   [cls-r1] ep12 500/1576 loss 0.0369 lr 3e-04 (61s)
[21:28:31]   [cls-r1] ep12 600/1576 loss 0.0370 lr 3e-04 (73s)
[21:28:43]   [cls-r1] ep12 700/1576 loss 0.0368 lr 3e-04 (85s)
[21:28:55]   [cls-r1] ep12 800/1576 loss 0.0369 lr 3e-04 (97s)
[21:29:07]   [cls-r1] ep12 900/1576 loss 0.0368 lr 3e-04 (109s)
[21:29:20]   [cls-r1] ep12 1000/1576 loss 0.0368 lr 3e-04 (122s)
[21:29:32]   [cls-r1] ep12 1100/1576 loss 0.0368 lr 3e-04 (134s)
[21:29:44]   [cls-r1] ep12 1200/1576 loss 0.0370 lr 3e-04 (146s)
[21:29:56]   [cls-r1] ep12 1300/1576 loss 0.0370 lr 3e-04 (158s)
[21:30:08]   [cls-r1] ep12 1400/1576 loss 0.0370 lr 3e-04 (170s)
[21:30:20]   [cls-r1] ep12 1500/1576 loss 0.0372 lr 3e-04 (183s)
[21:30:30]   [cls-r1] ep12 1576/1576 loss 0.0372 lr 3e-04 (192s)
[21:30:40]   [cls-r1] Epoch 12 완료 | train L1 0.0372 | val argmax-MAE 8.86 | 개선없음 5/8
[21:30:52]   [cls-r1] ep13 100/1576 loss 0.0332 lr 3e-04 (12s)
[21:31:05]   [cls-r1] ep13 200/1576 loss 0.0347 lr 3e-04 (24s)
[21:31:17]   [cls-r1] ep13 300/1576 loss 0.0344 lr 3e-04 (36s)
[21:31:29]   [cls-r1] ep13 400/1576 loss 0.0344 lr 3e-04 (48s)
[21:31:41]   [cls-r1] ep13 500/1576 loss 0.0344 lr 3e-04 (60s)
[21:31:53]   [cls-r1] ep13 600/1576 loss 0.0344 lr 3e-04 (72s)
[21:32:05]   [cls-r1] ep13 700/1576 loss 0.0343 lr 3e-04 (84s)
[21:32:17]   [cls-r1] ep13 800/1576 loss 0.0343 lr 3e-04 (97s)
[21:32:29]   [cls-r1] ep13 900/1576 loss 0.0343 lr 3e-04 (109s)
[21:32:41]   [cls-r1] ep13 1000/1576 loss 0.0341 lr 3e-04 (121s)
[21:32:54]   [cls-r1] ep13 1100/1576 loss 0.0345 lr 3e-04 (133s)
[21:33:06]   [cls-r1] ep13 1200/1576 loss 0.0345 lr 3e-04 (145s)
[21:33:18]   [cls-r1] ep13 1300/1576 loss 0.0346 lr 3e-04 (157s)
[21:33:30]   [cls-r1] ep13 1400/1576 loss 0.0347 lr 3e-04 (169s)
[21:33:42]   [cls-r1] ep13 1500/1576 loss 0.0348 lr 3e-04 (181s)
[21:33:51]   [cls-r1] ep13 1576/1576 loss 0.0350 lr 3e-04 (191s)
[21:34:01]   [cls-r1] Epoch 13 완료 | train L1 0.0350 | val argmax-MAE 8.53 | * best 저장 (8.53)
[21:34:14]   [cls-r1] ep14 100/1576 loss 0.0347 lr 3e-04 (12s)
[21:34:26]   [cls-r1] ep14 200/1576 loss 0.0343 lr 3e-04 (25s)
[21:34:38]   [cls-r1] ep14 300/1576 loss 0.0339 lr 3e-04 (37s)
[21:34:51]   [cls-r1] ep14 400/1576 loss 0.0343 lr 3e-04 (49s)
[21:35:03]   [cls-r1] ep14 500/1576 loss 0.0340 lr 3e-04 (61s)
[21:35:15]   [cls-r1] ep14 600/1576 loss 0.0334 lr 3e-04 (73s)
[21:35:27]   [cls-r1] ep14 700/1576 loss 0.0333 lr 3e-04 (85s)
[21:35:39]   [cls-r1] ep14 800/1576 loss 0.0330 lr 3e-04 (97s)
[21:35:51]   [cls-r1] ep14 900/1576 loss 0.0332 lr 3e-04 (109s)
[21:36:02]   [cls-r1] ep14 1000/1576 loss 0.0332 lr 3e-04 (120s)
[21:36:15]   [cls-r1] ep14 1100/1576 loss 0.0332 lr 3e-04 (133s)
[21:36:27]   [cls-r1] ep14 1200/1576 loss 0.0332 lr 3e-04 (145s)
[21:36:39]   [cls-r1] ep14 1300/1576 loss 0.0333 lr 3e-04 (158s)
[21:36:51]   [cls-r1] ep14 1400/1576 loss 0.0334 lr 3e-04 (170s)
[21:37:04]   [cls-r1] ep14 1500/1576 loss 0.0334 lr 3e-04 (182s)
[21:37:12]   [cls-r1] ep14 1576/1576 loss 0.0334 lr 3e-04 (191s)
[21:37:22]   [cls-r1] Epoch 14 완료 | train L1 0.0334 | val argmax-MAE 8.76 | 개선없음 1/8
[21:37:35]   [cls-r1] ep15 100/1576 loss 0.0316 lr 3e-04 (12s)
[21:37:47]   [cls-r1] ep15 200/1576 loss 0.0324 lr 3e-04 (24s)
[21:37:59]   [cls-r1] ep15 300/1576 loss 0.0319 lr 3e-04 (37s)
[21:38:11]   [cls-r1] ep15 400/1576 loss 0.0318 lr 3e-04 (49s)
[21:38:24]   [cls-r1] ep15 500/1576 loss 0.0319 lr 3e-04 (61s)
[21:38:36]   [cls-r1] ep15 600/1576 loss 0.0318 lr 3e-04 (73s)
[21:38:48]   [cls-r1] ep15 700/1576 loss 0.0317 lr 3e-04 (85s)
[21:39:00]   [cls-r1] ep15 800/1576 loss 0.0316 lr 3e-04 (97s)
[21:39:11]   [cls-r1] ep15 900/1576 loss 0.0316 lr 3e-04 (109s)
[21:39:24]   [cls-r1] ep15 1000/1576 loss 0.0317 lr 3e-04 (121s)
[21:39:36]   [cls-r1] ep15 1100/1576 loss 0.0315 lr 3e-04 (133s)
[21:39:48]   [cls-r1] ep15 1200/1576 loss 0.0315 lr 3e-04 (145s)
[21:40:00]   [cls-r1] ep15 1300/1576 loss 0.0315 lr 3e-04 (157s)
[21:40:12]   [cls-r1] ep15 1400/1576 loss 0.0315 lr 3e-04 (169s)
[21:40:24]   [cls-r1] ep15 1500/1576 loss 0.0316 lr 3e-04 (182s)
[21:40:34]   [cls-r1] ep15 1576/1576 loss 0.0316 lr 3e-04 (191s)
[21:40:43]   [cls-r1] Epoch 15 완료 | train L1 0.0316 | val argmax-MAE 8.53 | 개선없음 2/8
[21:40:56]   [cls-r1] ep16 100/1576 loss 0.0294 lr 3e-04 (12s)
[21:41:08]   [cls-r1] ep16 200/1576 loss 0.0289 lr 3e-04 (24s)
[21:41:19]   [cls-r1] ep16 300/1576 loss 0.0300 lr 3e-04 (36s)
[21:41:31]   [cls-r1] ep16 400/1576 loss 0.0301 lr 3e-04 (48s)
[21:41:43]   [cls-r1] ep16 500/1576 loss 0.0303 lr 3e-04 (59s)
[21:41:56]   [cls-r1] ep16 600/1576 loss 0.0301 lr 3e-04 (72s)
[21:42:08]   [cls-r1] ep16 700/1576 loss 0.0304 lr 3e-04 (84s)
[21:42:20]   [cls-r1] ep16 800/1576 loss 0.0306 lr 3e-04 (96s)
[21:42:32]   [cls-r1] ep16 900/1576 loss 0.0308 lr 3e-04 (108s)
[21:42:44]   [cls-r1] ep16 1000/1576 loss 0.0307 lr 3e-04 (120s)
[21:42:56]   [cls-r1] ep16 1100/1576 loss 0.0307 lr 3e-04 (133s)
[21:43:08]   [cls-r1] ep16 1200/1576 loss 0.0307 lr 3e-04 (145s)
[21:43:20]   [cls-r1] ep16 1300/1576 loss 0.0307 lr 3e-04 (157s)
[21:43:32]   [cls-r1] ep16 1400/1576 loss 0.0307 lr 3e-04 (169s)
[21:43:44]   [cls-r1] ep16 1500/1576 loss 0.0308 lr 3e-04 (181s)
[21:43:54]   [cls-r1] ep16 1576/1576 loss 0.0309 lr 3e-04 (190s)
[21:44:03]   [cls-r1] Epoch 16 완료 | train L1 0.0309 | val argmax-MAE 8.82 | 개선없음 3/8
[21:44:16]   [cls-r1] ep17 100/1576 loss 0.0293 lr 3e-04 (12s)
[21:44:28]   [cls-r1] ep17 200/1576 loss 0.0296 lr 3e-04 (25s)
[21:44:41]   [cls-r1] ep17 300/1576 loss 0.0296 lr 3e-04 (37s)
[21:44:52]   [cls-r1] ep17 400/1576 loss 0.0291 lr 3e-04 (49s)
[21:45:05]   [cls-r1] ep17 500/1576 loss 0.0291 lr 3e-04 (61s)
[21:45:17]   [cls-r1] ep17 600/1576 loss 0.0293 lr 3e-04 (73s)
[21:45:29]   [cls-r1] ep17 700/1576 loss 0.0294 lr 3e-04 (85s)
[21:45:41]   [cls-r1] ep17 800/1576 loss 0.0295 lr 3e-04 (97s)
[21:45:53]   [cls-r1] ep17 900/1576 loss 0.0295 lr 3e-04 (109s)
[21:46:05]   [cls-r1] ep17 1000/1576 loss 0.0295 lr 3e-04 (121s)
[21:46:17]   [cls-r1] ep17 1100/1576 loss 0.0296 lr 3e-04 (134s)
[21:46:30]   [cls-r1] ep17 1200/1576 loss 0.0297 lr 3e-04 (146s)
[21:46:42]   [cls-r1] ep17 1300/1576 loss 0.0298 lr 3e-04 (158s)
[21:46:54]   [cls-r1] ep17 1400/1576 loss 0.0298 lr 3e-04 (170s)
[21:47:06]   [cls-r1] ep17 1500/1576 loss 0.0297 lr 3e-04 (182s)
[21:47:15]   [cls-r1] ep17 1576/1576 loss 0.0298 lr 3e-04 (191s)
[21:47:25]   [cls-r1] Epoch 17 완료 | train L1 0.0298 | val argmax-MAE 8.75 | 개선없음 4/8
[21:47:37]   [cls-r1] ep18 100/1576 loss 0.0304 lr 3e-04 (12s)
[21:47:49]   [cls-r1] ep18 200/1576 loss 0.0301 lr 3e-04 (24s)
[21:48:01]   [cls-r1] ep18 300/1576 loss 0.0296 lr 3e-04 (36s)
[21:48:13]   [cls-r1] ep18 400/1576 loss 0.0288 lr 3e-04 (48s)
[21:48:26]   [cls-r1] ep18 500/1576 loss 0.0288 lr 3e-04 (60s)
[21:48:38]   [cls-r1] ep18 600/1576 loss 0.0289 lr 3e-04 (72s)
[21:48:50]   [cls-r1] ep18 700/1576 loss 0.0287 lr 3e-04 (85s)
[21:49:02]   [cls-r1] ep18 800/1576 loss 0.0288 lr 3e-04 (97s)
[21:49:15]   [cls-r1] ep18 900/1576 loss 0.0286 lr 3e-04 (109s)
[21:49:26]   [cls-r1] ep18 1000/1576 loss 0.0285 lr 3e-04 (121s)
[21:49:38]   [cls-r1] ep18 1100/1576 loss 0.0284 lr 3e-04 (133s)
[21:49:51]   [cls-r1] ep18 1200/1576 loss 0.0283 lr 3e-04 (145s)
[21:50:03]   [cls-r1] ep18 1300/1576 loss 0.0283 lr 3e-04 (158s)
[21:50:15]   [cls-r1] ep18 1400/1576 loss 0.0283 lr 3e-04 (169s)
[21:50:27]   [cls-r1] ep18 1500/1576 loss 0.0284 lr 3e-04 (181s)
[21:50:36]   [cls-r1] ep18 1576/1576 loss 0.0285 lr 3e-04 (190s)
[21:50:46]   [cls-r1] Epoch 18 완료 | train L1 0.0285 | val argmax-MAE 8.63 | 개선없음 5/8
[21:50:58]   [cls-r1] ep19 100/1576 loss 0.0269 lr 3e-04 (12s)
[21:51:10]   [cls-r1] ep19 200/1576 loss 0.0277 lr 3e-04 (24s)
[21:51:23]   [cls-r1] ep19 300/1576 loss 0.0279 lr 3e-04 (37s)
[21:51:35]   [cls-r1] ep19 400/1576 loss 0.0283 lr 3e-04 (49s)
[21:51:47]   [cls-r1] ep19 500/1576 loss 0.0280 lr 3e-04 (61s)
[21:51:59]   [cls-r1] ep19 600/1576 loss 0.0281 lr 3e-04 (73s)
[21:52:11]   [cls-r1] ep19 700/1576 loss 0.0279 lr 3e-04 (85s)
[21:52:23]   [cls-r1] ep19 800/1576 loss 0.0279 lr 3e-04 (98s)
[21:52:36]   [cls-r1] ep19 900/1576 loss 0.0279 lr 3e-04 (110s)
[21:52:48]   [cls-r1] ep19 1000/1576 loss 0.0279 lr 3e-04 (122s)
[21:53:00]   [cls-r1] ep19 1100/1576 loss 0.0278 lr 3e-04 (134s)
[21:53:12]   [cls-r1] ep19 1200/1576 loss 0.0277 lr 3e-04 (146s)
[21:53:24]   [cls-r1] ep19 1300/1576 loss 0.0275 lr 3e-04 (158s)
[21:53:36]   [cls-r1] ep19 1400/1576 loss 0.0276 lr 3e-04 (170s)
[21:53:48]   [cls-r1] ep19 1500/1576 loss 0.0277 lr 3e-04 (182s)
[21:53:57]   [cls-r1] ep19 1576/1576 loss 0.0277 lr 3e-04 (191s)
[21:54:06]   [cls-r1] Epoch 19 완료 | train L1 0.0277 | val argmax-MAE 8.69 | 개선없음 6/8
[21:54:19]   [cls-r1] ep20 100/1576 loss 0.0268 lr 3e-04 (12s)
[21:54:31]   [cls-r1] ep20 200/1576 loss 0.0270 lr 3e-04 (24s)
[21:54:44]   [cls-r1] ep20 300/1576 loss 0.0267 lr 3e-04 (37s)
[21:54:56]   [cls-r1] ep20 400/1576 loss 0.0272 lr 3e-04 (49s)
[21:55:08]   [cls-r1] ep20 500/1576 loss 0.0271 lr 3e-04 (61s)
[21:55:20]   [cls-r1] ep20 600/1576 loss 0.0267 lr 3e-04 (73s)
[21:55:32]   [cls-r1] ep20 700/1576 loss 0.0267 lr 3e-04 (85s)
[21:55:44]   [cls-r1] ep20 800/1576 loss 0.0264 lr 3e-04 (97s)
[21:55:56]   [cls-r1] ep20 900/1576 loss 0.0264 lr 3e-04 (109s)
[21:56:08]   [cls-r1] ep20 1000/1576 loss 0.0263 lr 3e-04 (121s)
[21:56:20]   [cls-r1] ep20 1100/1576 loss 0.0261 lr 3e-04 (133s)
[21:56:32]   [cls-r1] ep20 1200/1576 loss 0.0261 lr 3e-04 (145s)
[21:56:45]   [cls-r1] ep20 1300/1576 loss 0.0261 lr 3e-04 (158s)
[21:56:57]   [cls-r1] ep20 1400/1576 loss 0.0261 lr 3e-04 (170s)
[21:57:09]   [cls-r1] ep20 1500/1576 loss 0.0261 lr 3e-04 (182s)
[21:57:18]   [cls-r1] ep20 1576/1576 loss 0.0261 lr 3e-04 (192s)
[21:57:28]   [cls-r1] Epoch 20 완료 | train L1 0.0261 | val argmax-MAE 8.45 | * best 저장 (8.45)
[21:57:40]   [cls-r1] ep21 100/1576 loss 0.0260 lr 3e-04 (12s)
[21:57:53]   [cls-r1] ep21 200/1576 loss 0.0256 lr 3e-04 (24s)
[21:58:04]   [cls-r1] ep21 300/1576 loss 0.0261 lr 3e-04 (36s)
[21:58:16]   [cls-r1] ep21 400/1576 loss 0.0257 lr 3e-04 (48s)
[21:58:29]   [cls-r1] ep21 500/1576 loss 0.0255 lr 3e-04 (61s)
[21:58:41]   [cls-r1] ep21 600/1576 loss 0.0256 lr 3e-04 (72s)
[21:58:53]   [cls-r1] ep21 700/1576 loss 0.0256 lr 3e-04 (85s)
[21:59:05]   [cls-r1] ep21 800/1576 loss 0.0254 lr 3e-04 (97s)
[21:59:17]   [cls-r1] ep21 900/1576 loss 0.0254 lr 3e-04 (108s)
[21:59:29]   [cls-r1] ep21 1000/1576 loss 0.0255 lr 3e-04 (121s)
[21:59:41]   [cls-r1] ep21 1100/1576 loss 0.0256 lr 3e-04 (133s)
[21:59:53]   [cls-r1] ep21 1200/1576 loss 0.0255 lr 3e-04 (145s)
[22:00:05]   [cls-r1] ep21 1300/1576 loss 0.0255 lr 3e-04 (157s)
[22:00:17]   [cls-r1] ep21 1400/1576 loss 0.0256 lr 3e-04 (169s)
[22:00:29]   [cls-r1] ep21 1500/1576 loss 0.0254 lr 3e-04 (181s)
[22:00:39]   [cls-r1] ep21 1576/1576 loss 0.0254 lr 3e-04 (190s)
[22:00:48]   [cls-r1] Epoch 21 완료 | train L1 0.0254 | val argmax-MAE 8.70 | 개선없음 1/8
[22:01:00]   [cls-r1] ep22 100/1576 loss 0.0261 lr 3e-04 (12s)
[22:01:13]   [cls-r1] ep22 200/1576 loss 0.0254 lr 3e-04 (24s)
[22:01:25]   [cls-r1] ep22 300/1576 loss 0.0250 lr 3e-04 (36s)
[22:01:37]   [cls-r1] ep22 400/1576 loss 0.0248 lr 3e-04 (49s)
[22:01:49]   [cls-r1] ep22 500/1576 loss 0.0248 lr 3e-04 (61s)
[22:02:02]   [cls-r1] ep22 600/1576 loss 0.0245 lr 3e-04 (73s)
[22:02:13]   [cls-r1] ep22 700/1576 loss 0.0245 lr 3e-04 (85s)
[22:02:25]   [cls-r1] ep22 800/1576 loss 0.0246 lr 3e-04 (97s)
[22:02:38]   [cls-r1] ep22 900/1576 loss 0.0243 lr 3e-04 (110s)
[22:02:50]   [cls-r1] ep22 1000/1576 loss 0.0244 lr 3e-04 (122s)
[22:03:02]   [cls-r1] ep22 1100/1576 loss 0.0244 lr 3e-04 (134s)
[22:03:15]   [cls-r1] ep22 1200/1576 loss 0.0244 lr 3e-04 (146s)
[22:03:27]   [cls-r1] ep22 1300/1576 loss 0.0245 lr 3e-04 (159s)
[22:03:39]   [cls-r1] ep22 1400/1576 loss 0.0246 lr 3e-04 (171s)
[22:03:51]   [cls-r1] ep22 1500/1576 loss 0.0246 lr 3e-04 (183s)
[22:04:01]   [cls-r1] ep22 1576/1576 loss 0.0248 lr 3e-04 (192s)
[22:04:10]   [cls-r1] Epoch 22 완료 | train L1 0.0248 | val argmax-MAE 8.99 | 개선없음 2/8
[22:04:23]   [cls-r1] ep23 100/1576 loss 0.0251 lr 3e-04 (12s)
[22:04:35]   [cls-r1] ep23 200/1576 loss 0.0247 lr 3e-04 (24s)
[22:04:47]   [cls-r1] ep23 300/1576 loss 0.0249 lr 3e-04 (36s)
[22:04:59]   [cls-r1] ep23 400/1576 loss 0.0247 lr 3e-04 (48s)
[22:05:11]   [cls-r1] ep23 500/1576 loss 0.0243 lr 3e-04 (61s)
[22:05:23]   [cls-r1] ep23 600/1576 loss 0.0241 lr 3e-04 (73s)
[22:05:35]   [cls-r1] ep23 700/1576 loss 0.0242 lr 3e-04 (85s)
[22:05:48]   [cls-r1] ep23 800/1576 loss 0.0243 lr 3e-04 (97s)
[22:06:00]   [cls-r1] ep23 900/1576 loss 0.0245 lr 3e-04 (109s)
[22:06:11]   [cls-r1] ep23 1000/1576 loss 0.0245 lr 3e-04 (121s)
[22:06:23]   [cls-r1] ep23 1100/1576 loss 0.0245 lr 3e-04 (133s)
[22:06:36]   [cls-r1] ep23 1200/1576 loss 0.0245 lr 3e-04 (145s)
[22:06:48]   [cls-r1] ep23 1300/1576 loss 0.0246 lr 3e-04 (157s)
[22:07:00]   [cls-r1] ep23 1400/1576 loss 0.0245 lr 3e-04 (169s)
[22:07:12]   [cls-r1] ep23 1500/1576 loss 0.0244 lr 3e-04 (182s)
[22:07:21]   [cls-r1] ep23 1576/1576 loss 0.0244 lr 3e-04 (191s)
[22:07:31]   [cls-r1] Epoch 23 완료 | train L1 0.0244 | val argmax-MAE 8.46 | 개선없음 3/8
[22:07:44]   [cls-r1] ep24 100/1576 loss 0.0237 lr 3e-04 (12s)
[22:07:56]   [cls-r1] ep24 200/1576 loss 0.0228 lr 3e-04 (25s)
[22:08:09]   [cls-r1] ep24 300/1576 loss 0.0223 lr 3e-04 (37s)
[22:08:20]   [cls-r1] ep24 400/1576 loss 0.0225 lr 3e-04 (49s)
[22:08:33]   [cls-r1] ep24 500/1576 loss 0.0231 lr 3e-04 (61s)
[22:08:45]   [cls-r1] ep24 600/1576 loss 0.0233 lr 3e-04 (73s)
[22:08:57]   [cls-r1] ep24 700/1576 loss 0.0232 lr 3e-04 (85s)
[22:09:09]   [cls-r1] ep24 800/1576 loss 0.0231 lr 3e-04 (97s)
[22:09:22]   [cls-r1] ep24 900/1576 loss 0.0231 lr 3e-04 (110s)
[22:09:34]   [cls-r1] ep24 1000/1576 loss 0.0233 lr 3e-04 (122s)
[22:09:46]   [cls-r1] ep24 1100/1576 loss 0.0233 lr 3e-04 (134s)
[22:09:58]   [cls-r1] ep24 1200/1576 loss 0.0234 lr 3e-04 (146s)
[22:10:10]   [cls-r1] ep24 1300/1576 loss 0.0234 lr 3e-04 (159s)
[22:10:22]   [cls-r1] ep24 1400/1576 loss 0.0233 lr 3e-04 (170s)
[22:10:34]   [cls-r1] ep24 1500/1576 loss 0.0233 lr 3e-04 (182s)
[22:10:43]   [cls-r1] ep24 1576/1576 loss 0.0233 lr 3e-04 (191s)
[22:10:53]   [cls-r1] Epoch 24 완료 | train L1 0.0233 | val argmax-MAE 8.55 | 개선없음 4/8
[22:11:06]   [cls-r1] ep25 100/1576 loss 0.0234 lr 3e-04 (12s)
[22:11:18]   [cls-r1] ep25 200/1576 loss 0.0233 lr 3e-04 (24s)
[22:11:30]   [cls-r1] ep25 300/1576 loss 0.0228 lr 3e-04 (37s)
[22:11:43]   [cls-r1] ep25 400/1576 loss 0.0231 lr 3e-04 (49s)
[22:11:55]   [cls-r1] ep25 500/1576 loss 0.0230 lr 3e-04 (61s)
[22:12:07]   [cls-r1] ep25 600/1576 loss 0.0229 lr 3e-04 (73s)
[22:12:19]   [cls-r1] ep25 700/1576 loss 0.0231 lr 3e-04 (85s)
[22:12:31]   [cls-r1] ep25 800/1576 loss 0.0231 lr 3e-04 (97s)
[22:12:43]   [cls-r1] ep25 900/1576 loss 0.0231 lr 3e-04 (110s)
[22:12:56]   [cls-r1] ep25 1000/1576 loss 0.0230 lr 3e-04 (122s)
[22:13:08]   [cls-r1] ep25 1100/1576 loss 0.0229 lr 3e-04 (134s)
[22:13:20]   [cls-r1] ep25 1200/1576 loss 0.0227 lr 3e-04 (147s)
[22:13:32]   [cls-r1] ep25 1300/1576 loss 0.0227 lr 3e-04 (159s)
[22:13:45]   [cls-r1] ep25 1400/1576 loss 0.0228 lr 3e-04 (171s)
[22:13:57]   [cls-r1] ep25 1500/1576 loss 0.0227 lr 3e-04 (183s)
[22:14:06]   [cls-r1] ep25 1576/1576 loss 0.0226 lr 3e-04 (193s)
[22:14:16]   [cls-r1] Epoch 25 완료 | train L1 0.0226 | val argmax-MAE 8.68 | 개선없음 5/8
[22:14:28]   [cls-r1] ep26 100/1576 loss 0.0211 lr 3e-04 (12s)
[22:14:41]   [cls-r1] ep26 200/1576 loss 0.0216 lr 3e-04 (24s)
[22:14:53]   [cls-r1] ep26 300/1576 loss 0.0215 lr 3e-04 (36s)
[22:15:05]   [cls-r1] ep26 400/1576 loss 0.0214 lr 3e-04 (48s)
[22:15:18]   [cls-r1] ep26 500/1576 loss 0.0214 lr 3e-04 (61s)
[22:15:30]   [cls-r1] ep26 600/1576 loss 0.0217 lr 3e-04 (73s)
[22:15:42]   [cls-r1] ep26 700/1576 loss 0.0219 lr 3e-04 (85s)
[22:15:54]   [cls-r1] ep26 800/1576 loss 0.0220 lr 3e-04 (97s)
[22:16:06]   [cls-r1] ep26 900/1576 loss 0.0222 lr 3e-04 (109s)
[22:16:18]   [cls-r1] ep26 1000/1576 loss 0.0222 lr 3e-04 (122s)
[22:16:30]   [cls-r1] ep26 1100/1576 loss 0.0221 lr 3e-04 (133s)
[22:16:42]   [cls-r1] ep26 1200/1576 loss 0.0221 lr 3e-04 (146s)
[22:16:54]   [cls-r1] ep26 1300/1576 loss 0.0222 lr 3e-04 (158s)
[22:17:06]   [cls-r1] ep26 1400/1576 loss 0.0222 lr 3e-04 (170s)
[22:17:19]   [cls-r1] ep26 1500/1576 loss 0.0221 lr 3e-04 (182s)
[22:17:28]   [cls-r1] ep26 1576/1576 loss 0.0221 lr 3e-04 (191s)
[22:17:37]   [cls-r1] Epoch 26 완료 | train L1 0.0221 | val argmax-MAE 8.57 | 개선없음 6/8
[22:17:50]   [cls-r1] ep27 100/1576 loss 0.0219 lr 3e-04 (12s)
[22:18:03]   [cls-r1] ep27 200/1576 loss 0.0214 lr 3e-04 (25s)
[22:18:15]   [cls-r1] ep27 300/1576 loss 0.0213 lr 3e-04 (37s)
[22:18:27]   [cls-r1] ep27 400/1576 loss 0.0216 lr 3e-04 (49s)
[22:18:39]   [cls-r1] ep27 500/1576 loss 0.0213 lr 3e-04 (61s)
[22:18:51]   [cls-r1] ep27 600/1576 loss 0.0212 lr 3e-04 (73s)
[22:19:03]   [cls-r1] ep27 700/1576 loss 0.0211 lr 3e-04 (85s)
[22:19:15]   [cls-r1] ep27 800/1576 loss 0.0210 lr 3e-04 (97s)
[22:19:28]   [cls-r1] ep27 900/1576 loss 0.0209 lr 3e-04 (110s)
[22:19:40]   [cls-r1] ep27 1000/1576 loss 0.0209 lr 3e-04 (122s)
[22:19:52]   [cls-r1] ep27 1100/1576 loss 0.0210 lr 3e-04 (134s)
[22:20:04]   [cls-r1] ep27 1200/1576 loss 0.0211 lr 3e-04 (146s)
[22:20:16]   [cls-r1] ep27 1300/1576 loss 0.0212 lr 3e-04 (158s)
[22:20:28]   [cls-r1] ep27 1400/1576 loss 0.0212 lr 3e-04 (170s)
[22:20:40]   [cls-r1] ep27 1500/1576 loss 0.0212 lr 3e-04 (182s)
[22:20:50]   [cls-r1] ep27 1576/1576 loss 0.0212 lr 3e-04 (192s)
[22:20:59]   [cls-r1] Epoch 27 완료 | train L1 0.0212 | val argmax-MAE 8.56 | 개선없음 7/8
[22:21:12]   [cls-r1] ep28 100/1576 loss 0.0202 lr 3e-04 (12s)
[22:21:24]   [cls-r1] ep28 200/1576 loss 0.0206 lr 3e-04 (24s)
[22:21:37]   [cls-r1] ep28 300/1576 loss 0.0207 lr 3e-04 (37s)
[22:21:49]   [cls-r1] ep28 400/1576 loss 0.0208 lr 3e-04 (49s)
[22:22:01]   [cls-r1] ep28 500/1576 loss 0.0208 lr 3e-04 (61s)
[22:22:13]   [cls-r1] ep28 600/1576 loss 0.0207 lr 3e-04 (73s)
[22:22:26]   [cls-r1] ep28 700/1576 loss 0.0209 lr 3e-04 (86s)
[22:22:37]   [cls-r1] ep28 800/1576 loss 0.0209 lr 3e-04 (98s)
[22:22:49]   [cls-r1] ep28 900/1576 loss 0.0209 lr 3e-04 (110s)
[22:23:01]   [cls-r1] ep28 1000/1576 loss 0.0208 lr 3e-04 (121s)
[22:23:13]   [cls-r1] ep28 1100/1576 loss 0.0208 lr 3e-04 (133s)
[22:23:25]   [cls-r1] ep28 1200/1576 loss 0.0207 lr 3e-04 (145s)
[22:23:37]   [cls-r1] ep28 1300/1576 loss 0.0208 lr 3e-04 (157s)
[22:23:49]   [cls-r1] ep28 1400/1576 loss 0.0208 lr 3e-04 (170s)
[22:24:02]   [cls-r1] ep28 1500/1576 loss 0.0208 lr 3e-04 (182s)
[22:24:11]   [cls-r1] ep28 1576/1576 loss 0.0208 lr 3e-04 (192s)
[22:24:21]   [cls-r1] Epoch 28 완료 | train L1 0.0208 | val argmax-MAE 8.68 | 개선없음 8/8
[22:24:21]   [cls-r1] 조기종료 | best argmax-MAE 8.45 @ epoch 20
[22:25:17]   [r1] train 1000/12611 (마스크실패 0)
[22:26:07]   [r1] train 2000/12611 (마스크실패 0)
[22:26:59]   [r1] train 3000/12611 (마스크실패 0)
[22:27:54]   [r1] train 4000/12611 (마스크실패 0)
[22:28:49]   [r1] train 5000/12611 (마스크실패 0)
[22:29:45]   [r1] train 6000/12611 (마스크실패 0)
[22:30:40]   [r1] train 7000/12611 (마스크실패 0)
[22:31:35]   [r1] train 8000/12611 (마스크실패 0)
[22:32:30]   [r1] train 9000/12611 (마스크실패 0)
[22:33:26]   [r1] train 10000/12611 (마스크실패 0)
[22:34:22]   [r1] train 11000/12611 (마스크실패 0)
[22:35:18]   [r1] train 12000/12611 (마스크실패 0)
[22:35:51] [r1:train] 정상 12611 | 마스크실패(전체영역 대체) 0 | 파일없음 0
[22:36:46]   [r1] val 1000/1425 (마스크실패 0)
[22:37:09] [r1:val] 정상 1425 | 마스크실패(전체영역 대체) 0 | 파일없음 0
[22:37:21] [r1:test] 정상 200 | 마스크실패(전체영역 대체) 0 | 파일없음 0
[22:37:21] ### Phase I-b : Region-2(중수골) 국소화 ###
[22:37:21] [cls-r2] 분류 모델 학습 | pool=gmp src=erased size=560 epochs=70
[22:37:22] [backbone] timm 'inception_v3' 로드 완료 (pretrained=True)
[22:37:22] [cls-gmp] feat (2048, 16, 16) -> FC 2048->240
[22:37:42]   [cls-r2] ep01 100/1576 loss 0.2664 lr 3e-04 (19s)
[22:38:00]   [cls-r2] ep01 200/1576 loss 0.2237 lr 3e-04 (38s)
[22:38:19]   [cls-r2] ep01 300/1576 loss 0.2074 lr 3e-04 (57s)
[22:38:38]   [cls-r2] ep01 400/1576 loss 0.1955 lr 3e-04 (76s)
[22:38:57]   [cls-r2] ep01 500/1576 loss 0.1857 lr 3e-04 (95s)
[22:39:16]   [cls-r2] ep01 600/1576 loss 0.1763 lr 3e-04 (113s)
[22:39:35]   [cls-r2] ep01 700/1576 loss 0.1693 lr 3e-04 (132s)
[22:39:54]   [cls-r2] ep01 800/1576 loss 0.1640 lr 3e-04 (151s)
[22:40:13]   [cls-r2] ep01 900/1576 loss 0.1588 lr 3e-04 (170s)
[22:40:32]   [cls-r2] ep01 1000/1576 loss 0.1541 lr 3e-04 (189s)
[22:40:50]   [cls-r2] ep01 1100/1576 loss 0.1508 lr 3e-04 (208s)
[22:41:09]   [cls-r2] ep01 1200/1576 loss 0.1480 lr 3e-04 (227s)
[22:41:29]   [cls-r2] ep01 1300/1576 loss 0.1451 lr 3e-04 (246s)
[22:41:48]   [cls-r2] ep01 1400/1576 loss 0.1425 lr 3e-04 (266s)
[22:42:07]   [cls-r2] ep01 1500/1576 loss 0.1404 lr 3e-04 (285s)
[22:42:22]   [cls-r2] ep01 1576/1576 loss 0.1386 lr 3e-04 (299s)
[22:42:45]   [cls-r2] Epoch 01 완료 | train L1 0.1386 | val argmax-MAE 14.18 | * best 저장 (14.18)
[22:42:57]   [cls-r2] ep02 100/1576 loss 0.1039 lr 3e-04 (12s)
[22:43:09]   [cls-r2] ep02 200/1576 loss 0.1060 lr 3e-04 (24s)
[22:43:22]   [cls-r2] ep02 300/1576 loss 0.1047 lr 3e-04 (36s)
[22:43:34]   [cls-r2] ep02 400/1576 loss 0.1032 lr 3e-04 (49s)
[22:43:46]   [cls-r2] ep02 500/1576 loss 0.1030 lr 3e-04 (61s)
[22:43:58]   [cls-r2] ep02 600/1576 loss 0.1026 lr 3e-04 (73s)
[22:44:11]   [cls-r2] ep02 700/1576 loss 0.1015 lr 3e-04 (85s)
[22:44:23]   [cls-r2] ep02 800/1576 loss 0.1011 lr 3e-04 (97s)
[22:44:35]   [cls-r2] ep02 900/1576 loss 0.1005 lr 3e-04 (110s)
[22:44:47]   [cls-r2] ep02 1000/1576 loss 0.1001 lr 3e-04 (122s)
[22:44:59]   [cls-r2] ep02 1100/1576 loss 0.0993 lr 3e-04 (134s)
[22:45:11]   [cls-r2] ep02 1200/1576 loss 0.0986 lr 3e-04 (146s)
[22:45:24]   [cls-r2] ep02 1300/1576 loss 0.0980 lr 3e-04 (159s)
[22:45:36]   [cls-r2] ep02 1400/1576 loss 0.0979 lr 3e-04 (171s)
[22:45:49]   [cls-r2] ep02 1500/1576 loss 0.0974 lr 3e-04 (184s)
[22:45:58]   [cls-r2] ep02 1576/1576 loss 0.0969 lr 3e-04 (193s)
[22:46:08]   [cls-r2] Epoch 02 완료 | train L1 0.0969 | val argmax-MAE 14.70 | 개선없음 1/8
[22:46:21]   [cls-r2] ep03 100/1576 loss 0.0918 lr 3e-04 (12s)
[22:46:33]   [cls-r2] ep03 200/1576 loss 0.0908 lr 3e-04 (24s)
[22:46:45]   [cls-r2] ep03 300/1576 loss 0.0888 lr 3e-04 (36s)
[22:46:57]   [cls-r2] ep03 400/1576 loss 0.0884 lr 3e-04 (48s)
[22:47:09]   [cls-r2] ep03 500/1576 loss 0.0888 lr 3e-04 (61s)
[22:47:21]   [cls-r2] ep03 600/1576 loss 0.0883 lr 3e-04 (73s)
[22:47:34]   [cls-r2] ep03 700/1576 loss 0.0882 lr 3e-04 (85s)
[22:47:46]   [cls-r2] ep03 800/1576 loss 0.0883 lr 3e-04 (97s)
[22:47:58]   [cls-r2] ep03 900/1576 loss 0.0883 lr 3e-04 (109s)
[22:48:10]   [cls-r2] ep03 1000/1576 loss 0.0882 lr 3e-04 (121s)
[22:48:22]   [cls-r2] ep03 1100/1576 loss 0.0880 lr 3e-04 (133s)
[22:48:34]   [cls-r2] ep03 1200/1576 loss 0.0877 lr 3e-04 (146s)
[22:48:47]   [cls-r2] ep03 1300/1576 loss 0.0877 lr 3e-04 (158s)
[22:48:59]   [cls-r2] ep03 1400/1576 loss 0.0874 lr 3e-04 (170s)
[22:49:11]   [cls-r2] ep03 1500/1576 loss 0.0875 lr 3e-04 (183s)
[22:49:20]   [cls-r2] ep03 1576/1576 loss 0.0874 lr 3e-04 (192s)
[22:49:29]   [cls-r2] Epoch 03 완료 | train L1 0.0874 | val argmax-MAE 14.07 | * best 저장 (14.07)
[22:49:42]   [cls-r2] ep04 100/1576 loss 0.0797 lr 3e-04 (12s)
[22:49:54]   [cls-r2] ep04 200/1576 loss 0.0819 lr 3e-04 (25s)
[22:50:07]   [cls-r2] ep04 300/1576 loss 0.0818 lr 3e-04 (37s)
[22:50:19]   [cls-r2] ep04 400/1576 loss 0.0819 lr 3e-04 (50s)
[22:50:32]   [cls-r2] ep04 500/1576 loss 0.0818 lr 3e-04 (62s)
[22:50:44]   [cls-r2] ep04 600/1576 loss 0.0826 lr 3e-04 (74s)
[22:50:56]   [cls-r2] ep04 700/1576 loss 0.0829 lr 3e-04 (87s)
[22:51:08]   [cls-r2] ep04 800/1576 loss 0.0825 lr 3e-04 (99s)
[22:51:21]   [cls-r2] ep04 900/1576 loss 0.0833 lr 3e-04 (111s)
[22:51:33]   [cls-r2] ep04 1000/1576 loss 0.0831 lr 3e-04 (123s)
[22:51:45]   [cls-r2] ep04 1100/1576 loss 0.0832 lr 3e-04 (135s)
[22:51:57]   [cls-r2] ep04 1200/1576 loss 0.0834 lr 3e-04 (147s)
[22:52:10]   [cls-r2] ep04 1300/1576 loss 0.0833 lr 3e-04 (160s)
[22:52:22]   [cls-r2] ep04 1400/1576 loss 0.0828 lr 3e-04 (172s)
[22:52:34]   [cls-r2] ep04 1500/1576 loss 0.0828 lr 3e-04 (184s)
[22:52:43]   [cls-r2] ep04 1576/1576 loss 0.0830 lr 3e-04 (193s)
[22:52:53]   [cls-r2] Epoch 04 완료 | train L1 0.0830 | val argmax-MAE 13.27 | * best 저장 (13.27)
[22:53:06]   [cls-r2] ep05 100/1576 loss 0.0775 lr 3e-04 (13s)
[22:53:18]   [cls-r2] ep05 200/1576 loss 0.0782 lr 3e-04 (25s)
[22:53:30]   [cls-r2] ep05 300/1576 loss 0.0794 lr 3e-04 (37s)
[22:53:43]   [cls-r2] ep05 400/1576 loss 0.0784 lr 3e-04 (49s)
[22:53:55]   [cls-r2] ep05 500/1576 loss 0.0784 lr 3e-04 (61s)
[22:54:07]   [cls-r2] ep05 600/1576 loss 0.0790 lr 3e-04 (73s)
[22:54:19]   [cls-r2] ep05 700/1576 loss 0.0790 lr 3e-04 (85s)
[22:54:31]   [cls-r2] ep05 800/1576 loss 0.0792 lr 3e-04 (97s)
[22:54:44]   [cls-r2] ep05 900/1576 loss 0.0795 lr 3e-04 (110s)
[22:54:56]   [cls-r2] ep05 1000/1576 loss 0.0793 lr 3e-04 (123s)
[22:55:08]   [cls-r2] ep05 1100/1576 loss 0.0792 lr 3e-04 (135s)
[22:55:21]   [cls-r2] ep05 1200/1576 loss 0.0791 lr 3e-04 (147s)
[22:55:32]   [cls-r2] ep05 1300/1576 loss 0.0789 lr 3e-04 (159s)
[22:55:45]   [cls-r2] ep05 1400/1576 loss 0.0787 lr 3e-04 (171s)
[22:55:57]   [cls-r2] ep05 1500/1576 loss 0.0786 lr 3e-04 (183s)
[22:56:06]   [cls-r2] ep05 1576/1576 loss 0.0783 lr 3e-04 (193s)
[22:56:16]   [cls-r2] Epoch 05 완료 | train L1 0.0783 | val argmax-MAE 13.64 | 개선없음 1/8
[22:56:28]   [cls-r2] ep06 100/1576 loss 0.0698 lr 3e-04 (12s)
[22:56:40]   [cls-r2] ep06 200/1576 loss 0.0725 lr 3e-04 (24s)
[22:56:53]   [cls-r2] ep06 300/1576 loss 0.0726 lr 3e-04 (37s)
[22:57:05]   [cls-r2] ep06 400/1576 loss 0.0729 lr 3e-04 (49s)
[22:57:18]   [cls-r2] ep06 500/1576 loss 0.0725 lr 3e-04 (62s)
[22:57:30]   [cls-r2] ep06 600/1576 loss 0.0727 lr 3e-04 (74s)
[22:57:42]   [cls-r2] ep06 700/1576 loss 0.0730 lr 3e-04 (86s)
[22:57:54]   [cls-r2] ep06 800/1576 loss 0.0734 lr 3e-04 (98s)
[22:58:06]   [cls-r2] ep06 900/1576 loss 0.0731 lr 3e-04 (110s)
[22:58:19]   [cls-r2] ep06 1000/1576 loss 0.0732 lr 3e-04 (123s)
[22:58:31]   [cls-r2] ep06 1100/1576 loss 0.0736 lr 3e-04 (135s)
[22:58:43]   [cls-r2] ep06 1200/1576 loss 0.0737 lr 3e-04 (147s)
[22:58:56]   [cls-r2] ep06 1300/1576 loss 0.0738 lr 3e-04 (160s)
[22:59:08]   [cls-r2] ep06 1400/1576 loss 0.0738 lr 3e-04 (172s)
[22:59:21]   [cls-r2] ep06 1500/1576 loss 0.0740 lr 3e-04 (185s)
[22:59:30]   [cls-r2] ep06 1576/1576 loss 0.0740 lr 3e-04 (194s)
[22:59:40]   [cls-r2] Epoch 06 완료 | train L1 0.0740 | val argmax-MAE 12.35 | * best 저장 (12.35)
[22:59:53]   [cls-r2] ep07 100/1576 loss 0.0684 lr 3e-04 (12s)
[23:00:05]   [cls-r2] ep07 200/1576 loss 0.0678 lr 3e-04 (25s)
[23:00:18]   [cls-r2] ep07 300/1576 loss 0.0687 lr 3e-04 (37s)
[23:00:30]   [cls-r2] ep07 400/1576 loss 0.0688 lr 3e-04 (49s)
[23:00:42]   [cls-r2] ep07 500/1576 loss 0.0684 lr 3e-04 (62s)
[23:00:54]   [cls-r2] ep07 600/1576 loss 0.0691 lr 3e-04 (74s)
[23:01:07]   [cls-r2] ep07 700/1576 loss 0.0694 lr 3e-04 (86s)
[23:01:19]   [cls-r2] ep07 800/1576 loss 0.0698 lr 3e-04 (98s)
[23:01:31]   [cls-r2] ep07 900/1576 loss 0.0700 lr 3e-04 (111s)
[23:01:43]   [cls-r2] ep07 1000/1576 loss 0.0702 lr 3e-04 (122s)
[23:01:52]   [cls-r2] ep07 1100/1576 loss 0.0702 lr 3e-04 (131s)
[23:02:01]   [cls-r2] ep07 1200/1576 loss 0.0704 lr 3e-04 (141s)
[23:02:11]   [cls-r2] ep07 1300/1576 loss 0.0703 lr 3e-04 (150s)
[23:02:20]   [cls-r2] ep07 1400/1576 loss 0.0703 lr 3e-04 (159s)
[23:02:29]   [cls-r2] ep07 1500/1576 loss 0.0704 lr 3e-04 (168s)
[23:02:36]   [cls-r2] ep07 1576/1576 loss 0.0704 lr 3e-04 (176s)
[23:02:45]   [cls-r2] Epoch 07 완료 | train L1 0.0704 | val argmax-MAE 12.39 | 개선없음 1/8
[23:02:55]   [cls-r2] ep08 100/1576 loss 0.0629 lr 3e-04 (9s)
[23:03:04]   [cls-r2] ep08 200/1576 loss 0.0654 lr 3e-04 (18s)
[23:03:13]   [cls-r2] ep08 300/1576 loss 0.0657 lr 3e-04 (27s)
[23:03:22]   [cls-r2] ep08 400/1576 loss 0.0651 lr 3e-04 (37s)
[23:03:32]   [cls-r2] ep08 500/1576 loss 0.0647 lr 3e-04 (46s)
[23:03:41]   [cls-r2] ep08 600/1576 loss 0.0651 lr 3e-04 (55s)
[23:03:50]   [cls-r2] ep08 700/1576 loss 0.0651 lr 3e-04 (65s)
[23:04:00]   [cls-r2] ep08 800/1576 loss 0.0653 lr 3e-04 (74s)
[23:04:09]   [cls-r2] ep08 900/1576 loss 0.0654 lr 3e-04 (83s)
[23:04:18]   [cls-r2] ep08 1000/1576 loss 0.0652 lr 3e-04 (93s)
[23:04:28]   [cls-r2] ep08 1100/1576 loss 0.0657 lr 3e-04 (102s)
[23:04:37]   [cls-r2] ep08 1200/1576 loss 0.0659 lr 3e-04 (111s)
[23:04:46]   [cls-r2] ep08 1300/1576 loss 0.0658 lr 3e-04 (121s)
[23:04:56]   [cls-r2] ep08 1400/1576 loss 0.0657 lr 3e-04 (130s)
[23:05:05]   [cls-r2] ep08 1500/1576 loss 0.0658 lr 3e-04 (139s)
[23:05:12]   [cls-r2] ep08 1576/1576 loss 0.0658 lr 3e-04 (146s)
[23:05:21]   [cls-r2] Epoch 08 완료 | train L1 0.0658 | val argmax-MAE 12.66 | 개선없음 2/8
[23:05:30]   [cls-r2] ep09 100/1576 loss 0.0644 lr 3e-04 (9s)
[23:05:40]   [cls-r2] ep09 200/1576 loss 0.0643 lr 3e-04 (18s)
[23:05:49]   [cls-r2] ep09 300/1576 loss 0.0638 lr 3e-04 (28s)
[23:05:58]   [cls-r2] ep09 400/1576 loss 0.0624 lr 3e-04 (37s)
[23:06:08]   [cls-r2] ep09 500/1576 loss 0.0621 lr 3e-04 (46s)
[23:06:17]   [cls-r2] ep09 600/1576 loss 0.0616 lr 3e-04 (56s)
[23:06:26]   [cls-r2] ep09 700/1576 loss 0.0609 lr 3e-04 (65s)
[23:06:36]   [cls-r2] ep09 800/1576 loss 0.0610 lr 3e-04 (74s)
[23:06:45]   [cls-r2] ep09 900/1576 loss 0.0611 lr 3e-04 (84s)
[23:06:54]   [cls-r2] ep09 1000/1576 loss 0.0612 lr 3e-04 (93s)
[23:07:04]   [cls-r2] ep09 1100/1576 loss 0.0609 lr 3e-04 (102s)
[23:07:13]   [cls-r2] ep09 1200/1576 loss 0.0609 lr 3e-04 (112s)
[23:07:22]   [cls-r2] ep09 1300/1576 loss 0.0611 lr 3e-04 (121s)
[23:07:31]   [cls-r2] ep09 1400/1576 loss 0.0610 lr 3e-04 (130s)
[23:07:40]   [cls-r2] ep09 1500/1576 loss 0.0609 lr 3e-04 (139s)
[23:07:47]   [cls-r2] ep09 1576/1576 loss 0.0611 lr 3e-04 (146s)
[23:07:56]   [cls-r2] Epoch 09 완료 | train L1 0.0611 | val argmax-MAE 12.33 | 개선없음 3/8
[23:08:06]   [cls-r2] ep10 100/1576 loss 0.0549 lr 3e-04 (9s)
[23:08:15]   [cls-r2] ep10 200/1576 loss 0.0561 lr 3e-04 (18s)
[23:08:24]   [cls-r2] ep10 300/1576 loss 0.0574 lr 3e-04 (28s)
[23:08:34]   [cls-r2] ep10 400/1576 loss 0.0574 lr 3e-04 (37s)
[23:08:43]   [cls-r2] ep10 500/1576 loss 0.0575 lr 3e-04 (46s)
[23:08:52]   [cls-r2] ep10 600/1576 loss 0.0572 lr 3e-04 (55s)
[23:09:00]   [cls-r2] ep10 700/1576 loss 0.0575 lr 3e-04 (63s)
[23:09:09]   [cls-r2] ep10 800/1576 loss 0.0576 lr 3e-04 (73s)
[23:09:19]   [cls-r2] ep10 900/1576 loss 0.0575 lr 3e-04 (82s)
[23:09:28]   [cls-r2] ep10 1000/1576 loss 0.0575 lr 3e-04 (91s)
[23:09:37]   [cls-r2] ep10 1100/1576 loss 0.0575 lr 3e-04 (101s)
[23:09:47]   [cls-r2] ep10 1200/1576 loss 0.0578 lr 3e-04 (110s)
[23:09:56]   [cls-r2] ep10 1300/1576 loss 0.0581 lr 3e-04 (119s)
[23:10:05]   [cls-r2] ep10 1400/1576 loss 0.0580 lr 3e-04 (129s)
[23:10:15]   [cls-r2] ep10 1500/1576 loss 0.0581 lr 3e-04 (138s)
[23:10:22]   [cls-r2] ep10 1576/1576 loss 0.0581 lr 3e-04 (145s)
[23:10:31]   [cls-r2] Epoch 10 완료 | train L1 0.0581 | val argmax-MAE 12.75 | 개선없음 4/8
[23:10:41]   [cls-r2] ep11 100/1576 loss 0.0528 lr 3e-04 (9s)
[23:10:50]   [cls-r2] ep11 200/1576 loss 0.0510 lr 3e-04 (19s)
[23:10:59]   [cls-r2] ep11 300/1576 loss 0.0508 lr 3e-04 (28s)
[23:11:08]   [cls-r2] ep11 400/1576 loss 0.0520 lr 3e-04 (37s)
[23:11:18]   [cls-r2] ep11 500/1576 loss 0.0523 lr 3e-04 (47s)
[23:11:27]   [cls-r2] ep11 600/1576 loss 0.0528 lr 3e-04 (56s)
[23:11:36]   [cls-r2] ep11 700/1576 loss 0.0529 lr 3e-04 (65s)
[23:11:46]   [cls-r2] ep11 800/1576 loss 0.0531 lr 3e-04 (75s)
[23:11:55]   [cls-r2] ep11 900/1576 loss 0.0536 lr 3e-04 (84s)
[23:12:04]   [cls-r2] ep11 1000/1576 loss 0.0537 lr 3e-04 (93s)
[23:12:13]   [cls-r2] ep11 1100/1576 loss 0.0538 lr 3e-04 (102s)
[23:12:23]   [cls-r2] ep11 1200/1576 loss 0.0541 lr 3e-04 (111s)
[23:12:32]   [cls-r2] ep11 1300/1576 loss 0.0542 lr 3e-04 (121s)
[23:12:41]   [cls-r2] ep11 1400/1576 loss 0.0544 lr 3e-04 (130s)
[23:12:51]   [cls-r2] ep11 1500/1576 loss 0.0544 lr 3e-04 (139s)
[23:12:58]   [cls-r2] ep11 1576/1576 loss 0.0545 lr 3e-04 (146s)
[23:13:07]   [cls-r2] Epoch 11 완료 | train L1 0.0545 | val argmax-MAE 12.20 | * best 저장 (12.20)
[23:13:16]   [cls-r2] ep12 100/1576 loss 0.0531 lr 3e-04 (9s)
[23:13:26]   [cls-r2] ep12 200/1576 loss 0.0514 lr 3e-04 (18s)
[23:13:35]   [cls-r2] ep12 300/1576 loss 0.0501 lr 3e-04 (28s)
[23:13:44]   [cls-r2] ep12 400/1576 loss 0.0498 lr 3e-04 (37s)
[23:13:54]   [cls-r2] ep12 500/1576 loss 0.0501 lr 3e-04 (46s)
[23:14:03]   [cls-r2] ep12 600/1576 loss 0.0496 lr 3e-04 (56s)
[23:14:12]   [cls-r2] ep12 700/1576 loss 0.0492 lr 3e-04 (65s)
[23:14:22]   [cls-r2] ep12 800/1576 loss 0.0496 lr 3e-04 (74s)
[23:14:31]   [cls-r2] ep12 900/1576 loss 0.0496 lr 3e-04 (84s)
[23:14:40]   [cls-r2] ep12 1000/1576 loss 0.0500 lr 3e-04 (93s)
[23:14:50]   [cls-r2] ep12 1100/1576 loss 0.0501 lr 3e-04 (102s)
[23:14:59]   [cls-r2] ep12 1200/1576 loss 0.0503 lr 3e-04 (112s)
[23:15:08]   [cls-r2] ep12 1300/1576 loss 0.0502 lr 3e-04 (121s)
[23:15:18]   [cls-r2] ep12 1400/1576 loss 0.0502 lr 3e-04 (130s)
[23:15:27]   [cls-r2] ep12 1500/1576 loss 0.0502 lr 3e-04 (140s)
[23:15:34]   [cls-r2] ep12 1576/1576 loss 0.0503 lr 3e-04 (147s)
[23:15:43]   [cls-r2] Epoch 12 완료 | train L1 0.0503 | val argmax-MAE 12.06 | * best 저장 (12.06)
[23:15:53]   [cls-r2] ep13 100/1576 loss 0.0500 lr 3e-04 (9s)
[23:16:02]   [cls-r2] ep13 200/1576 loss 0.0468 lr 3e-04 (18s)
[23:16:11]   [cls-r2] ep13 300/1576 loss 0.0469 lr 3e-04 (28s)
[23:16:21]   [cls-r2] ep13 400/1576 loss 0.0468 lr 3e-04 (37s)
[23:16:30]   [cls-r2] ep13 500/1576 loss 0.0473 lr 3e-04 (46s)
[23:16:38]   [cls-r2] ep13 600/1576 loss 0.0469 lr 3e-04 (55s)
[23:16:47]   [cls-r2] ep13 700/1576 loss 0.0468 lr 3e-04 (64s)
[23:16:56]   [cls-r2] ep13 800/1576 loss 0.0472 lr 3e-04 (72s)
[23:17:05]   [cls-r2] ep13 900/1576 loss 0.0475 lr 3e-04 (81s)
[23:17:14]   [cls-r2] ep13 1000/1576 loss 0.0476 lr 3e-04 (90s)
[23:17:22]   [cls-r2] ep13 1100/1576 loss 0.0475 lr 3e-04 (99s)
[23:17:31]   [cls-r2] ep13 1200/1576 loss 0.0479 lr 3e-04 (108s)
[23:17:40]   [cls-r2] ep13 1300/1576 loss 0.0480 lr 3e-04 (116s)
[23:17:49]   [cls-r2] ep13 1400/1576 loss 0.0479 lr 3e-04 (125s)
[23:17:57]   [cls-r2] ep13 1500/1576 loss 0.0480 lr 3e-04 (134s)
[23:18:04]   [cls-r2] ep13 1576/1576 loss 0.0480 lr 3e-04 (141s)
[23:18:12]   [cls-r2] Epoch 13 완료 | train L1 0.0480 | val argmax-MAE 12.11 | 개선없음 1/8
[23:18:22]   [cls-r2] ep14 100/1576 loss 0.0425 lr 3e-04 (9s)
[23:18:30]   [cls-r2] ep14 200/1576 loss 0.0435 lr 3e-04 (18s)
[23:18:39]   [cls-r2] ep14 300/1576 loss 0.0435 lr 3e-04 (26s)
[23:18:48]   [cls-r2] ep14 400/1576 loss 0.0443 lr 3e-04 (35s)
[23:18:57]   [cls-r2] ep14 500/1576 loss 0.0438 lr 3e-04 (44s)
[23:19:06]   [cls-r2] ep14 600/1576 loss 0.0436 lr 3e-04 (53s)
[23:19:14]   [cls-r2] ep14 700/1576 loss 0.0436 lr 3e-04 (62s)
[23:19:23]   [cls-r2] ep14 800/1576 loss 0.0443 lr 3e-04 (70s)
[23:19:32]   [cls-r2] ep14 900/1576 loss 0.0442 lr 3e-04 (79s)
[23:19:41]   [cls-r2] ep14 1000/1576 loss 0.0444 lr 3e-04 (88s)
[23:19:50]   [cls-r2] ep14 1100/1576 loss 0.0444 lr 3e-04 (97s)
[23:19:58]   [cls-r2] ep14 1200/1576 loss 0.0444 lr 3e-04 (106s)
[23:20:07]   [cls-r2] ep14 1300/1576 loss 0.0445 lr 3e-04 (114s)
[23:20:16]   [cls-r2] ep14 1400/1576 loss 0.0448 lr 3e-04 (123s)
[23:20:25]   [cls-r2] ep14 1500/1576 loss 0.0449 lr 3e-04 (132s)
[23:20:31]   [cls-r2] ep14 1576/1576 loss 0.0451 lr 3e-04 (139s)
[23:20:40]   [cls-r2] Epoch 14 완료 | train L1 0.0451 | val argmax-MAE 12.14 | 개선없음 2/8
[23:20:49]   [cls-r2] ep15 100/1576 loss 0.0432 lr 3e-04 (9s)
[23:20:58]   [cls-r2] ep15 200/1576 loss 0.0424 lr 3e-04 (18s)
[23:21:06]   [cls-r2] ep15 300/1576 loss 0.0421 lr 3e-04 (26s)
[23:21:15]   [cls-r2] ep15 400/1576 loss 0.0414 lr 3e-04 (35s)
[23:21:24]   [cls-r2] ep15 500/1576 loss 0.0412 lr 3e-04 (44s)
[23:21:33]   [cls-r2] ep15 600/1576 loss 0.0411 lr 3e-04 (53s)
[23:21:42]   [cls-r2] ep15 700/1576 loss 0.0408 lr 3e-04 (61s)
[23:21:50]   [cls-r2] ep15 800/1576 loss 0.0410 lr 3e-04 (70s)
[23:21:59]   [cls-r2] ep15 900/1576 loss 0.0415 lr 3e-04 (79s)
[23:22:08]   [cls-r2] ep15 1000/1576 loss 0.0418 lr 3e-04 (88s)
[23:22:17]   [cls-r2] ep15 1100/1576 loss 0.0419 lr 3e-04 (97s)
[23:22:25]   [cls-r2] ep15 1200/1576 loss 0.0422 lr 3e-04 (105s)
[23:22:34]   [cls-r2] ep15 1300/1576 loss 0.0423 lr 3e-04 (114s)
[23:22:43]   [cls-r2] ep15 1400/1576 loss 0.0424 lr 3e-04 (123s)
[23:22:52]   [cls-r2] ep15 1500/1576 loss 0.0426 lr 3e-04 (132s)
[23:22:58]   [cls-r2] ep15 1576/1576 loss 0.0426 lr 3e-04 (138s)
[23:23:07]   [cls-r2] Epoch 15 완료 | train L1 0.0426 | val argmax-MAE 12.30 | 개선없음 3/8
[23:23:16]   [cls-r2] ep16 100/1576 loss 0.0382 lr 3e-04 (9s)
[23:23:24]   [cls-r2] ep16 200/1576 loss 0.0390 lr 3e-04 (18s)
[23:23:33]   [cls-r2] ep16 300/1576 loss 0.0393 lr 3e-04 (26s)
[23:23:42]   [cls-r2] ep16 400/1576 loss 0.0395 lr 3e-04 (35s)
[23:23:51]   [cls-r2] ep16 500/1576 loss 0.0399 lr 3e-04 (44s)
[23:24:00]   [cls-r2] ep16 600/1576 loss 0.0399 lr 3e-04 (53s)
[23:24:09]   [cls-r2] ep16 700/1576 loss 0.0397 lr 3e-04 (62s)
[23:24:18]   [cls-r2] ep16 800/1576 loss 0.0395 lr 3e-04 (71s)
[23:24:26]   [cls-r2] ep16 900/1576 loss 0.0397 lr 3e-04 (80s)
[23:24:35]   [cls-r2] ep16 1000/1576 loss 0.0398 lr 3e-04 (88s)
[23:24:44]   [cls-r2] ep16 1100/1576 loss 0.0401 lr 3e-04 (97s)
[23:24:53]   [cls-r2] ep16 1200/1576 loss 0.0402 lr 3e-04 (106s)
[23:25:02]   [cls-r2] ep16 1300/1576 loss 0.0403 lr 3e-04 (115s)
[23:25:11]   [cls-r2] ep16 1400/1576 loss 0.0405 lr 3e-04 (124s)
[23:25:20]   [cls-r2] ep16 1500/1576 loss 0.0405 lr 3e-04 (133s)
[23:25:26]   [cls-r2] ep16 1576/1576 loss 0.0406 lr 3e-04 (140s)
[23:25:35]   [cls-r2] Epoch 16 완료 | train L1 0.0406 | val argmax-MAE 12.28 | 개선없음 4/8
[23:25:44]   [cls-r2] ep17 100/1576 loss 0.0346 lr 3e-04 (9s)
[23:25:53]   [cls-r2] ep17 200/1576 loss 0.0363 lr 3e-04 (18s)
[23:26:01]   [cls-r2] ep17 300/1576 loss 0.0361 lr 3e-04 (26s)
[23:26:10]   [cls-r2] ep17 400/1576 loss 0.0371 lr 3e-04 (35s)
[23:26:19]   [cls-r2] ep17 500/1576 loss 0.0368 lr 3e-04 (44s)
[23:26:28]   [cls-r2] ep17 600/1576 loss 0.0368 lr 3e-04 (53s)
[23:26:37]   [cls-r2] ep17 700/1576 loss 0.0368 lr 3e-04 (61s)
[23:26:45]   [cls-r2] ep17 800/1576 loss 0.0368 lr 3e-04 (70s)
[23:26:54]   [cls-r2] ep17 900/1576 loss 0.0371 lr 3e-04 (79s)
[23:27:03]   [cls-r2] ep17 1000/1576 loss 0.0374 lr 3e-04 (88s)
[23:27:12]   [cls-r2] ep17 1100/1576 loss 0.0375 lr 3e-04 (97s)
[23:27:21]   [cls-r2] ep17 1200/1576 loss 0.0378 lr 3e-04 (105s)
[23:27:29]   [cls-r2] ep17 1300/1576 loss 0.0379 lr 3e-04 (114s)
[23:27:38]   [cls-r2] ep17 1400/1576 loss 0.0380 lr 3e-04 (123s)
[23:27:47]   [cls-r2] ep17 1500/1576 loss 0.0381 lr 3e-04 (132s)
[23:27:54]   [cls-r2] ep17 1576/1576 loss 0.0383 lr 3e-04 (139s)
[23:28:02]   [cls-r2] Epoch 17 완료 | train L1 0.0383 | val argmax-MAE 12.28 | 개선없음 5/8
[23:28:11]   [cls-r2] ep18 100/1576 loss 0.0336 lr 3e-04 (9s)
[23:28:20]   [cls-r2] ep18 200/1576 loss 0.0353 lr 3e-04 (18s)
[23:28:29]   [cls-r2] ep18 300/1576 loss 0.0360 lr 3e-04 (26s)
[23:28:38]   [cls-r2] ep18 400/1576 loss 0.0358 lr 3e-04 (35s)
[23:28:46]   [cls-r2] ep18 500/1576 loss 0.0357 lr 3e-04 (44s)
[23:28:55]   [cls-r2] ep18 600/1576 loss 0.0360 lr 3e-04 (53s)
[23:29:04]   [cls-r2] ep18 700/1576 loss 0.0358 lr 3e-04 (62s)
[23:29:13]   [cls-r2] ep18 800/1576 loss 0.0361 lr 3e-04 (70s)
[23:29:22]   [cls-r2] ep18 900/1576 loss 0.0366 lr 3e-04 (79s)
[23:29:30]   [cls-r2] ep18 1000/1576 loss 0.0367 lr 3e-04 (88s)
[23:29:39]   [cls-r2] ep18 1100/1576 loss 0.0369 lr 3e-04 (97s)
[23:29:48]   [cls-r2] ep18 1200/1576 loss 0.0367 lr 3e-04 (106s)
[23:29:57]   [cls-r2] ep18 1300/1576 loss 0.0369 lr 3e-04 (114s)
[23:30:06]   [cls-r2] ep18 1400/1576 loss 0.0371 lr 3e-04 (123s)
[23:30:14]   [cls-r2] ep18 1500/1576 loss 0.0373 lr 3e-04 (132s)
[23:30:21]   [cls-r2] ep18 1576/1576 loss 0.0374 lr 3e-04 (139s)
[23:30:29]   [cls-r2] Epoch 18 완료 | train L1 0.0374 | val argmax-MAE 12.79 | 개선없음 6/8
[23:30:39]   [cls-r2] ep19 100/1576 loss 0.0345 lr 3e-04 (9s)
[23:30:47]   [cls-r2] ep19 200/1576 loss 0.0344 lr 3e-04 (18s)
[23:30:56]   [cls-r2] ep19 300/1576 loss 0.0339 lr 3e-04 (27s)
[23:31:05]   [cls-r2] ep19 400/1576 loss 0.0338 lr 3e-04 (35s)
[23:31:14]   [cls-r2] ep19 500/1576 loss 0.0333 lr 3e-04 (44s)
[23:31:23]   [cls-r2] ep19 600/1576 loss 0.0333 lr 3e-04 (53s)
[23:31:32]   [cls-r2] ep19 700/1576 loss 0.0335 lr 3e-04 (62s)
[23:31:40]   [cls-r2] ep19 800/1576 loss 0.0339 lr 3e-04 (71s)
[23:31:49]   [cls-r2] ep19 900/1576 loss 0.0339 lr 3e-04 (79s)
[23:31:58]   [cls-r2] ep19 1000/1576 loss 0.0339 lr 3e-04 (88s)
[23:32:07]   [cls-r2] ep19 1100/1576 loss 0.0342 lr 3e-04 (97s)
[23:32:16]   [cls-r2] ep19 1200/1576 loss 0.0345 lr 3e-04 (106s)
[23:32:25]   [cls-r2] ep19 1300/1576 loss 0.0347 lr 3e-04 (115s)
[23:32:33]   [cls-r2] ep19 1400/1576 loss 0.0348 lr 3e-04 (124s)
[23:32:42]   [cls-r2] ep19 1500/1576 loss 0.0349 lr 3e-04 (132s)
[23:32:49]   [cls-r2] ep19 1576/1576 loss 0.0348 lr 3e-04 (139s)
[23:32:57]   [cls-r2] Epoch 19 완료 | train L1 0.0348 | val argmax-MAE 12.76 | 개선없음 7/8
[23:33:06]   [cls-r2] ep20 100/1576 loss 0.0321 lr 3e-04 (9s)
[23:33:16]   [cls-r2] ep20 200/1576 loss 0.0335 lr 3e-04 (18s)
[23:33:25]   [cls-r2] ep20 300/1576 loss 0.0336 lr 3e-04 (27s)
[23:33:34]   [cls-r2] ep20 400/1576 loss 0.0339 lr 3e-04 (37s)
[23:33:44]   [cls-r2] ep20 500/1576 loss 0.0339 lr 3e-04 (46s)
[23:33:53]   [cls-r2] ep20 600/1576 loss 0.0342 lr 3e-04 (55s)
[23:34:02]   [cls-r2] ep20 700/1576 loss 0.0345 lr 3e-04 (65s)
[23:34:11]   [cls-r2] ep20 800/1576 loss 0.0344 lr 3e-04 (74s)
[23:34:21]   [cls-r2] ep20 900/1576 loss 0.0343 lr 3e-04 (83s)
[23:34:30]   [cls-r2] ep20 1000/1576 loss 0.0343 lr 3e-04 (93s)
[23:34:39]   [cls-r2] ep20 1100/1576 loss 0.0341 lr 3e-04 (102s)
[23:34:49]   [cls-r2] ep20 1200/1576 loss 0.0342 lr 3e-04 (111s)
[23:34:58]   [cls-r2] ep20 1300/1576 loss 0.0343 lr 3e-04 (120s)
[23:35:07]   [cls-r2] ep20 1400/1576 loss 0.0341 lr 3e-04 (130s)
[23:35:16]   [cls-r2] ep20 1500/1576 loss 0.0340 lr 3e-04 (139s)
[23:35:24]   [cls-r2] ep20 1576/1576 loss 0.0339 lr 3e-04 (146s)
[23:35:32]   [cls-r2] Epoch 20 완료 | train L1 0.0339 | val argmax-MAE 11.98 | * best 저장 (11.98)
[23:35:42]   [cls-r2] ep21 100/1576 loss 0.0284 lr 3e-04 (9s)
[23:35:51]   [cls-r2] ep21 200/1576 loss 0.0296 lr 3e-04 (18s)
[23:36:01]   [cls-r2] ep21 300/1576 loss 0.0302 lr 3e-04 (28s)
[23:36:10]   [cls-r2] ep21 400/1576 loss 0.0304 lr 3e-04 (37s)
[23:36:19]   [cls-r2] ep21 500/1576 loss 0.0308 lr 3e-04 (46s)
[23:36:29]   [cls-r2] ep21 600/1576 loss 0.0310 lr 3e-04 (56s)
[23:36:38]   [cls-r2] ep21 700/1576 loss 0.0313 lr 3e-04 (65s)
[23:36:47]   [cls-r2] ep21 800/1576 loss 0.0316 lr 3e-04 (74s)
[23:36:57]   [cls-r2] ep21 900/1576 loss 0.0319 lr 3e-04 (84s)
[23:37:06]   [cls-r2] ep21 1000/1576 loss 0.0324 lr 3e-04 (93s)
[23:37:15]   [cls-r2] ep21 1100/1576 loss 0.0324 lr 3e-04 (102s)
[23:37:24]   [cls-r2] ep21 1200/1576 loss 0.0324 lr 3e-04 (112s)
[23:37:34]   [cls-r2] ep21 1300/1576 loss 0.0326 lr 3e-04 (121s)
[23:37:43]   [cls-r2] ep21 1400/1576 loss 0.0327 lr 3e-04 (130s)
[23:37:52]   [cls-r2] ep21 1500/1576 loss 0.0328 lr 3e-04 (140s)
[23:38:00]   [cls-r2] ep21 1576/1576 loss 0.0327 lr 3e-04 (147s)
[23:38:09]   [cls-r2] Epoch 21 완료 | train L1 0.0327 | val argmax-MAE 12.74 | 개선없음 1/8
[23:38:18]   [cls-r2] ep22 100/1576 loss 0.0302 lr 3e-04 (9s)
[23:38:27]   [cls-r2] ep22 200/1576 loss 0.0299 lr 3e-04 (18s)
[23:38:37]   [cls-r2] ep22 300/1576 loss 0.0310 lr 3e-04 (28s)
[23:38:46]   [cls-r2] ep22 400/1576 loss 0.0314 lr 3e-04 (37s)
[23:38:55]   [cls-r2] ep22 500/1576 loss 0.0308 lr 3e-04 (46s)
[23:39:05]   [cls-r2] ep22 600/1576 loss 0.0308 lr 3e-04 (56s)
[23:39:14]   [cls-r2] ep22 700/1576 loss 0.0310 lr 3e-04 (65s)
[23:39:23]   [cls-r2] ep22 800/1576 loss 0.0310 lr 3e-04 (74s)
[23:39:33]   [cls-r2] ep22 900/1576 loss 0.0312 lr 3e-04 (84s)
[23:39:42]   [cls-r2] ep22 1000/1576 loss 0.0312 lr 3e-04 (93s)
[23:39:51]   [cls-r2] ep22 1100/1576 loss 0.0314 lr 3e-04 (102s)
[23:40:01]   [cls-r2] ep22 1200/1576 loss 0.0316 lr 3e-04 (112s)
[23:40:10]   [cls-r2] ep22 1300/1576 loss 0.0316 lr 3e-04 (121s)
[23:40:19]   [cls-r2] ep22 1400/1576 loss 0.0315 lr 3e-04 (130s)
[23:40:28]   [cls-r2] ep22 1500/1576 loss 0.0316 lr 3e-04 (139s)
[23:40:35]   [cls-r2] ep22 1576/1576 loss 0.0317 lr 3e-04 (146s)
[23:40:44]   [cls-r2] Epoch 22 완료 | train L1 0.0317 | val argmax-MAE 12.11 | 개선없음 2/8
[23:40:55]   [cls-r2] ep23 100/1576 loss 0.0287 lr 3e-04 (10s)
[23:41:07]   [cls-r2] ep23 200/1576 loss 0.0294 lr 3e-04 (22s)
[23:41:18]   [cls-r2] ep23 300/1576 loss 0.0289 lr 3e-04 (34s)
[23:41:30]   [cls-r2] ep23 400/1576 loss 0.0287 lr 3e-04 (45s)
[23:41:42]   [cls-r2] ep23 500/1576 loss 0.0289 lr 3e-04 (57s)
[23:41:54]   [cls-r2] ep23 600/1576 loss 0.0289 lr 3e-04 (69s)
[23:42:05]   [cls-r2] ep23 700/1576 loss 0.0288 lr 3e-04 (81s)
[23:42:17]   [cls-r2] ep23 800/1576 loss 0.0287 lr 3e-04 (92s)
[23:42:29]   [cls-r2] ep23 900/1576 loss 0.0287 lr 3e-04 (104s)
[23:42:41]   [cls-r2] ep23 1000/1576 loss 0.0291 lr 3e-04 (116s)
[23:42:52]   [cls-r2] ep23 1100/1576 loss 0.0293 lr 3e-04 (128s)
[23:43:04]   [cls-r2] ep23 1200/1576 loss 0.0295 lr 3e-04 (139s)
[23:43:16]   [cls-r2] ep23 1300/1576 loss 0.0296 lr 3e-04 (151s)
[23:43:28]   [cls-r2] ep23 1400/1576 loss 0.0296 lr 3e-04 (163s)
[23:43:37]   [cls-r2] ep23 1500/1576 loss 0.0296 lr 3e-04 (172s)
[23:43:44]   [cls-r2] ep23 1576/1576 loss 0.0296 lr 3e-04 (179s)
[23:43:53]   [cls-r2] Epoch 23 완료 | train L1 0.0296 | val argmax-MAE 12.39 | 개선없음 3/8
[23:44:05]   [cls-r2] ep24 100/1576 loss 0.0297 lr 3e-04 (11s)
[23:44:17]   [cls-r2] ep24 200/1576 loss 0.0299 lr 3e-04 (24s)
[23:44:29]   [cls-r2] ep24 300/1576 loss 0.0292 lr 3e-04 (36s)
[23:44:41]   [cls-r2] ep24 400/1576 loss 0.0284 lr 3e-04 (48s)
[23:44:53]   [cls-r2] ep24 500/1576 loss 0.0286 lr 3e-04 (60s)
[23:45:06]   [cls-r2] ep24 600/1576 loss 0.0286 lr 3e-04 (72s)
[23:45:18]   [cls-r2] ep24 700/1576 loss 0.0285 lr 3e-04 (84s)
[23:45:30]   [cls-r2] ep24 800/1576 loss 0.0288 lr 3e-04 (97s)
[23:45:42]   [cls-r2] ep24 900/1576 loss 0.0290 lr 3e-04 (109s)
[23:45:55]   [cls-r2] ep24 1000/1576 loss 0.0290 lr 3e-04 (121s)
[23:46:07]   [cls-r2] ep24 1100/1576 loss 0.0290 lr 3e-04 (133s)
[23:46:19]   [cls-r2] ep24 1200/1576 loss 0.0291 lr 3e-04 (145s)
[23:46:31]   [cls-r2] ep24 1300/1576 loss 0.0293 lr 3e-04 (158s)
[23:46:43]   [cls-r2] ep24 1400/1576 loss 0.0293 lr 3e-04 (170s)
[23:46:55]   [cls-r2] ep24 1500/1576 loss 0.0293 lr 3e-04 (182s)
[23:47:05]   [cls-r2] ep24 1576/1576 loss 0.0293 lr 3e-04 (191s)
[23:47:15]   [cls-r2] Epoch 24 완료 | train L1 0.0293 | val argmax-MAE 13.04 | 개선없음 4/8
[23:47:28]   [cls-r2] ep25 100/1576 loss 0.0302 lr 3e-04 (12s)
[23:47:40]   [cls-r2] ep25 200/1576 loss 0.0284 lr 3e-04 (24s)
[23:47:52]   [cls-r2] ep25 300/1576 loss 0.0279 lr 3e-04 (37s)
[23:48:04]   [cls-r2] ep25 400/1576 loss 0.0277 lr 3e-04 (49s)
[23:48:16]   [cls-r2] ep25 500/1576 loss 0.0277 lr 3e-04 (61s)
[23:48:29]   [cls-r2] ep25 600/1576 loss 0.0280 lr 3e-04 (74s)
[23:48:41]   [cls-r2] ep25 700/1576 loss 0.0279 lr 3e-04 (86s)
[23:48:53]   [cls-r2] ep25 800/1576 loss 0.0277 lr 3e-04 (98s)
[23:49:05]   [cls-r2] ep25 900/1576 loss 0.0279 lr 3e-04 (110s)
[23:49:18]   [cls-r2] ep25 1000/1576 loss 0.0281 lr 3e-04 (122s)
[23:49:30]   [cls-r2] ep25 1100/1576 loss 0.0283 lr 3e-04 (134s)
[23:49:42]   [cls-r2] ep25 1200/1576 loss 0.0286 lr 3e-04 (146s)
[23:49:54]   [cls-r2] ep25 1300/1576 loss 0.0287 lr 3e-04 (159s)
[23:50:06]   [cls-r2] ep25 1400/1576 loss 0.0287 lr 3e-04 (171s)
[23:50:18]   [cls-r2] ep25 1500/1576 loss 0.0289 lr 3e-04 (182s)
[23:50:27]   [cls-r2] ep25 1576/1576 loss 0.0290 lr 3e-04 (192s)
[23:50:37]   [cls-r2] Epoch 25 완료 | train L1 0.0290 | val argmax-MAE 12.63 | 개선없음 5/8
[23:50:50]   [cls-r2] ep26 100/1576 loss 0.0255 lr 3e-04 (12s)
[23:51:02]   [cls-r2] ep26 200/1576 loss 0.0261 lr 3e-04 (25s)
[23:51:14]   [cls-r2] ep26 300/1576 loss 0.0268 lr 3e-04 (37s)
[23:51:26]   [cls-r2] ep26 400/1576 loss 0.0274 lr 3e-04 (49s)
[23:51:39]   [cls-r2] ep26 500/1576 loss 0.0274 lr 3e-04 (61s)
[23:51:51]   [cls-r2] ep26 600/1576 loss 0.0272 lr 3e-04 (73s)
[23:52:03]   [cls-r2] ep26 700/1576 loss 0.0272 lr 3e-04 (86s)
[23:52:15]   [cls-r2] ep26 800/1576 loss 0.0269 lr 3e-04 (98s)
[23:52:27]   [cls-r2] ep26 900/1576 loss 0.0270 lr 3e-04 (109s)
[23:52:39]   [cls-r2] ep26 1000/1576 loss 0.0269 lr 3e-04 (122s)
[23:52:51]   [cls-r2] ep26 1100/1576 loss 0.0269 lr 3e-04 (134s)
[23:53:04]   [cls-r2] ep26 1200/1576 loss 0.0270 lr 3e-04 (146s)
[23:53:16]   [cls-r2] ep26 1300/1576 loss 0.0270 lr 3e-04 (159s)
[23:53:28]   [cls-r2] ep26 1400/1576 loss 0.0271 lr 3e-04 (171s)
[23:53:41]   [cls-r2] ep26 1500/1576 loss 0.0273 lr 3e-04 (183s)
[23:53:50]   [cls-r2] ep26 1576/1576 loss 0.0275 lr 3e-04 (193s)
[23:54:00]   [cls-r2] Epoch 26 완료 | train L1 0.0275 | val argmax-MAE 12.37 | 개선없음 6/8
[23:54:13]   [cls-r2] ep27 100/1576 loss 0.0240 lr 3e-04 (12s)
[23:54:25]   [cls-r2] ep27 200/1576 loss 0.0261 lr 3e-04 (24s)
[23:54:37]   [cls-r2] ep27 300/1576 loss 0.0264 lr 3e-04 (37s)
[23:54:49]   [cls-r2] ep27 400/1576 loss 0.0263 lr 3e-04 (49s)
[23:55:02]   [cls-r2] ep27 500/1576 loss 0.0260 lr 3e-04 (61s)
[23:55:14]   [cls-r2] ep27 600/1576 loss 0.0259 lr 3e-04 (74s)
[23:55:27]   [cls-r2] ep27 700/1576 loss 0.0254 lr 3e-04 (86s)
[23:55:39]   [cls-r2] ep27 800/1576 loss 0.0256 lr 3e-04 (98s)
[23:55:51]   [cls-r2] ep27 900/1576 loss 0.0258 lr 3e-04 (110s)
[23:56:03]   [cls-r2] ep27 1000/1576 loss 0.0259 lr 3e-04 (123s)
[23:56:15]   [cls-r2] ep27 1100/1576 loss 0.0259 lr 3e-04 (135s)
[23:56:27]   [cls-r2] ep27 1200/1576 loss 0.0260 lr 3e-04 (147s)
[23:56:40]   [cls-r2] ep27 1300/1576 loss 0.0260 lr 3e-04 (159s)
[23:56:52]   [cls-r2] ep27 1400/1576 loss 0.0261 lr 3e-04 (172s)
[23:57:04]   [cls-r2] ep27 1500/1576 loss 0.0262 lr 3e-04 (184s)
[23:57:14]   [cls-r2] ep27 1576/1576 loss 0.0263 lr 3e-04 (193s)
[23:57:24]   [cls-r2] Epoch 27 완료 | train L1 0.0263 | val argmax-MAE 12.36 | 개선없음 7/8
[23:57:37]   [cls-r2] ep28 100/1576 loss 0.0255 lr 3e-04 (12s)
[23:57:49]   [cls-r2] ep28 200/1576 loss 0.0252 lr 3e-04 (25s)
[23:58:01]   [cls-r2] ep28 300/1576 loss 0.0249 lr 3e-04 (37s)
[23:58:13]   [cls-r2] ep28 400/1576 loss 0.0247 lr 3e-04 (49s)
[23:58:26]   [cls-r2] ep28 500/1576 loss 0.0248 lr 3e-04 (61s)
[23:58:38]   [cls-r2] ep28 600/1576 loss 0.0252 lr 3e-04 (73s)
[23:58:50]   [cls-r2] ep28 700/1576 loss 0.0254 lr 3e-04 (85s)
[23:59:02]   [cls-r2] ep28 800/1576 loss 0.0254 lr 3e-04 (98s)
[23:59:14]   [cls-r2] ep28 900/1576 loss 0.0256 lr 3e-04 (110s)
[23:59:26]   [cls-r2] ep28 1000/1576 loss 0.0260 lr 3e-04 (122s)
[23:59:38]   [cls-r2] ep28 1100/1576 loss 0.0261 lr 3e-04 (134s)
[23:59:50]   [cls-r2] ep28 1200/1576 loss 0.0261 lr 3e-04 (146s)
[00:00:02]   [cls-r2] ep28 1300/1576 loss 0.0262 lr 3e-04 (158s)
[00:00:15]   [cls-r2] ep28 1400/1576 loss 0.0261 lr 3e-04 (170s)
[00:00:27]   [cls-r2] ep28 1500/1576 loss 0.0263 lr 3e-04 (183s)
[00:00:36]   [cls-r2] ep28 1576/1576 loss 0.0263 lr 3e-04 (191s)
[00:00:46]   [cls-r2] Epoch 28 완료 | train L1 0.0263 | val argmax-MAE 12.20 | 개선없음 8/8
[00:00:46]   [cls-r2] 조기종료 | best argmax-MAE 11.98 @ epoch 20
[00:01:31]   [r2] train 1000/12611 (마스크실패 0)
[00:02:10]   [r2] train 2000/12611 (마스크실패 0)
[00:02:52]   [r2] train 3000/12611 (마스크실패 0)
[00:03:37]   [r2] train 4000/12611 (마스크실패 0)
[00:04:21]   [r2] train 5000/12611 (마스크실패 0)
[00:05:06]   [r2] train 6000/12611 (마스크실패 0)
[00:05:50]   [r2] train 7000/12611 (마스크실패 0)
[00:06:35]   [r2] train 8000/12611 (마스크실패 0)
[00:07:19]   [r2] train 9000/12611 (마스크실패 0)
[00:08:03]   [r2] train 10000/12611 (마스크실패 0)
[00:08:47]   [r2] train 11000/12611 (마스크실패 0)
[00:09:31]   [r2] train 12000/12611 (마스크실패 0)
[00:09:58] [r2:train] 정상 12611 | 마스크실패(전체영역 대체) 0 | 파일없음 0
[00:10:42]   [r2] val 1000/1425 (마스크실패 0)
[00:11:00] [r2:val] 정상 1425 | 마스크실패(전체영역 대체) 0 | 파일없음 0
[00:11:11] [r2:test] 정상 200 | 마스크실패(전체영역 대체) 0 | 파일없음 0
[00:11:11] bbox 로그 저장: G:\Project\sinra_cho\checkpoints_attention_v3\roi_bboxes.csv
[00:11:11] R1/R2/E 캐시 완료
[00:11:13] RoI QC 시트 저장: G:\Project\sinra_cho\checkpoints_attention_v3\qc_roi.png  <- 수근골이 제대로 잡혔는지 반드시 확인
[00:11:13] Phase II 정규화 div255 | 증강 OFF (논문 기준선)
[00:11:13] Phase II 설정: {'BACKBONE': 'xception', 'IMG_SIZE': 560, 'AGE_BINS': 240, 'GENDER_EMB_DIM': 32, 'HEAD_RELU': True, 'GENDER_RELU': True, 'LDL_DELTA': 15.0, 'LDL_LAMBDA': 0.5, 'AGG_CHANNELS': ['hand', 'r1', 'r2'], 'NORMALIZE': 'div255', 'USE_AUG': False, 'TAU_R1': 30, 'TAU_R2': 30, 'CLS_SIZE_REGION': 560, 'HAND_SQUARE_PAD': False, 'HAND_SOURCE': 'G:\\Project\\sinra_cho\\yolo_crop', 'BOX_CFG': {'r1': {'pad_x': 0.3, 'pad_y': 0.35, 'min_w': 0.55, 'min_h': 0.32}, 'r2': {'pad_x': 0.35, 'pad_y': 0.25, 'min_w': 0.85, 'min_h': 0.28}}, 'MERGE_COMPONENTS': True}
[00:11:13] 조기종료 | Phase I patience 8 | Phase II patience 15 (최소 65에폭 이후)
[00:11:13] 배치 수 | train 1576 | val 179 | test 25
[00:11:14] [backbone] timm 'legacy_xception' 로드 완료 (pretrained=True)
[00:11:14] [reg] backbone out (2048, 18, 18) -> z 6,400 | params 27.1M
[00:11:14] [LDL] loss = l_MAE + 0.5 * D_KL(G||p) | bins 240 | delta 15.0
[00:11:14] Phase II 새로 학습 시작
[00:12:01]   Epoch 001 100/1576 train_mae 22.04 kl 1.137 lr 3e-04 (47s)
[00:12:35]   Epoch 001 200/1576 train_mae 17.75 kl 0.936 lr 3e-04 (81s)
[00:13:08]   Epoch 001 300/1576 train_mae 15.78 kl 0.863 lr 3e-04 (114s)
[00:13:42]   Epoch 001 400/1576 train_mae 14.47 kl 0.807 lr 3e-04 (148s)
[00:14:15]   Epoch 001 500/1576 train_mae 13.51 kl 0.768 lr 3e-04 (181s)
[00:14:48]   Epoch 001 600/1576 train_mae 12.75 kl 0.742 lr 3e-04 (214s)
[00:15:22]   Epoch 001 700/1576 train_mae 12.15 kl 0.713 lr 3e-04 (248s)
[00:15:53]   Epoch 001 800/1576 train_mae 11.74 kl 0.697 lr 3e-04 (279s)
[00:16:25]   Epoch 001 900/1576 train_mae 11.38 kl 0.674 lr 3e-04 (311s)
[00:16:59]   Epoch 001 1000/1576 train_mae 11.12 kl 0.655 lr 3e-04 (345s)
[00:17:33]   Epoch 001 1100/1576 train_mae 10.89 kl 0.638 lr 3e-04 (379s)
[00:18:06]   Epoch 001 1200/1576 train_mae 10.67 kl 0.624 lr 3e-04 (412s)
[00:18:39]   Epoch 001 1300/1576 train_mae 10.49 kl 0.610 lr 3e-04 (445s)
[00:19:13]   Epoch 001 1400/1576 train_mae 10.31 kl 0.598 lr 3e-04 (479s)
[00:19:46]   Epoch 001 1500/1576 train_mae 10.17 kl 0.590 lr 3e-04 (512s)
[00:20:12]   Epoch 001 1576/1576 train_mae 10.07 kl 0.583 lr 3e-04 (538s)
[00:21:06] [Epoch 001 완료] train MAE 10.07 | val MAE 8.75 | val RMSE 12.19 | lr 3e-04 | * best 저장 (val MAE 8.75)
[00:21:26]   Epoch 002 100/1576 train_mae 7.17 kl 0.411 lr 3e-04 (20s)
[00:21:46]   Epoch 002 200/1576 train_mae 7.22 kl 0.434 lr 3e-04 (40s)
[00:22:06]   Epoch 002 300/1576 train_mae 7.12 kl 0.430 lr 3e-04 (60s)
[00:22:26]   Epoch 002 400/1576 train_mae 7.11 kl 0.429 lr 3e-04 (80s)
[00:22:46]   Epoch 002 500/1576 train_mae 7.20 kl 0.429 lr 3e-04 (100s)
[00:23:06]   Epoch 002 600/1576 train_mae 7.22 kl 0.425 lr 3e-04 (120s)
[00:23:25]   Epoch 002 700/1576 train_mae 7.24 kl 0.424 lr 3e-04 (139s)
[00:23:46]   Epoch 002 800/1576 train_mae 7.32 kl 0.427 lr 3e-04 (159s)
[00:24:06]   Epoch 002 900/1576 train_mae 7.30 kl 0.426 lr 3e-04 (180s)
[00:24:26]   Epoch 002 1000/1576 train_mae 7.28 kl 0.426 lr 3e-04 (200s)
[00:24:46]   Epoch 002 1100/1576 train_mae 7.27 kl 0.427 lr 3e-04 (220s)
[00:25:05]   Epoch 002 1200/1576 train_mae 7.26 kl 0.425 lr 3e-04 (239s)
[00:25:25]   Epoch 002 1300/1576 train_mae 7.25 kl 0.423 lr 3e-04 (259s)
[00:25:45]   Epoch 002 1400/1576 train_mae 7.24 kl 0.422 lr 3e-04 (279s)
[00:26:05]   Epoch 002 1500/1576 train_mae 7.22 kl 0.421 lr 3e-04 (299s)
[00:26:20]   Epoch 002 1576/1576 train_mae 7.21 kl 0.420 lr 3e-04 (314s)
[00:26:44] [Epoch 002 완료] train MAE 7.21 | val MAE 8.73 | val RMSE 12.06 | lr 3e-04 | * best 저장 (val MAE 8.73)
[00:27:04]   Epoch 003 100/1576 train_mae 6.15 kl 0.391 lr 3e-04 (20s)
[00:27:24]   Epoch 003 200/1576 train_mae 6.30 kl 0.386 lr 3e-04 (40s)
[00:27:44]   Epoch 003 300/1576 train_mae 6.24 kl 0.366 lr 3e-04 (60s)
[00:28:04]   Epoch 003 400/1576 train_mae 6.30 kl 0.366 lr 3e-04 (80s)
[00:28:25]   Epoch 003 500/1576 train_mae 6.29 kl 0.362 lr 3e-04 (100s)
[00:28:44]   Epoch 003 600/1576 train_mae 6.38 kl 0.364 lr 3e-04 (120s)
[00:29:04]   Epoch 003 700/1576 train_mae 6.42 kl 0.366 lr 3e-04 (139s)
[00:29:23]   Epoch 003 800/1576 train_mae 6.36 kl 0.364 lr 3e-04 (159s)
[00:29:43]   Epoch 003 900/1576 train_mae 6.33 kl 0.361 lr 3e-04 (179s)
[00:30:04]   Epoch 003 1000/1576 train_mae 6.33 kl 0.364 lr 3e-04 (199s)
[00:30:24]   Epoch 003 1100/1576 train_mae 6.33 kl 0.363 lr 3e-04 (219s)
[00:30:44]   Epoch 003 1200/1576 train_mae 6.34 kl 0.365 lr 3e-04 (239s)
[00:31:04]   Epoch 003 1300/1576 train_mae 6.34 kl 0.365 lr 3e-04 (259s)
[00:31:23]   Epoch 003 1400/1576 train_mae 6.37 kl 0.364 lr 3e-04 (279s)
[00:31:42]   Epoch 003 1500/1576 train_mae 6.34 kl 0.365 lr 3e-04 (298s)
[00:31:58]   Epoch 003 1576/1576 train_mae 6.36 kl 0.364 lr 3e-04 (313s)
[00:32:18] [Epoch 003 완료] train MAE 6.36 | val MAE 9.42 | val RMSE 12.83 | lr 3e-04 | 개선없음 1/15
[00:32:38]   Epoch 004 100/1576 train_mae 6.10 kl 0.373 lr 3e-04 (20s)
[00:32:58]   Epoch 004 200/1576 train_mae 5.88 kl 0.360 lr 3e-04 (40s)
[00:33:18]   Epoch 004 300/1576 train_mae 5.83 kl 0.360 lr 3e-04 (60s)
[00:33:38]   Epoch 004 400/1576 train_mae 5.87 kl 0.358 lr 3e-04 (80s)
[00:33:58]   Epoch 004 500/1576 train_mae 5.84 kl 0.356 lr 3e-04 (100s)
[00:34:18]   Epoch 004 600/1576 train_mae 5.80 kl 0.351 lr 3e-04 (120s)
[00:34:38]   Epoch 004 700/1576 train_mae 5.81 kl 0.351 lr 3e-04 (140s)
[00:34:59]   Epoch 004 800/1576 train_mae 5.82 kl 0.351 lr 3e-04 (160s)
[00:35:19]   Epoch 004 900/1576 train_mae 5.82 kl 0.352 lr 3e-04 (181s)
[00:35:39]   Epoch 004 1000/1576 train_mae 5.84 kl 0.353 lr 3e-04 (200s)
[00:35:59]   Epoch 004 1100/1576 train_mae 5.83 kl 0.354 lr 3e-04 (220s)
[00:36:19]   Epoch 004 1200/1576 train_mae 5.84 kl 0.355 lr 3e-04 (241s)
[00:36:38]   Epoch 004 1300/1576 train_mae 5.85 kl 0.353 lr 3e-04 (260s)
[00:36:58]   Epoch 004 1400/1576 train_mae 5.84 kl 0.353 lr 3e-04 (280s)
[00:37:18]   Epoch 004 1500/1576 train_mae 5.84 kl 0.353 lr 3e-04 (300s)
[00:37:33]   Epoch 004 1576/1576 train_mae 5.85 kl 0.352 lr 3e-04 (315s)
[00:37:58] [Epoch 004 완료] train MAE 5.85 | val MAE 9.03 | val RMSE 12.32 | lr 3e-04 | 개선없음 2/15
[00:38:19]   Epoch 005 100/1576 train_mae 4.74 kl 0.317 lr 3e-04 (20s)
[00:38:38]   Epoch 005 200/1576 train_mae 5.10 kl 0.315 lr 3e-04 (40s)
[00:38:58]   Epoch 005 300/1576 train_mae 5.15 kl 0.317 lr 3e-04 (60s)
[00:39:18]   Epoch 005 400/1576 train_mae 5.27 kl 0.319 lr 3e-04 (80s)
[00:39:38]   Epoch 005 500/1576 train_mae 5.29 kl 0.319 lr 3e-04 (100s)
[00:39:58]   Epoch 005 600/1576 train_mae 5.29 kl 0.319 lr 3e-04 (120s)
[00:40:18]   Epoch 005 700/1576 train_mae 5.33 kl 0.321 lr 3e-04 (140s)
[00:40:38]   Epoch 005 800/1576 train_mae 5.35 kl 0.325 lr 3e-04 (160s)
[00:40:58]   Epoch 005 900/1576 train_mae 5.31 kl 0.326 lr 3e-04 (180s)
[00:41:18]   Epoch 005 1000/1576 train_mae 5.30 kl 0.325 lr 3e-04 (200s)
[00:41:38]   Epoch 005 1100/1576 train_mae 5.30 kl 0.325 lr 3e-04 (220s)
[00:41:58]   Epoch 005 1200/1576 train_mae 5.33 kl 0.326 lr 3e-04 (240s)
[00:42:18]   Epoch 005 1300/1576 train_mae 5.37 kl 0.326 lr 3e-04 (260s)
[00:42:38]   Epoch 005 1400/1576 train_mae 5.40 kl 0.325 lr 3e-04 (280s)
[00:42:58]   Epoch 005 1500/1576 train_mae 5.40 kl 0.326 lr 3e-04 (300s)
[00:43:14]   Epoch 005 1576/1576 train_mae 5.39 kl 0.325 lr 3e-04 (315s)
[00:43:37] [Epoch 005 완료] train MAE 5.39 | val MAE 8.37 | val RMSE 12.17 | lr 3e-04 | * best 저장 (val MAE 8.37)
[00:43:58]   Epoch 006 100/1576 train_mae 4.88 kl 0.304 lr 3e-04 (20s)
[00:44:18]   Epoch 006 200/1576 train_mae 4.86 kl 0.295 lr 3e-04 (40s)
[00:44:37]   Epoch 006 300/1576 train_mae 4.97 kl 0.296 lr 3e-04 (60s)
[00:44:58]   Epoch 006 400/1576 train_mae 4.95 kl 0.298 lr 3e-04 (80s)
[00:45:18]   Epoch 006 500/1576 train_mae 4.97 kl 0.299 lr 3e-04 (101s)
[00:45:38]   Epoch 006 600/1576 train_mae 4.90 kl 0.296 lr 3e-04 (121s)
[00:45:58]   Epoch 006 700/1576 train_mae 4.92 kl 0.297 lr 3e-04 (140s)
[00:46:18]   Epoch 006 800/1576 train_mae 4.91 kl 0.299 lr 3e-04 (161s)
[00:46:39]   Epoch 006 900/1576 train_mae 4.92 kl 0.301 lr 3e-04 (181s)
[00:46:59]   Epoch 006 1000/1576 train_mae 4.92 kl 0.299 lr 3e-04 (201s)
[00:47:18]   Epoch 006 1100/1576 train_mae 4.93 kl 0.297 lr 3e-04 (221s)
[00:47:38]   Epoch 006 1200/1576 train_mae 4.93 kl 0.297 lr 3e-04 (241s)
[00:47:58]   Epoch 006 1300/1576 train_mae 4.93 kl 0.298 lr 3e-04 (261s)
[00:48:18]   Epoch 006 1400/1576 train_mae 4.92 kl 0.298 lr 3e-04 (281s)
[00:48:38]   Epoch 006 1500/1576 train_mae 4.95 kl 0.299 lr 3e-04 (301s)
[00:48:54]   Epoch 006 1576/1576 train_mae 4.97 kl 0.299 lr 3e-04 (316s)
[00:49:19] [Epoch 006 완료] train MAE 4.97 | val MAE 8.08 | val RMSE 11.94 | lr 3e-04 | * best 저장 (val MAE 8.08)
[00:49:40]   Epoch 007 100/1576 train_mae 4.63 kl 0.295 lr 3e-04 (20s)
[00:50:00]   Epoch 007 200/1576 train_mae 4.51 kl 0.281 lr 3e-04 (40s)
[00:50:20]   Epoch 007 300/1576 train_mae 4.63 kl 0.287 lr 3e-04 (60s)
[00:50:40]   Epoch 007 400/1576 train_mae 4.72 kl 0.292 lr 3e-04 (80s)
[00:51:01]   Epoch 007 500/1576 train_mae 4.72 kl 0.289 lr 3e-04 (101s)
[00:51:20]   Epoch 007 600/1576 train_mae 4.69 kl 0.284 lr 3e-04 (121s)
[00:51:40]   Epoch 007 700/1576 train_mae 4.65 kl 0.282 lr 3e-04 (140s)
[00:52:00]   Epoch 007 800/1576 train_mae 4.66 kl 0.282 lr 3e-04 (160s)
[00:52:20]   Epoch 007 900/1576 train_mae 4.64 kl 0.280 lr 3e-04 (180s)
[00:52:39]   Epoch 007 1000/1576 train_mae 4.65 kl 0.282 lr 3e-04 (200s)
[00:52:59]   Epoch 007 1100/1576 train_mae 4.65 kl 0.282 lr 3e-04 (219s)
[00:53:19]   Epoch 007 1200/1576 train_mae 4.62 kl 0.281 lr 3e-04 (239s)
[00:53:39]   Epoch 007 1300/1576 train_mae 4.60 kl 0.280 lr 3e-04 (259s)
[00:53:59]   Epoch 007 1400/1576 train_mae 4.59 kl 0.280 lr 3e-04 (279s)
[00:54:19]   Epoch 007 1500/1576 train_mae 4.60 kl 0.280 lr 3e-04 (299s)
[00:54:34]   Epoch 007 1576/1576 train_mae 4.59 kl 0.278 lr 3e-04 (314s)
[00:54:57] [Epoch 007 완료] train MAE 4.59 | val MAE 8.02 | val RMSE 11.59 | lr 3e-04 | * best 저장 (val MAE 8.02)
[00:55:17]   Epoch 008 100/1576 train_mae 4.23 kl 0.253 lr 3e-04 (20s)
[00:55:38]   Epoch 008 200/1576 train_mae 4.13 kl 0.253 lr 3e-04 (40s)
[00:55:57]   Epoch 008 300/1576 train_mae 4.14 kl 0.253 lr 3e-04 (60s)
[00:56:16]   Epoch 008 400/1576 train_mae 4.09 kl 0.248 lr 3e-04 (78s)
[00:56:32]   Epoch 008 500/1576 train_mae 4.10 kl 0.247 lr 3e-04 (94s)
[00:56:50]   Epoch 008 600/1576 train_mae 4.08 kl 0.250 lr 3e-04 (113s)
[00:57:23]   Epoch 008 700/1576 train_mae 4.09 kl 0.251 lr 3e-04 (146s)
[00:57:57]   Epoch 008 800/1576 train_mae 4.09 kl 0.249 lr 3e-04 (180s)
[00:58:31]   Epoch 008 900/1576 train_mae 4.11 kl 0.252 lr 3e-04 (214s)
[00:59:05]   Epoch 008 1000/1576 train_mae 4.13 kl 0.253 lr 3e-04 (247s)
[00:59:39]   Epoch 008 1100/1576 train_mae 4.12 kl 0.252 lr 3e-04 (281s)
[01:00:13]   Epoch 008 1200/1576 train_mae 4.15 kl 0.254 lr 3e-04 (315s)
[01:00:47]   Epoch 008 1300/1576 train_mae 4.17 kl 0.256 lr 3e-04 (349s)
[01:01:21]   Epoch 008 1400/1576 train_mae 4.18 kl 0.257 lr 3e-04 (383s)
[01:01:54]   Epoch 008 1500/1576 train_mae 4.18 kl 0.258 lr 3e-04 (417s)
[01:02:20]   Epoch 008 1576/1576 train_mae 4.19 kl 0.259 lr 3e-04 (443s)
[01:03:13] [Epoch 008 완료] train MAE 4.19 | val MAE 7.86 | val RMSE 11.41 | lr 3e-04 | * best 저장 (val MAE 7.86)
[01:03:36]   Epoch 009 100/1576 train_mae 4.01 kl 0.244 lr 3e-04 (23s)
[01:03:59]   Epoch 009 200/1576 train_mae 3.94 kl 0.250 lr 3e-04 (45s)
[01:04:22]   Epoch 009 300/1576 train_mae 3.82 kl 0.244 lr 3e-04 (68s)
[01:04:45]   Epoch 009 400/1576 train_mae 3.86 kl 0.244 lr 3e-04 (91s)
[01:05:07]   Epoch 009 500/1576 train_mae 3.88 kl 0.243 lr 3e-04 (114s)
[01:05:30]   Epoch 009 600/1576 train_mae 3.91 kl 0.241 lr 3e-04 (137s)
[01:05:53]   Epoch 009 700/1576 train_mae 3.89 kl 0.244 lr 3e-04 (159s)
[01:06:15]   Epoch 009 800/1576 train_mae 3.89 kl 0.244 lr 3e-04 (182s)
[01:06:38]   Epoch 009 900/1576 train_mae 3.87 kl 0.241 lr 3e-04 (204s)
[01:07:01]   Epoch 009 1000/1576 train_mae 3.86 kl 0.240 lr 3e-04 (227s)
[01:07:23]   Epoch 009 1100/1576 train_mae 3.87 kl 0.240 lr 3e-04 (250s)
[01:07:46]   Epoch 009 1200/1576 train_mae 3.86 kl 0.239 lr 3e-04 (272s)
[01:08:08]   Epoch 009 1300/1576 train_mae 3.88 kl 0.240 lr 3e-04 (295s)
[01:08:31]   Epoch 009 1400/1576 train_mae 3.89 kl 0.240 lr 3e-04 (317s)
[01:08:53]   Epoch 009 1500/1576 train_mae 3.88 kl 0.241 lr 3e-04 (340s)
[01:09:11]   Epoch 009 1576/1576 train_mae 3.87 kl 0.240 lr 3e-04 (357s)
[01:09:30] [Epoch 009 완료] train MAE 3.87 | val MAE 8.07 | val RMSE 11.68 | lr 3e-04 | 개선없음 1/15
[01:09:46]   Epoch 010 100/1576 train_mae 3.92 kl 0.224 lr 3e-04 (16s)
[01:10:02]   Epoch 010 200/1576 train_mae 3.86 kl 0.222 lr 3e-04 (32s)
[01:10:17]   Epoch 010 300/1576 train_mae 3.77 kl 0.220 lr 3e-04 (47s)
[01:10:31]   Epoch 010 400/1576 train_mae 3.73 kl 0.216 lr 3e-04 (61s)
[01:10:45]   Epoch 010 500/1576 train_mae 3.67 kl 0.213 lr 3e-04 (75s)
[01:11:01]   Epoch 010 600/1576 train_mae 3.64 kl 0.212 lr 3e-04 (91s)
[01:11:17]   Epoch 010 700/1576 train_mae 3.65 kl 0.214 lr 3e-04 (107s)
[01:11:33]   Epoch 010 800/1576 train_mae 3.65 kl 0.215 lr 3e-04 (123s)
[01:11:49]   Epoch 010 900/1576 train_mae 3.66 kl 0.217 lr 3e-04 (139s)
[01:12:04]   Epoch 010 1000/1576 train_mae 3.65 kl 0.218 lr 3e-04 (155s)
[01:12:20]   Epoch 010 1100/1576 train_mae 3.63 kl 0.217 lr 3e-04 (170s)
[01:12:36]   Epoch 010 1200/1576 train_mae 3.62 kl 0.218 lr 3e-04 (186s)
[01:12:52]   Epoch 010 1300/1576 train_mae 3.63 kl 0.219 lr 3e-04 (202s)
[01:13:08]   Epoch 010 1400/1576 train_mae 3.63 kl 0.219 lr 3e-04 (218s)
[01:13:24]   Epoch 010 1500/1576 train_mae 3.65 kl 0.220 lr 3e-04 (234s)
[01:13:36]   Epoch 010 1576/1576 train_mae 3.66 kl 0.220 lr 3e-04 (246s)
[01:13:57] [Epoch 010 완료] train MAE 3.66 | val MAE 7.71 | val RMSE 10.62 | lr 3e-04 | * best 저장 (val MAE 7.71)
[01:14:13]   Epoch 011 100/1576 train_mae 3.50 kl 0.217 lr 3e-04 (16s)
[01:14:29]   Epoch 011 200/1576 train_mae 3.47 kl 0.216 lr 3e-04 (32s)
[01:14:44]   Epoch 011 300/1576 train_mae 3.42 kl 0.210 lr 3e-04 (47s)
[01:15:00]   Epoch 011 400/1576 train_mae 3.45 kl 0.213 lr 3e-04 (63s)
[01:15:16]   Epoch 011 500/1576 train_mae 3.51 kl 0.217 lr 3e-04 (78s)
[01:15:31]   Epoch 011 600/1576 train_mae 3.48 kl 0.216 lr 3e-04 (94s)
[01:15:47]   Epoch 011 700/1576 train_mae 3.47 kl 0.214 lr 3e-04 (110s)
[01:16:03]   Epoch 011 800/1576 train_mae 3.49 kl 0.214 lr 3e-04 (126s)
[01:16:19]   Epoch 011 900/1576 train_mae 3.47 kl 0.212 lr 3e-04 (142s)
[01:16:35]   Epoch 011 1000/1576 train_mae 3.45 kl 0.212 lr 3e-04 (157s)
[01:16:50]   Epoch 011 1100/1576 train_mae 3.43 kl 0.210 lr 3e-04 (173s)
[01:17:06]   Epoch 011 1200/1576 train_mae 3.43 kl 0.209 lr 3e-04 (189s)
[01:17:22]   Epoch 011 1300/1576 train_mae 3.43 kl 0.208 lr 3e-04 (205s)
[01:17:38]   Epoch 011 1400/1576 train_mae 3.45 kl 0.209 lr 3e-04 (221s)
[01:17:54]   Epoch 011 1500/1576 train_mae 3.45 kl 0.207 lr 3e-04 (236s)
[01:18:06]   Epoch 011 1576/1576 train_mae 3.46 kl 0.206 lr 3e-04 (248s)
[01:18:27] [Epoch 011 완료] train MAE 3.46 | val MAE 8.16 | val RMSE 12.30 | lr 3e-04 | 개선없음 1/15
[01:18:42]   Epoch 012 100/1576 train_mae 3.29 kl 0.186 lr 3e-04 (15s)
[01:18:58]   Epoch 012 200/1576 train_mae 3.33 kl 0.191 lr 3e-04 (31s)
[01:19:14]   Epoch 012 300/1576 train_mae 3.30 kl 0.191 lr 3e-04 (47s)
[01:19:30]   Epoch 012 400/1576 train_mae 3.23 kl 0.189 lr 3e-04 (63s)
[01:19:46]   Epoch 012 500/1576 train_mae 3.24 kl 0.189 lr 3e-04 (79s)
[01:20:02]   Epoch 012 600/1576 train_mae 3.23 kl 0.188 lr 3e-04 (95s)
[01:20:17]   Epoch 012 700/1576 train_mae 3.23 kl 0.188 lr 3e-04 (110s)
[01:20:34]   Epoch 012 800/1576 train_mae 3.22 kl 0.188 lr 3e-04 (127s)
[01:20:49]   Epoch 012 900/1576 train_mae 3.24 kl 0.188 lr 3e-04 (142s)
[01:21:05]   Epoch 012 1000/1576 train_mae 3.25 kl 0.188 lr 3e-04 (158s)
[01:21:21]   Epoch 012 1100/1576 train_mae 3.25 kl 0.188 lr 3e-04 (174s)
[01:21:37]   Epoch 012 1200/1576 train_mae 3.26 kl 0.189 lr 3e-04 (190s)
[01:21:53]   Epoch 012 1300/1576 train_mae 3.25 kl 0.190 lr 3e-04 (206s)
[01:22:08]   Epoch 012 1400/1576 train_mae 3.25 kl 0.190 lr 3e-04 (221s)
[01:22:24]   Epoch 012 1500/1576 train_mae 3.25 kl 0.190 lr 3e-04 (237s)
[01:22:36]   Epoch 012 1576/1576 train_mae 3.25 kl 0.189 lr 3e-04 (249s)
[01:22:55] [Epoch 012 완료] train MAE 3.25 | val MAE 7.67 | val RMSE 10.55 | lr 3e-04 | * best 저장 (val MAE 7.67)
[01:23:11]   Epoch 013 100/1576 train_mae 3.23 kl 0.187 lr 3e-04 (16s)
[01:23:27]   Epoch 013 200/1576 train_mae 3.13 kl 0.185 lr 3e-04 (32s)
[01:23:43]   Epoch 013 300/1576 train_mae 3.17 kl 0.188 lr 3e-04 (47s)
[01:23:59]   Epoch 013 400/1576 train_mae 3.18 kl 0.188 lr 3e-04 (63s)
[01:24:15]   Epoch 013 500/1576 train_mae 3.16 kl 0.185 lr 3e-04 (79s)
[01:24:31]   Epoch 013 600/1576 train_mae 3.15 kl 0.182 lr 3e-04 (95s)
[01:24:47]   Epoch 013 700/1576 train_mae 3.11 kl 0.182 lr 3e-04 (111s)
[01:25:03]   Epoch 013 800/1576 train_mae 3.11 kl 0.182 lr 3e-04 (127s)
[01:25:18]   Epoch 013 900/1576 train_mae 3.10 kl 0.181 lr 3e-04 (143s)
[01:25:34]   Epoch 013 1000/1576 train_mae 3.07 kl 0.179 lr 3e-04 (159s)
[01:25:50]   Epoch 013 1100/1576 train_mae 3.08 kl 0.179 lr 3e-04 (175s)
[01:26:06]   Epoch 013 1200/1576 train_mae 3.06 kl 0.179 lr 3e-04 (191s)
[01:26:22]   Epoch 013 1300/1576 train_mae 3.05 kl 0.179 lr 3e-04 (207s)
[01:26:38]   Epoch 013 1400/1576 train_mae 3.06 kl 0.179 lr 3e-04 (223s)
[01:26:54]   Epoch 013 1500/1576 train_mae 3.06 kl 0.179 lr 3e-04 (238s)
[01:27:06]   Epoch 013 1576/1576 train_mae 3.06 kl 0.179 lr 3e-04 (250s)
[01:27:27] [Epoch 013 완료] train MAE 3.06 | val MAE 8.15 | val RMSE 11.67 | lr 3e-04 | 개선없음 1/15
[01:27:43]   Epoch 014 100/1576 train_mae 3.04 kl 0.177 lr 3e-04 (16s)
[01:27:59]   Epoch 014 200/1576 train_mae 2.98 kl 0.175 lr 3e-04 (32s)
[01:28:15]   Epoch 014 300/1576 train_mae 2.98 kl 0.175 lr 3e-04 (48s)
[01:28:31]   Epoch 014 400/1576 train_mae 2.99 kl 0.174 lr 3e-04 (63s)
[01:28:47]   Epoch 014 500/1576 train_mae 2.96 kl 0.172 lr 3e-04 (79s)
[01:29:03]   Epoch 014 600/1576 train_mae 2.97 kl 0.172 lr 3e-04 (95s)
[01:29:19]   Epoch 014 700/1576 train_mae 2.93 kl 0.172 lr 3e-04 (111s)
[01:29:35]   Epoch 014 800/1576 train_mae 2.91 kl 0.170 lr 3e-04 (128s)
[01:29:51]   Epoch 014 900/1576 train_mae 2.91 kl 0.169 lr 3e-04 (144s)
[01:30:07]   Epoch 014 1000/1576 train_mae 2.92 kl 0.168 lr 3e-04 (160s)
[01:30:23]   Epoch 014 1100/1576 train_mae 2.94 kl 0.168 lr 3e-04 (176s)
[01:30:39]   Epoch 014 1200/1576 train_mae 2.93 kl 0.169 lr 3e-04 (191s)
[01:30:55]   Epoch 014 1300/1576 train_mae 2.93 kl 0.168 lr 3e-04 (208s)
[01:31:11]   Epoch 014 1400/1576 train_mae 2.93 kl 0.169 lr 3e-04 (224s)
[01:31:27]   Epoch 014 1500/1576 train_mae 2.94 kl 0.169 lr 3e-04 (239s)
[01:31:39]   Epoch 014 1576/1576 train_mae 2.93 kl 0.169 lr 3e-04 (251s)
[01:32:00] [Epoch 014 완료] train MAE 2.93 | val MAE 7.68 | val RMSE 10.61 | lr 3e-04 | 개선없음 2/15
[01:32:16]   Epoch 015 100/1576 train_mae 2.83 kl 0.163 lr 3e-04 (16s)
[01:32:32]   Epoch 015 200/1576 train_mae 2.80 kl 0.165 lr 3e-04 (32s)
[01:32:48]   Epoch 015 300/1576 train_mae 2.74 kl 0.159 lr 3e-04 (48s)
[01:33:04]   Epoch 015 400/1576 train_mae 2.79 kl 0.160 lr 3e-04 (64s)
[01:33:20]   Epoch 015 500/1576 train_mae 2.80 kl 0.162 lr 3e-04 (79s)
[01:33:36]   Epoch 015 600/1576 train_mae 2.80 kl 0.162 lr 3e-04 (95s)
[01:33:52]   Epoch 015 700/1576 train_mae 2.81 kl 0.163 lr 3e-04 (111s)
[01:34:07]   Epoch 015 800/1576 train_mae 2.81 kl 0.162 lr 3e-04 (127s)
[01:34:23]   Epoch 015 900/1576 train_mae 2.80 kl 0.160 lr 3e-04 (143s)
[01:34:39]   Epoch 015 1000/1576 train_mae 2.82 kl 0.160 lr 3e-04 (159s)
[01:34:55]   Epoch 015 1100/1576 train_mae 2.80 kl 0.159 lr 3e-04 (174s)
[01:35:11]   Epoch 015 1200/1576 train_mae 2.81 kl 0.159 lr 3e-04 (190s)
[01:35:27]   Epoch 015 1300/1576 train_mae 2.81 kl 0.159 lr 3e-04 (206s)
[01:35:42]   Epoch 015 1400/1576 train_mae 2.81 kl 0.160 lr 3e-04 (222s)
[01:35:58]   Epoch 015 1500/1576 train_mae 2.81 kl 0.160 lr 3e-04 (237s)
[01:36:10]   Epoch 015 1576/1576 train_mae 2.81 kl 0.160 lr 3e-04 (249s)
[01:36:30] [Epoch 015 완료] train MAE 2.81 | val MAE 7.81 | val RMSE 11.03 | lr 3e-04 | 개선없음 3/15
[01:36:48]   Epoch 016 100/1576 train_mae 2.67 kl 0.146 lr 3e-04 (18s)
[01:37:07]   Epoch 016 200/1576 train_mae 2.73 kl 0.149 lr 3e-04 (36s)
[01:37:25]   Epoch 016 300/1576 train_mae 2.76 kl 0.152 lr 3e-04 (55s)
[01:37:43]   Epoch 016 400/1576 train_mae 2.77 kl 0.155 lr 3e-04 (73s)
[01:38:03]   Epoch 016 500/1576 train_mae 2.73 kl 0.155 lr 3e-04 (92s)
[01:38:22]   Epoch 016 600/1576 train_mae 2.75 kl 0.154 lr 3e-04 (112s)
[01:38:41]   Epoch 016 700/1576 train_mae 2.71 kl 0.152 lr 3e-04 (131s)
[01:39:01]   Epoch 016 800/1576 train_mae 2.72 kl 0.152 lr 3e-04 (150s)
[01:39:18]   Epoch 016 900/1576 train_mae 2.72 kl 0.151 lr 3e-04 (167s)
[01:39:34]   Epoch 016 1000/1576 train_mae 2.73 kl 0.152 lr 3e-04 (184s)
[01:39:54]   Epoch 016 1100/1576 train_mae 2.74 kl 0.153 lr 3e-04 (203s)
[01:40:15]   Epoch 016 1200/1576 train_mae 2.72 kl 0.153 lr 3e-04 (224s)
[01:40:35]   Epoch 016 1300/1576 train_mae 2.72 kl 0.152 lr 3e-04 (244s)
[01:40:55]   Epoch 016 1400/1576 train_mae 2.72 kl 0.152 lr 3e-04 (264s)
[01:41:16]   Epoch 016 1500/1576 train_mae 2.71 kl 0.152 lr 3e-04 (285s)
[01:41:31]   Epoch 016 1576/1576 train_mae 2.70 kl 0.152 lr 3e-04 (300s)
[01:41:53] [Epoch 016 완료] train MAE 2.70 | val MAE 7.63 | val RMSE 10.76 | lr 3e-04 | * best 저장 (val MAE 7.63)
[01:42:14]   Epoch 017 100/1576 train_mae 2.79 kl 0.157 lr 3e-04 (20s)
[01:42:34]   Epoch 017 200/1576 train_mae 2.78 kl 0.154 lr 3e-04 (40s)
[01:42:54]   Epoch 017 300/1576 train_mae 2.76 kl 0.154 lr 3e-04 (60s)
[01:43:14]   Epoch 017 400/1576 train_mae 2.76 kl 0.151 lr 3e-04 (80s)
[01:43:33]   Epoch 017 500/1576 train_mae 2.76 kl 0.152 lr 3e-04 (99s)
[01:43:53]   Epoch 017 600/1576 train_mae 2.73 kl 0.152 lr 3e-04 (119s)
[01:44:13]   Epoch 017 700/1576 train_mae 2.71 kl 0.150 lr 3e-04 (140s)
[01:44:33]   Epoch 017 800/1576 train_mae 2.68 kl 0.149 lr 3e-04 (160s)
[01:44:53]   Epoch 017 900/1576 train_mae 2.67 kl 0.148 lr 3e-04 (179s)
[01:45:13]   Epoch 017 1000/1576 train_mae 2.68 kl 0.148 lr 3e-04 (199s)
[01:45:33]   Epoch 017 1100/1576 train_mae 2.67 kl 0.148 lr 3e-04 (220s)
[01:45:53]   Epoch 017 1200/1576 train_mae 2.66 kl 0.148 lr 3e-04 (240s)
[01:46:13]   Epoch 017 1300/1576 train_mae 2.64 kl 0.148 lr 3e-04 (259s)
[01:46:34]   Epoch 017 1400/1576 train_mae 2.64 kl 0.147 lr 3e-04 (280s)
[01:46:54]   Epoch 017 1500/1576 train_mae 2.63 kl 0.146 lr 3e-04 (300s)
[01:47:09]   Epoch 017 1576/1576 train_mae 2.64 kl 0.147 lr 3e-04 (315s)
[01:47:32] [Epoch 017 완료] train MAE 2.64 | val MAE 7.62 | val RMSE 10.61 | lr 3e-04 | * best 저장 (val MAE 7.62)
[01:47:52]   Epoch 018 100/1576 train_mae 2.70 kl 0.145 lr 3e-04 (19s)
[01:48:12]   Epoch 018 200/1576 train_mae 2.65 kl 0.145 lr 3e-04 (40s)
[01:48:33]   Epoch 018 300/1576 train_mae 2.61 kl 0.143 lr 3e-04 (60s)
[01:48:53]   Epoch 018 400/1576 train_mae 2.60 kl 0.144 lr 3e-04 (81s)
[01:49:13]   Epoch 018 500/1576 train_mae 2.58 kl 0.143 lr 3e-04 (101s)
[01:49:33]   Epoch 018 600/1576 train_mae 2.59 kl 0.141 lr 3e-04 (121s)
[01:49:53]   Epoch 018 700/1576 train_mae 2.58 kl 0.141 lr 3e-04 (140s)
[01:50:13]   Epoch 018 800/1576 train_mae 2.59 kl 0.141 lr 3e-04 (160s)
[01:50:33]   Epoch 018 900/1576 train_mae 2.57 kl 0.141 lr 3e-04 (180s)
[01:50:53]   Epoch 018 1000/1576 train_mae 2.58 kl 0.142 lr 3e-04 (200s)
[01:51:12]   Epoch 018 1100/1576 train_mae 2.56 kl 0.141 lr 3e-04 (220s)
[01:51:33]   Epoch 018 1200/1576 train_mae 2.55 kl 0.141 lr 3e-04 (240s)
[01:51:52]   Epoch 018 1300/1576 train_mae 2.54 kl 0.140 lr 3e-04 (260s)
[01:52:12]   Epoch 018 1400/1576 train_mae 2.53 kl 0.139 lr 3e-04 (279s)
[01:52:31]   Epoch 018 1500/1576 train_mae 2.52 kl 0.139 lr 3e-04 (298s)
[01:52:46]   Epoch 018 1576/1576 train_mae 2.53 kl 0.140 lr 3e-04 (314s)
[01:53:10] [Epoch 018 완료] train MAE 2.53 | val MAE 7.76 | val RMSE 11.04 | lr 3e-04 | 개선없음 1/15
[01:53:30]   Epoch 019 100/1576 train_mae 2.63 kl 0.140 lr 3e-04 (20s)
[01:53:49]   Epoch 019 200/1576 train_mae 2.69 kl 0.141 lr 3e-04 (39s)
[01:54:08]   Epoch 019 300/1576 train_mae 2.67 kl 0.140 lr 3e-04 (58s)
[01:54:28]   Epoch 019 400/1576 train_mae 2.63 kl 0.140 lr 3e-04 (78s)
[01:54:49]   Epoch 019 500/1576 train_mae 2.60 kl 0.138 lr 3e-04 (98s)
[01:55:09]   Epoch 019 600/1576 train_mae 2.56 kl 0.138 lr 3e-04 (118s)
[01:55:29]   Epoch 019 700/1576 train_mae 2.51 kl 0.137 lr 3e-04 (138s)
[01:55:49]   Epoch 019 800/1576 train_mae 2.51 kl 0.137 lr 3e-04 (158s)
[01:56:09]   Epoch 019 900/1576 train_mae 2.49 kl 0.136 lr 3e-04 (178s)
[01:56:29]   Epoch 019 1000/1576 train_mae 2.48 kl 0.137 lr 3e-04 (199s)
[01:56:49]   Epoch 019 1100/1576 train_mae 2.49 kl 0.138 lr 3e-04 (219s)
[01:57:09]   Epoch 019 1200/1576 train_mae 2.49 kl 0.139 lr 3e-04 (239s)
[01:57:30]   Epoch 019 1300/1576 train_mae 2.49 kl 0.138 lr 3e-04 (259s)
[01:57:50]   Epoch 019 1400/1576 train_mae 2.48 kl 0.137 lr 3e-04 (279s)
[01:58:09]   Epoch 019 1500/1576 train_mae 2.47 kl 0.137 lr 3e-04 (299s)
[01:58:25]   Epoch 019 1576/1576 train_mae 2.45 kl 0.136 lr 3e-04 (314s)
[01:58:48] [Epoch 019 완료] train MAE 2.45 | val MAE 7.49 | val RMSE 10.50 | lr 3e-04 | * best 저장 (val MAE 7.49)
[01:59:08]   Epoch 020 100/1576 train_mae 2.56 kl 0.143 lr 3e-04 (20s)
[01:59:28]   Epoch 020 200/1576 train_mae 2.52 kl 0.141 lr 3e-04 (40s)
[01:59:48]   Epoch 020 300/1576 train_mae 2.50 kl 0.139 lr 3e-04 (60s)
[02:00:08]   Epoch 020 400/1576 train_mae 2.48 kl 0.137 lr 3e-04 (80s)
[02:00:29]   Epoch 020 500/1576 train_mae 2.44 kl 0.135 lr 3e-04 (101s)
[02:00:49]   Epoch 020 600/1576 train_mae 2.42 kl 0.134 lr 3e-04 (121s)
[02:01:09]   Epoch 020 700/1576 train_mae 2.41 kl 0.133 lr 3e-04 (141s)
[02:01:29]   Epoch 020 800/1576 train_mae 2.40 kl 0.132 lr 3e-04 (161s)
[02:01:49]   Epoch 020 900/1576 train_mae 2.39 kl 0.131 lr 3e-04 (181s)
[02:02:09]   Epoch 020 1000/1576 train_mae 2.38 kl 0.130 lr 3e-04 (201s)
[02:02:29]   Epoch 020 1100/1576 train_mae 2.37 kl 0.129 lr 3e-04 (221s)
[02:02:50]   Epoch 020 1200/1576 train_mae 2.36 kl 0.129 lr 3e-04 (241s)
[02:03:10]   Epoch 020 1300/1576 train_mae 2.36 kl 0.129 lr 3e-04 (262s)
[02:03:31]   Epoch 020 1400/1576 train_mae 2.36 kl 0.130 lr 3e-04 (283s)
[02:03:50]   Epoch 020 1500/1576 train_mae 2.35 kl 0.129 lr 3e-04 (302s)
[02:04:06]   Epoch 020 1576/1576 train_mae 2.35 kl 0.130 lr 3e-04 (317s)
[02:04:28] [Epoch 020 완료] train MAE 2.35 | val MAE 7.80 | val RMSE 11.23 | lr 3e-04 | 개선없음 1/15
[02:04:48]   Epoch 021 100/1576 train_mae 2.46 kl 0.134 lr 3e-04 (20s)
[02:05:09]   Epoch 021 200/1576 train_mae 2.42 kl 0.134 lr 3e-04 (41s)
[02:05:29]   Epoch 021 300/1576 train_mae 2.38 kl 0.132 lr 3e-04 (61s)
[02:05:49]   Epoch 021 400/1576 train_mae 2.37 kl 0.131 lr 3e-04 (81s)
[02:06:09]   Epoch 021 500/1576 train_mae 2.36 kl 0.132 lr 3e-04 (101s)
[02:06:29]   Epoch 021 600/1576 train_mae 2.33 kl 0.130 lr 3e-04 (121s)
[02:06:49]   Epoch 021 700/1576 train_mae 2.35 kl 0.132 lr 3e-04 (141s)
[02:07:10]   Epoch 021 800/1576 train_mae 2.35 kl 0.131 lr 3e-04 (162s)
[02:07:30]   Epoch 021 900/1576 train_mae 2.34 kl 0.130 lr 3e-04 (182s)
[02:07:50]   Epoch 021 1000/1576 train_mae 2.33 kl 0.128 lr 3e-04 (202s)
[02:08:10]   Epoch 021 1100/1576 train_mae 2.34 kl 0.128 lr 3e-04 (222s)
[02:08:30]   Epoch 021 1200/1576 train_mae 2.34 kl 0.128 lr 3e-04 (242s)
[02:08:50]   Epoch 021 1300/1576 train_mae 2.33 kl 0.128 lr 3e-04 (262s)
[02:09:09]   Epoch 021 1400/1576 train_mae 2.33 kl 0.128 lr 3e-04 (281s)
[02:09:30]   Epoch 021 1500/1576 train_mae 2.31 kl 0.128 lr 3e-04 (302s)
[02:09:46]   Epoch 021 1576/1576 train_mae 2.30 kl 0.128 lr 3e-04 (318s)
[02:10:09] [Epoch 021 완료] train MAE 2.30 | val MAE 7.56 | val RMSE 10.36 | lr 3e-04 | 개선없음 2/15
[02:10:30]   Epoch 022 100/1576 train_mae 2.27 kl 0.127 lr 3e-04 (20s)
[02:10:51]   Epoch 022 200/1576 train_mae 2.25 kl 0.126 lr 3e-04 (41s)
[02:11:12]   Epoch 022 300/1576 train_mae 2.24 kl 0.124 lr 3e-04 (62s)
[02:11:31]   Epoch 022 400/1576 train_mae 2.25 kl 0.123 lr 3e-04 (81s)
[02:11:52]   Epoch 022 500/1576 train_mae 2.25 kl 0.124 lr 3e-04 (102s)
[02:12:11]   Epoch 022 600/1576 train_mae 2.24 kl 0.124 lr 3e-04 (121s)
[02:12:31]   Epoch 022 700/1576 train_mae 2.23 kl 0.123 lr 3e-04 (141s)
[02:12:51]   Epoch 022 800/1576 train_mae 2.23 kl 0.122 lr 3e-04 (161s)
[02:13:11]   Epoch 022 900/1576 train_mae 2.25 kl 0.122 lr 3e-04 (181s)
[02:13:31]   Epoch 022 1000/1576 train_mae 2.25 kl 0.123 lr 3e-04 (201s)
[02:13:50]   Epoch 022 1100/1576 train_mae 2.26 kl 0.123 lr 3e-04 (220s)
[02:14:10]   Epoch 022 1200/1576 train_mae 2.25 kl 0.122 lr 3e-04 (240s)
[02:14:30]   Epoch 022 1300/1576 train_mae 2.25 kl 0.122 lr 3e-04 (260s)
[02:14:50]   Epoch 022 1400/1576 train_mae 2.25 kl 0.122 lr 3e-04 (280s)
[02:15:09]   Epoch 022 1500/1576 train_mae 2.24 kl 0.121 lr 3e-04 (299s)
[02:15:25]   Epoch 022 1576/1576 train_mae 2.24 kl 0.121 lr 3e-04 (315s)
[02:15:48] [Epoch 022 완료] train MAE 2.24 | val MAE 7.63 | val RMSE 10.79 | lr 3e-04 | 개선없음 3/15
[02:16:08]   Epoch 023 100/1576 train_mae 2.35 kl 0.121 lr 3e-04 (20s)
[02:16:28]   Epoch 023 200/1576 train_mae 2.30 kl 0.121 lr 3e-04 (40s)
[02:16:49]   Epoch 023 300/1576 train_mae 2.25 kl 0.118 lr 3e-04 (61s)
[02:17:09]   Epoch 023 400/1576 train_mae 2.23 kl 0.118 lr 3e-04 (81s)
[02:17:29]   Epoch 023 500/1576 train_mae 2.21 kl 0.118 lr 3e-04 (101s)
[02:17:48]   Epoch 023 600/1576 train_mae 2.20 kl 0.119 lr 3e-04 (120s)
[02:18:08]   Epoch 023 700/1576 train_mae 2.20 kl 0.119 lr 3e-04 (140s)
[02:18:28]   Epoch 023 800/1576 train_mae 2.20 kl 0.119 lr 3e-04 (160s)
[02:18:49]   Epoch 023 900/1576 train_mae 2.19 kl 0.118 lr 3e-04 (180s)
[02:19:10]   Epoch 023 1000/1576 train_mae 2.18 kl 0.118 lr 3e-04 (202s)
[02:19:29]   Epoch 023 1100/1576 train_mae 2.17 kl 0.118 lr 3e-04 (221s)
[02:19:49]   Epoch 023 1200/1576 train_mae 2.17 kl 0.119 lr 3e-04 (241s)
[02:20:09]   Epoch 023 1300/1576 train_mae 2.17 kl 0.119 lr 3e-04 (261s)
[02:20:29]   Epoch 023 1400/1576 train_mae 2.16 kl 0.119 lr 3e-04 (281s)
[02:20:50]   Epoch 023 1500/1576 train_mae 2.15 kl 0.119 lr 3e-04 (302s)
[02:21:05]   Epoch 023 1576/1576 train_mae 2.15 kl 0.119 lr 3e-04 (316s)
[02:21:28] [Epoch 023 완료] train MAE 2.15 | val MAE 7.54 | val RMSE 10.64 | lr 3e-04 | 개선없음 4/15
[02:21:49]   Epoch 024 100/1576 train_mae 2.32 kl 0.121 lr 3e-04 (20s)
[02:22:09]   Epoch 024 200/1576 train_mae 2.25 kl 0.122 lr 3e-04 (40s)
[02:22:29]   Epoch 024 300/1576 train_mae 2.21 kl 0.121 lr 3e-04 (60s)
[02:22:48]   Epoch 024 400/1576 train_mae 2.20 kl 0.121 lr 3e-04 (80s)
[02:23:09]   Epoch 024 500/1576 train_mae 2.19 kl 0.120 lr 3e-04 (100s)
[02:23:29]   Epoch 024 600/1576 train_mae 2.18 kl 0.120 lr 3e-04 (120s)
[02:23:49]   Epoch 024 700/1576 train_mae 2.15 kl 0.121 lr 3e-04 (140s)
[02:24:08]   Epoch 024 800/1576 train_mae 2.13 kl 0.120 lr 3e-04 (159s)
[02:24:24]   Epoch 024 900/1576 train_mae 2.11 kl 0.119 lr 3e-04 (175s)
[02:24:39]   Epoch 024 1000/1576 train_mae 2.10 kl 0.119 lr 3e-04 (191s)
[02:24:55]   Epoch 024 1100/1576 train_mae 2.09 kl 0.119 lr 3e-04 (207s)
[02:25:11]   Epoch 024 1200/1576 train_mae 2.09 kl 0.119 lr 3e-04 (222s)
[02:25:27]   Epoch 024 1300/1576 train_mae 2.10 kl 0.120 lr 3e-04 (238s)
[02:25:42]   Epoch 024 1400/1576 train_mae 2.11 kl 0.119 lr 3e-04 (254s)
[02:25:58]   Epoch 024 1500/1576 train_mae 2.11 kl 0.119 lr 3e-04 (270s)
[02:26:10]   Epoch 024 1576/1576 train_mae 2.12 kl 0.119 lr 3e-04 (282s)
[02:26:31] [Epoch 024 완료] train MAE 2.12 | val MAE 7.76 | val RMSE 11.45 | lr 3e-04 | 개선없음 5/15
[02:26:48]   Epoch 025 100/1576 train_mae 2.28 kl 0.121 lr 3e-04 (16s)
[02:27:03]   Epoch 025 200/1576 train_mae 2.25 kl 0.119 lr 3e-04 (32s)
[02:27:19]   Epoch 025 300/1576 train_mae 2.21 kl 0.121 lr 3e-04 (47s)
[02:27:35]   Epoch 025 400/1576 train_mae 2.18 kl 0.123 lr 3e-04 (63s)
[02:27:51]   Epoch 025 500/1576 train_mae 2.14 kl 0.122 lr 3e-04 (79s)
[02:28:07]   Epoch 025 600/1576 train_mae 2.15 kl 0.123 lr 3e-04 (95s)
[02:28:22]   Epoch 025 700/1576 train_mae 2.13 kl 0.120 lr 3e-04 (111s)
[02:28:38]   Epoch 025 800/1576 train_mae 2.12 kl 0.120 lr 3e-04 (126s)
[02:28:54]   Epoch 025 900/1576 train_mae 2.11 kl 0.119 lr 3e-04 (142s)
[02:29:10]   Epoch 025 1000/1576 train_mae 2.10 kl 0.118 lr 3e-04 (158s)
[02:29:25]   Epoch 025 1100/1576 train_mae 2.10 kl 0.118 lr 3e-04 (174s)
[02:29:41]   Epoch 025 1200/1576 train_mae 2.09 kl 0.119 lr 3e-04 (189s)
[02:29:57]   Epoch 025 1300/1576 train_mae 2.09 kl 0.118 lr 3e-04 (205s)
[02:30:13]   Epoch 025 1400/1576 train_mae 2.09 kl 0.118 lr 3e-04 (221s)
[02:30:28]   Epoch 025 1500/1576 train_mae 2.09 kl 0.118 lr 3e-04 (237s)
[02:30:41]   Epoch 025 1576/1576 train_mae 2.09 kl 0.118 lr 3e-04 (249s)
[02:31:02] [Epoch 025 완료] train MAE 2.09 | val MAE 7.56 | val RMSE 10.56 | lr 3e-04 | 개선없음 6/15
[02:31:18]   Epoch 026 100/1576 train_mae 2.15 kl 0.114 lr 3e-04 (16s)
[02:31:34]   Epoch 026 200/1576 train_mae 2.15 kl 0.114 lr 3e-04 (32s)
[02:31:49]   Epoch 026 300/1576 train_mae 2.11 kl 0.114 lr 3e-04 (47s)
[02:32:05]   Epoch 026 400/1576 train_mae 2.09 kl 0.113 lr 3e-04 (63s)
[02:32:21]   Epoch 026 500/1576 train_mae 2.05 kl 0.113 lr 3e-04 (79s)
[02:32:37]   Epoch 026 600/1576 train_mae 2.04 kl 0.111 lr 3e-04 (95s)
[02:32:52]   Epoch 026 700/1576 train_mae 2.03 kl 0.110 lr 3e-04 (110s)
[02:33:08]   Epoch 026 800/1576 train_mae 2.01 kl 0.111 lr 3e-04 (126s)
[02:33:24]   Epoch 026 900/1576 train_mae 2.01 kl 0.110 lr 3e-04 (142s)
[02:33:40]   Epoch 026 1000/1576 train_mae 1.99 kl 0.110 lr 3e-04 (158s)
[02:33:55]   Epoch 026 1100/1576 train_mae 1.99 kl 0.110 lr 3e-04 (173s)
[02:34:11]   Epoch 026 1200/1576 train_mae 2.00 kl 0.110 lr 3e-04 (189s)
[02:34:27]   Epoch 026 1300/1576 train_mae 2.00 kl 0.111 lr 3e-04 (205s)
[02:34:43]   Epoch 026 1400/1576 train_mae 2.00 kl 0.111 lr 3e-04 (221s)
[02:34:58]   Epoch 026 1500/1576 train_mae 2.00 kl 0.111 lr 3e-04 (236s)
[02:35:10]   Epoch 026 1576/1576 train_mae 1.99 kl 0.110 lr 3e-04 (248s)
[02:35:31] [Epoch 026 완료] train MAE 1.99 | val MAE 7.48 | val RMSE 10.48 | lr 3e-04 | * best 저장 (val MAE 7.48)
[02:35:47]   Epoch 027 100/1576 train_mae 2.12 kl 0.115 lr 3e-04 (16s)
[02:36:03]   Epoch 027 200/1576 train_mae 2.11 kl 0.112 lr 3e-04 (31s)
[02:36:19]   Epoch 027 300/1576 train_mae 2.09 kl 0.116 lr 3e-04 (47s)
[02:36:36]   Epoch 027 400/1576 train_mae 2.10 kl 0.114 lr 3e-04 (64s)
[02:36:56]   Epoch 027 500/1576 train_mae 2.07 kl 0.112 lr 3e-04 (85s)
[02:37:17]   Epoch 027 600/1576 train_mae 2.06 kl 0.112 lr 3e-04 (105s)
[02:37:37]   Epoch 027 700/1576 train_mae 2.03 kl 0.111 lr 3e-04 (126s)
[02:37:58]   Epoch 027 800/1576 train_mae 2.02 kl 0.111 lr 3e-04 (146s)
[02:38:18]   Epoch 027 900/1576 train_mae 2.00 kl 0.111 lr 3e-04 (166s)
[02:38:37]   Epoch 027 1000/1576 train_mae 1.99 kl 0.110 lr 3e-04 (185s)
[02:38:52]   Epoch 027 1100/1576 train_mae 1.99 kl 0.109 lr 3e-04 (200s)
[02:39:12]   Epoch 027 1200/1576 train_mae 1.98 kl 0.109 lr 3e-04 (220s)
[02:39:32]   Epoch 027 1300/1576 train_mae 1.98 kl 0.109 lr 3e-04 (240s)
[02:39:52]   Epoch 027 1400/1576 train_mae 1.98 kl 0.108 lr 3e-04 (260s)
[02:40:12]   Epoch 027 1500/1576 train_mae 1.98 kl 0.108 lr 3e-04 (280s)
[02:40:28]   Epoch 027 1576/1576 train_mae 1.98 kl 0.108 lr 3e-04 (296s)
[02:40:50] [Epoch 027 완료] train MAE 1.98 | val MAE 7.62 | val RMSE 10.64 | lr 3e-04 | 개선없음 1/15
[02:41:10]   Epoch 028 100/1576 train_mae 2.13 kl 0.108 lr 3e-04 (20s)
[02:41:30]   Epoch 028 200/1576 train_mae 2.09 kl 0.111 lr 3e-04 (40s)
[02:41:50]   Epoch 028 300/1576 train_mae 2.05 kl 0.110 lr 3e-04 (60s)
[02:42:09]   Epoch 028 400/1576 train_mae 2.04 kl 0.109 lr 3e-04 (79s)
[02:42:30]   Epoch 028 500/1576 train_mae 2.04 kl 0.108 lr 3e-04 (99s)
[02:42:50]   Epoch 028 600/1576 train_mae 2.02 kl 0.107 lr 3e-04 (120s)
[02:43:10]   Epoch 028 700/1576 train_mae 2.02 kl 0.107 lr 3e-04 (139s)
[02:43:30]   Epoch 028 800/1576 train_mae 1.99 kl 0.106 lr 3e-04 (160s)
[02:43:50]   Epoch 028 900/1576 train_mae 1.98 kl 0.105 lr 3e-04 (180s)
[02:44:10]   Epoch 028 1000/1576 train_mae 1.98 kl 0.104 lr 3e-04 (200s)
[02:44:31]   Epoch 028 1100/1576 train_mae 1.98 kl 0.104 lr 3e-04 (220s)
[02:44:51]   Epoch 028 1200/1576 train_mae 1.98 kl 0.104 lr 3e-04 (241s)
[02:45:11]   Epoch 028 1300/1576 train_mae 1.97 kl 0.104 lr 3e-04 (261s)
[02:45:31]   Epoch 028 1400/1576 train_mae 1.96 kl 0.104 lr 3e-04 (281s)
[02:45:52]   Epoch 028 1500/1576 train_mae 1.96 kl 0.104 lr 3e-04 (301s)
[02:46:07]   Epoch 028 1576/1576 train_mae 1.96 kl 0.104 lr 3e-04 (317s)
[02:46:31] [Epoch 028 완료] train MAE 1.96 | val MAE 7.53 | val RMSE 10.75 | lr 3e-04 | 개선없음 2/15
[02:46:52]   Epoch 029 100/1576 train_mae 2.04 kl 0.109 lr 3e-04 (20s)
[02:47:12]   Epoch 029 200/1576 train_mae 2.01 kl 0.107 lr 3e-04 (40s)
[02:47:32]   Epoch 029 300/1576 train_mae 2.00 kl 0.107 lr 3e-04 (61s)
[02:47:52]   Epoch 029 400/1576 train_mae 1.95 kl 0.105 lr 3e-04 (81s)
[02:48:12]   Epoch 029 500/1576 train_mae 1.92 kl 0.105 lr 3e-04 (101s)
[02:48:32]   Epoch 029 600/1576 train_mae 1.94 kl 0.106 lr 3e-04 (121s)
[02:48:53]   Epoch 029 700/1576 train_mae 1.93 kl 0.106 lr 3e-04 (142s)
[02:49:13]   Epoch 029 800/1576 train_mae 1.91 kl 0.105 lr 3e-04 (161s)
[02:49:32]   Epoch 029 900/1576 train_mae 1.90 kl 0.106 lr 3e-04 (181s)
[02:49:53]   Epoch 029 1000/1576 train_mae 1.89 kl 0.105 lr 3e-04 (202s)
[02:50:13]   Epoch 029 1100/1576 train_mae 1.90 kl 0.105 lr 3e-04 (222s)
[02:50:34]   Epoch 029 1200/1576 train_mae 1.90 kl 0.105 lr 3e-04 (242s)
[02:50:54]   Epoch 029 1300/1576 train_mae 1.89 kl 0.105 lr 3e-04 (262s)
[02:51:13]   Epoch 029 1400/1576 train_mae 1.88 kl 0.105 lr 3e-04 (282s)
[02:51:34]   Epoch 029 1500/1576 train_mae 1.88 kl 0.105 lr 3e-04 (302s)
[02:51:49]   Epoch 029 1576/1576 train_mae 1.88 kl 0.105 lr 3e-04 (318s)
[02:52:10] [Epoch 029 완료] train MAE 1.88 | val MAE 7.55 | val RMSE 10.68 | lr 3e-04 | 개선없음 3/15
[02:52:31]   Epoch 030 100/1576 train_mae 1.98 kl 0.101 lr 3e-04 (20s)
[02:52:51]   Epoch 030 200/1576 train_mae 1.99 kl 0.102 lr 3e-04 (40s)
[02:53:11]   Epoch 030 300/1576 train_mae 1.97 kl 0.100 lr 3e-04 (60s)
[02:53:31]   Epoch 030 400/1576 train_mae 1.96 kl 0.100 lr 3e-04 (81s)
[02:53:52]   Epoch 030 500/1576 train_mae 1.94 kl 0.100 lr 3e-04 (101s)
[02:54:12]   Epoch 030 600/1576 train_mae 1.90 kl 0.100 lr 3e-04 (121s)
[02:54:32]   Epoch 030 700/1576 train_mae 1.88 kl 0.099 lr 3e-04 (141s)
[02:54:52]   Epoch 030 800/1576 train_mae 1.88 kl 0.099 lr 3e-04 (161s)
[02:55:12]   Epoch 030 900/1576 train_mae 1.88 kl 0.100 lr 3e-04 (182s)
[02:55:32]   Epoch 030 1000/1576 train_mae 1.87 kl 0.101 lr 3e-04 (202s)
[02:55:52]   Epoch 030 1100/1576 train_mae 1.87 kl 0.102 lr 3e-04 (222s)
[02:56:13]   Epoch 030 1200/1576 train_mae 1.87 kl 0.102 lr 3e-04 (242s)
[02:56:33]   Epoch 030 1300/1576 train_mae 1.86 kl 0.103 lr 3e-04 (262s)
[02:56:53]   Epoch 030 1400/1576 train_mae 1.87 kl 0.103 lr 3e-04 (282s)
[02:57:13]   Epoch 030 1500/1576 train_mae 1.87 kl 0.103 lr 3e-04 (302s)
[02:57:28]   Epoch 030 1576/1576 train_mae 1.86 kl 0.103 lr 3e-04 (317s)
[02:57:52] [Epoch 030 완료] train MAE 1.86 | val MAE 7.48 | val RMSE 10.47 | lr 3e-04 | 개선없음 4/15
[02:58:12]   Epoch 031 100/1576 train_mae 2.00 kl 0.114 lr 3e-04 (20s)
[02:58:32]   Epoch 031 200/1576 train_mae 1.99 kl 0.109 lr 3e-04 (40s)
[02:58:52]   Epoch 031 300/1576 train_mae 1.94 kl 0.107 lr 3e-04 (60s)
[02:59:13]   Epoch 031 400/1576 train_mae 1.90 kl 0.104 lr 3e-04 (80s)
[02:59:33]   Epoch 031 500/1576 train_mae 1.91 kl 0.104 lr 3e-04 (101s)
[02:59:53]   Epoch 031 600/1576 train_mae 1.88 kl 0.103 lr 3e-04 (121s)
[03:00:14]   Epoch 031 700/1576 train_mae 1.88 kl 0.102 lr 3e-04 (141s)
[03:00:34]   Epoch 031 800/1576 train_mae 1.88 kl 0.102 lr 3e-04 (162s)
[03:00:54]   Epoch 031 900/1576 train_mae 1.85 kl 0.102 lr 3e-04 (182s)
[03:01:14]   Epoch 031 1000/1576 train_mae 1.85 kl 0.102 lr 3e-04 (202s)
[03:01:34]   Epoch 031 1100/1576 train_mae 1.84 kl 0.102 lr 3e-04 (222s)
[03:01:55]   Epoch 031 1200/1576 train_mae 1.83 kl 0.102 lr 3e-04 (243s)
[03:02:15]   Epoch 031 1300/1576 train_mae 1.83 kl 0.101 lr 3e-04 (263s)
[03:02:35]   Epoch 031 1400/1576 train_mae 1.83 kl 0.101 lr 3e-04 (283s)
[03:02:55]   Epoch 031 1500/1576 train_mae 1.82 kl 0.101 lr 3e-04 (303s)
[03:03:10]   Epoch 031 1576/1576 train_mae 1.82 kl 0.101 lr 3e-04 (318s)
[03:03:34] [Epoch 031 완료] train MAE 1.82 | val MAE 7.42 | val RMSE 10.47 | lr 3e-04 | * best 저장 (val MAE 7.42)
[03:03:54]   Epoch 032 100/1576 train_mae 1.93 kl 0.103 lr 3e-04 (20s)
[03:04:14]   Epoch 032 200/1576 train_mae 1.89 kl 0.105 lr 3e-04 (39s)
[03:04:33]   Epoch 032 300/1576 train_mae 1.85 kl 0.104 lr 3e-04 (59s)
[03:04:53]   Epoch 032 400/1576 train_mae 1.85 kl 0.103 lr 3e-04 (79s)
[03:05:14]   Epoch 032 500/1576 train_mae 1.82 kl 0.103 lr 3e-04 (99s)
[03:05:34]   Epoch 032 600/1576 train_mae 1.81 kl 0.103 lr 3e-04 (119s)
[03:05:53]   Epoch 032 700/1576 train_mae 1.80 kl 0.102 lr 3e-04 (139s)
[03:06:14]   Epoch 032 800/1576 train_mae 1.80 kl 0.102 lr 3e-04 (159s)
[03:06:34]   Epoch 032 900/1576 train_mae 1.80 kl 0.102 lr 3e-04 (180s)
[03:06:54]   Epoch 032 1000/1576 train_mae 1.80 kl 0.102 lr 3e-04 (200s)
[03:07:14]   Epoch 032 1100/1576 train_mae 1.79 kl 0.102 lr 3e-04 (220s)
[03:07:35]   Epoch 032 1200/1576 train_mae 1.78 kl 0.102 lr 3e-04 (240s)
[03:07:55]   Epoch 032 1300/1576 train_mae 1.78 kl 0.102 lr 3e-04 (260s)
[03:08:15]   Epoch 032 1400/1576 train_mae 1.77 kl 0.102 lr 3e-04 (281s)
[03:08:35]   Epoch 032 1500/1576 train_mae 1.76 kl 0.101 lr 3e-04 (301s)
[03:08:51]   Epoch 032 1576/1576 train_mae 1.76 kl 0.101 lr 3e-04 (316s)
[03:09:11] [Epoch 032 완료] train MAE 1.76 | val MAE 7.39 | val RMSE 10.51 | lr 3e-04 | * best 저장 (val MAE 7.39)
[03:09:32]   Epoch 033 100/1576 train_mae 1.93 kl 0.102 lr 3e-04 (20s)
[03:09:52]   Epoch 033 200/1576 train_mae 1.91 kl 0.102 lr 3e-04 (41s)
[03:10:12]   Epoch 033 300/1576 train_mae 1.86 kl 0.098 lr 3e-04 (61s)
[03:10:34]   Epoch 033 400/1576 train_mae 1.83 kl 0.100 lr 3e-04 (82s)
[03:10:54]   Epoch 033 500/1576 train_mae 1.81 kl 0.099 lr 3e-04 (102s)
[03:11:14]   Epoch 033 600/1576 train_mae 1.80 kl 0.098 lr 3e-04 (122s)
[03:11:34]   Epoch 033 700/1576 train_mae 1.77 kl 0.097 lr 3e-04 (143s)
[03:11:54]   Epoch 033 800/1576 train_mae 1.77 kl 0.098 lr 3e-04 (163s)
[03:12:15]   Epoch 033 900/1576 train_mae 1.76 kl 0.098 lr 3e-04 (183s)
[03:12:35]   Epoch 033 1000/1576 train_mae 1.76 kl 0.097 lr 3e-04 (203s)
[03:12:55]   Epoch 033 1100/1576 train_mae 1.76 kl 0.098 lr 3e-04 (223s)
[03:13:10]   Epoch 033 1200/1576 train_mae 1.76 kl 0.098 lr 3e-04 (239s)
[03:13:26]   Epoch 033 1300/1576 train_mae 1.75 kl 0.098 lr 3e-04 (255s)
[03:13:41]   Epoch 033 1400/1576 train_mae 1.75 kl 0.098 lr 3e-04 (269s)
[03:13:57]   Epoch 033 1500/1576 train_mae 1.75 kl 0.099 lr 3e-04 (285s)
[03:14:08]   Epoch 033 1576/1576 train_mae 1.75 kl 0.099 lr 3e-04 (297s)
[03:14:28] [Epoch 033 완료] train MAE 1.75 | val MAE 7.59 | val RMSE 11.13 | lr 3e-04 | 개선없음 1/15
[03:14:44]   Epoch 034 100/1576 train_mae 1.81 kl 0.100 lr 3e-04 (16s)
[03:14:59]   Epoch 034 200/1576 train_mae 1.88 kl 0.103 lr 3e-04 (31s)
[03:15:15]   Epoch 034 300/1576 train_mae 1.84 kl 0.101 lr 3e-04 (47s)
[03:15:31]   Epoch 034 400/1576 train_mae 1.80 kl 0.099 lr 3e-04 (63s)
[03:15:47]   Epoch 034 500/1576 train_mae 1.77 kl 0.097 lr 3e-04 (79s)
[03:16:03]   Epoch 034 600/1576 train_mae 1.77 kl 0.097 lr 3e-04 (95s)
[03:16:19]   Epoch 034 700/1576 train_mae 1.75 kl 0.098 lr 3e-04 (111s)
[03:16:34]   Epoch 034 800/1576 train_mae 1.74 kl 0.097 lr 3e-04 (126s)
[03:16:50]   Epoch 034 900/1576 train_mae 1.73 kl 0.096 lr 3e-04 (142s)
[03:17:06]   Epoch 034 1000/1576 train_mae 1.72 kl 0.096 lr 3e-04 (158s)
[03:17:22]   Epoch 034 1100/1576 train_mae 1.71 kl 0.096 lr 3e-04 (174s)
[03:17:38]   Epoch 034 1200/1576 train_mae 1.71 kl 0.095 lr 3e-04 (190s)
[03:17:53]   Epoch 034 1300/1576 train_mae 1.71 kl 0.095 lr 3e-04 (205s)
[03:18:09]   Epoch 034 1400/1576 train_mae 1.70 kl 0.095 lr 3e-04 (221s)
[03:18:25]   Epoch 034 1500/1576 train_mae 1.71 kl 0.095 lr 3e-04 (237s)
[03:18:37]   Epoch 034 1576/1576 train_mae 1.71 kl 0.094 lr 3e-04 (249s)
[03:18:58] [Epoch 034 완료] train MAE 1.71 | val MAE 7.65 | val RMSE 10.86 | lr 3e-04 | 개선없음 2/15
[03:19:14]   Epoch 035 100/1576 train_mae 1.80 kl 0.090 lr 3e-04 (16s)
[03:19:30]   Epoch 035 200/1576 train_mae 1.76 kl 0.094 lr 3e-04 (32s)
[03:19:46]   Epoch 035 300/1576 train_mae 1.74 kl 0.091 lr 3e-04 (47s)
[03:20:02]   Epoch 035 400/1576 train_mae 1.73 kl 0.093 lr 3e-04 (63s)
[03:20:17]   Epoch 035 500/1576 train_mae 1.73 kl 0.092 lr 3e-04 (79s)
[03:20:33]   Epoch 035 600/1576 train_mae 1.72 kl 0.093 lr 3e-04 (95s)
[03:20:49]   Epoch 035 700/1576 train_mae 1.71 kl 0.092 lr 3e-04 (110s)
[03:21:05]   Epoch 035 800/1576 train_mae 1.69 kl 0.091 lr 3e-04 (126s)
[03:21:20]   Epoch 035 900/1576 train_mae 1.68 kl 0.091 lr 3e-04 (142s)
[03:21:36]   Epoch 035 1000/1576 train_mae 1.68 kl 0.092 lr 3e-04 (158s)
[03:21:52]   Epoch 035 1100/1576 train_mae 1.67 kl 0.093 lr 3e-04 (173s)
[03:22:08]   Epoch 035 1200/1576 train_mae 1.67 kl 0.094 lr 3e-04 (189s)
[03:22:23]   Epoch 035 1300/1576 train_mae 1.68 kl 0.094 lr 3e-04 (205s)
[03:22:39]   Epoch 035 1400/1576 train_mae 1.68 kl 0.094 lr 3e-04 (221s)
[03:22:55]   Epoch 035 1500/1576 train_mae 1.68 kl 0.094 lr 3e-04 (236s)
[03:23:07]   Epoch 035 1576/1576 train_mae 1.67 kl 0.093 lr 3e-04 (248s)
[03:23:28] [Epoch 035 완료] train MAE 1.67 | val MAE 7.71 | val RMSE 10.71 | lr 3e-04 | 개선없음 3/15
[03:23:44]   Epoch 036 100/1576 train_mae 1.70 kl 0.086 lr 3e-04 (16s)
[03:24:00]   Epoch 036 200/1576 train_mae 1.67 kl 0.090 lr 3e-04 (32s)
[03:24:16]   Epoch 036 300/1576 train_mae 1.70 kl 0.093 lr 3e-04 (47s)
[03:24:31]   Epoch 036 400/1576 train_mae 1.71 kl 0.094 lr 3e-04 (63s)
[03:24:47]   Epoch 036 500/1576 train_mae 1.72 kl 0.095 lr 3e-04 (79s)
[03:25:03]   Epoch 036 600/1576 train_mae 1.71 kl 0.093 lr 3e-04 (95s)
[03:25:19]   Epoch 036 700/1576 train_mae 1.70 kl 0.095 lr 3e-04 (111s)
[03:25:35]   Epoch 036 800/1576 train_mae 1.69 kl 0.096 lr 3e-04 (127s)
[03:25:51]   Epoch 036 900/1576 train_mae 1.68 kl 0.096 lr 3e-04 (142s)
[03:26:07]   Epoch 036 1000/1576 train_mae 1.67 kl 0.096 lr 3e-04 (158s)
[03:26:22]   Epoch 036 1100/1576 train_mae 1.66 kl 0.095 lr 3e-04 (174s)
[03:26:38]   Epoch 036 1200/1576 train_mae 1.65 kl 0.095 lr 3e-04 (190s)
[03:26:54]   Epoch 036 1300/1576 train_mae 1.65 kl 0.095 lr 3e-04 (206s)
[03:27:10]   Epoch 036 1400/1576 train_mae 1.64 kl 0.095 lr 3e-04 (222s)
[03:27:26]   Epoch 036 1500/1576 train_mae 1.64 kl 0.095 lr 3e-04 (237s)
[03:27:38]   Epoch 036 1576/1576 train_mae 1.64 kl 0.095 lr 3e-04 (249s)
[03:27:57] [Epoch 036 완료] train MAE 1.64 | val MAE 7.42 | val RMSE 10.51 | lr 3e-04 | 개선없음 4/15
[03:28:14]   Epoch 037 100/1576 train_mae 1.72 kl 0.094 lr 3e-04 (16s)
[03:28:29]   Epoch 037 200/1576 train_mae 1.72 kl 0.093 lr 3e-04 (32s)
[03:28:45]   Epoch 037 300/1576 train_mae 1.71 kl 0.092 lr 3e-04 (47s)
[03:29:01]   Epoch 037 400/1576 train_mae 1.68 kl 0.092 lr 3e-04 (63s)
[03:29:17]   Epoch 037 500/1576 train_mae 1.68 kl 0.092 lr 3e-04 (79s)
[03:29:33]   Epoch 037 600/1576 train_mae 1.64 kl 0.092 lr 3e-04 (95s)
[03:29:48]   Epoch 037 700/1576 train_mae 1.65 kl 0.093 lr 3e-04 (110s)
[03:30:04]   Epoch 037 800/1576 train_mae 1.64 kl 0.092 lr 3e-04 (126s)
[03:30:20]   Epoch 037 900/1576 train_mae 1.64 kl 0.092 lr 3e-04 (142s)
[03:30:36]   Epoch 037 1000/1576 train_mae 1.63 kl 0.092 lr 3e-04 (158s)
[03:30:51]   Epoch 037 1100/1576 train_mae 1.63 kl 0.091 lr 3e-04 (174s)
[03:31:07]   Epoch 037 1200/1576 train_mae 1.63 kl 0.092 lr 3e-04 (189s)
[03:31:23]   Epoch 037 1300/1576 train_mae 1.62 kl 0.091 lr 3e-04 (205s)
[03:31:39]   Epoch 037 1400/1576 train_mae 1.62 kl 0.092 lr 3e-04 (221s)
[03:31:55]   Epoch 037 1500/1576 train_mae 1.63 kl 0.092 lr 3e-04 (237s)
[03:32:07]   Epoch 037 1576/1576 train_mae 1.63 kl 0.092 lr 3e-04 (249s)
[03:32:28] [Epoch 037 완료] train MAE 1.63 | val MAE 7.46 | val RMSE 10.77 | lr 3e-04 | 개선없음 5/15
[03:32:44]   Epoch 038 100/1576 train_mae 1.76 kl 0.092 lr 3e-04 (16s)
[03:33:00]   Epoch 038 200/1576 train_mae 1.71 kl 0.093 lr 3e-04 (32s)
[03:33:15]   Epoch 038 300/1576 train_mae 1.66 kl 0.091 lr 3e-04 (47s)
[03:33:31]   Epoch 038 400/1576 train_mae 1.66 kl 0.092 lr 3e-04 (63s)
[03:33:47]   Epoch 038 500/1576 train_mae 1.66 kl 0.093 lr 3e-04 (79s)
[03:34:03]   Epoch 038 600/1576 train_mae 1.64 kl 0.092 lr 3e-04 (95s)
[03:34:18]   Epoch 038 700/1576 train_mae 1.62 kl 0.092 lr 3e-04 (110s)
[03:34:34]   Epoch 038 800/1576 train_mae 1.61 kl 0.091 lr 3e-04 (126s)
[03:34:50]   Epoch 038 900/1576 train_mae 1.60 kl 0.091 lr 3e-04 (142s)
[03:35:06]   Epoch 038 1000/1576 train_mae 1.61 kl 0.091 lr 3e-04 (158s)
[03:35:21]   Epoch 038 1100/1576 train_mae 1.60 kl 0.091 lr 3e-04 (173s)
[03:35:37]   Epoch 038 1200/1576 train_mae 1.60 kl 0.092 lr 3e-04 (189s)
[03:35:53]   Epoch 038 1300/1576 train_mae 1.59 kl 0.092 lr 3e-04 (205s)
[03:36:09]   Epoch 038 1400/1576 train_mae 1.59 kl 0.092 lr 3e-04 (221s)
[03:36:25]   Epoch 038 1500/1576 train_mae 1.58 kl 0.092 lr 3e-04 (237s)
[03:36:37]   Epoch 038 1576/1576 train_mae 1.58 kl 0.092 lr 3e-04 (249s)
[03:36:57] [Epoch 038 완료] train MAE 1.58 | val MAE 7.47 | val RMSE 10.51 | lr 3e-04 | 개선없음 6/15
[03:37:13]   Epoch 039 100/1576 train_mae 1.68 kl 0.096 lr 3e-04 (16s)
[03:37:29]   Epoch 039 200/1576 train_mae 1.63 kl 0.093 lr 3e-04 (31s)
[03:37:45]   Epoch 039 300/1576 train_mae 1.63 kl 0.091 lr 3e-04 (47s)
[03:38:01]   Epoch 039 400/1576 train_mae 1.61 kl 0.091 lr 3e-04 (63s)
[03:38:17]   Epoch 039 500/1576 train_mae 1.63 kl 0.091 lr 3e-04 (79s)
[03:38:32]   Epoch 039 600/1576 train_mae 1.61 kl 0.090 lr 3e-04 (94s)
[03:38:47]   Epoch 039 700/1576 train_mae 1.61 kl 0.090 lr 3e-04 (110s)
[03:39:03]   Epoch 039 800/1576 train_mae 1.59 kl 0.089 lr 3e-04 (125s)
[03:39:19]   Epoch 039 900/1576 train_mae 1.59 kl 0.089 lr 3e-04 (141s)
[03:39:35]   Epoch 039 1000/1576 train_mae 1.58 kl 0.089 lr 3e-04 (157s)
[03:39:51]   Epoch 039 1100/1576 train_mae 1.57 kl 0.090 lr 3e-04 (173s)
[03:40:06]   Epoch 039 1200/1576 train_mae 1.56 kl 0.090 lr 3e-04 (189s)
[03:40:22]   Epoch 039 1300/1576 train_mae 1.56 kl 0.091 lr 3e-04 (204s)
[03:40:38]   Epoch 039 1400/1576 train_mae 1.56 kl 0.090 lr 3e-04 (220s)
[03:40:54]   Epoch 039 1500/1576 train_mae 1.56 kl 0.090 lr 3e-04 (236s)
[03:41:06]   Epoch 039 1576/1576 train_mae 1.55 kl 0.090 lr 3e-04 (248s)
[03:41:27] [Epoch 039 완료] train MAE 1.55 | val MAE 7.35 | val RMSE 10.33 | lr 3e-04 | * best 저장 (val MAE 7.35)
[03:41:43]   Epoch 040 100/1576 train_mae 1.57 kl 0.087 lr 3e-04 (16s)
[03:41:59]   Epoch 040 200/1576 train_mae 1.56 kl 0.090 lr 3e-04 (32s)
[03:42:14]   Epoch 040 300/1576 train_mae 1.56 kl 0.088 lr 3e-04 (47s)
[03:42:30]   Epoch 040 400/1576 train_mae 1.58 kl 0.089 lr 3e-04 (63s)
[03:42:46]   Epoch 040 500/1576 train_mae 1.59 kl 0.089 lr 3e-04 (79s)
[03:43:02]   Epoch 040 600/1576 train_mae 1.57 kl 0.089 lr 3e-04 (95s)
[03:43:18]   Epoch 040 700/1576 train_mae 1.57 kl 0.089 lr 3e-04 (110s)
[03:43:34]   Epoch 040 800/1576 train_mae 1.56 kl 0.089 lr 3e-04 (126s)
[03:43:49]   Epoch 040 900/1576 train_mae 1.56 kl 0.089 lr 3e-04 (142s)
[03:44:05]   Epoch 040 1000/1576 train_mae 1.55 kl 0.089 lr 3e-04 (158s)
[03:44:21]   Epoch 040 1100/1576 train_mae 1.54 kl 0.090 lr 3e-04 (174s)
[03:44:37]   Epoch 040 1200/1576 train_mae 1.53 kl 0.090 lr 3e-04 (189s)
[03:44:52]   Epoch 040 1300/1576 train_mae 1.53 kl 0.091 lr 3e-04 (205s)
[03:45:08]   Epoch 040 1400/1576 train_mae 1.52 kl 0.090 lr 3e-04 (221s)
[03:45:24]   Epoch 040 1500/1576 train_mae 1.52 kl 0.091 lr 3e-04 (237s)
[03:45:36]   Epoch 040 1576/1576 train_mae 1.52 kl 0.091 lr 3e-04 (249s)
[03:45:57] [Epoch 040 완료] train MAE 1.52 | val MAE 7.63 | val RMSE 10.99 | lr 3e-04 | 개선없음 1/15
[03:46:13]   Epoch 041 100/1576 train_mae 1.60 kl 0.090 lr 3e-04 (15s)
[03:46:29]   Epoch 041 200/1576 train_mae 1.61 kl 0.094 lr 3e-04 (31s)
[03:46:44]   Epoch 041 300/1576 train_mae 1.59 kl 0.091 lr 3e-04 (47s)
[03:47:00]   Epoch 041 400/1576 train_mae 1.55 kl 0.092 lr 3e-04 (63s)
[03:47:16]   Epoch 041 500/1576 train_mae 1.54 kl 0.091 lr 3e-04 (79s)
[03:47:32]   Epoch 041 600/1576 train_mae 1.54 kl 0.091 lr 3e-04 (94s)
[03:47:47]   Epoch 041 700/1576 train_mae 1.53 kl 0.091 lr 3e-04 (110s)
[03:48:03]   Epoch 041 800/1576 train_mae 1.52 kl 0.091 lr 3e-04 (126s)
[03:48:19]   Epoch 041 900/1576 train_mae 1.52 kl 0.091 lr 3e-04 (142s)
[03:48:35]   Epoch 041 1000/1576 train_mae 1.51 kl 0.092 lr 3e-04 (158s)
[03:48:51]   Epoch 041 1100/1576 train_mae 1.51 kl 0.092 lr 3e-04 (173s)
[03:49:06]   Epoch 041 1200/1576 train_mae 1.50 kl 0.091 lr 3e-04 (189s)
[03:49:22]   Epoch 041 1300/1576 train_mae 1.50 kl 0.091 lr 3e-04 (205s)
[03:49:38]   Epoch 041 1400/1576 train_mae 1.50 kl 0.091 lr 3e-04 (221s)
[03:49:54]   Epoch 041 1500/1576 train_mae 1.51 kl 0.091 lr 3e-04 (236s)
[03:50:06]   Epoch 041 1576/1576 train_mae 1.51 kl 0.091 lr 3e-04 (248s)
[03:50:27] [Epoch 041 완료] train MAE 1.51 | val MAE 7.52 | val RMSE 10.63 | lr 3e-04 | 개선없음 2/15
[03:50:43]   Epoch 042 100/1576 train_mae 1.71 kl 0.090 lr 3e-04 (16s)
[03:50:59]   Epoch 042 200/1576 train_mae 1.64 kl 0.092 lr 3e-04 (31s)
[03:51:14]   Epoch 042 300/1576 train_mae 1.60 kl 0.092 lr 3e-04 (47s)
[03:51:30]   Epoch 042 400/1576 train_mae 1.56 kl 0.090 lr 3e-04 (63s)
[03:51:46]   Epoch 042 500/1576 train_mae 1.55 kl 0.090 lr 3e-04 (79s)
[03:52:02]   Epoch 042 600/1576 train_mae 1.55 kl 0.089 lr 3e-04 (95s)
[03:52:18]   Epoch 042 700/1576 train_mae 1.54 kl 0.088 lr 3e-04 (110s)
[03:52:33]   Epoch 042 800/1576 train_mae 1.54 kl 0.089 lr 3e-04 (126s)
[03:52:49]   Epoch 042 900/1576 train_mae 1.53 kl 0.088 lr 3e-04 (142s)
[03:53:05]   Epoch 042 1000/1576 train_mae 1.52 kl 0.088 lr 3e-04 (158s)
[03:53:21]   Epoch 042 1100/1576 train_mae 1.51 kl 0.087 lr 3e-04 (174s)
[03:53:37]   Epoch 042 1200/1576 train_mae 1.50 kl 0.087 lr 3e-04 (189s)
[03:53:52]   Epoch 042 1300/1576 train_mae 1.50 kl 0.088 lr 3e-04 (205s)
[03:54:08]   Epoch 042 1400/1576 train_mae 1.49 kl 0.087 lr 3e-04 (221s)
[03:54:24]   Epoch 042 1500/1576 train_mae 1.48 kl 0.087 lr 3e-04 (237s)
[03:54:36]   Epoch 042 1576/1576 train_mae 1.48 kl 0.088 lr 3e-04 (249s)
[03:54:56] [Epoch 042 완료] train MAE 1.48 | val MAE 7.46 | val RMSE 10.55 | lr 3e-04 | 개선없음 3/15
[03:55:12]   Epoch 043 100/1576 train_mae 1.57 kl 0.097 lr 3e-04 (16s)
[03:55:28]   Epoch 043 200/1576 train_mae 1.57 kl 0.097 lr 3e-04 (31s)
[03:55:43]   Epoch 043 300/1576 train_mae 1.56 kl 0.093 lr 3e-04 (47s)
[03:55:59]   Epoch 043 400/1576 train_mae 1.54 kl 0.092 lr 3e-04 (63s)
[03:56:15]   Epoch 043 500/1576 train_mae 1.54 kl 0.091 lr 3e-04 (79s)
[03:56:31]   Epoch 043 600/1576 train_mae 1.53 kl 0.092 lr 3e-04 (95s)
[03:56:47]   Epoch 043 700/1576 train_mae 1.52 kl 0.092 lr 3e-04 (110s)
[03:57:02]   Epoch 043 800/1576 train_mae 1.51 kl 0.091 lr 3e-04 (126s)
[03:57:18]   Epoch 043 900/1576 train_mae 1.50 kl 0.091 lr 3e-04 (142s)
[03:57:34]   Epoch 043 1000/1576 train_mae 1.48 kl 0.090 lr 3e-04 (158s)
[03:57:50]   Epoch 043 1100/1576 train_mae 1.48 kl 0.090 lr 3e-04 (174s)
[03:58:06]   Epoch 043 1200/1576 train_mae 1.47 kl 0.090 lr 3e-04 (190s)
[03:58:23]   Epoch 043 1300/1576 train_mae 1.47 kl 0.089 lr 3e-04 (206s)
[03:58:40]   Epoch 043 1400/1576 train_mae 1.47 kl 0.089 lr 3e-04 (224s)
[03:58:57]   Epoch 043 1500/1576 train_mae 1.46 kl 0.088 lr 3e-04 (241s)
[03:59:10]   Epoch 043 1576/1576 train_mae 1.46 kl 0.088 lr 3e-04 (254s)
[03:59:32] [Epoch 043 완료] train MAE 1.46 | val MAE 7.43 | val RMSE 10.52 | lr 3e-04 | 개선없음 4/15
[03:59:50]   Epoch 044 100/1576 train_mae 1.63 kl 0.088 lr 3e-04 (17s)
[04:00:07]   Epoch 044 200/1576 train_mae 1.59 kl 0.086 lr 3e-04 (34s)
[04:00:24]   Epoch 044 300/1576 train_mae 1.59 kl 0.089 lr 3e-04 (51s)
[04:00:41]   Epoch 044 400/1576 train_mae 1.54 kl 0.089 lr 3e-04 (68s)
[04:00:58]   Epoch 044 500/1576 train_mae 1.52 kl 0.089 lr 3e-04 (85s)
[04:01:15]   Epoch 044 600/1576 train_mae 1.52 kl 0.088 lr 3e-04 (102s)
[04:01:32]   Epoch 044 700/1576 train_mae 1.49 kl 0.088 lr 3e-04 (119s)
[04:01:49]   Epoch 044 800/1576 train_mae 1.47 kl 0.089 lr 3e-04 (136s)
[04:02:06]   Epoch 044 900/1576 train_mae 1.47 kl 0.090 lr 3e-04 (153s)
[04:02:23]   Epoch 044 1000/1576 train_mae 1.46 kl 0.090 lr 3e-04 (170s)
[04:02:40]   Epoch 044 1100/1576 train_mae 1.45 kl 0.089 lr 3e-04 (187s)
[04:02:57]   Epoch 044 1200/1576 train_mae 1.44 kl 0.088 lr 3e-04 (204s)
[04:03:14]   Epoch 044 1300/1576 train_mae 1.45 kl 0.088 lr 3e-04 (221s)
[04:03:31]   Epoch 044 1400/1576 train_mae 1.44 kl 0.088 lr 3e-04 (239s)
[04:03:48]   Epoch 044 1500/1576 train_mae 1.44 kl 0.088 lr 3e-04 (256s)
[04:04:01]   Epoch 044 1576/1576 train_mae 1.44 kl 0.088 lr 3e-04 (269s)
[04:04:23] [Epoch 044 완료] train MAE 1.44 | val MAE 7.47 | val RMSE 10.56 | lr 3e-04 | 개선없음 5/15
[04:04:41]   Epoch 045 100/1576 train_mae 1.57 kl 0.087 lr 3e-04 (17s)
[04:04:58]   Epoch 045 200/1576 train_mae 1.50 kl 0.088 lr 3e-04 (34s)
[04:05:15]   Epoch 045 300/1576 train_mae 1.48 kl 0.090 lr 3e-04 (51s)
[04:05:32]   Epoch 045 400/1576 train_mae 1.45 kl 0.088 lr 3e-04 (68s)
[04:05:49]   Epoch 045 500/1576 train_mae 1.43 kl 0.089 lr 3e-04 (85s)
[04:06:06]   Epoch 045 600/1576 train_mae 1.42 kl 0.089 lr 3e-04 (102s)
[04:06:23]   Epoch 045 700/1576 train_mae 1.41 kl 0.087 lr 3e-04 (119s)
[04:06:40]   Epoch 045 800/1576 train_mae 1.40 kl 0.088 lr 3e-04 (136s)
[04:06:57]   Epoch 045 900/1576 train_mae 1.41 kl 0.088 lr 3e-04 (153s)
[04:07:14]   Epoch 045 1000/1576 train_mae 1.41 kl 0.087 lr 3e-04 (170s)
[04:07:31]   Epoch 045 1100/1576 train_mae 1.41 kl 0.087 lr 3e-04 (187s)
[04:07:48]   Epoch 045 1200/1576 train_mae 1.41 kl 0.087 lr 3e-04 (204s)
[04:08:05]   Epoch 045 1300/1576 train_mae 1.41 kl 0.087 lr 3e-04 (221s)
[04:08:22]   Epoch 045 1400/1576 train_mae 1.41 kl 0.087 lr 3e-04 (238s)
[04:08:39]   Epoch 045 1500/1576 train_mae 1.41 kl 0.087 lr 3e-04 (255s)
[04:08:52]   Epoch 045 1576/1576 train_mae 1.40 kl 0.086 lr 3e-04 (268s)
[04:09:14] [Epoch 045 완료] train MAE 1.40 | val MAE 7.48 | val RMSE 11.00 | lr 3e-04 | 개선없음 6/15
[04:09:31]   Epoch 046 100/1576 train_mae 1.46 kl 0.087 lr 3e-04 (16s)
[04:09:47]   Epoch 046 200/1576 train_mae 1.44 kl 0.088 lr 3e-04 (32s)
[04:10:03]   Epoch 046 300/1576 train_mae 1.44 kl 0.086 lr 3e-04 (48s)
[04:10:18]   Epoch 046 400/1576 train_mae 1.43 kl 0.087 lr 3e-04 (64s)
[04:10:33]   Epoch 046 500/1576 train_mae 1.44 kl 0.088 lr 3e-04 (78s)
[04:10:49]   Epoch 046 600/1576 train_mae 1.44 kl 0.089 lr 3e-04 (94s)
[04:11:04]   Epoch 046 700/1576 train_mae 1.44 kl 0.089 lr 3e-04 (110s)
[04:11:20]   Epoch 046 800/1576 train_mae 1.43 kl 0.088 lr 3e-04 (126s)
[04:11:36]   Epoch 046 900/1576 train_mae 1.42 kl 0.088 lr 3e-04 (141s)
[04:11:52]   Epoch 046 1000/1576 train_mae 1.43 kl 0.088 lr 3e-04 (157s)
[04:12:08]   Epoch 046 1100/1576 train_mae 1.42 kl 0.088 lr 3e-04 (173s)
[04:12:23]   Epoch 046 1200/1576 train_mae 1.41 kl 0.088 lr 3e-04 (189s)
[04:12:39]   Epoch 046 1300/1576 train_mae 1.40 kl 0.088 lr 3e-04 (205s)
[04:12:55]   Epoch 046 1400/1576 train_mae 1.40 kl 0.088 lr 3e-04 (220s)
[04:13:11]   Epoch 046 1500/1576 train_mae 1.40 kl 0.088 lr 3e-04 (236s)
[04:13:23]   Epoch 046 1576/1576 train_mae 1.40 kl 0.088 lr 3e-04 (248s)
[04:13:44] [Epoch 046 완료] train MAE 1.40 | val MAE 7.46 | val RMSE 10.73 | lr 3e-04 | 개선없음 7/15
[04:14:00]   Epoch 047 100/1576 train_mae 1.50 kl 0.088 lr 3e-04 (16s)
[04:14:16]   Epoch 047 200/1576 train_mae 1.46 kl 0.086 lr 3e-04 (31s)
[04:14:35]   Epoch 047 300/1576 train_mae 1.47 kl 0.086 lr 3e-04 (51s)
[04:14:56]   Epoch 047 400/1576 train_mae 1.46 kl 0.086 lr 3e-04 (72s)
[04:15:16]   Epoch 047 500/1576 train_mae 1.44 kl 0.086 lr 3e-04 (92s)
[04:15:37]   Epoch 047 600/1576 train_mae 1.42 kl 0.086 lr 3e-04 (113s)
[04:15:58]   Epoch 047 700/1576 train_mae 1.43 kl 0.087 lr 3e-04 (134s)
[04:16:16]   Epoch 047 800/1576 train_mae 1.41 kl 0.087 lr 3e-04 (152s)
[04:16:33]   Epoch 047 900/1576 train_mae 1.40 kl 0.087 lr 3e-04 (168s)
[04:16:54]   Epoch 047 1000/1576 train_mae 1.40 kl 0.087 lr 3e-04 (189s)
[04:17:16]   Epoch 047 1100/1576 train_mae 1.39 kl 0.087 lr 3e-04 (212s)
[04:17:38]   Epoch 047 1200/1576 train_mae 1.38 kl 0.087 lr 3e-04 (234s)
[04:18:01]   Epoch 047 1300/1576 train_mae 1.38 kl 0.087 lr 3e-04 (256s)
[04:18:20]   Epoch 047 1400/1576 train_mae 1.37 kl 0.088 lr 3e-04 (276s)
[04:18:42]   Epoch 047 1500/1576 train_mae 1.37 kl 0.088 lr 3e-04 (298s)
[04:18:59]   Epoch 047 1576/1576 train_mae 1.37 kl 0.088 lr 3e-04 (315s)
[04:19:23] [Epoch 047 완료] train MAE 1.37 | val MAE 7.47 | val RMSE 10.60 | lr 3e-04 | 개선없음 8/15
[04:19:45]   Epoch 048 100/1576 train_mae 1.55 kl 0.095 lr 3e-04 (21s)
[04:20:06]   Epoch 048 200/1576 train_mae 1.50 kl 0.093 lr 3e-04 (42s)
[04:20:28]   Epoch 048 300/1576 train_mae 1.44 kl 0.091 lr 3e-04 (64s)
[04:20:50]   Epoch 048 400/1576 train_mae 1.43 kl 0.091 lr 3e-04 (86s)
[04:21:12]   Epoch 048 500/1576 train_mae 1.42 kl 0.091 lr 3e-04 (109s)
[04:21:32]   Epoch 048 600/1576 train_mae 1.41 kl 0.090 lr 3e-04 (128s)
[04:21:54]   Epoch 048 700/1576 train_mae 1.40 kl 0.089 lr 3e-04 (150s)
[04:22:17]   Epoch 048 800/1576 train_mae 1.39 kl 0.089 lr 3e-04 (173s)
[04:22:39]   Epoch 048 900/1576 train_mae 1.38 kl 0.089 lr 3e-04 (195s)
[04:23:01]   Epoch 048 1000/1576 train_mae 1.37 kl 0.088 lr 3e-04 (217s)
[04:23:20]   Epoch 048 1100/1576 train_mae 1.37 kl 0.088 lr 3e-04 (236s)
[04:23:42]   Epoch 048 1200/1576 train_mae 1.36 kl 0.087 lr 3e-04 (259s)
[04:24:05]   Epoch 048 1300/1576 train_mae 1.36 kl 0.087 lr 3e-04 (281s)
[04:24:27]   Epoch 048 1400/1576 train_mae 1.35 kl 0.086 lr 3e-04 (303s)
[04:24:47]   Epoch 048 1500/1576 train_mae 1.35 kl 0.086 lr 3e-04 (323s)
[04:25:03]   Epoch 048 1576/1576 train_mae 1.34 kl 0.086 lr 3e-04 (340s)
[04:25:28] [Epoch 048 완료] train MAE 1.34 | val MAE 7.41 | val RMSE 10.56 | lr 3e-04 | 개선없음 9/15
[04:25:50]   Epoch 049 100/1576 train_mae 1.45 kl 0.086 lr 3e-04 (22s)
[04:26:12]   Epoch 049 200/1576 train_mae 1.41 kl 0.083 lr 3e-04 (44s)
[04:26:32]   Epoch 049 300/1576 train_mae 1.36 kl 0.084 lr 3e-04 (64s)
[04:26:54]   Epoch 049 400/1576 train_mae 1.34 kl 0.083 lr 3e-04 (86s)
[04:27:17]   Epoch 049 500/1576 train_mae 1.34 kl 0.083 lr 3e-04 (108s)
[04:27:39]   Epoch 049 600/1576 train_mae 1.33 kl 0.084 lr 3e-04 (130s)
[04:28:00]   Epoch 049 700/1576 train_mae 1.33 kl 0.084 lr 3e-04 (151s)
[04:28:21]   Epoch 049 800/1576 train_mae 1.33 kl 0.084 lr 3e-04 (172s)
[04:28:43]   Epoch 049 900/1576 train_mae 1.32 kl 0.085 lr 3e-04 (195s)
[04:29:05]   Epoch 049 1000/1576 train_mae 1.32 kl 0.085 lr 3e-04 (217s)
[04:29:28]   Epoch 049 1100/1576 train_mae 1.32 kl 0.085 lr 3e-04 (239s)
[04:29:47]   Epoch 049 1200/1576 train_mae 1.32 kl 0.085 lr 3e-04 (259s)
[04:30:10]   Epoch 049 1300/1576 train_mae 1.32 kl 0.085 lr 3e-04 (281s)
[04:30:32]   Epoch 049 1400/1576 train_mae 1.32 kl 0.085 lr 3e-04 (303s)
[04:30:54]   Epoch 049 1500/1576 train_mae 1.32 kl 0.085 lr 3e-04 (326s)
[04:31:11]   Epoch 049 1576/1576 train_mae 1.32 kl 0.085 lr 3e-04 (342s)
[04:31:34] [Epoch 049 완료] train MAE 1.32 | val MAE 7.45 | val RMSE 10.62 | lr 3e-04 | 개선없음 10/15
[04:31:57]   Epoch 050 100/1576 train_mae 1.42 kl 0.092 lr 3e-04 (22s)
[04:32:19]   Epoch 050 200/1576 train_mae 1.39 kl 0.091 lr 3e-04 (44s)
[04:32:42]   Epoch 050 300/1576 train_mae 1.40 kl 0.090 lr 3e-04 (67s)
[04:33:02]   Epoch 050 400/1576 train_mae 1.36 kl 0.089 lr 3e-04 (87s)
[04:33:24]   Epoch 050 500/1576 train_mae 1.35 kl 0.089 lr 3e-04 (109s)
[04:33:46]   Epoch 050 600/1576 train_mae 1.35 kl 0.089 lr 3e-04 (131s)
[04:34:09]   Epoch 050 700/1576 train_mae 1.33 kl 0.089 lr 3e-04 (154s)
[04:34:30]   Epoch 050 800/1576 train_mae 1.34 kl 0.089 lr 3e-04 (175s)
[04:34:51]   Epoch 050 900/1576 train_mae 1.33 kl 0.088 lr 3e-04 (196s)
[04:35:13]   Epoch 050 1000/1576 train_mae 1.33 kl 0.088 lr 3e-04 (218s)
[04:35:35]   Epoch 050 1100/1576 train_mae 1.32 kl 0.088 lr 3e-04 (241s)
[04:35:58]   Epoch 050 1200/1576 train_mae 1.31 kl 0.087 lr 3e-04 (263s)
[04:36:17]   Epoch 050 1300/1576 train_mae 1.30 kl 0.087 lr 3e-04 (283s)
[04:36:40]   Epoch 050 1400/1576 train_mae 1.30 kl 0.087 lr 3e-04 (305s)
[04:37:02]   Epoch 050 1500/1576 train_mae 1.30 kl 0.087 lr 3e-04 (327s)
[04:37:19]   Epoch 050 1576/1576 train_mae 1.30 kl 0.087 lr 3e-04 (344s)
[04:37:44] [Epoch 050 완료] train MAE 1.30 | val MAE 7.40 | val RMSE 10.54 | lr 3e-04 | 개선없음 11/15
[04:38:04]   Epoch 051 100/1576 train_mae 1.34 kl 0.093 lr 3e-04 (20s)
[04:38:27]   Epoch 051 200/1576 train_mae 1.35 kl 0.091 lr 3e-04 (42s)
[04:38:50]   Epoch 051 300/1576 train_mae 1.34 kl 0.090 lr 3e-04 (65s)
[04:39:12]   Epoch 051 400/1576 train_mae 1.33 kl 0.089 lr 3e-04 (88s)
[04:39:31]   Epoch 051 500/1576 train_mae 1.33 kl 0.090 lr 3e-04 (107s)
[04:39:55]   Epoch 051 600/1576 train_mae 1.34 kl 0.090 lr 3e-04 (131s)
[04:40:17]   Epoch 051 700/1576 train_mae 1.33 kl 0.090 lr 3e-04 (153s)
[04:40:39]   Epoch 051 800/1576 train_mae 1.32 kl 0.089 lr 3e-04 (175s)
[04:41:01]   Epoch 051 900/1576 train_mae 1.32 kl 0.090 lr 3e-04 (197s)
[04:41:21]   Epoch 051 1000/1576 train_mae 1.31 kl 0.088 lr 3e-04 (217s)
[04:41:44]   Epoch 051 1100/1576 train_mae 1.31 kl 0.088 lr 3e-04 (240s)
[04:42:06]   Epoch 051 1200/1576 train_mae 1.31 kl 0.088 lr 3e-04 (262s)
[04:42:28]   Epoch 051 1300/1576 train_mae 1.30 kl 0.088 lr 3e-04 (284s)
[04:42:48]   Epoch 051 1400/1576 train_mae 1.30 kl 0.087 lr 3e-04 (304s)
[04:43:10]   Epoch 051 1500/1576 train_mae 1.29 kl 0.087 lr 3e-04 (326s)
[04:43:27]   Epoch 051 1576/1576 train_mae 1.29 kl 0.086 lr 3e-04 (343s)
[04:43:52] [Epoch 051 완료] train MAE 1.29 | val MAE 7.46 | val RMSE 10.63 | lr 3e-04 | 개선없음 12/15
[04:44:15]   Epoch 052 100/1576 train_mae 1.45 kl 0.086 lr 3e-04 (22s)
[04:44:34]   Epoch 052 200/1576 train_mae 1.39 kl 0.088 lr 3e-04 (42s)
[04:44:56]   Epoch 052 300/1576 train_mae 1.38 kl 0.090 lr 3e-04 (64s)
[04:45:19]   Epoch 052 400/1576 train_mae 1.39 kl 0.090 lr 3e-04 (86s)
[04:45:41]   Epoch 052 500/1576 train_mae 1.37 kl 0.089 lr 3e-04 (109s)
[04:46:01]   Epoch 052 600/1576 train_mae 1.35 kl 0.088 lr 3e-04 (129s)
[04:46:23]   Epoch 052 700/1576 train_mae 1.32 kl 0.086 lr 3e-04 (151s)
[04:46:45]   Epoch 052 800/1576 train_mae 1.31 kl 0.086 lr 3e-04 (173s)
[04:47:07]   Epoch 052 900/1576 train_mae 1.29 kl 0.086 lr 3e-04 (195s)
[04:47:30]   Epoch 052 1000/1576 train_mae 1.29 kl 0.086 lr 3e-04 (218s)
[04:47:50]   Epoch 052 1100/1576 train_mae 1.29 kl 0.086 lr 3e-04 (238s)
[04:48:12]   Epoch 052 1200/1576 train_mae 1.29 kl 0.086 lr 3e-04 (260s)
[04:48:34]   Epoch 052 1300/1576 train_mae 1.28 kl 0.085 lr 3e-04 (282s)
[04:48:56]   Epoch 052 1400/1576 train_mae 1.28 kl 0.084 lr 3e-04 (304s)
[04:49:17]   Epoch 052 1500/1576 train_mae 1.27 kl 0.084 lr 3e-04 (325s)
[04:49:33]   Epoch 052 1576/1576 train_mae 1.27 kl 0.084 lr 3e-04 (341s)
[04:49:56] [Epoch 052 완료] train MAE 1.27 | val MAE 7.53 | val RMSE 10.72 | lr 3e-04 | 개선없음 13/15
[04:50:19]   Epoch 053 100/1576 train_mae 1.36 kl 0.093 lr 3e-04 (22s)
[04:50:41]   Epoch 053 200/1576 train_mae 1.33 kl 0.090 lr 3e-04 (45s)
[04:51:01]   Epoch 053 300/1576 train_mae 1.32 kl 0.092 lr 3e-04 (65s)
[04:51:24]   Epoch 053 400/1576 train_mae 1.29 kl 0.091 lr 3e-04 (87s)
[04:51:46]   Epoch 053 500/1576 train_mae 1.29 kl 0.091 lr 3e-04 (109s)
[04:52:08]   Epoch 053 600/1576 train_mae 1.29 kl 0.090 lr 3e-04 (131s)
[04:52:29]   Epoch 053 700/1576 train_mae 1.29 kl 0.090 lr 3e-04 (152s)
[04:52:50]   Epoch 053 800/1576 train_mae 1.28 kl 0.089 lr 3e-04 (173s)
[04:53:12]   Epoch 053 900/1576 train_mae 1.28 kl 0.090 lr 3e-04 (195s)
[04:53:34]   Epoch 053 1000/1576 train_mae 1.27 kl 0.089 lr 3e-04 (218s)
[04:53:57]   Epoch 053 1100/1576 train_mae 1.27 kl 0.089 lr 3e-04 (240s)
[04:54:16]   Epoch 053 1200/1576 train_mae 1.25 kl 0.088 lr 3e-04 (260s)
[04:54:39]   Epoch 053 1300/1576 train_mae 1.25 kl 0.088 lr 3e-04 (282s)
[04:55:01]   Epoch 053 1400/1576 train_mae 1.25 kl 0.088 lr 3e-04 (304s)
[04:55:23]   Epoch 053 1500/1576 train_mae 1.24 kl 0.087 lr 3e-04 (327s)
[04:55:40]   Epoch 053 1576/1576 train_mae 1.24 kl 0.087 lr 3e-04 (344s)
[04:56:05] [Epoch 053 완료] train MAE 1.24 | val MAE 7.57 | val RMSE 10.64 | lr 3e-04 | 개선없음 14/15
[04:56:27]   Epoch 054 100/1576 train_mae 1.26 kl 0.075 lr 3e-04 (22s)
[04:56:50]   Epoch 054 200/1576 train_mae 1.27 kl 0.080 lr 3e-04 (45s)
[04:57:12]   Epoch 054 300/1576 train_mae 1.29 kl 0.079 lr 3e-04 (67s)
[04:57:32]   Epoch 054 400/1576 train_mae 1.27 kl 0.082 lr 3e-04 (86s)
[04:57:54]   Epoch 054 500/1576 train_mae 1.27 kl 0.082 lr 3e-04 (109s)
[04:58:16]   Epoch 054 600/1576 train_mae 1.25 kl 0.082 lr 3e-04 (131s)
[04:58:38]   Epoch 054 700/1576 train_mae 1.24 kl 0.083 lr 3e-04 (153s)
[04:59:01]   Epoch 054 800/1576 train_mae 1.24 kl 0.082 lr 3e-04 (175s)
[04:59:20]   Epoch 054 900/1576 train_mae 1.25 kl 0.083 lr 3e-04 (195s)
[04:59:42]   Epoch 054 1000/1576 train_mae 1.26 kl 0.084 lr 3e-04 (217s)
[05:00:05]   Epoch 054 1100/1576 train_mae 1.25 kl 0.083 lr 3e-04 (239s)
[05:00:27]   Epoch 054 1200/1576 train_mae 1.25 kl 0.083 lr 3e-04 (262s)
[05:00:47]   Epoch 054 1300/1576 train_mae 1.25 kl 0.083 lr 3e-04 (282s)
[05:01:09]   Epoch 054 1400/1576 train_mae 1.24 kl 0.083 lr 3e-04 (303s)
[05:01:31]   Epoch 054 1500/1576 train_mae 1.24 kl 0.083 lr 3e-04 (326s)
[05:01:48]   Epoch 054 1576/1576 train_mae 1.23 kl 0.082 lr 3e-04 (343s)
[05:02:11] [Epoch 054 완료] train MAE 1.23 | val MAE 7.46 | val RMSE 10.70 | lr 3e-04 | 개선없음 15/15
[05:02:31]   Epoch 055 100/1576 train_mae 1.31 kl 0.083 lr 3e-04 (19s)
[05:02:53]   Epoch 055 200/1576 train_mae 1.28 kl 0.081 lr 3e-04 (42s)
[05:03:16]   Epoch 055 300/1576 train_mae 1.28 kl 0.082 lr 3e-04 (64s)
[05:03:38]   Epoch 055 400/1576 train_mae 1.26 kl 0.080 lr 3e-04 (86s)
[05:03:59]   Epoch 055 500/1576 train_mae 1.25 kl 0.079 lr 3e-04 (108s)
[05:04:20]   Epoch 055 600/1576 train_mae 1.25 kl 0.079 lr 3e-04 (128s)
[05:04:42]   Epoch 055 700/1576 train_mae 1.24 kl 0.079 lr 3e-04 (151s)
[05:05:04]   Epoch 055 800/1576 train_mae 1.24 kl 0.079 lr 3e-04 (173s)
[05:05:27]   Epoch 055 900/1576 train_mae 1.23 kl 0.080 lr 3e-04 (195s)
[05:05:46]   Epoch 055 1000/1576 train_mae 1.23 kl 0.079 lr 3e-04 (215s)
[05:06:08]   Epoch 055 1100/1576 train_mae 1.23 kl 0.079 lr 3e-04 (237s)
[05:06:31]   Epoch 055 1200/1576 train_mae 1.23 kl 0.079 lr 3e-04 (259s)
[05:06:53]   Epoch 055 1300/1576 train_mae 1.22 kl 0.080 lr 3e-04 (281s)
[05:07:15]   Epoch 055 1400/1576 train_mae 1.22 kl 0.080 lr 3e-04 (303s)
[05:07:35]   Epoch 055 1500/1576 train_mae 1.21 kl 0.079 lr 3e-04 (323s)
[05:07:52]   Epoch 055 1576/1576 train_mae 1.21 kl 0.080 lr 3e-04 (340s)
[05:08:17] [Epoch 055 완료] train MAE 1.21 | val MAE 7.46 | val RMSE 10.57 | lr 3e-04 | 개선없음 16/15
[05:08:39]   Epoch 056 100/1576 train_mae 1.21 kl 0.086 lr 3e-04 (22s)
[05:08:59]   Epoch 056 200/1576 train_mae 1.22 kl 0.082 lr 3e-04 (42s)
[05:09:21]   Epoch 056 300/1576 train_mae 1.21 kl 0.080 lr 3e-04 (64s)
[05:09:43]   Epoch 056 400/1576 train_mae 1.23 kl 0.082 lr 3e-04 (86s)
[05:10:06]   Epoch 056 500/1576 train_mae 1.23 kl 0.084 lr 3e-04 (109s)
[05:10:28]   Epoch 056 600/1576 train_mae 1.23 kl 0.085 lr 3e-04 (131s)
[05:10:48]   Epoch 056 700/1576 train_mae 1.22 kl 0.085 lr 3e-04 (151s)
[05:11:10]   Epoch 056 800/1576 train_mae 1.22 kl 0.085 lr 3e-04 (173s)
[05:11:33]   Epoch 056 900/1576 train_mae 1.21 kl 0.084 lr 3e-04 (196s)
[05:11:55]   Epoch 056 1000/1576 train_mae 1.20 kl 0.084 lr 3e-04 (218s)
[05:12:15]   Epoch 056 1100/1576 train_mae 1.20 kl 0.085 lr 3e-04 (238s)
[05:12:38]   Epoch 056 1200/1576 train_mae 1.20 kl 0.084 lr 3e-04 (261s)
[05:13:00]   Epoch 056 1300/1576 train_mae 1.19 kl 0.084 lr 3e-04 (283s)
[05:13:22]   Epoch 056 1400/1576 train_mae 1.19 kl 0.084 lr 3e-04 (305s)
[05:13:44]   Epoch 056 1500/1576 train_mae 1.18 kl 0.084 lr 3e-04 (327s)
[05:13:59]   Epoch 056 1576/1576 train_mae 1.18 kl 0.084 lr 3e-04 (341s)
[05:14:21] [Epoch 056 완료] train MAE 1.18 | val MAE 7.57 | val RMSE 11.14 | lr 3e-04 | 개선없음 17/15
[05:14:44]   Epoch 057 100/1576 train_mae 1.25 kl 0.087 lr 3e-04 (22s)
[05:15:06]   Epoch 057 200/1576 train_mae 1.22 kl 0.087 lr 3e-04 (45s)
[05:15:27]   Epoch 057 300/1576 train_mae 1.21 kl 0.087 lr 3e-04 (65s)
[05:15:48]   Epoch 057 400/1576 train_mae 1.19 kl 0.086 lr 3e-04 (87s)
[05:16:10]   Epoch 057 500/1576 train_mae 1.20 kl 0.086 lr 3e-04 (109s)
[05:16:32]   Epoch 057 600/1576 train_mae 1.19 kl 0.087 lr 3e-04 (131s)
[05:16:55]   Epoch 057 700/1576 train_mae 1.17 kl 0.086 lr 3e-04 (153s)
[05:17:14]   Epoch 057 800/1576 train_mae 1.17 kl 0.086 lr 3e-04 (173s)
[05:17:36]   Epoch 057 900/1576 train_mae 1.17 kl 0.085 lr 3e-04 (195s)
[05:17:59]   Epoch 057 1000/1576 train_mae 1.17 kl 0.085 lr 3e-04 (217s)
[05:18:21]   Epoch 057 1100/1576 train_mae 1.18 kl 0.084 lr 3e-04 (239s)
[05:18:42]   Epoch 057 1200/1576 train_mae 1.17 kl 0.084 lr 3e-04 (260s)
[05:19:02]   Epoch 057 1300/1576 train_mae 1.17 kl 0.084 lr 3e-04 (281s)
[05:19:25]   Epoch 057 1400/1576 train_mae 1.17 kl 0.084 lr 3e-04 (303s)
[05:19:47]   Epoch 057 1500/1576 train_mae 1.17 kl 0.084 lr 3e-04 (325s)
[05:20:04]   Epoch 057 1576/1576 train_mae 1.17 kl 0.084 lr 3e-04 (342s)
[05:20:27] [Epoch 057 완료] train MAE 1.17 | val MAE 7.48 | val RMSE 10.53 | lr 3e-04 | 개선없음 18/15
[05:20:50]   Epoch 058 100/1576 train_mae 1.29 kl 0.092 lr 3e-04 (22s)
[05:21:12]   Epoch 058 200/1576 train_mae 1.24 kl 0.091 lr 3e-04 (44s)
[05:21:34]   Epoch 058 300/1576 train_mae 1.22 kl 0.089 lr 3e-04 (67s)
[05:21:56]   Epoch 058 400/1576 train_mae 1.21 kl 0.089 lr 3e-04 (88s)
[05:22:16]   Epoch 058 500/1576 train_mae 1.19 kl 0.088 lr 3e-04 (109s)
[05:22:39]   Epoch 058 600/1576 train_mae 1.18 kl 0.087 lr 3e-04 (131s)
[05:23:01]   Epoch 058 700/1576 train_mae 1.19 kl 0.087 lr 3e-04 (153s)
[05:23:23]   Epoch 058 800/1576 train_mae 1.18 kl 0.087 lr 3e-04 (175s)
[05:23:43]   Epoch 058 900/1576 train_mae 1.18 kl 0.086 lr 3e-04 (195s)
[05:24:05]   Epoch 058 1000/1576 train_mae 1.17 kl 0.085 lr 3e-04 (217s)
[05:24:28]   Epoch 058 1100/1576 train_mae 1.16 kl 0.084 lr 3e-04 (240s)
[05:24:49]   Epoch 058 1200/1576 train_mae 1.16 kl 0.084 lr 3e-04 (262s)
[05:25:12]   Epoch 058 1300/1576 train_mae 1.16 kl 0.084 lr 3e-04 (284s)
[05:25:32]   Epoch 058 1400/1576 train_mae 1.16 kl 0.084 lr 3e-04 (304s)
[05:25:54]   Epoch 058 1500/1576 train_mae 1.15 kl 0.084 lr 3e-04 (326s)
[05:26:11]   Epoch 058 1576/1576 train_mae 1.15 kl 0.084 lr 3e-04 (343s)
[05:26:35] [Epoch 058 완료] train MAE 1.15 | val MAE 7.56 | val RMSE 10.59 | lr 3e-04 | 개선없음 19/15
[05:26:56]   Epoch 059 100/1576 train_mae 1.26 kl 0.091 lr 3e-04 (20s)
[05:27:18]   Epoch 059 200/1576 train_mae 1.24 kl 0.089 lr 3e-04 (42s)
[05:27:40]   Epoch 059 300/1576 train_mae 1.23 kl 0.088 lr 3e-04 (64s)
[05:28:03]   Epoch 059 400/1576 train_mae 1.22 kl 0.087 lr 3e-04 (87s)
[05:28:25]   Epoch 059 500/1576 train_mae 1.20 kl 0.085 lr 3e-04 (109s)
[05:28:45]   Epoch 059 600/1576 train_mae 1.19 kl 0.084 lr 3e-04 (129s)
[05:29:07]   Epoch 059 700/1576 train_mae 1.20 kl 0.084 lr 3e-04 (151s)
[05:29:29]   Epoch 059 800/1576 train_mae 1.19 kl 0.084 lr 3e-04 (174s)
[05:29:52]   Epoch 059 900/1576 train_mae 1.18 kl 0.083 lr 3e-04 (196s)
[05:30:12]   Epoch 059 1000/1576 train_mae 1.18 kl 0.083 lr 3e-04 (216s)
[05:30:34]   Epoch 059 1100/1576 train_mae 1.17 kl 0.083 lr 3e-04 (238s)
[05:30:56]   Epoch 059 1200/1576 train_mae 1.17 kl 0.083 lr 3e-04 (260s)
[05:31:18]   Epoch 059 1300/1576 train_mae 1.16 kl 0.083 lr 3e-04 (282s)
[05:31:40]   Epoch 059 1400/1576 train_mae 1.16 kl 0.082 lr 3e-04 (304s)
[05:32:00]   Epoch 059 1500/1576 train_mae 1.15 kl 0.082 lr 3e-04 (324s)
[05:32:17]   Epoch 059 1576/1576 train_mae 1.15 kl 0.082 lr 3e-04 (341s)
[05:32:41] [Epoch 059 완료] train MAE 1.15 | val MAE 7.51 | val RMSE 10.77 | lr 3e-04 | 개선없음 20/15
[05:33:04]   Epoch 060 100/1576 train_mae 1.29 kl 0.087 lr 3e-04 (22s)
[05:33:25]   Epoch 060 200/1576 train_mae 1.22 kl 0.082 lr 3e-04 (43s)
[05:33:46]   Epoch 060 300/1576 train_mae 1.22 kl 0.080 lr 3e-04 (64s)
[05:34:08]   Epoch 060 400/1576 train_mae 1.20 kl 0.080 lr 3e-04 (86s)
[05:34:30]   Epoch 060 500/1576 train_mae 1.19 kl 0.080 lr 3e-04 (108s)
[05:34:52]   Epoch 060 600/1576 train_mae 1.18 kl 0.081 lr 3e-04 (131s)
[05:35:12]   Epoch 060 700/1576 train_mae 1.18 kl 0.081 lr 3e-04 (150s)
[05:35:34]   Epoch 060 800/1576 train_mae 1.17 kl 0.082 lr 3e-04 (172s)
[05:35:56]   Epoch 060 900/1576 train_mae 1.16 kl 0.082 lr 3e-04 (195s)
[05:36:19]   Epoch 060 1000/1576 train_mae 1.16 kl 0.082 lr 3e-04 (217s)
[05:36:40]   Epoch 060 1100/1576 train_mae 1.15 kl 0.081 lr 3e-04 (239s)
[05:37:01]   Epoch 060 1200/1576 train_mae 1.15 kl 0.081 lr 3e-04 (259s)
[05:37:23]   Epoch 060 1300/1576 train_mae 1.15 kl 0.081 lr 3e-04 (281s)
[05:37:45]   Epoch 060 1400/1576 train_mae 1.15 kl 0.082 lr 3e-04 (304s)
[05:38:08]   Epoch 060 1500/1576 train_mae 1.15 kl 0.082 lr 3e-04 (326s)
[05:38:23]   Epoch 060 1576/1576 train_mae 1.14 kl 0.082 lr 3e-04 (341s)
[05:38:45] [Epoch 060 완료] train MAE 1.14 | val MAE 7.58 | val RMSE 10.83 | lr 3e-04 | 개선없음 21/15
[05:39:07]   Epoch 061 100/1576 train_mae 1.09 kl 0.091 lr 1e-04 (22s)
[05:39:30]   Epoch 061 200/1576 train_mae 1.09 kl 0.088 lr 1e-04 (45s)
[05:39:52]   Epoch 061 300/1576 train_mae 1.08 kl 0.085 lr 1e-04 (67s)
[05:40:12]   Epoch 061 400/1576 train_mae 1.07 kl 0.084 lr 1e-04 (87s)
[05:40:34]   Epoch 061 500/1576 train_mae 1.05 kl 0.084 lr 1e-04 (109s)
[05:40:56]   Epoch 061 600/1576 train_mae 1.05 kl 0.084 lr 1e-04 (131s)
[05:41:19]   Epoch 061 700/1576 train_mae 1.06 kl 0.083 lr 1e-04 (154s)
[05:41:40]   Epoch 061 800/1576 train_mae 1.06 kl 0.083 lr 1e-04 (175s)
[05:42:01]   Epoch 061 900/1576 train_mae 1.04 kl 0.082 lr 1e-04 (196s)
[05:42:24]   Epoch 061 1000/1576 train_mae 1.04 kl 0.082 lr 1e-04 (218s)
[05:42:46]   Epoch 061 1100/1576 train_mae 1.04 kl 0.082 lr 1e-04 (241s)
[05:43:08]   Epoch 061 1200/1576 train_mae 1.03 kl 0.082 lr 1e-04 (263s)
[05:43:28]   Epoch 061 1300/1576 train_mae 1.03 kl 0.082 lr 1e-04 (283s)
[05:43:50]   Epoch 061 1400/1576 train_mae 1.02 kl 0.081 lr 1e-04 (305s)
[05:44:12]   Epoch 061 1500/1576 train_mae 1.02 kl 0.081 lr 1e-04 (327s)
[05:44:29]   Epoch 061 1576/1576 train_mae 1.01 kl 0.080 lr 1e-04 (344s)
[05:44:53] [Epoch 061 완료] train MAE 1.01 | val MAE 7.39 | val RMSE 10.50 | lr 1e-04 | 개선없음 22/15
[05:45:14]   Epoch 062 100/1576 train_mae 0.68 kl 0.074 lr 1e-04 (21s)
[05:45:36]   Epoch 062 200/1576 train_mae 0.68 kl 0.073 lr 1e-04 (43s)
[05:45:59]   Epoch 062 300/1576 train_mae 0.68 kl 0.074 lr 1e-04 (65s)
[05:46:21]   Epoch 062 400/1576 train_mae 0.69 kl 0.074 lr 1e-04 (88s)
[05:46:40]   Epoch 062 500/1576 train_mae 0.69 kl 0.074 lr 1e-04 (107s)
[05:47:03]   Epoch 062 600/1576 train_mae 0.69 kl 0.073 lr 1e-04 (130s)
[05:47:25]   Epoch 062 700/1576 train_mae 0.70 kl 0.074 lr 1e-04 (152s)
[05:47:47]   Epoch 062 800/1576 train_mae 0.70 kl 0.074 lr 1e-04 (174s)
[05:48:09]   Epoch 062 900/1576 train_mae 0.70 kl 0.073 lr 1e-04 (196s)
[05:48:28]   Epoch 062 1000/1576 train_mae 0.70 kl 0.073 lr 1e-04 (215s)
[05:48:51]   Epoch 062 1100/1576 train_mae 0.70 kl 0.073 lr 1e-04 (237s)
[05:49:13]   Epoch 062 1200/1576 train_mae 0.70 kl 0.072 lr 1e-04 (260s)
[05:49:35]   Epoch 062 1300/1576 train_mae 0.70 kl 0.072 lr 1e-04 (282s)
[05:49:55]   Epoch 062 1400/1576 train_mae 0.70 kl 0.072 lr 1e-04 (302s)
[05:50:17]   Epoch 062 1500/1576 train_mae 0.70 kl 0.072 lr 1e-04 (324s)
[05:50:34]   Epoch 062 1576/1576 train_mae 0.69 kl 0.072 lr 1e-04 (341s)
[05:50:57] [Epoch 062 완료] train MAE 0.69 | val MAE 7.44 | val RMSE 10.55 | lr 1e-04 | 개선없음 23/15
[05:51:20]   Epoch 063 100/1576 train_mae 0.59 kl 0.074 lr 1e-04 (22s)
[05:51:39]   Epoch 063 200/1576 train_mae 0.58 kl 0.073 lr 1e-04 (42s)
[05:52:01]   Epoch 063 300/1576 train_mae 0.57 kl 0.072 lr 1e-04 (64s)
[05:52:24]   Epoch 063 400/1576 train_mae 0.58 kl 0.072 lr 1e-04 (86s)
[05:52:46]   Epoch 063 500/1576 train_mae 0.59 kl 0.073 lr 1e-04 (108s)
[05:53:06]   Epoch 063 600/1576 train_mae 0.58 kl 0.072 lr 1e-04 (129s)
[05:53:22]   Epoch 063 700/1576 train_mae 0.58 kl 0.072 lr 1e-04 (145s)
[05:53:38]   Epoch 063 800/1576 train_mae 0.58 kl 0.072 lr 1e-04 (161s)
[05:53:54]   Epoch 063 900/1576 train_mae 0.59 kl 0.072 lr 1e-04 (177s)
[05:54:10]   Epoch 063 1000/1576 train_mae 0.59 kl 0.071 lr 1e-04 (192s)
[05:54:25]   Epoch 063 1100/1576 train_mae 0.59 kl 0.071 lr 1e-04 (208s)
[05:54:41]   Epoch 063 1200/1576 train_mae 0.58 kl 0.071 lr 1e-04 (224s)
[05:54:57]   Epoch 063 1300/1576 train_mae 0.58 kl 0.071 lr 1e-04 (240s)
[05:55:13]   Epoch 063 1400/1576 train_mae 0.58 kl 0.070 lr 1e-04 (255s)
[05:55:29]   Epoch 063 1500/1576 train_mae 0.58 kl 0.070 lr 1e-04 (271s)
[05:55:41]   Epoch 063 1576/1576 train_mae 0.58 kl 0.070 lr 1e-04 (283s)
[05:55:58] [Epoch 063 완료] train MAE 0.58 | val MAE 7.45 | val RMSE 10.60 | lr 1e-04 | 개선없음 24/15
[05:56:14]   Epoch 064 100/1576 train_mae 0.57 kl 0.069 lr 1e-04 (16s)
[05:56:30]   Epoch 064 200/1576 train_mae 0.55 kl 0.070 lr 1e-04 (32s)
[05:56:46]   Epoch 064 300/1576 train_mae 0.55 kl 0.070 lr 1e-04 (47s)
[05:57:02]   Epoch 064 400/1576 train_mae 0.54 kl 0.069 lr 1e-04 (63s)
[05:57:18]   Epoch 064 500/1576 train_mae 0.54 kl 0.070 lr 1e-04 (79s)
[05:57:33]   Epoch 064 600/1576 train_mae 0.54 kl 0.070 lr 1e-04 (95s)
[05:57:49]   Epoch 064 700/1576 train_mae 0.54 kl 0.070 lr 1e-04 (111s)
[05:58:05]   Epoch 064 800/1576 train_mae 0.54 kl 0.070 lr 1e-04 (126s)
[05:58:21]   Epoch 064 900/1576 train_mae 0.54 kl 0.069 lr 1e-04 (142s)
[05:58:36]   Epoch 064 1000/1576 train_mae 0.54 kl 0.069 lr 1e-04 (158s)
[05:58:52]   Epoch 064 1100/1576 train_mae 0.54 kl 0.070 lr 1e-04 (174s)
[05:59:08]   Epoch 064 1200/1576 train_mae 0.54 kl 0.069 lr 1e-04 (189s)
[05:59:24]   Epoch 064 1300/1576 train_mae 0.54 kl 0.069 lr 1e-04 (205s)
[05:59:40]   Epoch 064 1400/1576 train_mae 0.54 kl 0.069 lr 1e-04 (221s)
[05:59:55]   Epoch 064 1500/1576 train_mae 0.53 kl 0.069 lr 1e-04 (237s)
[06:00:07]   Epoch 064 1576/1576 train_mae 0.54 kl 0.069 lr 1e-04 (249s)
[06:00:28] [Epoch 064 완료] train MAE 0.54 | val MAE 7.36 | val RMSE 10.51 | lr 1e-04 | 개선없음 25/15
[06:00:45]   Epoch 065 100/1576 train_mae 0.50 kl 0.067 lr 1e-04 (16s)
[06:01:00]   Epoch 065 200/1576 train_mae 0.49 kl 0.066 lr 1e-04 (32s)
[06:01:16]   Epoch 065 300/1576 train_mae 0.50 kl 0.066 lr 1e-04 (48s)
[06:01:32]   Epoch 065 400/1576 train_mae 0.51 kl 0.066 lr 1e-04 (64s)
[06:01:48]   Epoch 065 500/1576 train_mae 0.51 kl 0.067 lr 1e-04 (79s)
[06:02:04]   Epoch 065 600/1576 train_mae 0.51 kl 0.066 lr 1e-04 (95s)
[06:02:20]   Epoch 065 700/1576 train_mae 0.51 kl 0.067 lr 1e-04 (111s)
[06:02:36]   Epoch 065 800/1576 train_mae 0.51 kl 0.066 lr 1e-04 (127s)
[06:02:51]   Epoch 065 900/1576 train_mae 0.51 kl 0.066 lr 1e-04 (143s)
[06:03:07]   Epoch 065 1000/1576 train_mae 0.52 kl 0.067 lr 1e-04 (158s)
[06:03:23]   Epoch 065 1100/1576 train_mae 0.52 kl 0.067 lr 1e-04 (174s)
[06:03:39]   Epoch 065 1200/1576 train_mae 0.52 kl 0.067 lr 1e-04 (190s)
[06:03:55]   Epoch 065 1300/1576 train_mae 0.52 kl 0.067 lr 1e-04 (206s)
[06:04:10]   Epoch 065 1400/1576 train_mae 0.51 kl 0.067 lr 1e-04 (222s)
[06:04:26]   Epoch 065 1500/1576 train_mae 0.51 kl 0.067 lr 1e-04 (237s)
[06:04:38]   Epoch 065 1576/1576 train_mae 0.51 kl 0.067 lr 1e-04 (249s)
[06:04:59] [Epoch 065 완료] train MAE 0.51 | val MAE 7.37 | val RMSE 10.55 | lr 1e-04 | 개선없음 26/15
[06:04:59] 조기종료: 15에폭 연속 개선 없음 | 최고 val MAE 7.35 @ epoch 39
================================================================
[06:04:59] 최종 평가 (best.pt 로드)
[06:05:00] [backbone] timm 'legacy_xception' 로드 완료 (pretrained=False)
[06:05:00] [reg] backbone out (2048, 18, 18) -> z 6,400 | params 27.1M
[06:05:00] best.pt 로드 | 채널 ['hand', 'r1', 'r2'] | lambda 0.5 | delta 15.0
[06:05:00]  split |      N |  MAE(mo) |  RMSE(mo) |    bias
[06:07:44]  train | 12,611 |     1.62 |      2.65 |   -0.08
[06:08:03]    val |  1,425 |     7.35 |     10.33 |   -0.68
[06:08:10]   test |    200 |     6.90 |     10.06 |   +0.95
[06:08:19] 나이 분포 저장: G:\Project\sinra_cho\checkpoints_attention_v3\age_distribution.png
==========================================================
Attention + LDL 골연령 | 채널 hand+r1+r2
2026-07-29 06:05
==========================================================
 split |      N |  MAE(mo) |  RMSE(mo) |    bias
 train | 12,611 |     1.62 |      2.65 |   -0.08
   val |  1,425 |     7.35 |     10.33 |   -0.68
  test |    200 |     6.90 |     10.06 |   +0.95
----------------------------------------------------------
[test 연령대별]
  group |     N |    MAE |   RMSE |   bias
   0-4y |    10 |   4.96 |   5.64 |  +2.70
   4-8y |    34 |   9.95 |  11.94 |  +5.58
  8-12y |    65 |   8.18 |  13.22 |  +1.52
 12-16y |    80 |   4.71 |   5.81 |  -0.98
   >16y |    11 |   7.71 |   9.69 |  -4.21
==========================================================
[06:08:19] 결과 저장: G:\Project\sinra_cho\checkpoints_attention_v3\results.txt
[06:08:19] 추론 함수 준비 완료 · best.pt: G:\Project\sinra_cho\checkpoints_attention_v3\best.pt
[06:08:19] === 전체 완료 ===
