================================================================
[21:53:54] Attention(R1/R2) + LDL 골연령 - v2 (손 크롭 폴더 입력) 시작
[21:53:54] PyTorch 2.6.0+cu124 | torchvision 0.21.0+cu124 | timm 1.0.28
[21:53:54] device cuda | CUDA True
[GPU-GUARD] (inproc) 바로 실행 — 티켓 38번 infer 16000MiB
[21:53:54] GPU NVIDIA A100 80GB PCIe | CUDA 12.4
[21:53:54] BASE_DIR       G:\Project\sinra_cho
[21:53:54] HAND_CROP_DIR  G:\Project\sinra_cho\yolo_crop
[21:53:54] 채널 ('hand', 'r1', 'erased') | tau(R1/R2) 30/50 | 정규화 div255 | 증강 False
================================================================
[21:53:54]   TRAIN_CSV OK  G:\Project\sinra_cho\yolo_crop_csv\train.csv
[21:53:54]   VAL_CSV   OK  G:\Project\sinra_cho\yolo_crop_csv\Validation Dataset.csv
[21:53:54]   TEST_CSV  OK  G:\Project\sinra_cho\yolo_crop_csv\Bone age ground truth.csv
[21:53:54]   손크롭 train OK  G:\Project\sinra_cho\yolo_crop\train  (파일 12,611장)
[21:53:54]   손크롭 val   OK  G:\Project\sinra_cho\yolo_crop\validation  (파일 1,425장)
[21:53:54]   손크롭 test  OK  G:\Project\sinra_cho\yolo_crop\test  (파일 200장)
[21:53:54]   · train: 라벨 12,611 -> 사용 12,473 (제외/미크롭 138)
[21:53:54]   · val: 라벨 1,425 -> 사용 1,386 (제외/미크롭 39)
[21:53:54]   · test: 라벨 200 -> 사용 195 (제외/미크롭 5)
[21:53:54] 최종 | train 12,473 | val 1,386 | test 195 | 나이 127.6±40.9개월 | 남 54.2%
[21:53:54] hand560 캐시 생성: 정규화(percentile) -> TopHat(add,rect,frac0.1) -> CLAHE(2.0,8) -> scale(per_image) -> pad(auto) -> 560px
[21:55:52]   hand560 train 2000/12473
[21:57:59]   hand560 train 4000/12473
[22:00:09]   hand560 train 6000/12473
[22:02:12]   hand560 train 8000/12473
[22:04:16]   hand560 train 10000/12473
[22:06:18]   hand560 train 12000/12473
[22:06:47] [hand560:train] 생성 12473 | 스킵 0 | 실패 0
[22:08:09] [hand560:val] 생성 1386 | 스킵 0 | 실패 0
[22:08:20] [hand560:test] 생성 195 | 스킵 0 | 실패 0
[22:08:20]   Top-Hat 커널 중앙값 133px (뼈 굵기 84~88px 보다 커야 정상) | 패딩 비율 중앙값 23.8%
[22:08:20] hand560 캐시 완료
[22:08:20] 캐시 확인 후 | train 12,473 | val 1,386 | test 195
[22:08:20] ### Phase I-a : R1(수근골) 국소화 + Erased 생성 ###
[22:08:20]   R1 밴드 {'x0': 0.12, 'y0': 0.52, 'x1': 0.88, 'y1': 0.98} | clamp True | tau 30
[22:08:20]   크기 맞추기: 비율유지 + 배경색 패딩(왜곡 0)
[22:08:20] [cls-r1] 분류 모델 학습 | pool=gmp src=hand560 size=560 epochs=70
[22:08:21] [backbone] timm 'inception_v3' 로드 완료 (pretrained=True)
[22:08:21] [cls-gmp] feat (2048, 16, 16) -> FC 2048->240
[22:08:38]   [cls-r1] ep01 100/1559 loss 0.2707 lr 3e-04 (17s)
[22:08:54]   [cls-r1] ep01 200/1559 loss 0.2114 lr 3e-04 (32s)
[22:09:09]   [cls-r1] ep01 300/1559 loss 0.1861 lr 3e-04 (48s)
[22:09:25]   [cls-r1] ep01 400/1559 loss 0.1694 lr 3e-04 (63s)
[22:09:40]   [cls-r1] ep01 500/1559 loss 0.1584 lr 3e-04 (79s)
[22:09:55]   [cls-r1] ep01 600/1559 loss 0.1502 lr 3e-04 (94s)
[22:10:11]   [cls-r1] ep01 700/1559 loss 0.1434 lr 3e-04 (109s)
[22:10:26]   [cls-r1] ep01 800/1559 loss 0.1378 lr 3e-04 (125s)
[22:10:42]   [cls-r1] ep01 900/1559 loss 0.1337 lr 3e-04 (140s)
[22:10:57]   [cls-r1] ep01 1000/1559 loss 0.1301 lr 3e-04 (156s)
[22:11:12]   [cls-r1] ep01 1100/1559 loss 0.1270 lr 3e-04 (171s)
[22:11:28]   [cls-r1] ep01 1200/1559 loss 0.1242 lr 3e-04 (186s)
[22:11:43]   [cls-r1] ep01 1300/1559 loss 0.1222 lr 3e-04 (202s)
[22:11:58]   [cls-r1] ep01 1400/1559 loss 0.1200 lr 3e-04 (217s)
[22:12:14]   [cls-r1] ep01 1500/1559 loss 0.1180 lr 3e-04 (232s)
[22:12:23]   [cls-r1] ep01 1559/1559 loss 0.1169 lr 3e-04 (241s)
[22:12:43]   [cls-r1] Epoch 01 완료 | train L1 0.1169 | val argmax-MAE 13.49 | * best 저장 (13.49)
[22:12:52]   [cls-r1] ep02 100/1559 loss 0.0878 lr 3e-04 (9s)
[22:13:01]   [cls-r1] ep02 200/1559 loss 0.0872 lr 3e-04 (18s)
[22:13:10]   [cls-r1] ep02 300/1559 loss 0.0855 lr 3e-04 (27s)
[22:13:19]   [cls-r1] ep02 400/1559 loss 0.0852 lr 3e-04 (36s)
[22:13:28]   [cls-r1] ep02 500/1559 loss 0.0852 lr 3e-04 (45s)
[22:13:37]   [cls-r1] ep02 600/1559 loss 0.0843 lr 3e-04 (54s)
[22:13:46]   [cls-r1] ep02 700/1559 loss 0.0839 lr 3e-04 (63s)
[22:13:55]   [cls-r1] ep02 800/1559 loss 0.0831 lr 3e-04 (72s)
[22:14:04]   [cls-r1] ep02 900/1559 loss 0.0829 lr 3e-04 (81s)
[22:14:13]   [cls-r1] ep02 1000/1559 loss 0.0827 lr 3e-04 (91s)
[22:14:22]   [cls-r1] ep02 1100/1559 loss 0.0827 lr 3e-04 (100s)
[22:14:32]   [cls-r1] ep02 1200/1559 loss 0.0829 lr 3e-04 (109s)
[22:14:41]   [cls-r1] ep02 1300/1559 loss 0.0828 lr 3e-04 (118s)
[22:14:50]   [cls-r1] ep02 1400/1559 loss 0.0828 lr 3e-04 (127s)
[22:14:59]   [cls-r1] ep02 1500/1559 loss 0.0827 lr 3e-04 (136s)
[22:15:04]   [cls-r1] ep02 1559/1559 loss 0.0825 lr 3e-04 (141s)
[22:15:12]   [cls-r1] Epoch 02 완료 | train L1 0.0825 | val argmax-MAE 9.60 | * best 저장 (9.60)
[22:15:22]   [cls-r1] ep03 100/1559 loss 0.0721 lr 3e-04 (9s)
[22:15:31]   [cls-r1] ep03 200/1559 loss 0.0733 lr 3e-04 (18s)
[22:15:40]   [cls-r1] ep03 300/1559 loss 0.0733 lr 3e-04 (27s)
[22:15:49]   [cls-r1] ep03 400/1559 loss 0.0733 lr 3e-04 (36s)
[22:15:58]   [cls-r1] ep03 500/1559 loss 0.0750 lr 3e-04 (45s)
[22:16:07]   [cls-r1] ep03 600/1559 loss 0.0752 lr 3e-04 (54s)
[22:16:16]   [cls-r1] ep03 700/1559 loss 0.0755 lr 3e-04 (63s)
[22:16:25]   [cls-r1] ep03 800/1559 loss 0.0754 lr 3e-04 (72s)
[22:16:34]   [cls-r1] ep03 900/1559 loss 0.0755 lr 3e-04 (81s)
[22:16:43]   [cls-r1] ep03 1000/1559 loss 0.0752 lr 3e-04 (90s)
[22:16:52]   [cls-r1] ep03 1100/1559 loss 0.0749 lr 3e-04 (99s)
[22:17:01]   [cls-r1] ep03 1200/1559 loss 0.0746 lr 3e-04 (108s)
[22:17:10]   [cls-r1] ep03 1300/1559 loss 0.0745 lr 3e-04 (117s)
[22:17:19]   [cls-r1] ep03 1400/1559 loss 0.0746 lr 3e-04 (126s)
[22:17:28]   [cls-r1] ep03 1500/1559 loss 0.0746 lr 3e-04 (135s)
[22:17:34]   [cls-r1] ep03 1559/1559 loss 0.0747 lr 3e-04 (141s)
[22:17:42]   [cls-r1] Epoch 03 완료 | train L1 0.0747 | val argmax-MAE 9.63 | 개선없음 1/8
[22:17:51]   [cls-r1] ep04 100/1559 loss 0.0699 lr 3e-04 (9s)
[22:18:00]   [cls-r1] ep04 200/1559 loss 0.0689 lr 3e-04 (18s)
[22:18:09]   [cls-r1] ep04 300/1559 loss 0.0696 lr 3e-04 (27s)
[22:18:18]   [cls-r1] ep04 400/1559 loss 0.0698 lr 3e-04 (36s)
[22:18:27]   [cls-r1] ep04 500/1559 loss 0.0697 lr 3e-04 (45s)
[22:18:37]   [cls-r1] ep04 600/1559 loss 0.0693 lr 3e-04 (54s)
[22:18:46]   [cls-r1] ep04 700/1559 loss 0.0694 lr 3e-04 (63s)
[22:18:55]   [cls-r1] ep04 800/1559 loss 0.0696 lr 3e-04 (72s)
[22:19:04]   [cls-r1] ep04 900/1559 loss 0.0692 lr 3e-04 (81s)
[22:19:13]   [cls-r1] ep04 1000/1559 loss 0.0688 lr 3e-04 (91s)
[22:19:22]   [cls-r1] ep04 1100/1559 loss 0.0690 lr 3e-04 (100s)
[22:19:31]   [cls-r1] ep04 1200/1559 loss 0.0689 lr 3e-04 (109s)
[22:19:40]   [cls-r1] ep04 1300/1559 loss 0.0689 lr 3e-04 (118s)
[22:19:49]   [cls-r1] ep04 1400/1559 loss 0.0690 lr 3e-04 (127s)
[22:19:58]   [cls-r1] ep04 1500/1559 loss 0.0690 lr 3e-04 (136s)
[22:20:03]   [cls-r1] ep04 1559/1559 loss 0.0689 lr 3e-04 (141s)
[22:20:12]   [cls-r1] Epoch 04 완료 | train L1 0.0689 | val argmax-MAE 9.13 | * best 저장 (9.13)
[22:20:21]   [cls-r1] ep05 100/1559 loss 0.0629 lr 3e-04 (9s)
[22:20:30]   [cls-r1] ep05 200/1559 loss 0.0615 lr 3e-04 (18s)
[22:20:39]   [cls-r1] ep05 300/1559 loss 0.0617 lr 3e-04 (27s)
[22:20:48]   [cls-r1] ep05 400/1559 loss 0.0615 lr 3e-04 (36s)
[22:20:57]   [cls-r1] ep05 500/1559 loss 0.0618 lr 3e-04 (45s)
[22:21:06]   [cls-r1] ep05 600/1559 loss 0.0622 lr 3e-04 (54s)
[22:21:15]   [cls-r1] ep05 700/1559 loss 0.0620 lr 3e-04 (63s)
[22:21:24]   [cls-r1] ep05 800/1559 loss 0.0619 lr 3e-04 (72s)
[22:21:33]   [cls-r1] ep05 900/1559 loss 0.0618 lr 3e-04 (81s)
[22:21:43]   [cls-r1] ep05 1000/1559 loss 0.0620 lr 3e-04 (90s)
[22:21:52]   [cls-r1] ep05 1100/1559 loss 0.0620 lr 3e-04 (99s)
[22:22:01]   [cls-r1] ep05 1200/1559 loss 0.0616 lr 3e-04 (108s)
[22:22:10]   [cls-r1] ep05 1300/1559 loss 0.0618 lr 3e-04 (118s)
[22:22:19]   [cls-r1] ep05 1400/1559 loss 0.0619 lr 3e-04 (127s)
[22:22:28]   [cls-r1] ep05 1500/1559 loss 0.0620 lr 3e-04 (135s)
[22:22:33]   [cls-r1] ep05 1559/1559 loss 0.0619 lr 3e-04 (141s)
[22:22:43]   [cls-r1] Epoch 05 완료 | train L1 0.0619 | val argmax-MAE 9.00 | * best 저장 (9.00)
[22:22:55]   [cls-r1] ep06 100/1559 loss 0.0546 lr 3e-04 (12s)
[22:23:06]   [cls-r1] ep06 200/1559 loss 0.0563 lr 3e-04 (23s)
[22:23:18]   [cls-r1] ep06 300/1559 loss 0.0570 lr 3e-04 (34s)
[22:23:29]   [cls-r1] ep06 400/1559 loss 0.0567 lr 3e-04 (46s)
[22:23:41]   [cls-r1] ep06 500/1559 loss 0.0569 lr 3e-04 (57s)
[22:23:52]   [cls-r1] ep06 600/1559 loss 0.0571 lr 3e-04 (69s)
[22:24:03]   [cls-r1] ep06 700/1559 loss 0.0569 lr 3e-04 (80s)
[22:24:15]   [cls-r1] ep06 800/1559 loss 0.0566 lr 3e-04 (92s)
[22:24:26]   [cls-r1] ep06 900/1559 loss 0.0568 lr 3e-04 (103s)
[22:24:38]   [cls-r1] ep06 1000/1559 loss 0.0571 lr 3e-04 (115s)
[22:24:49]   [cls-r1] ep06 1100/1559 loss 0.0573 lr 3e-04 (126s)
[22:25:00]   [cls-r1] ep06 1200/1559 loss 0.0572 lr 3e-04 (137s)
[22:25:11]   [cls-r1] ep06 1300/1559 loss 0.0572 lr 3e-04 (148s)
[22:25:21]   [cls-r1] ep06 1400/1559 loss 0.0571 lr 3e-04 (157s)
[22:25:30]   [cls-r1] ep06 1500/1559 loss 0.0571 lr 3e-04 (166s)
[22:25:35]   [cls-r1] ep06 1559/1559 loss 0.0570 lr 3e-04 (172s)
[22:25:45]   [cls-r1] Epoch 06 완료 | train L1 0.0570 | val argmax-MAE 9.20 | 개선없음 1/8
[22:25:57]   [cls-r1] ep07 100/1559 loss 0.0513 lr 3e-04 (12s)
[22:26:10]   [cls-r1] ep07 200/1559 loss 0.0511 lr 3e-04 (24s)
[22:26:22]   [cls-r1] ep07 300/1559 loss 0.0515 lr 3e-04 (36s)
[22:26:34]   [cls-r1] ep07 400/1559 loss 0.0516 lr 3e-04 (49s)
[22:26:46]   [cls-r1] ep07 500/1559 loss 0.0514 lr 3e-04 (61s)
[22:26:58]   [cls-r1] ep07 600/1559 loss 0.0512 lr 3e-04 (73s)
[22:27:10]   [cls-r1] ep07 700/1559 loss 0.0515 lr 3e-04 (85s)
[22:27:23]   [cls-r1] ep07 800/1559 loss 0.0515 lr 3e-04 (97s)
[22:27:35]   [cls-r1] ep07 900/1559 loss 0.0518 lr 3e-04 (109s)
[22:27:46]   [cls-r1] ep07 1000/1559 loss 0.0519 lr 3e-04 (121s)
[22:27:59]   [cls-r1] ep07 1100/1559 loss 0.0521 lr 3e-04 (133s)
[22:28:11]   [cls-r1] ep07 1200/1559 loss 0.0523 lr 3e-04 (145s)
[22:28:23]   [cls-r1] ep07 1300/1559 loss 0.0524 lr 3e-04 (158s)
[22:28:35]   [cls-r1] ep07 1400/1559 loss 0.0526 lr 3e-04 (170s)
[22:28:48]   [cls-r1] ep07 1500/1559 loss 0.0525 lr 3e-04 (182s)
[22:28:55]   [cls-r1] ep07 1559/1559 loss 0.0527 lr 3e-04 (189s)
[22:29:04]   [cls-r1] Epoch 07 완료 | train L1 0.0527 | val argmax-MAE 9.22 | 개선없음 2/8
[22:29:17]   [cls-r1] ep08 100/1559 loss 0.0479 lr 3e-04 (12s)
[22:29:29]   [cls-r1] ep08 200/1559 loss 0.0466 lr 3e-04 (25s)
[22:29:41]   [cls-r1] ep08 300/1559 loss 0.0470 lr 3e-04 (37s)
[22:29:53]   [cls-r1] ep08 400/1559 loss 0.0480 lr 3e-04 (48s)
[22:30:05]   [cls-r1] ep08 500/1559 loss 0.0480 lr 3e-04 (61s)
[22:30:17]   [cls-r1] ep08 600/1559 loss 0.0479 lr 3e-04 (73s)
[22:30:29]   [cls-r1] ep08 700/1559 loss 0.0477 lr 3e-04 (85s)
[22:30:42]   [cls-r1] ep08 800/1559 loss 0.0482 lr 3e-04 (97s)
[22:30:54]   [cls-r1] ep08 900/1559 loss 0.0489 lr 3e-04 (109s)
[22:31:06]   [cls-r1] ep08 1000/1559 loss 0.0489 lr 3e-04 (121s)
[22:31:18]   [cls-r1] ep08 1100/1559 loss 0.0486 lr 3e-04 (134s)
[22:31:30]   [cls-r1] ep08 1200/1559 loss 0.0487 lr 3e-04 (146s)
[22:31:42]   [cls-r1] ep08 1300/1559 loss 0.0489 lr 3e-04 (158s)
[22:31:54]   [cls-r1] ep08 1400/1559 loss 0.0491 lr 3e-04 (170s)
[22:32:07]   [cls-r1] ep08 1500/1559 loss 0.0492 lr 3e-04 (182s)
[22:32:14]   [cls-r1] ep08 1559/1559 loss 0.0492 lr 3e-04 (190s)
[22:32:23]   [cls-r1] Epoch 08 완료 | train L1 0.0492 | val argmax-MAE 9.23 | 개선없음 3/8
[22:32:35]   [cls-r1] ep09 100/1559 loss 0.0427 lr 3e-04 (12s)
[22:32:48]   [cls-r1] ep09 200/1559 loss 0.0422 lr 3e-04 (25s)
[22:33:00]   [cls-r1] ep09 300/1559 loss 0.0440 lr 3e-04 (37s)
[22:33:12]   [cls-r1] ep09 400/1559 loss 0.0439 lr 3e-04 (49s)
[22:33:24]   [cls-r1] ep09 500/1559 loss 0.0435 lr 3e-04 (61s)
[22:33:36]   [cls-r1] ep09 600/1559 loss 0.0439 lr 3e-04 (73s)
[22:33:48]   [cls-r1] ep09 700/1559 loss 0.0441 lr 3e-04 (85s)
[22:34:00]   [cls-r1] ep09 800/1559 loss 0.0443 lr 3e-04 (97s)
[22:34:12]   [cls-r1] ep09 900/1559 loss 0.0446 lr 3e-04 (109s)
[22:34:24]   [cls-r1] ep09 1000/1559 loss 0.0448 lr 3e-04 (121s)
[22:34:37]   [cls-r1] ep09 1100/1559 loss 0.0450 lr 3e-04 (134s)
[22:34:49]   [cls-r1] ep09 1200/1559 loss 0.0451 lr 3e-04 (146s)
[22:35:02]   [cls-r1] ep09 1300/1559 loss 0.0449 lr 3e-04 (159s)
[22:35:14]   [cls-r1] ep09 1400/1559 loss 0.0453 lr 3e-04 (171s)
[22:35:26]   [cls-r1] ep09 1500/1559 loss 0.0455 lr 3e-04 (183s)
[22:35:33]   [cls-r1] ep09 1559/1559 loss 0.0455 lr 3e-04 (190s)
[22:35:42]   [cls-r1] Epoch 09 완료 | train L1 0.0455 | val argmax-MAE 8.77 | * best 저장 (8.77)
[22:35:55]   [cls-r1] ep10 100/1559 loss 0.0426 lr 3e-04 (12s)
[22:36:07]   [cls-r1] ep10 200/1559 loss 0.0412 lr 3e-04 (24s)
[22:36:19]   [cls-r1] ep10 300/1559 loss 0.0410 lr 3e-04 (37s)
[22:36:32]   [cls-r1] ep10 400/1559 loss 0.0412 lr 3e-04 (49s)
[22:36:44]   [cls-r1] ep10 500/1559 loss 0.0412 lr 3e-04 (61s)
[22:36:56]   [cls-r1] ep10 600/1559 loss 0.0413 lr 3e-04 (73s)
[22:37:08]   [cls-r1] ep10 700/1559 loss 0.0417 lr 3e-04 (85s)
[22:37:20]   [cls-r1] ep10 800/1559 loss 0.0420 lr 3e-04 (97s)
[22:37:32]   [cls-r1] ep10 900/1559 loss 0.0420 lr 3e-04 (109s)
[22:37:44]   [cls-r1] ep10 1000/1559 loss 0.0417 lr 3e-04 (122s)
[22:37:56]   [cls-r1] ep10 1100/1559 loss 0.0420 lr 3e-04 (133s)
[22:38:08]   [cls-r1] ep10 1200/1559 loss 0.0420 lr 3e-04 (145s)
[22:38:20]   [cls-r1] ep10 1300/1559 loss 0.0422 lr 3e-04 (157s)
[22:38:32]   [cls-r1] ep10 1400/1559 loss 0.0422 lr 3e-04 (170s)
[22:38:45]   [cls-r1] ep10 1500/1559 loss 0.0422 lr 3e-04 (182s)
[22:38:52]   [cls-r1] ep10 1559/1559 loss 0.0422 lr 3e-04 (190s)
[22:39:02]   [cls-r1] Epoch 10 완료 | train L1 0.0422 | val argmax-MAE 8.44 | * best 저장 (8.44)
[22:39:15]   [cls-r1] ep11 100/1559 loss 0.0409 lr 3e-04 (12s)
[22:39:27]   [cls-r1] ep11 200/1559 loss 0.0383 lr 3e-04 (25s)
[22:39:39]   [cls-r1] ep11 300/1559 loss 0.0382 lr 3e-04 (37s)
[22:39:51]   [cls-r1] ep11 400/1559 loss 0.0385 lr 3e-04 (49s)
[22:40:03]   [cls-r1] ep11 500/1559 loss 0.0391 lr 3e-04 (61s)
[22:40:15]   [cls-r1] ep11 600/1559 loss 0.0393 lr 3e-04 (73s)
[22:40:28]   [cls-r1] ep11 700/1559 loss 0.0395 lr 3e-04 (85s)
[22:40:40]   [cls-r1] ep11 800/1559 loss 0.0393 lr 3e-04 (97s)
[22:40:52]   [cls-r1] ep11 900/1559 loss 0.0395 lr 3e-04 (110s)
[22:41:04]   [cls-r1] ep11 1000/1559 loss 0.0397 lr 3e-04 (122s)
[22:41:16]   [cls-r1] ep11 1100/1559 loss 0.0400 lr 3e-04 (134s)
[22:41:29]   [cls-r1] ep11 1200/1559 loss 0.0401 lr 3e-04 (146s)
[22:41:41]   [cls-r1] ep11 1300/1559 loss 0.0403 lr 3e-04 (158s)
[22:41:53]   [cls-r1] ep11 1400/1559 loss 0.0403 lr 3e-04 (170s)
[22:42:05]   [cls-r1] ep11 1500/1559 loss 0.0405 lr 3e-04 (182s)
[22:42:12]   [cls-r1] ep11 1559/1559 loss 0.0405 lr 3e-04 (189s)
[22:42:21]   [cls-r1] Epoch 11 완료 | train L1 0.0405 | val argmax-MAE 8.49 | 개선없음 1/8
[22:42:34]   [cls-r1] ep12 100/1559 loss 0.0372 lr 3e-04 (12s)
[22:42:46]   [cls-r1] ep12 200/1559 loss 0.0388 lr 3e-04 (24s)
[22:42:58]   [cls-r1] ep12 300/1559 loss 0.0384 lr 3e-04 (36s)
[22:43:10]   [cls-r1] ep12 400/1559 loss 0.0383 lr 3e-04 (49s)
[22:43:23]   [cls-r1] ep12 500/1559 loss 0.0390 lr 3e-04 (61s)
[22:43:35]   [cls-r1] ep12 600/1559 loss 0.0395 lr 3e-04 (73s)
[22:43:47]   [cls-r1] ep12 700/1559 loss 0.0401 lr 3e-04 (86s)
[22:43:59]   [cls-r1] ep12 800/1559 loss 0.0406 lr 3e-04 (98s)
[22:44:11]   [cls-r1] ep12 900/1559 loss 0.0407 lr 3e-04 (110s)
[22:44:23]   [cls-r1] ep12 1000/1559 loss 0.0407 lr 3e-04 (122s)
[22:44:35]   [cls-r1] ep12 1100/1559 loss 0.0407 lr 3e-04 (134s)
[22:44:48]   [cls-r1] ep12 1200/1559 loss 0.0405 lr 3e-04 (146s)
[22:45:00]   [cls-r1] ep12 1300/1559 loss 0.0405 lr 3e-04 (158s)
[22:45:12]   [cls-r1] ep12 1400/1559 loss 0.0403 lr 3e-04 (171s)
[22:45:24]   [cls-r1] ep12 1500/1559 loss 0.0403 lr 3e-04 (183s)
[22:45:32]   [cls-r1] ep12 1559/1559 loss 0.0402 lr 3e-04 (190s)
[22:45:41]   [cls-r1] Epoch 12 완료 | train L1 0.0402 | val argmax-MAE 8.31 | * best 저장 (8.31)
[22:45:54]   [cls-r1] ep13 100/1559 loss 0.0359 lr 3e-04 (12s)
[22:46:06]   [cls-r1] ep13 200/1559 loss 0.0361 lr 3e-04 (24s)
[22:46:18]   [cls-r1] ep13 300/1559 loss 0.0355 lr 3e-04 (36s)
[22:46:30]   [cls-r1] ep13 400/1559 loss 0.0359 lr 3e-04 (48s)
[22:46:42]   [cls-r1] ep13 500/1559 loss 0.0359 lr 3e-04 (60s)
[22:46:54]   [cls-r1] ep13 600/1559 loss 0.0365 lr 3e-04 (73s)
[22:47:07]   [cls-r1] ep13 700/1559 loss 0.0365 lr 3e-04 (85s)
[22:47:19]   [cls-r1] ep13 800/1559 loss 0.0367 lr 3e-04 (97s)
[22:47:31]   [cls-r1] ep13 900/1559 loss 0.0366 lr 3e-04 (109s)
[22:47:43]   [cls-r1] ep13 1000/1559 loss 0.0365 lr 3e-04 (122s)
[22:47:55]   [cls-r1] ep13 1100/1559 loss 0.0366 lr 3e-04 (133s)
[22:48:07]   [cls-r1] ep13 1200/1559 loss 0.0365 lr 3e-04 (146s)
[22:48:20]   [cls-r1] ep13 1300/1559 loss 0.0365 lr 3e-04 (158s)
[22:48:32]   [cls-r1] ep13 1400/1559 loss 0.0364 lr 3e-04 (170s)
[22:48:44]   [cls-r1] ep13 1500/1559 loss 0.0365 lr 3e-04 (182s)
[22:48:51]   [cls-r1] ep13 1559/1559 loss 0.0364 lr 3e-04 (189s)
[22:49:01]   [cls-r1] Epoch 13 완료 | train L1 0.0364 | val argmax-MAE 8.24 | * best 저장 (8.24)
[22:49:13]   [cls-r1] ep14 100/1559 loss 0.0336 lr 3e-04 (12s)
[22:49:25]   [cls-r1] ep14 200/1559 loss 0.0347 lr 3e-04 (24s)
[22:49:38]   [cls-r1] ep14 300/1559 loss 0.0347 lr 3e-04 (36s)
[22:49:50]   [cls-r1] ep14 400/1559 loss 0.0351 lr 3e-04 (49s)
[22:50:02]   [cls-r1] ep14 500/1559 loss 0.0348 lr 3e-04 (60s)
[22:50:14]   [cls-r1] ep14 600/1559 loss 0.0349 lr 3e-04 (73s)
[22:50:26]   [cls-r1] ep14 700/1559 loss 0.0348 lr 3e-04 (85s)
[22:50:38]   [cls-r1] ep14 800/1559 loss 0.0346 lr 3e-04 (97s)
[22:50:50]   [cls-r1] ep14 900/1559 loss 0.0345 lr 3e-04 (109s)
[22:51:03]   [cls-r1] ep14 1000/1559 loss 0.0345 lr 3e-04 (122s)
[22:51:15]   [cls-r1] ep14 1100/1559 loss 0.0345 lr 3e-04 (134s)
[22:51:27]   [cls-r1] ep14 1200/1559 loss 0.0346 lr 3e-04 (146s)
[22:51:39]   [cls-r1] ep14 1300/1559 loss 0.0347 lr 3e-04 (158s)
[22:51:51]   [cls-r1] ep14 1400/1559 loss 0.0347 lr 3e-04 (170s)
[22:52:04]   [cls-r1] ep14 1500/1559 loss 0.0348 lr 3e-04 (182s)
[22:52:11]   [cls-r1] ep14 1559/1559 loss 0.0349 lr 3e-04 (190s)
[22:52:20]   [cls-r1] Epoch 14 완료 | train L1 0.0349 | val argmax-MAE 8.37 | 개선없음 1/8
[22:52:33]   [cls-r1] ep15 100/1559 loss 0.0334 lr 3e-04 (12s)
[22:52:45]   [cls-r1] ep15 200/1559 loss 0.0328 lr 3e-04 (24s)
[22:52:57]   [cls-r1] ep15 300/1559 loss 0.0336 lr 3e-04 (36s)
[22:53:09]   [cls-r1] ep15 400/1559 loss 0.0331 lr 3e-04 (48s)
[22:53:21]   [cls-r1] ep15 500/1559 loss 0.0333 lr 3e-04 (60s)
[22:53:33]   [cls-r1] ep15 600/1559 loss 0.0333 lr 3e-04 (73s)
[22:53:46]   [cls-r1] ep15 700/1559 loss 0.0331 lr 3e-04 (85s)
[22:53:58]   [cls-r1] ep15 800/1559 loss 0.0328 lr 3e-04 (97s)
[22:54:10]   [cls-r1] ep15 900/1559 loss 0.0327 lr 3e-04 (109s)
[22:54:22]   [cls-r1] ep15 1000/1559 loss 0.0327 lr 3e-04 (122s)
[22:54:35]   [cls-r1] ep15 1100/1559 loss 0.0328 lr 3e-04 (134s)
[22:54:47]   [cls-r1] ep15 1200/1559 loss 0.0327 lr 3e-04 (146s)
[22:54:59]   [cls-r1] ep15 1300/1559 loss 0.0328 lr 3e-04 (158s)
[22:55:11]   [cls-r1] ep15 1400/1559 loss 0.0328 lr 3e-04 (170s)
[22:55:23]   [cls-r1] ep15 1500/1559 loss 0.0329 lr 3e-04 (182s)
[22:55:30]   [cls-r1] ep15 1559/1559 loss 0.0329 lr 3e-04 (190s)
[22:55:40]   [cls-r1] Epoch 15 완료 | train L1 0.0329 | val argmax-MAE 8.30 | 개선없음 2/8
[22:55:52]   [cls-r1] ep16 100/1559 loss 0.0352 lr 3e-04 (12s)
[22:56:02]   [cls-r1] ep16 200/1559 loss 0.0352 lr 3e-04 (22s)
[22:56:12]   [cls-r1] ep16 300/1559 loss 0.0342 lr 3e-04 (31s)
[22:56:21]   [cls-r1] ep16 400/1559 loss 0.0341 lr 3e-04 (40s)
[22:56:30]   [cls-r1] ep16 500/1559 loss 0.0335 lr 3e-04 (49s)
[22:56:39]   [cls-r1] ep16 600/1559 loss 0.0332 lr 3e-04 (58s)
[22:56:48]   [cls-r1] ep16 700/1559 loss 0.0330 lr 3e-04 (67s)
[22:56:57]   [cls-r1] ep16 800/1559 loss 0.0326 lr 3e-04 (77s)
[22:57:06]   [cls-r1] ep16 900/1559 loss 0.0326 lr 3e-04 (86s)
[22:57:15]   [cls-r1] ep16 1000/1559 loss 0.0327 lr 3e-04 (95s)
[22:57:24]   [cls-r1] ep16 1100/1559 loss 0.0326 lr 3e-04 (104s)
[22:57:33]   [cls-r1] ep16 1200/1559 loss 0.0325 lr 3e-04 (113s)
[22:57:42]   [cls-r1] ep16 1300/1559 loss 0.0327 lr 3e-04 (122s)
[22:57:51]   [cls-r1] ep16 1400/1559 loss 0.0327 lr 3e-04 (131s)
[22:58:00]   [cls-r1] ep16 1500/1559 loss 0.0326 lr 3e-04 (140s)
[22:58:06]   [cls-r1] ep16 1559/1559 loss 0.0326 lr 3e-04 (145s)
[22:58:14]   [cls-r1] Epoch 16 완료 | train L1 0.0326 | val argmax-MAE 8.55 | 개선없음 3/8
[22:58:23]   [cls-r1] ep17 100/1559 loss 0.0332 lr 3e-04 (9s)
[22:58:32]   [cls-r1] ep17 200/1559 loss 0.0307 lr 3e-04 (18s)
[22:58:42]   [cls-r1] ep17 300/1559 loss 0.0311 lr 3e-04 (27s)
[22:58:51]   [cls-r1] ep17 400/1559 loss 0.0310 lr 3e-04 (36s)
[22:59:00]   [cls-r1] ep17 500/1559 loss 0.0311 lr 3e-04 (45s)
[22:59:09]   [cls-r1] ep17 600/1559 loss 0.0311 lr 3e-04 (54s)
[22:59:18]   [cls-r1] ep17 700/1559 loss 0.0309 lr 3e-04 (63s)
[22:59:27]   [cls-r1] ep17 800/1559 loss 0.0307 lr 3e-04 (72s)
[22:59:36]   [cls-r1] ep17 900/1559 loss 0.0308 lr 3e-04 (82s)
[22:59:45]   [cls-r1] ep17 1000/1559 loss 0.0306 lr 3e-04 (91s)
[22:59:54]   [cls-r1] ep17 1100/1559 loss 0.0306 lr 3e-04 (100s)
[23:00:03]   [cls-r1] ep17 1200/1559 loss 0.0307 lr 3e-04 (109s)
[23:00:12]   [cls-r1] ep17 1300/1559 loss 0.0308 lr 3e-04 (118s)
[23:00:21]   [cls-r1] ep17 1400/1559 loss 0.0309 lr 3e-04 (127s)
[23:00:30]   [cls-r1] ep17 1500/1559 loss 0.0308 lr 3e-04 (136s)
[23:00:36]   [cls-r1] ep17 1559/1559 loss 0.0307 lr 3e-04 (141s)
[23:00:44]   [cls-r1] Epoch 17 완료 | train L1 0.0307 | val argmax-MAE 8.40 | 개선없음 4/8
[23:00:53]   [cls-r1] ep18 100/1559 loss 0.0299 lr 3e-04 (9s)
[23:01:02]   [cls-r1] ep18 200/1559 loss 0.0303 lr 3e-04 (18s)
[23:01:11]   [cls-r1] ep18 300/1559 loss 0.0300 lr 3e-04 (27s)
[23:01:21]   [cls-r1] ep18 400/1559 loss 0.0296 lr 3e-04 (36s)
[23:01:30]   [cls-r1] ep18 500/1559 loss 0.0299 lr 3e-04 (45s)
[23:01:39]   [cls-r1] ep18 600/1559 loss 0.0296 lr 3e-04 (54s)
[23:01:48]   [cls-r1] ep18 700/1559 loss 0.0295 lr 3e-04 (63s)
[23:01:57]   [cls-r1] ep18 800/1559 loss 0.0296 lr 3e-04 (72s)
[23:02:06]   [cls-r1] ep18 900/1559 loss 0.0297 lr 3e-04 (82s)
[23:02:15]   [cls-r1] ep18 1000/1559 loss 0.0299 lr 3e-04 (91s)
[23:02:24]   [cls-r1] ep18 1100/1559 loss 0.0300 lr 3e-04 (100s)
[23:02:33]   [cls-r1] ep18 1200/1559 loss 0.0299 lr 3e-04 (109s)
[23:02:42]   [cls-r1] ep18 1300/1559 loss 0.0300 lr 3e-04 (118s)
[23:02:51]   [cls-r1] ep18 1400/1559 loss 0.0300 lr 3e-04 (127s)
[23:03:00]   [cls-r1] ep18 1500/1559 loss 0.0300 lr 3e-04 (136s)
[23:03:06]   [cls-r1] ep18 1559/1559 loss 0.0300 lr 3e-04 (141s)
[23:03:14]   [cls-r1] Epoch 18 완료 | train L1 0.0300 | val argmax-MAE 8.08 | * best 저장 (8.08)
[23:03:23]   [cls-r1] ep19 100/1559 loss 0.0299 lr 3e-04 (9s)
[23:03:32]   [cls-r1] ep19 200/1559 loss 0.0303 lr 3e-04 (18s)
[23:03:42]   [cls-r1] ep19 300/1559 loss 0.0309 lr 3e-04 (27s)
[23:03:51]   [cls-r1] ep19 400/1559 loss 0.0303 lr 3e-04 (36s)
[23:04:00]   [cls-r1] ep19 500/1559 loss 0.0301 lr 3e-04 (45s)
[23:04:09]   [cls-r1] ep19 600/1559 loss 0.0300 lr 3e-04 (54s)
[23:04:18]   [cls-r1] ep19 700/1559 loss 0.0302 lr 3e-04 (63s)
[23:04:27]   [cls-r1] ep19 800/1559 loss 0.0301 lr 3e-04 (72s)
[23:04:36]   [cls-r1] ep19 900/1559 loss 0.0301 lr 3e-04 (81s)
[23:04:45]   [cls-r1] ep19 1000/1559 loss 0.0301 lr 3e-04 (90s)
[23:04:54]   [cls-r1] ep19 1100/1559 loss 0.0299 lr 3e-04 (99s)
[23:05:03]   [cls-r1] ep19 1200/1559 loss 0.0299 lr 3e-04 (109s)
[23:05:12]   [cls-r1] ep19 1300/1559 loss 0.0299 lr 3e-04 (118s)
[23:05:21]   [cls-r1] ep19 1400/1559 loss 0.0298 lr 3e-04 (127s)
[23:05:30]   [cls-r1] ep19 1500/1559 loss 0.0299 lr 3e-04 (136s)
[23:05:36]   [cls-r1] ep19 1559/1559 loss 0.0300 lr 3e-04 (141s)
[23:05:44]   [cls-r1] Epoch 19 완료 | train L1 0.0300 | val argmax-MAE 8.15 | 개선없음 1/8
[23:05:53]   [cls-r1] ep20 100/1559 loss 0.0283 lr 3e-04 (9s)
[23:06:02]   [cls-r1] ep20 200/1559 loss 0.0283 lr 3e-04 (18s)
[23:06:11]   [cls-r1] ep20 300/1559 loss 0.0283 lr 3e-04 (27s)
[23:06:20]   [cls-r1] ep20 400/1559 loss 0.0277 lr 3e-04 (36s)
[23:06:29]   [cls-r1] ep20 500/1559 loss 0.0274 lr 3e-04 (45s)
[23:06:39]   [cls-r1] ep20 600/1559 loss 0.0277 lr 3e-04 (54s)
[23:06:48]   [cls-r1] ep20 700/1559 loss 0.0277 lr 3e-04 (63s)
[23:06:57]   [cls-r1] ep20 800/1559 loss 0.0276 lr 3e-04 (72s)
[23:07:06]   [cls-r1] ep20 900/1559 loss 0.0276 lr 3e-04 (81s)
[23:07:15]   [cls-r1] ep20 1000/1559 loss 0.0277 lr 3e-04 (90s)
[23:07:24]   [cls-r1] ep20 1100/1559 loss 0.0277 lr 3e-04 (99s)
[23:07:33]   [cls-r1] ep20 1200/1559 loss 0.0278 lr 3e-04 (108s)
[23:07:42]   [cls-r1] ep20 1300/1559 loss 0.0277 lr 3e-04 (117s)
[23:07:51]   [cls-r1] ep20 1400/1559 loss 0.0277 lr 3e-04 (126s)
[23:08:00]   [cls-r1] ep20 1500/1559 loss 0.0278 lr 3e-04 (135s)
[23:08:05]   [cls-r1] ep20 1559/1559 loss 0.0278 lr 3e-04 (141s)
[23:08:13]   [cls-r1] Epoch 20 완료 | train L1 0.0278 | val argmax-MAE 8.27 | 개선없음 2/8
[23:08:23]   [cls-r1] ep21 100/1559 loss 0.0285 lr 3e-04 (9s)
[23:08:32]   [cls-r1] ep21 200/1559 loss 0.0280 lr 3e-04 (18s)
[23:08:41]   [cls-r1] ep21 300/1559 loss 0.0278 lr 3e-04 (27s)
[23:08:50]   [cls-r1] ep21 400/1559 loss 0.0280 lr 3e-04 (36s)
[23:08:59]   [cls-r1] ep21 500/1559 loss 0.0278 lr 3e-04 (45s)
[23:09:08]   [cls-r1] ep21 600/1559 loss 0.0272 lr 3e-04 (54s)
[23:09:17]   [cls-r1] ep21 700/1559 loss 0.0271 lr 3e-04 (63s)
[23:09:26]   [cls-r1] ep21 800/1559 loss 0.0274 lr 3e-04 (72s)
[23:09:35]   [cls-r1] ep21 900/1559 loss 0.0278 lr 3e-04 (81s)
[23:09:44]   [cls-r1] ep21 1000/1559 loss 0.0278 lr 3e-04 (90s)
[23:09:53]   [cls-r1] ep21 1100/1559 loss 0.0278 lr 3e-04 (99s)
[23:10:02]   [cls-r1] ep21 1200/1559 loss 0.0278 lr 3e-04 (108s)
[23:10:11]   [cls-r1] ep21 1300/1559 loss 0.0279 lr 3e-04 (118s)
[23:10:20]   [cls-r1] ep21 1400/1559 loss 0.0280 lr 3e-04 (127s)
[23:10:29]   [cls-r1] ep21 1500/1559 loss 0.0279 lr 3e-04 (136s)
[23:10:35]   [cls-r1] ep21 1559/1559 loss 0.0280 lr 3e-04 (141s)
[23:10:43]   [cls-r1] Epoch 21 완료 | train L1 0.0280 | val argmax-MAE 8.41 | 개선없음 3/8
[23:10:52]   [cls-r1] ep22 100/1559 loss 0.0274 lr 3e-04 (9s)
[23:11:01]   [cls-r1] ep22 200/1559 loss 0.0267 lr 3e-04 (18s)
[23:11:10]   [cls-r1] ep22 300/1559 loss 0.0266 lr 3e-04 (27s)
[23:11:19]   [cls-r1] ep22 400/1559 loss 0.0270 lr 3e-04 (36s)
[23:11:28]   [cls-r1] ep22 500/1559 loss 0.0267 lr 3e-04 (45s)
[23:11:37]   [cls-r1] ep22 600/1559 loss 0.0267 lr 3e-04 (54s)
[23:11:46]   [cls-r1] ep22 700/1559 loss 0.0268 lr 3e-04 (63s)
[23:11:55]   [cls-r1] ep22 800/1559 loss 0.0268 lr 3e-04 (72s)
[23:12:04]   [cls-r1] ep22 900/1559 loss 0.0268 lr 3e-04 (81s)
[23:12:13]   [cls-r1] ep22 1000/1559 loss 0.0270 lr 3e-04 (90s)
[23:12:22]   [cls-r1] ep22 1100/1559 loss 0.0270 lr 3e-04 (99s)
[23:12:31]   [cls-r1] ep22 1200/1559 loss 0.0271 lr 3e-04 (108s)
[23:12:40]   [cls-r1] ep22 1300/1559 loss 0.0272 lr 3e-04 (117s)
[23:12:49]   [cls-r1] ep22 1400/1559 loss 0.0273 lr 3e-04 (126s)
[23:12:58]   [cls-r1] ep22 1500/1559 loss 0.0271 lr 3e-04 (136s)
[23:13:04]   [cls-r1] ep22 1559/1559 loss 0.0271 lr 3e-04 (141s)
[23:13:12]   [cls-r1] Epoch 22 완료 | train L1 0.0271 | val argmax-MAE 8.18 | 개선없음 4/8
[23:13:22]   [cls-r1] ep23 100/1559 loss 0.0255 lr 3e-04 (9s)
[23:13:31]   [cls-r1] ep23 200/1559 loss 0.0258 lr 3e-04 (18s)
[23:13:40]   [cls-r1] ep23 300/1559 loss 0.0259 lr 3e-04 (27s)
[23:13:49]   [cls-r1] ep23 400/1559 loss 0.0262 lr 3e-04 (36s)
[23:13:58]   [cls-r1] ep23 500/1559 loss 0.0263 lr 3e-04 (45s)
[23:14:07]   [cls-r1] ep23 600/1559 loss 0.0263 lr 3e-04 (54s)
[23:14:16]   [cls-r1] ep23 700/1559 loss 0.0263 lr 3e-04 (63s)
[23:14:25]   [cls-r1] ep23 800/1559 loss 0.0263 lr 3e-04 (72s)
[23:14:34]   [cls-r1] ep23 900/1559 loss 0.0265 lr 3e-04 (82s)
[23:14:43]   [cls-r1] ep23 1000/1559 loss 0.0266 lr 3e-04 (91s)
[23:14:52]   [cls-r1] ep23 1100/1559 loss 0.0265 lr 3e-04 (100s)
[23:15:01]   [cls-r1] ep23 1200/1559 loss 0.0266 lr 3e-04 (109s)
[23:15:10]   [cls-r1] ep23 1300/1559 loss 0.0267 lr 3e-04 (118s)
[23:15:19]   [cls-r1] ep23 1400/1559 loss 0.0266 lr 3e-04 (127s)
[23:15:28]   [cls-r1] ep23 1500/1559 loss 0.0267 lr 3e-04 (136s)
[23:15:34]   [cls-r1] ep23 1559/1559 loss 0.0268 lr 3e-04 (141s)
[23:15:41]   [cls-r1] Epoch 23 완료 | train L1 0.0268 | val argmax-MAE 8.56 | 개선없음 5/8
[23:15:51]   [cls-r1] ep24 100/1559 loss 0.0271 lr 3e-04 (9s)
[23:16:00]   [cls-r1] ep24 200/1559 loss 0.0268 lr 3e-04 (18s)
[23:16:09]   [cls-r1] ep24 300/1559 loss 0.0258 lr 3e-04 (27s)
[23:16:18]   [cls-r1] ep24 400/1559 loss 0.0252 lr 3e-04 (36s)
[23:16:27]   [cls-r1] ep24 500/1559 loss 0.0247 lr 3e-04 (45s)
[23:16:36]   [cls-r1] ep24 600/1559 loss 0.0252 lr 3e-04 (54s)
[23:16:45]   [cls-r1] ep24 700/1559 loss 0.0251 lr 3e-04 (63s)
[23:16:54]   [cls-r1] ep24 800/1559 loss 0.0250 lr 3e-04 (73s)
[23:17:03]   [cls-r1] ep24 900/1559 loss 0.0250 lr 3e-04 (82s)
[23:17:12]   [cls-r1] ep24 1000/1559 loss 0.0248 lr 3e-04 (91s)
[23:17:21]   [cls-r1] ep24 1100/1559 loss 0.0248 lr 3e-04 (100s)
[23:17:30]   [cls-r1] ep24 1200/1559 loss 0.0247 lr 3e-04 (109s)
[23:17:40]   [cls-r1] ep24 1300/1559 loss 0.0248 lr 3e-04 (118s)
[23:17:49]   [cls-r1] ep24 1400/1559 loss 0.0249 lr 3e-04 (127s)
[23:17:58]   [cls-r1] ep24 1500/1559 loss 0.0249 lr 3e-04 (136s)
[23:18:03]   [cls-r1] ep24 1559/1559 loss 0.0249 lr 3e-04 (141s)
[23:18:11]   [cls-r1] Epoch 24 완료 | train L1 0.0249 | val argmax-MAE 8.26 | 개선없음 6/8
[23:18:21]   [cls-r1] ep25 100/1559 loss 0.0220 lr 3e-04 (9s)
[23:18:30]   [cls-r1] ep25 200/1559 loss 0.0232 lr 3e-04 (18s)
[23:18:39]   [cls-r1] ep25 300/1559 loss 0.0233 lr 3e-04 (27s)
[23:18:48]   [cls-r1] ep25 400/1559 loss 0.0236 lr 3e-04 (36s)
[23:18:57]   [cls-r1] ep25 500/1559 loss 0.0237 lr 3e-04 (45s)
[23:19:06]   [cls-r1] ep25 600/1559 loss 0.0238 lr 3e-04 (54s)
[23:19:15]   [cls-r1] ep25 700/1559 loss 0.0245 lr 3e-04 (63s)
[23:19:24]   [cls-r1] ep25 800/1559 loss 0.0246 lr 3e-04 (72s)
[23:19:33]   [cls-r1] ep25 900/1559 loss 0.0246 lr 3e-04 (81s)
[23:19:42]   [cls-r1] ep25 1000/1559 loss 0.0246 lr 3e-04 (91s)
[23:19:51]   [cls-r1] ep25 1100/1559 loss 0.0246 lr 3e-04 (100s)
[23:20:00]   [cls-r1] ep25 1200/1559 loss 0.0246 lr 3e-04 (109s)
[23:20:09]   [cls-r1] ep25 1300/1559 loss 0.0248 lr 3e-04 (118s)
[23:20:18]   [cls-r1] ep25 1400/1559 loss 0.0248 lr 3e-04 (127s)
[23:20:28]   [cls-r1] ep25 1500/1559 loss 0.0249 lr 3e-04 (136s)
[23:20:33]   [cls-r1] ep25 1559/1559 loss 0.0249 lr 3e-04 (141s)
[23:20:41]   [cls-r1] Epoch 25 완료 | train L1 0.0249 | val argmax-MAE 8.03 | 개선없음 7/8
[23:20:51]   [cls-r1] ep26 100/1559 loss 0.0224 lr 3e-04 (9s)
[23:21:00]   [cls-r1] ep26 200/1559 loss 0.0224 lr 3e-04 (18s)
[23:21:09]   [cls-r1] ep26 300/1559 loss 0.0227 lr 3e-04 (27s)
[23:21:18]   [cls-r1] ep26 400/1559 loss 0.0228 lr 3e-04 (36s)
[23:21:27]   [cls-r1] ep26 500/1559 loss 0.0228 lr 3e-04 (45s)
[23:21:36]   [cls-r1] ep26 600/1559 loss 0.0231 lr 3e-04 (54s)
[23:21:45]   [cls-r1] ep26 700/1559 loss 0.0231 lr 3e-04 (63s)
[23:21:54]   [cls-r1] ep26 800/1559 loss 0.0230 lr 3e-04 (72s)
[23:22:03]   [cls-r1] ep26 900/1559 loss 0.0230 lr 3e-04 (81s)
[23:22:12]   [cls-r1] ep26 1000/1559 loss 0.0230 lr 3e-04 (90s)
[23:22:21]   [cls-r1] ep26 1100/1559 loss 0.0229 lr 3e-04 (99s)
[23:22:30]   [cls-r1] ep26 1200/1559 loss 0.0230 lr 3e-04 (108s)
[23:22:39]   [cls-r1] ep26 1300/1559 loss 0.0231 lr 3e-04 (117s)
[23:22:48]   [cls-r1] ep26 1400/1559 loss 0.0230 lr 3e-04 (126s)
[23:22:57]   [cls-r1] ep26 1500/1559 loss 0.0230 lr 3e-04 (135s)
[23:23:02]   [cls-r1] ep26 1559/1559 loss 0.0231 lr 3e-04 (141s)
[23:23:11]   [cls-r1] Epoch 26 완료 | train L1 0.0231 | val argmax-MAE 8.18 | 개선없음 8/8
[23:23:11]   [cls-r1] 조기종료 | best argmax-MAE 8.08 @ epoch 18
[23:24:42]   [r1] train 1000/12473
[23:25:54]   [r1] train 2000/12473
[23:27:17]   [r1] train 3000/12473
[23:28:45]   [r1] train 4000/12473
[23:30:16]   [r1] train 5000/12473
[23:31:46]   [r1] train 6000/12473
[23:33:15]   [r1] train 7000/12473
[23:34:45]   [r1] train 8000/12473
[23:36:16]   [r1] train 9000/12473
[23:37:46]   [r1] train 10000/12473
[23:39:15]   [r1] train 11000/12473
[23:40:43]   [r1] train 12000/12473
[23:41:25] [r1:train] CAM 12473 | 밴드폴백 0 | 파일없음 0
[23:42:53]   [r1] val 1000/1386
[23:43:27] [r1:val] CAM 1386 | 밴드폴백 0 | 파일없음 0
[23:43:44] [r1:test] CAM 195 | 밴드폴백 0 | 파일없음 0
[23:43:44] ### Phase I-b : R2(중수골) 국소화 - 논문 방식(erase 재학습) ###
[23:43:44]   E 이미지로 cls-r2 재학습 -> CAM tau=50 | 밴드 제약 없음 | 박스 확대 없음 | 최대연결성분 True
[23:43:44] [cls-r2] 분류 모델 학습 | pool=gmp src=erased size=560 epochs=70
[23:43:44] [backbone] timm 'inception_v3' 로드 완료 (pretrained=True)
[23:43:45] [cls-gmp] feat (2048, 16, 16) -> FC 2048->240
[23:44:00]   [cls-r2] ep01 100/1559 loss 0.2732 lr 3e-04 (15s)
[23:44:16]   [cls-r2] ep01 200/1559 loss 0.2133 lr 3e-04 (31s)
[23:44:31]   [cls-r2] ep01 300/1559 loss 0.1872 lr 3e-04 (46s)
[23:44:47]   [cls-r2] ep01 400/1559 loss 0.1703 lr 3e-04 (62s)
[23:45:02]   [cls-r2] ep01 500/1559 loss 0.1600 lr 3e-04 (77s)
[23:45:18]   [cls-r2] ep01 600/1559 loss 0.1522 lr 3e-04 (93s)
[23:45:33]   [cls-r2] ep01 700/1559 loss 0.1463 lr 3e-04 (108s)
[23:45:49]   [cls-r2] ep01 800/1559 loss 0.1414 lr 3e-04 (124s)
[23:46:04]   [cls-r2] ep01 900/1559 loss 0.1375 lr 3e-04 (139s)
[23:46:19]   [cls-r2] ep01 1000/1559 loss 0.1344 lr 3e-04 (155s)
[23:46:35]   [cls-r2] ep01 1100/1559 loss 0.1315 lr 3e-04 (170s)
[23:46:50]   [cls-r2] ep01 1200/1559 loss 0.1287 lr 3e-04 (186s)
[23:47:06]   [cls-r2] ep01 1300/1559 loss 0.1268 lr 3e-04 (201s)
[23:47:21]   [cls-r2] ep01 1400/1559 loss 0.1247 lr 3e-04 (217s)
[23:47:36]   [cls-r2] ep01 1500/1559 loss 0.1232 lr 3e-04 (231s)
[23:47:45]   [cls-r2] ep01 1559/1559 loss 0.1222 lr 3e-04 (241s)
[23:48:05]   [cls-r2] Epoch 01 완료 | train L1 0.1222 | val argmax-MAE 12.76 | * best 저장 (12.76)
[23:48:14]   [cls-r2] ep02 100/1559 loss 0.0955 lr 3e-04 (9s)
[23:48:23]   [cls-r2] ep02 200/1559 loss 0.0930 lr 3e-04 (18s)
[23:48:32]   [cls-r2] ep02 300/1559 loss 0.0929 lr 3e-04 (27s)
[23:48:41]   [cls-r2] ep02 400/1559 loss 0.0936 lr 3e-04 (36s)
[23:48:50]   [cls-r2] ep02 500/1559 loss 0.0937 lr 3e-04 (45s)
[23:48:59]   [cls-r2] ep02 600/1559 loss 0.0941 lr 3e-04 (54s)
[23:49:08]   [cls-r2] ep02 700/1559 loss 0.0945 lr 3e-04 (63s)
[23:49:18]   [cls-r2] ep02 800/1559 loss 0.0942 lr 3e-04 (73s)
[23:49:27]   [cls-r2] ep02 900/1559 loss 0.0944 lr 3e-04 (82s)
[23:49:36]   [cls-r2] ep02 1000/1559 loss 0.0941 lr 3e-04 (91s)
[23:49:45]   [cls-r2] ep02 1100/1559 loss 0.0940 lr 3e-04 (100s)
[23:49:54]   [cls-r2] ep02 1200/1559 loss 0.0934 lr 3e-04 (109s)
[23:50:03]   [cls-r2] ep02 1300/1559 loss 0.0932 lr 3e-04 (118s)
[23:50:12]   [cls-r2] ep02 1400/1559 loss 0.0932 lr 3e-04 (127s)
[23:50:21]   [cls-r2] ep02 1500/1559 loss 0.0928 lr 3e-04 (136s)
[23:50:26]   [cls-r2] ep02 1559/1559 loss 0.0926 lr 3e-04 (141s)
[23:50:35]   [cls-r2] Epoch 02 완료 | train L1 0.0926 | val argmax-MAE 11.13 | * best 저장 (11.13)
[23:50:44]   [cls-r2] ep03 100/1559 loss 0.0825 lr 3e-04 (9s)
[23:50:53]   [cls-r2] ep03 200/1559 loss 0.0841 lr 3e-04 (17s)
[23:51:01]   [cls-r2] ep03 300/1559 loss 0.0841 lr 3e-04 (26s)
[23:51:11]   [cls-r2] ep03 400/1559 loss 0.0838 lr 3e-04 (35s)
[23:51:20]   [cls-r2] ep03 500/1559 loss 0.0838 lr 3e-04 (44s)
[23:51:28]   [cls-r2] ep03 600/1559 loss 0.0840 lr 3e-04 (53s)
[23:51:36]   [cls-r2] ep03 700/1559 loss 0.0834 lr 3e-04 (61s)
[23:51:45]   [cls-r2] ep03 800/1559 loss 0.0836 lr 3e-04 (70s)
[23:51:54]   [cls-r2] ep03 900/1559 loss 0.0833 lr 3e-04 (79s)
[23:52:03]   [cls-r2] ep03 1000/1559 loss 0.0829 lr 3e-04 (88s)
[23:52:13]   [cls-r2] ep03 1100/1559 loss 0.0825 lr 3e-04 (97s)
[23:52:22]   [cls-r2] ep03 1200/1559 loss 0.0826 lr 3e-04 (106s)
[23:52:31]   [cls-r2] ep03 1300/1559 loss 0.0825 lr 3e-04 (115s)
[23:52:40]   [cls-r2] ep03 1400/1559 loss 0.0826 lr 3e-04 (124s)
[23:52:49]   [cls-r2] ep03 1500/1559 loss 0.0824 lr 3e-04 (133s)
[23:52:54]   [cls-r2] ep03 1559/1559 loss 0.0823 lr 3e-04 (139s)
[23:53:03]   [cls-r2] Epoch 03 완료 | train L1 0.0823 | val argmax-MAE 10.95 | * best 저장 (10.95)
[23:53:12]   [cls-r2] ep04 100/1559 loss 0.0768 lr 3e-04 (9s)
[23:53:21]   [cls-r2] ep04 200/1559 loss 0.0752 lr 3e-04 (18s)
[23:53:30]   [cls-r2] ep04 300/1559 loss 0.0756 lr 3e-04 (27s)
[23:53:39]   [cls-r2] ep04 400/1559 loss 0.0756 lr 3e-04 (36s)
[23:53:48]   [cls-r2] ep04 500/1559 loss 0.0754 lr 3e-04 (45s)
[23:53:57]   [cls-r2] ep04 600/1559 loss 0.0751 lr 3e-04 (54s)
[23:54:06]   [cls-r2] ep04 700/1559 loss 0.0753 lr 3e-04 (63s)
[23:54:15]   [cls-r2] ep04 800/1559 loss 0.0750 lr 3e-04 (72s)
[23:54:24]   [cls-r2] ep04 900/1559 loss 0.0755 lr 3e-04 (81s)
[23:54:33]   [cls-r2] ep04 1000/1559 loss 0.0755 lr 3e-04 (91s)
[23:54:42]   [cls-r2] ep04 1100/1559 loss 0.0753 lr 3e-04 (100s)
[23:54:52]   [cls-r2] ep04 1200/1559 loss 0.0754 lr 3e-04 (109s)
[23:55:01]   [cls-r2] ep04 1300/1559 loss 0.0752 lr 3e-04 (118s)
[23:55:09]   [cls-r2] ep04 1400/1559 loss 0.0751 lr 3e-04 (126s)
[23:55:18]   [cls-r2] ep04 1500/1559 loss 0.0750 lr 3e-04 (135s)
[23:55:24]   [cls-r2] ep04 1559/1559 loss 0.0750 lr 3e-04 (141s)
[23:55:32]   [cls-r2] Epoch 04 완료 | train L1 0.0750 | val argmax-MAE 10.67 | * best 저장 (10.67)
[23:55:41]   [cls-r2] ep05 100/1559 loss 0.0673 lr 3e-04 (9s)
[23:55:50]   [cls-r2] ep05 200/1559 loss 0.0708 lr 3e-04 (18s)
[23:55:59]   [cls-r2] ep05 300/1559 loss 0.0709 lr 3e-04 (27s)
[23:56:08]   [cls-r2] ep05 400/1559 loss 0.0707 lr 3e-04 (36s)
[23:56:17]   [cls-r2] ep05 500/1559 loss 0.0701 lr 3e-04 (45s)
[23:56:26]   [cls-r2] ep05 600/1559 loss 0.0705 lr 3e-04 (54s)
[23:56:35]   [cls-r2] ep05 700/1559 loss 0.0707 lr 3e-04 (63s)
[23:56:44]   [cls-r2] ep05 800/1559 loss 0.0702 lr 3e-04 (72s)
[23:56:53]   [cls-r2] ep05 900/1559 loss 0.0701 lr 3e-04 (81s)
[23:57:02]   [cls-r2] ep05 1000/1559 loss 0.0701 lr 3e-04 (90s)
[23:57:11]   [cls-r2] ep05 1100/1559 loss 0.0702 lr 3e-04 (99s)
[23:57:20]   [cls-r2] ep05 1200/1559 loss 0.0703 lr 3e-04 (108s)
[23:57:29]   [cls-r2] ep05 1300/1559 loss 0.0702 lr 3e-04 (117s)
[23:57:38]   [cls-r2] ep05 1400/1559 loss 0.0699 lr 3e-04 (126s)
[23:57:47]   [cls-r2] ep05 1500/1559 loss 0.0699 lr 3e-04 (135s)
[23:57:52]   [cls-r2] ep05 1559/1559 loss 0.0700 lr 3e-04 (140s)
[23:58:01]   [cls-r2] Epoch 05 완료 | train L1 0.0700 | val argmax-MAE 9.73 | * best 저장 (9.73)
[23:58:10]   [cls-r2] ep06 100/1559 loss 0.0620 lr 3e-04 (9s)
[23:58:19]   [cls-r2] ep06 200/1559 loss 0.0640 lr 3e-04 (18s)
[23:58:29]   [cls-r2] ep06 300/1559 loss 0.0639 lr 3e-04 (27s)
[23:58:38]   [cls-r2] ep06 400/1559 loss 0.0640 lr 3e-04 (36s)
[23:58:47]   [cls-r2] ep06 500/1559 loss 0.0646 lr 3e-04 (45s)
[23:58:56]   [cls-r2] ep06 600/1559 loss 0.0641 lr 3e-04 (54s)
[23:59:05]   [cls-r2] ep06 700/1559 loss 0.0643 lr 3e-04 (64s)
[23:59:14]   [cls-r2] ep06 800/1559 loss 0.0644 lr 3e-04 (73s)
[23:59:23]   [cls-r2] ep06 900/1559 loss 0.0647 lr 3e-04 (82s)
[23:59:32]   [cls-r2] ep06 1000/1559 loss 0.0650 lr 3e-04 (91s)
[23:59:41]   [cls-r2] ep06 1100/1559 loss 0.0651 lr 3e-04 (100s)
[23:59:50]   [cls-r2] ep06 1200/1559 loss 0.0649 lr 3e-04 (109s)
[23:59:59]   [cls-r2] ep06 1300/1559 loss 0.0648 lr 3e-04 (118s)
[00:00:08]   [cls-r2] ep06 1400/1559 loss 0.0649 lr 3e-04 (127s)
[00:00:17]   [cls-r2] ep06 1500/1559 loss 0.0649 lr 3e-04 (136s)
[00:00:23]   [cls-r2] ep06 1559/1559 loss 0.0648 lr 3e-04 (141s)
[00:00:31]   [cls-r2] Epoch 06 완료 | train L1 0.0648 | val argmax-MAE 8.96 | * best 저장 (8.96)
[00:00:40]   [cls-r2] ep07 100/1559 loss 0.0599 lr 3e-04 (9s)
[00:00:49]   [cls-r2] ep07 200/1559 loss 0.0579 lr 3e-04 (18s)
[00:00:59]   [cls-r2] ep07 300/1559 loss 0.0580 lr 3e-04 (27s)
[00:01:08]   [cls-r2] ep07 400/1559 loss 0.0584 lr 3e-04 (36s)
[00:01:17]   [cls-r2] ep07 500/1559 loss 0.0582 lr 3e-04 (45s)
[00:01:26]   [cls-r2] ep07 600/1559 loss 0.0589 lr 3e-04 (54s)
[00:01:34]   [cls-r2] ep07 700/1559 loss 0.0595 lr 3e-04 (63s)
[00:01:43]   [cls-r2] ep07 800/1559 loss 0.0590 lr 3e-04 (72s)
[00:01:52]   [cls-r2] ep07 900/1559 loss 0.0590 lr 3e-04 (81s)
[00:02:01]   [cls-r2] ep07 1000/1559 loss 0.0592 lr 3e-04 (90s)
[00:02:11]   [cls-r2] ep07 1100/1559 loss 0.0595 lr 3e-04 (99s)
[00:02:20]   [cls-r2] ep07 1200/1559 loss 0.0597 lr 3e-04 (108s)
[00:02:29]   [cls-r2] ep07 1300/1559 loss 0.0600 lr 3e-04 (117s)
[00:02:38]   [cls-r2] ep07 1400/1559 loss 0.0600 lr 3e-04 (126s)
[00:02:47]   [cls-r2] ep07 1500/1559 loss 0.0599 lr 3e-04 (135s)
[00:02:52]   [cls-r2] ep07 1559/1559 loss 0.0600 lr 3e-04 (141s)
[00:03:01]   [cls-r2] Epoch 07 완료 | train L1 0.0600 | val argmax-MAE 9.34 | 개선없음 1/8
[00:03:10]   [cls-r2] ep08 100/1559 loss 0.0552 lr 3e-04 (9s)
[00:03:19]   [cls-r2] ep08 200/1559 loss 0.0570 lr 3e-04 (18s)
[00:03:28]   [cls-r2] ep08 300/1559 loss 0.0560 lr 3e-04 (27s)
[00:03:37]   [cls-r2] ep08 400/1559 loss 0.0556 lr 3e-04 (36s)
[00:03:46]   [cls-r2] ep08 500/1559 loss 0.0551 lr 3e-04 (45s)
[00:03:55]   [cls-r2] ep08 600/1559 loss 0.0550 lr 3e-04 (54s)
[00:04:04]   [cls-r2] ep08 700/1559 loss 0.0555 lr 3e-04 (63s)
[00:04:13]   [cls-r2] ep08 800/1559 loss 0.0559 lr 3e-04 (72s)
[00:04:22]   [cls-r2] ep08 900/1559 loss 0.0559 lr 3e-04 (81s)
[00:04:31]   [cls-r2] ep08 1000/1559 loss 0.0556 lr 3e-04 (90s)
[00:04:40]   [cls-r2] ep08 1100/1559 loss 0.0558 lr 3e-04 (99s)
[00:04:49]   [cls-r2] ep08 1200/1559 loss 0.0558 lr 3e-04 (108s)
[00:04:58]   [cls-r2] ep08 1300/1559 loss 0.0560 lr 3e-04 (118s)
[00:05:08]   [cls-r2] ep08 1400/1559 loss 0.0562 lr 3e-04 (127s)
[00:05:17]   [cls-r2] ep08 1500/1559 loss 0.0562 lr 3e-04 (136s)
[00:05:22]   [cls-r2] ep08 1559/1559 loss 0.0563 lr 3e-04 (141s)
[00:05:30]   [cls-r2] Epoch 08 완료 | train L1 0.0563 | val argmax-MAE 8.98 | 개선없음 2/8
[00:05:40]   [cls-r2] ep09 100/1559 loss 0.0520 lr 3e-04 (9s)
[00:05:49]   [cls-r2] ep09 200/1559 loss 0.0519 lr 3e-04 (18s)
[00:05:58]   [cls-r2] ep09 300/1559 loss 0.0521 lr 3e-04 (27s)
[00:06:07]   [cls-r2] ep09 400/1559 loss 0.0515 lr 3e-04 (36s)
[00:06:16]   [cls-r2] ep09 500/1559 loss 0.0511 lr 3e-04 (45s)
[00:06:25]   [cls-r2] ep09 600/1559 loss 0.0516 lr 3e-04 (55s)
[00:06:34]   [cls-r2] ep09 700/1559 loss 0.0517 lr 3e-04 (64s)
[00:06:43]   [cls-r2] ep09 800/1559 loss 0.0518 lr 3e-04 (73s)
[00:06:53]   [cls-r2] ep09 900/1559 loss 0.0520 lr 3e-04 (82s)
[00:07:02]   [cls-r2] ep09 1000/1559 loss 0.0522 lr 3e-04 (91s)
[00:07:11]   [cls-r2] ep09 1100/1559 loss 0.0521 lr 3e-04 (100s)
[00:07:20]   [cls-r2] ep09 1200/1559 loss 0.0521 lr 3e-04 (109s)
[00:07:29]   [cls-r2] ep09 1300/1559 loss 0.0520 lr 3e-04 (118s)
[00:07:38]   [cls-r2] ep09 1400/1559 loss 0.0521 lr 3e-04 (127s)
[00:07:47]   [cls-r2] ep09 1500/1559 loss 0.0522 lr 3e-04 (136s)
[00:07:52]   [cls-r2] ep09 1559/1559 loss 0.0522 lr 3e-04 (142s)
[00:08:01]   [cls-r2] Epoch 09 완료 | train L1 0.0522 | val argmax-MAE 9.17 | 개선없음 3/8
[00:08:10]   [cls-r2] ep10 100/1559 loss 0.0475 lr 3e-04 (9s)
[00:08:19]   [cls-r2] ep10 200/1559 loss 0.0476 lr 3e-04 (18s)
[00:08:28]   [cls-r2] ep10 300/1559 loss 0.0487 lr 3e-04 (27s)
[00:08:37]   [cls-r2] ep10 400/1559 loss 0.0488 lr 3e-04 (36s)
[00:08:46]   [cls-r2] ep10 500/1559 loss 0.0490 lr 3e-04 (45s)
[00:08:55]   [cls-r2] ep10 600/1559 loss 0.0487 lr 3e-04 (54s)
[00:09:05]   [cls-r2] ep10 700/1559 loss 0.0489 lr 3e-04 (63s)
[00:09:14]   [cls-r2] ep10 800/1559 loss 0.0489 lr 3e-04 (72s)
[00:09:23]   [cls-r2] ep10 900/1559 loss 0.0492 lr 3e-04 (82s)
[00:09:32]   [cls-r2] ep10 1000/1559 loss 0.0493 lr 3e-04 (91s)
[00:09:41]   [cls-r2] ep10 1100/1559 loss 0.0492 lr 3e-04 (100s)
[00:09:50]   [cls-r2] ep10 1200/1559 loss 0.0492 lr 3e-04 (109s)
[00:09:59]   [cls-r2] ep10 1300/1559 loss 0.0490 lr 3e-04 (118s)
[00:10:08]   [cls-r2] ep10 1400/1559 loss 0.0490 lr 3e-04 (127s)
[00:10:17]   [cls-r2] ep10 1500/1559 loss 0.0493 lr 3e-04 (136s)
[00:10:23]   [cls-r2] ep10 1559/1559 loss 0.0493 lr 3e-04 (141s)
[00:10:31]   [cls-r2] Epoch 10 완료 | train L1 0.0493 | val argmax-MAE 8.73 | * best 저장 (8.73)
[00:10:40]   [cls-r2] ep11 100/1559 loss 0.0461 lr 3e-04 (9s)
[00:10:50]   [cls-r2] ep11 200/1559 loss 0.0453 lr 3e-04 (18s)
[00:10:59]   [cls-r2] ep11 300/1559 loss 0.0449 lr 3e-04 (27s)
[00:11:08]   [cls-r2] ep11 400/1559 loss 0.0454 lr 3e-04 (36s)
[00:11:17]   [cls-r2] ep11 500/1559 loss 0.0456 lr 3e-04 (45s)
[00:11:26]   [cls-r2] ep11 600/1559 loss 0.0458 lr 3e-04 (54s)
[00:11:35]   [cls-r2] ep11 700/1559 loss 0.0458 lr 3e-04 (63s)
[00:11:44]   [cls-r2] ep11 800/1559 loss 0.0457 lr 3e-04 (73s)
[00:11:53]   [cls-r2] ep11 900/1559 loss 0.0457 lr 3e-04 (82s)
[00:12:02]   [cls-r2] ep11 1000/1559 loss 0.0457 lr 3e-04 (91s)
[00:12:11]   [cls-r2] ep11 1100/1559 loss 0.0457 lr 3e-04 (100s)
[00:12:20]   [cls-r2] ep11 1200/1559 loss 0.0457 lr 3e-04 (109s)
[00:12:29]   [cls-r2] ep11 1300/1559 loss 0.0459 lr 3e-04 (118s)
[00:12:38]   [cls-r2] ep11 1400/1559 loss 0.0460 lr 3e-04 (127s)
[00:12:48]   [cls-r2] ep11 1500/1559 loss 0.0459 lr 3e-04 (136s)
[00:12:53]   [cls-r2] ep11 1559/1559 loss 0.0459 lr 3e-04 (141s)
[00:13:01]   [cls-r2] Epoch 11 완료 | train L1 0.0459 | val argmax-MAE 8.93 | 개선없음 1/8
[00:13:10]   [cls-r2] ep12 100/1559 loss 0.0401 lr 3e-04 (9s)
[00:13:20]   [cls-r2] ep12 200/1559 loss 0.0403 lr 3e-04 (18s)
[00:13:29]   [cls-r2] ep12 300/1559 loss 0.0412 lr 3e-04 (27s)
[00:13:38]   [cls-r2] ep12 400/1559 loss 0.0412 lr 3e-04 (36s)
[00:13:47]   [cls-r2] ep12 500/1559 loss 0.0416 lr 3e-04 (45s)
[00:13:56]   [cls-r2] ep12 600/1559 loss 0.0419 lr 3e-04 (54s)
[00:14:05]   [cls-r2] ep12 700/1559 loss 0.0421 lr 3e-04 (63s)
[00:14:14]   [cls-r2] ep12 800/1559 loss 0.0424 lr 3e-04 (73s)
[00:14:23]   [cls-r2] ep12 900/1559 loss 0.0426 lr 3e-04 (82s)
[00:14:32]   [cls-r2] ep12 1000/1559 loss 0.0427 lr 3e-04 (91s)
[00:14:41]   [cls-r2] ep12 1100/1559 loss 0.0427 lr 3e-04 (100s)
[00:14:51]   [cls-r2] ep12 1200/1559 loss 0.0428 lr 3e-04 (109s)
[00:15:00]   [cls-r2] ep12 1300/1559 loss 0.0429 lr 3e-04 (118s)
[00:15:09]   [cls-r2] ep12 1400/1559 loss 0.0428 lr 3e-04 (127s)
[00:15:18]   [cls-r2] ep12 1500/1559 loss 0.0427 lr 3e-04 (136s)
[00:15:23]   [cls-r2] ep12 1559/1559 loss 0.0428 lr 3e-04 (142s)
[00:15:32]   [cls-r2] Epoch 12 완료 | train L1 0.0428 | val argmax-MAE 8.75 | 개선없음 2/8
[00:15:41]   [cls-r2] ep13 100/1559 loss 0.0403 lr 3e-04 (9s)
[00:15:50]   [cls-r2] ep13 200/1559 loss 0.0387 lr 3e-04 (18s)
[00:15:59]   [cls-r2] ep13 300/1559 loss 0.0391 lr 3e-04 (27s)
[00:16:08]   [cls-r2] ep13 400/1559 loss 0.0391 lr 3e-04 (36s)
[00:16:17]   [cls-r2] ep13 500/1559 loss 0.0391 lr 3e-04 (46s)
[00:16:27]   [cls-r2] ep13 600/1559 loss 0.0397 lr 3e-04 (55s)
[00:16:36]   [cls-r2] ep13 700/1559 loss 0.0397 lr 3e-04 (64s)
[00:16:45]   [cls-r2] ep13 800/1559 loss 0.0399 lr 3e-04 (73s)
[00:16:54]   [cls-r2] ep13 900/1559 loss 0.0398 lr 3e-04 (82s)
[00:17:03]   [cls-r2] ep13 1000/1559 loss 0.0399 lr 3e-04 (91s)
[00:17:12]   [cls-r2] ep13 1100/1559 loss 0.0401 lr 3e-04 (100s)
[00:17:21]   [cls-r2] ep13 1200/1559 loss 0.0402 lr 3e-04 (109s)
[00:17:30]   [cls-r2] ep13 1300/1559 loss 0.0403 lr 3e-04 (119s)
[00:17:40]   [cls-r2] ep13 1400/1559 loss 0.0402 lr 3e-04 (128s)
[00:17:49]   [cls-r2] ep13 1500/1559 loss 0.0404 lr 3e-04 (137s)
[00:17:54]   [cls-r2] ep13 1559/1559 loss 0.0404 lr 3e-04 (142s)
[00:18:03]   [cls-r2] Epoch 13 완료 | train L1 0.0404 | val argmax-MAE 8.62 | * best 저장 (8.62)
[00:18:12]   [cls-r2] ep14 100/1559 loss 0.0393 lr 3e-04 (9s)
[00:18:21]   [cls-r2] ep14 200/1559 loss 0.0380 lr 3e-04 (18s)
[00:18:30]   [cls-r2] ep14 300/1559 loss 0.0380 lr 3e-04 (27s)
[00:18:39]   [cls-r2] ep14 400/1559 loss 0.0385 lr 3e-04 (36s)
[00:18:49]   [cls-r2] ep14 500/1559 loss 0.0382 lr 3e-04 (45s)
[00:18:58]   [cls-r2] ep14 600/1559 loss 0.0382 lr 3e-04 (55s)
[00:19:07]   [cls-r2] ep14 700/1559 loss 0.0384 lr 3e-04 (64s)
[00:19:16]   [cls-r2] ep14 800/1559 loss 0.0383 lr 3e-04 (73s)
[00:19:25]   [cls-r2] ep14 900/1559 loss 0.0384 lr 3e-04 (82s)
[00:19:34]   [cls-r2] ep14 1000/1559 loss 0.0384 lr 3e-04 (91s)
[00:19:43]   [cls-r2] ep14 1100/1559 loss 0.0386 lr 3e-04 (100s)
[00:19:52]   [cls-r2] ep14 1200/1559 loss 0.0385 lr 3e-04 (109s)
[00:20:01]   [cls-r2] ep14 1300/1559 loss 0.0384 lr 3e-04 (118s)
[00:20:10]   [cls-r2] ep14 1400/1559 loss 0.0385 lr 3e-04 (127s)
[00:20:19]   [cls-r2] ep14 1500/1559 loss 0.0385 lr 3e-04 (136s)
[00:20:25]   [cls-r2] ep14 1559/1559 loss 0.0386 lr 3e-04 (142s)
[00:20:33]   [cls-r2] Epoch 14 완료 | train L1 0.0386 | val argmax-MAE 8.65 | 개선없음 1/8
[00:20:42]   [cls-r2] ep15 100/1559 loss 0.0349 lr 3e-04 (9s)
[00:20:51]   [cls-r2] ep15 200/1559 loss 0.0358 lr 3e-04 (18s)
[00:21:00]   [cls-r2] ep15 300/1559 loss 0.0355 lr 3e-04 (27s)
[00:21:09]   [cls-r2] ep15 400/1559 loss 0.0356 lr 3e-04 (36s)
[00:21:18]   [cls-r2] ep15 500/1559 loss 0.0356 lr 3e-04 (45s)
[00:21:27]   [cls-r2] ep15 600/1559 loss 0.0356 lr 3e-04 (54s)
[00:21:37]   [cls-r2] ep15 700/1559 loss 0.0357 lr 3e-04 (63s)
[00:21:46]   [cls-r2] ep15 800/1559 loss 0.0355 lr 3e-04 (72s)
[00:21:55]   [cls-r2] ep15 900/1559 loss 0.0358 lr 3e-04 (81s)
[00:22:04]   [cls-r2] ep15 1000/1559 loss 0.0361 lr 3e-04 (90s)
[00:22:13]   [cls-r2] ep15 1100/1559 loss 0.0362 lr 3e-04 (99s)
[00:22:22]   [cls-r2] ep15 1200/1559 loss 0.0360 lr 3e-04 (108s)
[00:22:31]   [cls-r2] ep15 1300/1559 loss 0.0362 lr 3e-04 (117s)
[00:22:40]   [cls-r2] ep15 1400/1559 loss 0.0362 lr 3e-04 (127s)
[00:22:49]   [cls-r2] ep15 1500/1559 loss 0.0361 lr 3e-04 (136s)
[00:22:54]   [cls-r2] ep15 1559/1559 loss 0.0362 lr 3e-04 (141s)
[00:23:03]   [cls-r2] Epoch 15 완료 | train L1 0.0362 | val argmax-MAE 8.62 | 개선없음 2/8
[00:23:12]   [cls-r2] ep16 100/1559 loss 0.0353 lr 3e-04 (9s)
[00:23:21]   [cls-r2] ep16 200/1559 loss 0.0342 lr 3e-04 (18s)
[00:23:30]   [cls-r2] ep16 300/1559 loss 0.0341 lr 3e-04 (27s)
[00:23:39]   [cls-r2] ep16 400/1559 loss 0.0339 lr 3e-04 (36s)
[00:23:48]   [cls-r2] ep16 500/1559 loss 0.0338 lr 3e-04 (45s)
[00:23:57]   [cls-r2] ep16 600/1559 loss 0.0340 lr 3e-04 (54s)
[00:24:07]   [cls-r2] ep16 700/1559 loss 0.0340 lr 3e-04 (63s)
[00:24:16]   [cls-r2] ep16 800/1559 loss 0.0341 lr 3e-04 (72s)
[00:24:25]   [cls-r2] ep16 900/1559 loss 0.0342 lr 3e-04 (81s)
[00:24:34]   [cls-r2] ep16 1000/1559 loss 0.0344 lr 3e-04 (91s)
[00:24:43]   [cls-r2] ep16 1100/1559 loss 0.0345 lr 3e-04 (100s)
[00:24:52]   [cls-r2] ep16 1200/1559 loss 0.0346 lr 3e-04 (109s)
[00:25:01]   [cls-r2] ep16 1300/1559 loss 0.0345 lr 3e-04 (118s)
[00:25:10]   [cls-r2] ep16 1400/1559 loss 0.0346 lr 3e-04 (127s)
[00:25:19]   [cls-r2] ep16 1500/1559 loss 0.0346 lr 3e-04 (136s)
[00:25:24]   [cls-r2] ep16 1559/1559 loss 0.0347 lr 3e-04 (141s)
[00:25:33]   [cls-r2] Epoch 16 완료 | train L1 0.0347 | val argmax-MAE 8.57 | * best 저장 (8.57)
[00:25:42]   [cls-r2] ep17 100/1559 loss 0.0320 lr 3e-04 (9s)
[00:25:52]   [cls-r2] ep17 200/1559 loss 0.0330 lr 3e-04 (18s)
[00:26:01]   [cls-r2] ep17 300/1559 loss 0.0333 lr 3e-04 (27s)
[00:26:10]   [cls-r2] ep17 400/1559 loss 0.0326 lr 3e-04 (36s)
[00:26:19]   [cls-r2] ep17 500/1559 loss 0.0323 lr 3e-04 (46s)
[00:26:28]   [cls-r2] ep17 600/1559 loss 0.0324 lr 3e-04 (55s)
[00:26:37]   [cls-r2] ep17 700/1559 loss 0.0327 lr 3e-04 (64s)
[00:26:46]   [cls-r2] ep17 800/1559 loss 0.0324 lr 3e-04 (73s)
[00:26:55]   [cls-r2] ep17 900/1559 loss 0.0324 lr 3e-04 (82s)
[00:27:04]   [cls-r2] ep17 1000/1559 loss 0.0327 lr 3e-04 (91s)
[00:27:14]   [cls-r2] ep17 1100/1559 loss 0.0329 lr 3e-04 (100s)
[00:27:23]   [cls-r2] ep17 1200/1559 loss 0.0330 lr 3e-04 (109s)
[00:27:32]   [cls-r2] ep17 1300/1559 loss 0.0330 lr 3e-04 (118s)
[00:27:41]   [cls-r2] ep17 1400/1559 loss 0.0330 lr 3e-04 (128s)
[00:27:50]   [cls-r2] ep17 1500/1559 loss 0.0331 lr 3e-04 (137s)
[00:27:55]   [cls-r2] ep17 1559/1559 loss 0.0332 lr 3e-04 (142s)
[00:28:04]   [cls-r2] Epoch 17 완료 | train L1 0.0332 | val argmax-MAE 7.98 | * best 저장 (7.98)
[00:28:13]   [cls-r2] ep18 100/1559 loss 0.0309 lr 3e-04 (9s)
[00:28:22]   [cls-r2] ep18 200/1559 loss 0.0305 lr 3e-04 (18s)
[00:28:32]   [cls-r2] ep18 300/1559 loss 0.0302 lr 3e-04 (27s)
[00:28:41]   [cls-r2] ep18 400/1559 loss 0.0306 lr 3e-04 (36s)
[00:28:50]   [cls-r2] ep18 500/1559 loss 0.0313 lr 3e-04 (45s)
[00:28:59]   [cls-r2] ep18 600/1559 loss 0.0312 lr 3e-04 (54s)
[00:29:08]   [cls-r2] ep18 700/1559 loss 0.0312 lr 3e-04 (63s)
[00:29:17]   [cls-r2] ep18 800/1559 loss 0.0313 lr 3e-04 (73s)
[00:29:26]   [cls-r2] ep18 900/1559 loss 0.0314 lr 3e-04 (82s)
[00:29:35]   [cls-r2] ep18 1000/1559 loss 0.0315 lr 3e-04 (91s)
[00:29:44]   [cls-r2] ep18 1100/1559 loss 0.0316 lr 3e-04 (100s)
[00:29:53]   [cls-r2] ep18 1200/1559 loss 0.0317 lr 3e-04 (109s)
[00:30:02]   [cls-r2] ep18 1300/1559 loss 0.0318 lr 3e-04 (118s)
[00:30:11]   [cls-r2] ep18 1400/1559 loss 0.0317 lr 3e-04 (127s)
[00:30:20]   [cls-r2] ep18 1500/1559 loss 0.0316 lr 3e-04 (136s)
[00:30:26]   [cls-r2] ep18 1559/1559 loss 0.0317 lr 3e-04 (141s)
[00:30:34]   [cls-r2] Epoch 18 완료 | train L1 0.0317 | val argmax-MAE 8.61 | 개선없음 1/8
[00:30:44]   [cls-r2] ep19 100/1559 loss 0.0287 lr 3e-04 (9s)
[00:30:53]   [cls-r2] ep19 200/1559 loss 0.0289 lr 3e-04 (18s)
[00:31:02]   [cls-r2] ep19 300/1559 loss 0.0292 lr 3e-04 (27s)
[00:31:11]   [cls-r2] ep19 400/1559 loss 0.0298 lr 3e-04 (36s)
[00:31:20]   [cls-r2] ep19 500/1559 loss 0.0299 lr 3e-04 (46s)
[00:31:29]   [cls-r2] ep19 600/1559 loss 0.0300 lr 3e-04 (55s)
[00:31:38]   [cls-r2] ep19 700/1559 loss 0.0299 lr 3e-04 (64s)
[00:31:47]   [cls-r2] ep19 800/1559 loss 0.0297 lr 3e-04 (73s)
[00:31:57]   [cls-r2] ep19 900/1559 loss 0.0301 lr 3e-04 (82s)
[00:32:06]   [cls-r2] ep19 1000/1559 loss 0.0302 lr 3e-04 (91s)
[00:32:15]   [cls-r2] ep19 1100/1559 loss 0.0303 lr 3e-04 (100s)
[00:32:24]   [cls-r2] ep19 1200/1559 loss 0.0305 lr 3e-04 (109s)
[00:32:33]   [cls-r2] ep19 1300/1559 loss 0.0306 lr 3e-04 (118s)
[00:32:42]   [cls-r2] ep19 1400/1559 loss 0.0307 lr 3e-04 (127s)
[00:32:51]   [cls-r2] ep19 1500/1559 loss 0.0307 lr 3e-04 (136s)
[00:32:56]   [cls-r2] ep19 1559/1559 loss 0.0308 lr 3e-04 (142s)
[00:33:05]   [cls-r2] Epoch 19 완료 | train L1 0.0308 | val argmax-MAE 8.36 | 개선없음 2/8
[00:33:14]   [cls-r2] ep20 100/1559 loss 0.0280 lr 3e-04 (9s)
[00:33:23]   [cls-r2] ep20 200/1559 loss 0.0285 lr 3e-04 (18s)
[00:33:32]   [cls-r2] ep20 300/1559 loss 0.0289 lr 3e-04 (27s)
[00:33:41]   [cls-r2] ep20 400/1559 loss 0.0284 lr 3e-04 (36s)
[00:33:50]   [cls-r2] ep20 500/1559 loss 0.0288 lr 3e-04 (45s)
[00:33:59]   [cls-r2] ep20 600/1559 loss 0.0289 lr 3e-04 (54s)
[00:34:08]   [cls-r2] ep20 700/1559 loss 0.0287 lr 3e-04 (63s)
[00:34:17]   [cls-r2] ep20 800/1559 loss 0.0289 lr 3e-04 (72s)
[00:34:27]   [cls-r2] ep20 900/1559 loss 0.0290 lr 3e-04 (81s)
[00:34:36]   [cls-r2] ep20 1000/1559 loss 0.0292 lr 3e-04 (91s)
[00:34:45]   [cls-r2] ep20 1100/1559 loss 0.0294 lr 3e-04 (100s)
[00:34:54]   [cls-r2] ep20 1200/1559 loss 0.0296 lr 3e-04 (109s)
[00:35:03]   [cls-r2] ep20 1300/1559 loss 0.0296 lr 3e-04 (118s)
[00:35:12]   [cls-r2] ep20 1400/1559 loss 0.0297 lr 3e-04 (127s)
[00:35:21]   [cls-r2] ep20 1500/1559 loss 0.0296 lr 3e-04 (136s)
[00:35:26]   [cls-r2] ep20 1559/1559 loss 0.0296 lr 3e-04 (141s)
[00:35:35]   [cls-r2] Epoch 20 완료 | train L1 0.0296 | val argmax-MAE 8.58 | 개선없음 3/8
[00:35:44]   [cls-r2] ep21 100/1559 loss 0.0277 lr 3e-04 (9s)
[00:35:53]   [cls-r2] ep21 200/1559 loss 0.0281 lr 3e-04 (18s)
[00:36:02]   [cls-r2] ep21 300/1559 loss 0.0277 lr 3e-04 (27s)
[00:36:11]   [cls-r2] ep21 400/1559 loss 0.0279 lr 3e-04 (36s)
[00:36:20]   [cls-r2] ep21 500/1559 loss 0.0279 lr 3e-04 (45s)
[00:36:29]   [cls-r2] ep21 600/1559 loss 0.0280 lr 3e-04 (54s)
[00:36:39]   [cls-r2] ep21 700/1559 loss 0.0280 lr 3e-04 (63s)
[00:36:48]   [cls-r2] ep21 800/1559 loss 0.0277 lr 3e-04 (72s)
[00:36:57]   [cls-r2] ep21 900/1559 loss 0.0279 lr 3e-04 (82s)
[00:37:06]   [cls-r2] ep21 1000/1559 loss 0.0278 lr 3e-04 (91s)
[00:37:15]   [cls-r2] ep21 1100/1559 loss 0.0277 lr 3e-04 (100s)
[00:37:24]   [cls-r2] ep21 1200/1559 loss 0.0277 lr 3e-04 (109s)
[00:37:33]   [cls-r2] ep21 1300/1559 loss 0.0280 lr 3e-04 (118s)
[00:37:42]   [cls-r2] ep21 1400/1559 loss 0.0282 lr 3e-04 (127s)
[00:37:51]   [cls-r2] ep21 1500/1559 loss 0.0282 lr 3e-04 (136s)
[00:37:56]   [cls-r2] ep21 1559/1559 loss 0.0282 lr 3e-04 (141s)
[00:38:05]   [cls-r2] Epoch 21 완료 | train L1 0.0282 | val argmax-MAE 8.46 | 개선없음 4/8
[00:38:14]   [cls-r2] ep22 100/1559 loss 0.0296 lr 3e-04 (9s)
[00:38:23]   [cls-r2] ep22 200/1559 loss 0.0275 lr 3e-04 (18s)
[00:38:32]   [cls-r2] ep22 300/1559 loss 0.0262 lr 3e-04 (27s)
[00:38:41]   [cls-r2] ep22 400/1559 loss 0.0266 lr 3e-04 (36s)
[00:38:50]   [cls-r2] ep22 500/1559 loss 0.0270 lr 3e-04 (45s)
[00:38:59]   [cls-r2] ep22 600/1559 loss 0.0271 lr 3e-04 (54s)
[00:39:09]   [cls-r2] ep22 700/1559 loss 0.0275 lr 3e-04 (64s)
[00:39:18]   [cls-r2] ep22 800/1559 loss 0.0275 lr 3e-04 (73s)
[00:39:27]   [cls-r2] ep22 900/1559 loss 0.0275 lr 3e-04 (82s)
[00:39:36]   [cls-r2] ep22 1000/1559 loss 0.0274 lr 3e-04 (91s)
[00:39:45]   [cls-r2] ep22 1100/1559 loss 0.0273 lr 3e-04 (100s)
[00:39:54]   [cls-r2] ep22 1200/1559 loss 0.0273 lr 3e-04 (109s)
[00:40:03]   [cls-r2] ep22 1300/1559 loss 0.0273 lr 3e-04 (118s)
[00:40:12]   [cls-r2] ep22 1400/1559 loss 0.0272 lr 3e-04 (127s)
[00:40:21]   [cls-r2] ep22 1500/1559 loss 0.0274 lr 3e-04 (136s)
[00:40:27]   [cls-r2] ep22 1559/1559 loss 0.0274 lr 3e-04 (142s)
[00:40:35]   [cls-r2] Epoch 22 완료 | train L1 0.0274 | val argmax-MAE 8.12 | 개선없음 5/8
[00:40:44]   [cls-r2] ep23 100/1559 loss 0.0252 lr 3e-04 (9s)
[00:40:53]   [cls-r2] ep23 200/1559 loss 0.0249 lr 3e-04 (18s)
[00:41:03]   [cls-r2] ep23 300/1559 loss 0.0261 lr 3e-04 (27s)
[00:41:12]   [cls-r2] ep23 400/1559 loss 0.0260 lr 3e-04 (36s)
[00:41:21]   [cls-r2] ep23 500/1559 loss 0.0258 lr 3e-04 (45s)
[00:41:30]   [cls-r2] ep23 600/1559 loss 0.0259 lr 3e-04 (55s)
[00:41:39]   [cls-r2] ep23 700/1559 loss 0.0258 lr 3e-04 (64s)
[00:41:48]   [cls-r2] ep23 800/1559 loss 0.0258 lr 3e-04 (73s)
[00:41:57]   [cls-r2] ep23 900/1559 loss 0.0260 lr 3e-04 (82s)
[00:42:06]   [cls-r2] ep23 1000/1559 loss 0.0262 lr 3e-04 (91s)
[00:42:16]   [cls-r2] ep23 1100/1559 loss 0.0262 lr 3e-04 (100s)
[00:42:25]   [cls-r2] ep23 1200/1559 loss 0.0264 lr 3e-04 (109s)
[00:42:34]   [cls-r2] ep23 1300/1559 loss 0.0265 lr 3e-04 (119s)
[00:42:43]   [cls-r2] ep23 1400/1559 loss 0.0267 lr 3e-04 (128s)
[00:42:52]   [cls-r2] ep23 1500/1559 loss 0.0267 lr 3e-04 (137s)
[00:42:58]   [cls-r2] ep23 1559/1559 loss 0.0267 lr 3e-04 (142s)
[00:43:06]   [cls-r2] Epoch 23 완료 | train L1 0.0267 | val argmax-MAE 8.44 | 개선없음 6/8
[00:43:15]   [cls-r2] ep24 100/1559 loss 0.0261 lr 3e-04 (9s)
[00:43:24]   [cls-r2] ep24 200/1559 loss 0.0257 lr 3e-04 (18s)
[00:43:34]   [cls-r2] ep24 300/1559 loss 0.0259 lr 3e-04 (27s)
[00:43:43]   [cls-r2] ep24 400/1559 loss 0.0255 lr 3e-04 (36s)
[00:43:52]   [cls-r2] ep24 500/1559 loss 0.0253 lr 3e-04 (45s)
[00:44:01]   [cls-r2] ep24 600/1559 loss 0.0259 lr 3e-04 (54s)
[00:44:10]   [cls-r2] ep24 700/1559 loss 0.0260 lr 3e-04 (64s)
[00:44:19]   [cls-r2] ep24 800/1559 loss 0.0257 lr 3e-04 (73s)
[00:44:28]   [cls-r2] ep24 900/1559 loss 0.0257 lr 3e-04 (82s)
[00:44:37]   [cls-r2] ep24 1000/1559 loss 0.0259 lr 3e-04 (91s)
[00:44:46]   [cls-r2] ep24 1100/1559 loss 0.0259 lr 3e-04 (100s)
[00:44:55]   [cls-r2] ep24 1200/1559 loss 0.0258 lr 3e-04 (109s)
[00:45:04]   [cls-r2] ep24 1300/1559 loss 0.0256 lr 3e-04 (118s)
[00:45:14]   [cls-r2] ep24 1400/1559 loss 0.0255 lr 3e-04 (127s)
[00:45:23]   [cls-r2] ep24 1500/1559 loss 0.0255 lr 3e-04 (136s)
[00:45:28]   [cls-r2] ep24 1559/1559 loss 0.0256 lr 3e-04 (142s)
[00:45:36]   [cls-r2] Epoch 24 완료 | train L1 0.0256 | val argmax-MAE 8.23 | 개선없음 7/8
[00:45:46]   [cls-r2] ep25 100/1559 loss 0.0259 lr 3e-04 (9s)
[00:45:55]   [cls-r2] ep25 200/1559 loss 0.0249 lr 3e-04 (18s)
[00:46:04]   [cls-r2] ep25 300/1559 loss 0.0253 lr 3e-04 (27s)
[00:46:13]   [cls-r2] ep25 400/1559 loss 0.0255 lr 3e-04 (36s)
[00:46:22]   [cls-r2] ep25 500/1559 loss 0.0251 lr 3e-04 (45s)
[00:46:31]   [cls-r2] ep25 600/1559 loss 0.0248 lr 3e-04 (54s)
[00:46:40]   [cls-r2] ep25 700/1559 loss 0.0246 lr 3e-04 (63s)
[00:46:49]   [cls-r2] ep25 800/1559 loss 0.0244 lr 3e-04 (72s)
[00:46:58]   [cls-r2] ep25 900/1559 loss 0.0245 lr 3e-04 (82s)
[00:47:07]   [cls-r2] ep25 1000/1559 loss 0.0246 lr 3e-04 (91s)
[00:47:16]   [cls-r2] ep25 1100/1559 loss 0.0245 lr 3e-04 (100s)
[00:47:26]   [cls-r2] ep25 1200/1559 loss 0.0245 lr 3e-04 (109s)
[00:47:35]   [cls-r2] ep25 1300/1559 loss 0.0244 lr 3e-04 (118s)
[00:47:44]   [cls-r2] ep25 1400/1559 loss 0.0245 lr 3e-04 (127s)
[00:47:53]   [cls-r2] ep25 1500/1559 loss 0.0245 lr 3e-04 (136s)
[00:47:58]   [cls-r2] ep25 1559/1559 loss 0.0245 lr 3e-04 (141s)
[00:48:06]   [cls-r2] Epoch 25 완료 | train L1 0.0245 | val argmax-MAE 8.48 | 개선없음 8/8
[00:48:07]   [cls-r2] 조기종료 | best argmax-MAE 7.98 @ epoch 17
[00:49:33]   [r2] train 1000/12473
[00:50:40]   [r2] train 2000/12473
[00:51:58]   [r2] train 3000/12473
[00:53:23]   [r2] train 4000/12473
[00:54:50]   [r2] train 5000/12473
[00:56:17]   [r2] train 6000/12473
[00:57:41]   [r2] train 7000/12473
[00:59:04]   [r2] train 8000/12473
[01:00:27]   [r2] train 9000/12473
[01:01:51]   [r2] train 10000/12473
[01:03:14]   [r2] train 11000/12473
[01:04:37]   [r2] train 12000/12473
[01:05:16] [r2:train] CAM 12473 | 마스크실패 0 | 파일없음 0
[01:06:37]   [r2] val 1000/1386
[01:07:09] [r2:val] CAM 1386 | 마스크실패 0 | 파일없음 0
[01:07:25] [r2:test] CAM 195 | 마스크실패 0 | 파일없음 0
[01:07:25] bbox 로그 저장: G:\Project\sinra_cho\checkpoints_attention_v6\roi_bboxes.csv
[01:07:25]   [r1] 박스 폭 중앙값 269px (48%) | 높이 중앙값 257px (46%)
[01:07:25]   [r2] 박스 폭 중앙값 164px (29%) | 높이 중앙값 138px (25%)
[01:07:25] R1/R2/E 캐시 완료
[01:07:25] [backbone] timm 'inception_v3' 로드 완료 (pretrained=False)
[01:07:25] [cls-gmp] feat (2048, 16, 16) -> FC 2048->240
[01:07:26] [backbone] timm 'inception_v3' 로드 완료 (pretrained=False)
[01:07:26] [cls-gmp] feat (2048, 16, 16) -> FC 2048->240
[01:07:26] [경고] QC 시트 생성 실패: 'r2'
[01:07:26] Phase II 정규화 div255 | 증강 OFF (논문 기준선)
[01:07:26] Phase II 설정: {'BACKBONE': 'xception', 'IMG_SIZE': 560, 'AGE_BINS': 240, 'GENDER_EMB_DIM': 32, 'HEAD_RELU': True, 'GENDER_RELU': True, 'LDL_DELTA': 15.0, 'LDL_LAMBDA': 0.5, 'AGG_CHANNELS': ['hand', 'r1', 'erased'], 'NORMALIZE': 'div255', 'USE_AUG': False, 'TAU_R1': 30, 'TAU_R2': 50, 'R2_METHOD': 'paper_erase', 'CLS_SIZE_REGION': 560, 'PRE': {'IMG_SIZE': 560, 'NORM_MODE': 'percentile', 'NORM_LO': 1.0, 'NORM_HI': 99.0, 'TOPHAT_MODE': 'add', 'TOPHAT_KFRAC': 0.1, 'TOPHAT_KSIZE': 0, 'TOPHAT_SHAPE': 'rect', 'TOPHAT_WEIGHT': 1.0, 'CLAHE_CLIP': 2.0, 'CLAHE_TILE': 8, 'SCALE_MODE': 'per_image', 'PAD_MODE': 'auto', 'PAD_BORDER_FRAC': 0.02, 'PAD_BORDER_PCTL': 25.0, 'PAD_ANCHOR': 'center'}, 'PRE_TAG': '560_np1-99_thadd-rect-f0.1-w1_c2t8_img_padauto', 'HAND_SOURCE': 'G:\\Project\\sinra_cho\\yolo_crop', 'BOX_CFG': {'r1': {'pad_x': 0.1, 'pad_y': 0.12, 'min_w': 0.48, 'min_h': 0.34}}, 'MERGE_COMPONENTS': True, 'BANDS': {'r1': {'x0': 0.12, 'y0': 0.52, 'x1': 0.88, 'y1': 0.98}}, 'CLAMP_TO_BAND': True, 'PAD_TO_SQUARE': True}
[01:07:26] 조기종료 | Phase I patience 8 | Phase II patience 15 (최소 65에폭 이후)
[01:07:26] 배치 수 | train 1559 | val 174 | test 25
[01:07:27] [backbone] timm 'legacy_xception' 로드 완료 (pretrained=True)
[01:07:27] [reg] backbone out (2048, 18, 18) -> z 6,400 | params 27.1M
[01:07:27] [LDL] loss = l_MAE + 0.5 * D_KL(G||p) | bins 240 | delta 15.0
[01:07:27] Phase II 새로 학습 시작
[01:07:58]   Epoch 001 100/1559 train_mae 22.27 kl 1.100 lr 3e-04 (31s)
[01:08:20]   Epoch 001 200/1559 train_mae 19.33 kl 1.094 lr 3e-04 (53s)
[01:08:42]   Epoch 001 300/1559 train_mae 17.14 kl 1.076 lr 3e-04 (75s)
[01:09:03]   Epoch 001 400/1559 train_mae 15.65 kl 1.020 lr 3e-04 (97s)
[01:09:26]   Epoch 001 500/1559 train_mae 14.89 kl 0.990 lr 3e-04 (119s)
[01:09:48]   Epoch 001 600/1559 train_mae 14.11 kl 0.954 lr 3e-04 (141s)
[01:10:10]   Epoch 001 700/1559 train_mae 13.58 kl 0.920 lr 3e-04 (163s)
[01:10:32]   Epoch 001 800/1559 train_mae 13.28 kl 0.897 lr 3e-04 (185s)
[01:10:54]   Epoch 001 900/1559 train_mae 12.90 kl 0.878 lr 3e-04 (207s)
[01:11:16]   Epoch 001 1000/1559 train_mae 12.48 kl 0.856 lr 3e-04 (229s)
[01:11:38]   Epoch 001 1100/1559 train_mae 12.19 kl 0.838 lr 3e-04 (251s)
[01:12:00]   Epoch 001 1200/1559 train_mae 11.95 kl 0.829 lr 3e-04 (273s)
[01:12:22]   Epoch 001 1300/1559 train_mae 11.73 kl 0.815 lr 3e-04 (296s)
[01:12:44]   Epoch 001 1400/1559 train_mae 11.51 kl 0.800 lr 3e-04 (318s)
[01:13:06]   Epoch 001 1500/1559 train_mae 11.32 kl 0.792 lr 3e-04 (340s)
[01:13:20]   Epoch 001 1559/1559 train_mae 11.24 kl 0.787 lr 3e-04 (353s)
[01:13:57] [Epoch 001 완료] train MAE 11.24 | val MAE 9.11 | val RMSE 11.87 | lr 3e-04 | * best 저장 (val MAE 9.11)
[01:14:13]   Epoch 002 100/1559 train_mae 8.23 kl 0.639 lr 3e-04 (16s)
[01:14:29]   Epoch 002 200/1559 train_mae 8.08 kl 0.627 lr 3e-04 (31s)
[01:14:44]   Epoch 002 300/1559 train_mae 7.99 kl 0.613 lr 3e-04 (47s)
[01:15:00]   Epoch 002 400/1559 train_mae 7.94 kl 0.607 lr 3e-04 (63s)
[01:15:15]   Epoch 002 500/1559 train_mae 7.96 kl 0.604 lr 3e-04 (78s)
[01:15:29]   Epoch 002 600/1559 train_mae 8.05 kl 0.612 lr 3e-04 (92s)
[01:15:44]   Epoch 002 700/1559 train_mae 8.04 kl 0.607 lr 3e-04 (107s)
[01:16:00]   Epoch 002 800/1559 train_mae 7.96 kl 0.603 lr 3e-04 (123s)
[01:16:16]   Epoch 002 900/1559 train_mae 7.96 kl 0.600 lr 3e-04 (139s)
[01:16:32]   Epoch 002 1000/1559 train_mae 7.94 kl 0.597 lr 3e-04 (154s)
[01:16:47]   Epoch 002 1100/1559 train_mae 7.91 kl 0.598 lr 3e-04 (170s)
[01:17:03]   Epoch 002 1200/1559 train_mae 7.92 kl 0.595 lr 3e-04 (185s)
[01:17:18]   Epoch 002 1300/1559 train_mae 7.91 kl 0.596 lr 3e-04 (201s)
[01:17:34]   Epoch 002 1400/1559 train_mae 7.88 kl 0.595 lr 3e-04 (216s)
[01:17:49]   Epoch 002 1500/1559 train_mae 7.85 kl 0.592 lr 3e-04 (232s)
[01:17:58]   Epoch 002 1559/1559 train_mae 7.83 kl 0.592 lr 3e-04 (241s)
[01:18:16] [Epoch 002 완료] train MAE 7.83 | val MAE 7.78 | val RMSE 10.37 | lr 3e-04 | * best 저장 (val MAE 7.78)
[01:18:32]   Epoch 003 100/1559 train_mae 6.93 kl 0.547 lr 3e-04 (16s)
[01:18:48]   Epoch 003 200/1559 train_mae 6.98 kl 0.553 lr 3e-04 (31s)
[01:19:04]   Epoch 003 300/1559 train_mae 7.00 kl 0.558 lr 3e-04 (47s)
[01:19:19]   Epoch 003 400/1559 train_mae 7.08 kl 0.564 lr 3e-04 (62s)
[01:19:35]   Epoch 003 500/1559 train_mae 7.06 kl 0.563 lr 3e-04 (78s)
[01:19:50]   Epoch 003 600/1559 train_mae 7.07 kl 0.555 lr 3e-04 (94s)
[01:20:06]   Epoch 003 700/1559 train_mae 7.08 kl 0.554 lr 3e-04 (109s)
[01:20:22]   Epoch 003 800/1559 train_mae 7.07 kl 0.551 lr 3e-04 (125s)
[01:20:37]   Epoch 003 900/1559 train_mae 7.07 kl 0.547 lr 3e-04 (140s)
[01:20:53]   Epoch 003 1000/1559 train_mae 7.11 kl 0.545 lr 3e-04 (156s)
[01:21:08]   Epoch 003 1100/1559 train_mae 7.14 kl 0.543 lr 3e-04 (172s)
[01:21:24]   Epoch 003 1200/1559 train_mae 7.17 kl 0.542 lr 3e-04 (187s)
[01:21:40]   Epoch 003 1300/1559 train_mae 7.16 kl 0.543 lr 3e-04 (203s)
[01:21:55]   Epoch 003 1400/1559 train_mae 7.14 kl 0.541 lr 3e-04 (218s)
[01:22:11]   Epoch 003 1500/1559 train_mae 7.15 kl 0.541 lr 3e-04 (234s)
[01:22:20]   Epoch 003 1559/1559 train_mae 7.15 kl 0.543 lr 3e-04 (243s)
[01:22:40] [Epoch 003 완료] train MAE 7.15 | val MAE 7.76 | val RMSE 10.14 | lr 3e-04 | * best 저장 (val MAE 7.76)
[01:22:56]   Epoch 004 100/1559 train_mae 7.01 kl 0.516 lr 3e-04 (15s)
[01:23:12]   Epoch 004 200/1559 train_mae 6.63 kl 0.528 lr 3e-04 (31s)
[01:23:27]   Epoch 004 300/1559 train_mae 6.41 kl 0.519 lr 3e-04 (47s)
[01:23:43]   Epoch 004 400/1559 train_mae 6.33 kl 0.512 lr 3e-04 (62s)
[01:23:58]   Epoch 004 500/1559 train_mae 6.35 kl 0.509 lr 3e-04 (78s)
[01:24:14]   Epoch 004 600/1559 train_mae 6.40 kl 0.511 lr 3e-04 (93s)
[01:24:30]   Epoch 004 700/1559 train_mae 6.38 kl 0.511 lr 3e-04 (109s)
[01:24:45]   Epoch 004 800/1559 train_mae 6.35 kl 0.511 lr 3e-04 (125s)
[01:25:01]   Epoch 004 900/1559 train_mae 6.37 kl 0.514 lr 3e-04 (140s)
[01:25:16]   Epoch 004 1000/1559 train_mae 6.38 kl 0.515 lr 3e-04 (156s)
[01:25:32]   Epoch 004 1100/1559 train_mae 6.42 kl 0.515 lr 3e-04 (171s)
[01:25:48]   Epoch 004 1200/1559 train_mae 6.40 kl 0.513 lr 3e-04 (187s)
[01:26:03]   Epoch 004 1300/1559 train_mae 6.39 kl 0.513 lr 3e-04 (203s)
[01:26:19]   Epoch 004 1400/1559 train_mae 6.40 kl 0.512 lr 3e-04 (218s)
[01:26:34]   Epoch 004 1500/1559 train_mae 6.42 kl 0.510 lr 3e-04 (234s)
[01:26:44]   Epoch 004 1559/1559 train_mae 6.42 kl 0.509 lr 3e-04 (243s)
[01:27:01] [Epoch 004 완료] train MAE 6.42 | val MAE 7.53 | val RMSE 10.21 | lr 3e-04 | * best 저장 (val MAE 7.53)
[01:27:17]   Epoch 005 100/1559 train_mae 5.64 kl 0.467 lr 3e-04 (16s)
[01:27:32]   Epoch 005 200/1559 train_mae 5.55 kl 0.468 lr 3e-04 (31s)
[01:27:48]   Epoch 005 300/1559 train_mae 5.58 kl 0.473 lr 3e-04 (47s)
[01:28:03]   Epoch 005 400/1559 train_mae 5.67 kl 0.477 lr 3e-04 (62s)
[01:28:19]   Epoch 005 500/1559 train_mae 5.67 kl 0.474 lr 3e-04 (78s)
[01:28:34]   Epoch 005 600/1559 train_mae 5.69 kl 0.470 lr 3e-04 (93s)
[01:28:50]   Epoch 005 700/1559 train_mae 5.71 kl 0.469 lr 3e-04 (109s)
[01:29:06]   Epoch 005 800/1559 train_mae 5.69 kl 0.467 lr 3e-04 (125s)
[01:29:21]   Epoch 005 900/1559 train_mae 5.67 kl 0.465 lr 3e-04 (140s)
[01:29:37]   Epoch 005 1000/1559 train_mae 5.72 kl 0.464 lr 3e-04 (156s)
[01:29:52]   Epoch 005 1100/1559 train_mae 5.76 kl 0.462 lr 3e-04 (171s)
[01:30:08]   Epoch 005 1200/1559 train_mae 5.78 kl 0.461 lr 3e-04 (187s)
[01:30:24]   Epoch 005 1300/1559 train_mae 5.79 kl 0.464 lr 3e-04 (203s)
[01:30:39]   Epoch 005 1400/1559 train_mae 5.81 kl 0.464 lr 3e-04 (218s)
[01:30:55]   Epoch 005 1500/1559 train_mae 5.84 kl 0.462 lr 3e-04 (234s)
[01:31:04]   Epoch 005 1559/1559 train_mae 5.86 kl 0.462 lr 3e-04 (243s)
[01:31:24] [Epoch 005 완료] train MAE 5.86 | val MAE 7.52 | val RMSE 10.18 | lr 3e-04 | * best 저장 (val MAE 7.52)
[01:31:40]   Epoch 006 100/1559 train_mae 5.34 kl 0.404 lr 3e-04 (16s)
[01:31:56]   Epoch 006 200/1559 train_mae 5.46 kl 0.406 lr 3e-04 (31s)
[01:32:11]   Epoch 006 300/1559 train_mae 5.37 kl 0.411 lr 3e-04 (47s)
[01:32:27]   Epoch 006 400/1559 train_mae 5.39 kl 0.417 lr 3e-04 (62s)
[01:32:43]   Epoch 006 500/1559 train_mae 5.33 kl 0.419 lr 3e-04 (78s)
[01:32:58]   Epoch 006 600/1559 train_mae 5.34 kl 0.419 lr 3e-04 (94s)
[01:33:14]   Epoch 006 700/1559 train_mae 5.38 kl 0.418 lr 3e-04 (109s)
[01:33:30]   Epoch 006 800/1559 train_mae 5.33 kl 0.420 lr 3e-04 (125s)
[01:33:45]   Epoch 006 900/1559 train_mae 5.41 kl 0.427 lr 3e-04 (141s)
[01:34:01]   Epoch 006 1000/1559 train_mae 5.39 kl 0.428 lr 3e-04 (156s)
[01:34:16]   Epoch 006 1100/1559 train_mae 5.40 kl 0.427 lr 3e-04 (172s)
[01:34:32]   Epoch 006 1200/1559 train_mae 5.42 kl 0.426 lr 3e-04 (187s)
[01:34:48]   Epoch 006 1300/1559 train_mae 5.44 kl 0.428 lr 3e-04 (203s)
[01:35:03]   Epoch 006 1400/1559 train_mae 5.44 kl 0.426 lr 3e-04 (219s)
[01:35:19]   Epoch 006 1500/1559 train_mae 5.44 kl 0.425 lr 3e-04 (234s)
[01:35:28]   Epoch 006 1559/1559 train_mae 5.45 kl 0.425 lr 3e-04 (244s)
[01:35:48] [Epoch 006 완료] train MAE 5.45 | val MAE 7.60 | val RMSE 10.29 | lr 3e-04 | 개선없음 1/15
[01:36:04]   Epoch 007 100/1559 train_mae 4.66 kl 0.383 lr 3e-04 (15s)
[01:36:20]   Epoch 007 200/1559 train_mae 4.75 kl 0.396 lr 3e-04 (31s)
[01:36:35]   Epoch 007 300/1559 train_mae 4.89 kl 0.402 lr 3e-04 (47s)
[01:36:50]   Epoch 007 400/1559 train_mae 4.82 kl 0.403 lr 3e-04 (62s)
[01:37:04]   Epoch 007 500/1559 train_mae 4.80 kl 0.399 lr 3e-04 (75s)
[01:37:20]   Epoch 007 600/1559 train_mae 4.81 kl 0.399 lr 3e-04 (91s)
[01:37:35]   Epoch 007 700/1559 train_mae 4.80 kl 0.396 lr 3e-04 (106s)
[01:37:51]   Epoch 007 800/1559 train_mae 4.84 kl 0.400 lr 3e-04 (122s)
[01:38:06]   Epoch 007 900/1559 train_mae 4.84 kl 0.399 lr 3e-04 (138s)
[01:38:22]   Epoch 007 1000/1559 train_mae 4.84 kl 0.399 lr 3e-04 (153s)
[01:38:38]   Epoch 007 1100/1559 train_mae 4.86 kl 0.399 lr 3e-04 (169s)
[01:38:53]   Epoch 007 1200/1559 train_mae 4.88 kl 0.398 lr 3e-04 (185s)
[01:39:09]   Epoch 007 1300/1559 train_mae 4.88 kl 0.397 lr 3e-04 (200s)
[01:39:25]   Epoch 007 1400/1559 train_mae 4.89 kl 0.398 lr 3e-04 (216s)
[01:39:40]   Epoch 007 1500/1559 train_mae 4.90 kl 0.398 lr 3e-04 (232s)
[01:39:49]   Epoch 007 1559/1559 train_mae 4.91 kl 0.396 lr 3e-04 (241s)
[01:40:08] [Epoch 007 완료] train MAE 4.91 | val MAE 7.31 | val RMSE 9.92 | lr 3e-04 | * best 저장 (val MAE 7.31)
[01:40:24]   Epoch 008 100/1559 train_mae 4.57 kl 0.399 lr 3e-04 (16s)
[01:40:40]   Epoch 008 200/1559 train_mae 4.60 kl 0.384 lr 3e-04 (31s)
[01:40:56]   Epoch 008 300/1559 train_mae 4.65 kl 0.385 lr 3e-04 (47s)
[01:41:11]   Epoch 008 400/1559 train_mae 4.61 kl 0.387 lr 3e-04 (63s)
[01:41:27]   Epoch 008 500/1559 train_mae 4.57 kl 0.387 lr 3e-04 (78s)
[01:41:43]   Epoch 008 600/1559 train_mae 4.54 kl 0.383 lr 3e-04 (94s)
[01:41:58]   Epoch 008 700/1559 train_mae 4.59 kl 0.384 lr 3e-04 (110s)
[01:42:14]   Epoch 008 800/1559 train_mae 4.62 kl 0.382 lr 3e-04 (125s)
[01:42:29]   Epoch 008 900/1559 train_mae 4.62 kl 0.380 lr 3e-04 (140s)
[01:42:45]   Epoch 008 1000/1559 train_mae 4.63 kl 0.380 lr 3e-04 (156s)
[01:43:00]   Epoch 008 1100/1559 train_mae 4.65 kl 0.382 lr 3e-04 (172s)
[01:43:16]   Epoch 008 1200/1559 train_mae 4.65 kl 0.380 lr 3e-04 (187s)
[01:43:32]   Epoch 008 1300/1559 train_mae 4.65 kl 0.381 lr 3e-04 (203s)
[01:43:47]   Epoch 008 1400/1559 train_mae 4.65 kl 0.378 lr 3e-04 (219s)
[01:44:03]   Epoch 008 1500/1559 train_mae 4.65 kl 0.377 lr 3e-04 (234s)
[01:44:12]   Epoch 008 1559/1559 train_mae 4.66 kl 0.376 lr 3e-04 (243s)
[01:44:32] [Epoch 008 완료] train MAE 4.66 | val MAE 7.55 | val RMSE 10.21 | lr 3e-04 | 개선없음 1/15
[01:44:48]   Epoch 009 100/1559 train_mae 4.37 kl 0.347 lr 3e-04 (16s)
[01:45:04]   Epoch 009 200/1559 train_mae 4.33 kl 0.355 lr 3e-04 (31s)
[01:45:19]   Epoch 009 300/1559 train_mae 4.40 kl 0.357 lr 3e-04 (47s)
[01:45:35]   Epoch 009 400/1559 train_mae 4.37 kl 0.357 lr 3e-04 (63s)
[01:45:51]   Epoch 009 500/1559 train_mae 4.29 kl 0.355 lr 3e-04 (78s)
[01:46:06]   Epoch 009 600/1559 train_mae 4.27 kl 0.353 lr 3e-04 (94s)
[01:46:22]   Epoch 009 700/1559 train_mae 4.23 kl 0.354 lr 3e-04 (109s)
[01:46:38]   Epoch 009 800/1559 train_mae 4.23 kl 0.353 lr 3e-04 (125s)
[01:46:53]   Epoch 009 900/1559 train_mae 4.23 kl 0.352 lr 3e-04 (141s)
[01:47:08]   Epoch 009 1000/1559 train_mae 4.23 kl 0.352 lr 3e-04 (156s)
[01:47:24]   Epoch 009 1100/1559 train_mae 4.22 kl 0.350 lr 3e-04 (171s)
[01:47:39]   Epoch 009 1200/1559 train_mae 4.24 kl 0.348 lr 3e-04 (187s)
[01:47:55]   Epoch 009 1300/1559 train_mae 4.23 kl 0.346 lr 3e-04 (202s)
[01:48:11]   Epoch 009 1400/1559 train_mae 4.24 kl 0.345 lr 3e-04 (218s)
[01:48:26]   Epoch 009 1500/1559 train_mae 4.25 kl 0.344 lr 3e-04 (234s)
[01:48:35]   Epoch 009 1559/1559 train_mae 4.25 kl 0.343 lr 3e-04 (243s)
[01:48:56] [Epoch 009 완료] train MAE 4.25 | val MAE 7.23 | val RMSE 9.79 | lr 3e-04 | * best 저장 (val MAE 7.23)
[01:49:12]   Epoch 010 100/1559 train_mae 4.04 kl 0.312 lr 3e-04 (16s)
[01:49:27]   Epoch 010 200/1559 train_mae 3.91 kl 0.315 lr 3e-04 (31s)
[01:49:43]   Epoch 010 300/1559 train_mae 3.89 kl 0.315 lr 3e-04 (47s)
[01:49:59]   Epoch 010 400/1559 train_mae 3.97 kl 0.318 lr 3e-04 (63s)
[01:50:14]   Epoch 010 500/1559 train_mae 3.93 kl 0.319 lr 3e-04 (78s)
[01:50:30]   Epoch 010 600/1559 train_mae 3.97 kl 0.320 lr 3e-04 (94s)
[01:50:46]   Epoch 010 700/1559 train_mae 3.94 kl 0.322 lr 3e-04 (109s)
[01:51:01]   Epoch 010 800/1559 train_mae 3.89 kl 0.323 lr 3e-04 (125s)
[01:51:17]   Epoch 010 900/1559 train_mae 3.92 kl 0.323 lr 3e-04 (141s)
[01:51:32]   Epoch 010 1000/1559 train_mae 3.96 kl 0.324 lr 3e-04 (156s)
[01:51:48]   Epoch 010 1100/1559 train_mae 3.94 kl 0.324 lr 3e-04 (172s)
[01:52:03]   Epoch 010 1200/1559 train_mae 3.97 kl 0.323 lr 3e-04 (187s)
[01:52:19]   Epoch 010 1300/1559 train_mae 3.98 kl 0.322 lr 3e-04 (203s)
[01:52:35]   Epoch 010 1400/1559 train_mae 3.98 kl 0.321 lr 3e-04 (219s)
[01:52:50]   Epoch 010 1500/1559 train_mae 3.98 kl 0.320 lr 3e-04 (234s)
[01:53:00]   Epoch 010 1559/1559 train_mae 3.98 kl 0.320 lr 3e-04 (243s)
[01:53:17] [Epoch 010 완료] train MAE 3.98 | val MAE 7.05 | val RMSE 9.52 | lr 3e-04 | * best 저장 (val MAE 7.05)
[01:53:33]   Epoch 011 100/1559 train_mae 3.75 kl 0.318 lr 3e-04 (16s)
[01:53:48]   Epoch 011 200/1559 train_mae 3.63 kl 0.305 lr 3e-04 (31s)
[01:54:04]   Epoch 011 300/1559 train_mae 3.71 kl 0.302 lr 3e-04 (47s)
[01:54:19]   Epoch 011 400/1559 train_mae 3.71 kl 0.298 lr 3e-04 (62s)
[01:54:35]   Epoch 011 500/1559 train_mae 3.66 kl 0.298 lr 3e-04 (78s)
[01:54:51]   Epoch 011 600/1559 train_mae 3.70 kl 0.296 lr 3e-04 (94s)
[01:55:06]   Epoch 011 700/1559 train_mae 3.71 kl 0.296 lr 3e-04 (109s)
[01:55:22]   Epoch 011 800/1559 train_mae 3.70 kl 0.295 lr 3e-04 (125s)
[01:55:37]   Epoch 011 900/1559 train_mae 3.72 kl 0.297 lr 3e-04 (140s)
[01:55:53]   Epoch 011 1000/1559 train_mae 3.72 kl 0.297 lr 3e-04 (156s)
[01:56:08]   Epoch 011 1100/1559 train_mae 3.72 kl 0.296 lr 3e-04 (171s)
[01:56:24]   Epoch 011 1200/1559 train_mae 3.72 kl 0.295 lr 3e-04 (187s)
[01:56:40]   Epoch 011 1300/1559 train_mae 3.72 kl 0.295 lr 3e-04 (203s)
[01:56:55]   Epoch 011 1400/1559 train_mae 3.72 kl 0.296 lr 3e-04 (218s)
[01:57:11]   Epoch 011 1500/1559 train_mae 3.72 kl 0.295 lr 3e-04 (234s)
[01:57:20]   Epoch 011 1559/1559 train_mae 3.74 kl 0.296 lr 3e-04 (243s)
[01:57:40] [Epoch 011 완료] train MAE 3.74 | val MAE 7.38 | val RMSE 9.76 | lr 3e-04 | 개선없음 1/15
[01:57:56]   Epoch 012 100/1559 train_mae 3.57 kl 0.298 lr 3e-04 (15s)
[01:58:11]   Epoch 012 200/1559 train_mae 3.59 kl 0.293 lr 3e-04 (31s)
[01:58:27]   Epoch 012 300/1559 train_mae 3.55 kl 0.290 lr 3e-04 (46s)
[01:58:42]   Epoch 012 400/1559 train_mae 3.54 kl 0.288 lr 3e-04 (62s)
[01:58:58]   Epoch 012 500/1559 train_mae 3.55 kl 0.289 lr 3e-04 (78s)
[01:59:14]   Epoch 012 600/1559 train_mae 3.55 kl 0.288 lr 3e-04 (93s)
[01:59:29]   Epoch 012 700/1559 train_mae 3.54 kl 0.289 lr 3e-04 (109s)
[01:59:45]   Epoch 012 800/1559 train_mae 3.56 kl 0.288 lr 3e-04 (125s)
[02:00:01]   Epoch 012 900/1559 train_mae 3.56 kl 0.289 lr 3e-04 (140s)
[02:00:16]   Epoch 012 1000/1559 train_mae 3.54 kl 0.288 lr 3e-04 (156s)
[02:00:32]   Epoch 012 1100/1559 train_mae 3.54 kl 0.287 lr 3e-04 (172s)
[02:00:48]   Epoch 012 1200/1559 train_mae 3.53 kl 0.287 lr 3e-04 (187s)
[02:01:03]   Epoch 012 1300/1559 train_mae 3.55 kl 0.287 lr 3e-04 (203s)
[02:01:19]   Epoch 012 1400/1559 train_mae 3.55 kl 0.285 lr 3e-04 (218s)
[02:01:35]   Epoch 012 1500/1559 train_mae 3.55 kl 0.284 lr 3e-04 (234s)
[02:01:44]   Epoch 012 1559/1559 train_mae 3.55 kl 0.284 lr 3e-04 (243s)
[02:02:04] [Epoch 012 완료] train MAE 3.55 | val MAE 7.57 | val RMSE 10.31 | lr 3e-04 | 개선없음 2/15
[02:02:20]   Epoch 013 100/1559 train_mae 3.32 kl 0.268 lr 3e-04 (16s)
[02:02:36]   Epoch 013 200/1559 train_mae 3.43 kl 0.272 lr 3e-04 (31s)
[02:02:51]   Epoch 013 300/1559 train_mae 3.43 kl 0.274 lr 3e-04 (47s)
[02:03:07]   Epoch 013 400/1559 train_mae 3.43 kl 0.272 lr 3e-04 (63s)
[02:03:23]   Epoch 013 500/1559 train_mae 3.42 kl 0.269 lr 3e-04 (78s)
[02:03:38]   Epoch 013 600/1559 train_mae 3.41 kl 0.267 lr 3e-04 (94s)
[02:03:54]   Epoch 013 700/1559 train_mae 3.39 kl 0.265 lr 3e-04 (110s)
[02:04:10]   Epoch 013 800/1559 train_mae 3.40 kl 0.265 lr 3e-04 (125s)
[02:04:25]   Epoch 013 900/1559 train_mae 3.37 kl 0.264 lr 3e-04 (141s)
[02:04:41]   Epoch 013 1000/1559 train_mae 3.35 kl 0.262 lr 3e-04 (157s)
[02:04:57]   Epoch 013 1100/1559 train_mae 3.34 kl 0.262 lr 3e-04 (172s)
[02:05:12]   Epoch 013 1200/1559 train_mae 3.33 kl 0.262 lr 3e-04 (188s)
[02:05:28]   Epoch 013 1300/1559 train_mae 3.32 kl 0.262 lr 3e-04 (204s)
[02:05:44]   Epoch 013 1400/1559 train_mae 3.33 kl 0.263 lr 3e-04 (219s)
[02:05:59]   Epoch 013 1500/1559 train_mae 3.34 kl 0.264 lr 3e-04 (235s)
[02:06:09]   Epoch 013 1559/1559 train_mae 3.34 kl 0.264 lr 3e-04 (244s)
[02:06:29] [Epoch 013 완료] train MAE 3.34 | val MAE 7.32 | val RMSE 9.87 | lr 3e-04 | 개선없음 3/15
[02:06:45]   Epoch 014 100/1559 train_mae 3.27 kl 0.251 lr 3e-04 (16s)
[02:07:01]   Epoch 014 200/1559 train_mae 3.34 kl 0.247 lr 3e-04 (31s)
[02:07:16]   Epoch 014 300/1559 train_mae 3.24 kl 0.252 lr 3e-04 (47s)
[02:07:32]   Epoch 014 400/1559 train_mae 3.27 kl 0.253 lr 3e-04 (63s)
[02:07:48]   Epoch 014 500/1559 train_mae 3.23 kl 0.251 lr 3e-04 (79s)
[02:08:03]   Epoch 014 600/1559 train_mae 3.21 kl 0.251 lr 3e-04 (94s)
[02:08:19]   Epoch 014 700/1559 train_mae 3.20 kl 0.250 lr 3e-04 (110s)
[02:08:35]   Epoch 014 800/1559 train_mae 3.20 kl 0.250 lr 3e-04 (126s)
[02:08:51]   Epoch 014 900/1559 train_mae 3.18 kl 0.249 lr 3e-04 (141s)
[02:09:06]   Epoch 014 1000/1559 train_mae 3.17 kl 0.250 lr 3e-04 (157s)
[02:09:22]   Epoch 014 1100/1559 train_mae 3.17 kl 0.249 lr 3e-04 (173s)
[02:09:38]   Epoch 014 1200/1559 train_mae 3.18 kl 0.249 lr 3e-04 (188s)
[02:09:53]   Epoch 014 1300/1559 train_mae 3.21 kl 0.249 lr 3e-04 (204s)
[02:10:09]   Epoch 014 1400/1559 train_mae 3.22 kl 0.249 lr 3e-04 (220s)
[02:10:25]   Epoch 014 1500/1559 train_mae 3.22 kl 0.249 lr 3e-04 (236s)
[02:10:34]   Epoch 014 1559/1559 train_mae 3.22 kl 0.249 lr 3e-04 (245s)
[02:10:53] [Epoch 014 완료] train MAE 3.22 | val MAE 7.18 | val RMSE 9.55 | lr 3e-04 | 개선없음 4/15
[02:11:08]   Epoch 015 100/1559 train_mae 3.37 kl 0.240 lr 3e-04 (15s)
[02:11:24]   Epoch 015 200/1559 train_mae 3.16 kl 0.239 lr 3e-04 (31s)
[02:11:40]   Epoch 015 300/1559 train_mae 3.10 kl 0.238 lr 3e-04 (46s)
[02:11:55]   Epoch 015 400/1559 train_mae 3.17 kl 0.240 lr 3e-04 (62s)
[02:12:10]   Epoch 015 500/1559 train_mae 3.18 kl 0.240 lr 3e-04 (77s)
[02:12:26]   Epoch 015 600/1559 train_mae 3.17 kl 0.241 lr 3e-04 (93s)
[02:12:42]   Epoch 015 700/1559 train_mae 3.18 kl 0.240 lr 3e-04 (109s)
[02:12:58]   Epoch 015 800/1559 train_mae 3.15 kl 0.239 lr 3e-04 (124s)
[02:13:13]   Epoch 015 900/1559 train_mae 3.14 kl 0.238 lr 3e-04 (140s)
[02:13:29]   Epoch 015 1000/1559 train_mae 3.11 kl 0.239 lr 3e-04 (156s)
[02:13:45]   Epoch 015 1100/1559 train_mae 3.10 kl 0.238 lr 3e-04 (172s)
[02:14:01]   Epoch 015 1200/1559 train_mae 3.09 kl 0.237 lr 3e-04 (187s)
[02:14:16]   Epoch 015 1300/1559 train_mae 3.09 kl 0.237 lr 3e-04 (203s)
[02:14:32]   Epoch 015 1400/1559 train_mae 3.08 kl 0.237 lr 3e-04 (219s)
[02:14:48]   Epoch 015 1500/1559 train_mae 3.08 kl 0.237 lr 3e-04 (234s)
[02:14:57]   Epoch 015 1559/1559 train_mae 3.09 kl 0.237 lr 3e-04 (244s)
[02:15:16] [Epoch 015 완료] train MAE 3.09 | val MAE 7.14 | val RMSE 9.63 | lr 3e-04 | 개선없음 5/15
[02:15:33]   Epoch 016 100/1559 train_mae 3.07 kl 0.228 lr 3e-04 (16s)
[02:15:48]   Epoch 016 200/1559 train_mae 3.16 kl 0.227 lr 3e-04 (31s)
[02:16:04]   Epoch 016 300/1559 train_mae 3.09 kl 0.227 lr 3e-04 (47s)
[02:16:20]   Epoch 016 400/1559 train_mae 3.07 kl 0.225 lr 3e-04 (63s)
[02:16:35]   Epoch 016 500/1559 train_mae 3.08 kl 0.226 lr 3e-04 (78s)
[02:16:51]   Epoch 016 600/1559 train_mae 3.05 kl 0.224 lr 3e-04 (94s)
[02:17:07]   Epoch 016 700/1559 train_mae 3.05 kl 0.224 lr 3e-04 (110s)
[02:17:22]   Epoch 016 800/1559 train_mae 3.02 kl 0.223 lr 3e-04 (125s)
[02:17:38]   Epoch 016 900/1559 train_mae 3.00 kl 0.224 lr 3e-04 (141s)
[02:17:53]   Epoch 016 1000/1559 train_mae 3.00 kl 0.224 lr 3e-04 (157s)
[02:18:09]   Epoch 016 1100/1559 train_mae 2.99 kl 0.224 lr 3e-04 (172s)
[02:18:25]   Epoch 016 1200/1559 train_mae 2.98 kl 0.224 lr 3e-04 (188s)
[02:18:40]   Epoch 016 1300/1559 train_mae 2.97 kl 0.224 lr 3e-04 (204s)
[02:18:56]   Epoch 016 1400/1559 train_mae 2.96 kl 0.224 lr 3e-04 (219s)
[02:19:12]   Epoch 016 1500/1559 train_mae 2.96 kl 0.223 lr 3e-04 (235s)
[02:19:21]   Epoch 016 1559/1559 train_mae 2.96 kl 0.223 lr 3e-04 (244s)
[02:19:38] [Epoch 016 완료] train MAE 2.96 | val MAE 7.21 | val RMSE 9.94 | lr 3e-04 | 개선없음 6/15
[02:19:54]   Epoch 017 100/1559 train_mae 3.10 kl 0.214 lr 3e-04 (16s)
[02:20:10]   Epoch 017 200/1559 train_mae 3.04 kl 0.211 lr 3e-04 (31s)
[02:20:25]   Epoch 017 300/1559 train_mae 2.96 kl 0.212 lr 3e-04 (47s)
[02:20:41]   Epoch 017 400/1559 train_mae 2.91 kl 0.211 lr 3e-04 (63s)
[02:20:57]   Epoch 017 500/1559 train_mae 2.89 kl 0.211 lr 3e-04 (78s)
[02:21:13]   Epoch 017 600/1559 train_mae 2.85 kl 0.212 lr 3e-04 (94s)
[02:21:28]   Epoch 017 700/1559 train_mae 2.86 kl 0.212 lr 3e-04 (110s)
[02:21:44]   Epoch 017 800/1559 train_mae 2.89 kl 0.214 lr 3e-04 (125s)
[02:21:59]   Epoch 017 900/1559 train_mae 2.88 kl 0.214 lr 3e-04 (141s)
[02:22:17]   Epoch 017 1000/1559 train_mae 2.88 kl 0.214 lr 3e-04 (158s)
[02:22:36]   Epoch 017 1100/1559 train_mae 2.88 kl 0.214 lr 3e-04 (177s)
[02:22:55]   Epoch 017 1200/1559 train_mae 2.87 kl 0.213 lr 3e-04 (196s)
[02:23:13]   Epoch 017 1300/1559 train_mae 2.86 kl 0.212 lr 3e-04 (215s)
[02:23:32]   Epoch 017 1400/1559 train_mae 2.87 kl 0.212 lr 3e-04 (234s)
[02:23:51]   Epoch 017 1500/1559 train_mae 2.88 kl 0.213 lr 3e-04 (253s)
[02:24:02]   Epoch 017 1559/1559 train_mae 2.87 kl 0.212 lr 3e-04 (264s)
[02:24:25] [Epoch 017 완료] train MAE 2.87 | val MAE 6.97 | val RMSE 9.56 | lr 3e-04 | * best 저장 (val MAE 6.97)
[02:24:44]   Epoch 018 100/1559 train_mae 2.99 kl 0.214 lr 3e-04 (19s)
[02:24:59]   Epoch 018 200/1559 train_mae 2.92 kl 0.210 lr 3e-04 (34s)
[02:25:17]   Epoch 018 300/1559 train_mae 2.92 kl 0.211 lr 3e-04 (52s)
[02:25:38]   Epoch 018 400/1559 train_mae 2.86 kl 0.208 lr 3e-04 (73s)
[02:25:59]   Epoch 018 500/1559 train_mae 2.81 kl 0.204 lr 3e-04 (94s)
[02:26:19]   Epoch 018 600/1559 train_mae 2.79 kl 0.205 lr 3e-04 (114s)
[02:26:39]   Epoch 018 700/1559 train_mae 2.77 kl 0.204 lr 3e-04 (134s)
[02:26:59]   Epoch 018 800/1559 train_mae 2.76 kl 0.205 lr 3e-04 (154s)
[02:27:20]   Epoch 018 900/1559 train_mae 2.76 kl 0.204 lr 3e-04 (175s)
[02:27:39]   Epoch 018 1000/1559 train_mae 2.74 kl 0.203 lr 3e-04 (194s)
[02:27:59]   Epoch 018 1100/1559 train_mae 2.74 kl 0.203 lr 3e-04 (214s)
[02:28:19]   Epoch 018 1200/1559 train_mae 2.75 kl 0.202 lr 3e-04 (234s)
[02:28:39]   Epoch 018 1300/1559 train_mae 2.75 kl 0.202 lr 3e-04 (254s)
[02:29:00]   Epoch 018 1400/1559 train_mae 2.75 kl 0.202 lr 3e-04 (275s)
[02:29:21]   Epoch 018 1500/1559 train_mae 2.76 kl 0.202 lr 3e-04 (295s)
[02:29:32]   Epoch 018 1559/1559 train_mae 2.76 kl 0.202 lr 3e-04 (307s)
[02:29:53] [Epoch 018 완료] train MAE 2.76 | val MAE 7.11 | val RMSE 9.53 | lr 3e-04 | 개선없음 1/15
[02:30:14]   Epoch 019 100/1559 train_mae 2.91 kl 0.212 lr 3e-04 (20s)
[02:30:34]   Epoch 019 200/1559 train_mae 2.86 kl 0.207 lr 3e-04 (41s)
[02:30:54]   Epoch 019 300/1559 train_mae 2.79 kl 0.202 lr 3e-04 (61s)
[02:31:14]   Epoch 019 400/1559 train_mae 2.75 kl 0.199 lr 3e-04 (81s)
[02:31:34]   Epoch 019 500/1559 train_mae 2.75 kl 0.198 lr 3e-04 (100s)
[02:31:54]   Epoch 019 600/1559 train_mae 2.73 kl 0.197 lr 3e-04 (120s)
[02:32:15]   Epoch 019 700/1559 train_mae 2.69 kl 0.196 lr 3e-04 (141s)
[02:32:35]   Epoch 019 800/1559 train_mae 2.68 kl 0.195 lr 3e-04 (162s)
[02:32:55]   Epoch 019 900/1559 train_mae 2.69 kl 0.194 lr 3e-04 (182s)
[02:33:15]   Epoch 019 1000/1559 train_mae 2.67 kl 0.192 lr 3e-04 (202s)
[02:33:35]   Epoch 019 1100/1559 train_mae 2.65 kl 0.191 lr 3e-04 (222s)
[02:33:55]   Epoch 019 1200/1559 train_mae 2.65 kl 0.191 lr 3e-04 (241s)
[02:34:14]   Epoch 019 1300/1559 train_mae 2.65 kl 0.192 lr 3e-04 (261s)
[02:34:35]   Epoch 019 1400/1559 train_mae 2.64 kl 0.191 lr 3e-04 (281s)
[02:34:55]   Epoch 019 1500/1559 train_mae 2.64 kl 0.191 lr 3e-04 (301s)
[02:35:07]   Epoch 019 1559/1559 train_mae 2.64 kl 0.191 lr 3e-04 (313s)
[02:35:28] [Epoch 019 완료] train MAE 2.64 | val MAE 7.11 | val RMSE 9.48 | lr 3e-04 | 개선없음 2/15
[02:35:48]   Epoch 020 100/1559 train_mae 2.85 kl 0.187 lr 3e-04 (20s)
[02:36:08]   Epoch 020 200/1559 train_mae 2.65 kl 0.184 lr 3e-04 (40s)
[02:36:28]   Epoch 020 300/1559 train_mae 2.62 kl 0.182 lr 3e-04 (60s)
[02:36:48]   Epoch 020 400/1559 train_mae 2.63 kl 0.183 lr 3e-04 (80s)
[02:37:08]   Epoch 020 500/1559 train_mae 2.64 kl 0.183 lr 3e-04 (100s)
[02:37:28]   Epoch 020 600/1559 train_mae 2.66 kl 0.183 lr 3e-04 (120s)
[02:37:48]   Epoch 020 700/1559 train_mae 2.64 kl 0.183 lr 3e-04 (140s)
[02:38:08]   Epoch 020 800/1559 train_mae 2.64 kl 0.182 lr 3e-04 (160s)
[02:38:28]   Epoch 020 900/1559 train_mae 2.65 kl 0.183 lr 3e-04 (180s)
[02:38:49]   Epoch 020 1000/1559 train_mae 2.65 kl 0.183 lr 3e-04 (201s)
[02:39:09]   Epoch 020 1100/1559 train_mae 2.65 kl 0.182 lr 3e-04 (221s)
[02:39:29]   Epoch 020 1200/1559 train_mae 2.64 kl 0.182 lr 3e-04 (241s)
[02:39:49]   Epoch 020 1300/1559 train_mae 2.64 kl 0.182 lr 3e-04 (261s)
[02:40:08]   Epoch 020 1400/1559 train_mae 2.65 kl 0.182 lr 3e-04 (280s)
[02:40:28]   Epoch 020 1500/1559 train_mae 2.64 kl 0.182 lr 3e-04 (300s)
[02:40:39]   Epoch 020 1559/1559 train_mae 2.64 kl 0.182 lr 3e-04 (311s)
[02:41:02] [Epoch 020 완료] train MAE 2.64 | val MAE 6.95 | val RMSE 9.58 | lr 3e-04 | * best 저장 (val MAE 6.95)
[02:41:22]   Epoch 021 100/1559 train_mae 2.59 kl 0.171 lr 3e-04 (20s)
[02:41:42]   Epoch 021 200/1559 train_mae 2.63 kl 0.173 lr 3e-04 (40s)
[02:42:02]   Epoch 021 300/1559 train_mae 2.57 kl 0.173 lr 3e-04 (60s)
[02:42:22]   Epoch 021 400/1559 train_mae 2.54 kl 0.174 lr 3e-04 (80s)
[02:42:42]   Epoch 021 500/1559 train_mae 2.54 kl 0.176 lr 3e-04 (100s)
[02:43:02]   Epoch 021 600/1559 train_mae 2.56 kl 0.176 lr 3e-04 (120s)
[02:43:22]   Epoch 021 700/1559 train_mae 2.55 kl 0.176 lr 3e-04 (140s)
[02:43:42]   Epoch 021 800/1559 train_mae 2.53 kl 0.176 lr 3e-04 (160s)
[02:44:02]   Epoch 021 900/1559 train_mae 2.54 kl 0.176 lr 3e-04 (180s)
[02:44:22]   Epoch 021 1000/1559 train_mae 2.55 kl 0.176 lr 3e-04 (200s)
[02:44:42]   Epoch 021 1100/1559 train_mae 2.57 kl 0.177 lr 3e-04 (220s)
[02:45:02]   Epoch 021 1200/1559 train_mae 2.55 kl 0.176 lr 3e-04 (240s)
[02:45:23]   Epoch 021 1300/1559 train_mae 2.55 kl 0.176 lr 3e-04 (260s)
[02:45:43]   Epoch 021 1400/1559 train_mae 2.55 kl 0.176 lr 3e-04 (280s)
[02:46:02]   Epoch 021 1500/1559 train_mae 2.53 kl 0.175 lr 3e-04 (300s)
[02:46:13]   Epoch 021 1559/1559 train_mae 2.53 kl 0.175 lr 3e-04 (311s)
[02:46:37] [Epoch 021 완료] train MAE 2.53 | val MAE 6.94 | val RMSE 9.38 | lr 3e-04 | 개선없음 1/15
[02:46:58]   Epoch 022 100/1559 train_mae 2.82 kl 0.175 lr 3e-04 (21s)
[02:47:17]   Epoch 022 200/1559 train_mae 2.69 kl 0.175 lr 3e-04 (41s)
[02:47:37]   Epoch 022 300/1559 train_mae 2.68 kl 0.180 lr 3e-04 (60s)
[02:47:57]   Epoch 022 400/1559 train_mae 2.64 kl 0.177 lr 3e-04 (80s)
[02:48:16]   Epoch 022 500/1559 train_mae 2.61 kl 0.176 lr 3e-04 (99s)
[02:48:36]   Epoch 022 600/1559 train_mae 2.60 kl 0.175 lr 3e-04 (119s)
[02:48:56]   Epoch 022 700/1559 train_mae 2.55 kl 0.174 lr 3e-04 (140s)
[02:49:17]   Epoch 022 800/1559 train_mae 2.53 kl 0.172 lr 3e-04 (160s)
[02:49:36]   Epoch 022 900/1559 train_mae 2.52 kl 0.171 lr 3e-04 (179s)
[02:49:56]   Epoch 022 1000/1559 train_mae 2.53 kl 0.170 lr 3e-04 (199s)
[02:50:16]   Epoch 022 1100/1559 train_mae 2.52 kl 0.169 lr 3e-04 (219s)
[02:50:38]   Epoch 022 1200/1559 train_mae 2.52 kl 0.168 lr 3e-04 (241s)
[02:50:58]   Epoch 022 1300/1559 train_mae 2.52 kl 0.167 lr 3e-04 (261s)
[02:51:18]   Epoch 022 1400/1559 train_mae 2.52 kl 0.167 lr 3e-04 (281s)
[02:51:37]   Epoch 022 1500/1559 train_mae 2.51 kl 0.167 lr 3e-04 (301s)
[02:51:50]   Epoch 022 1559/1559 train_mae 2.52 kl 0.167 lr 3e-04 (313s)
[02:52:12] [Epoch 022 완료] train MAE 2.52 | val MAE 7.02 | val RMSE 9.79 | lr 3e-04 | 개선없음 2/15
[02:52:33]   Epoch 023 100/1559 train_mae 2.54 kl 0.163 lr 3e-04 (20s)
[02:52:53]   Epoch 023 200/1559 train_mae 2.51 kl 0.166 lr 3e-04 (40s)
[02:53:13]   Epoch 023 300/1559 train_mae 2.50 kl 0.163 lr 3e-04 (60s)
[02:53:33]   Epoch 023 400/1559 train_mae 2.52 kl 0.161 lr 3e-04 (80s)
[02:53:52]   Epoch 023 500/1559 train_mae 2.50 kl 0.161 lr 3e-04 (100s)
[02:54:12]   Epoch 023 600/1559 train_mae 2.48 kl 0.160 lr 3e-04 (120s)
[02:54:32]   Epoch 023 700/1559 train_mae 2.46 kl 0.161 lr 3e-04 (140s)
[02:54:52]   Epoch 023 800/1559 train_mae 2.44 kl 0.160 lr 3e-04 (160s)
[02:55:12]   Epoch 023 900/1559 train_mae 2.45 kl 0.160 lr 3e-04 (179s)
[02:55:32]   Epoch 023 1000/1559 train_mae 2.45 kl 0.160 lr 3e-04 (199s)
[02:55:52]   Epoch 023 1100/1559 train_mae 2.44 kl 0.160 lr 3e-04 (220s)
[02:56:12]   Epoch 023 1200/1559 train_mae 2.43 kl 0.160 lr 3e-04 (240s)
[02:56:33]   Epoch 023 1300/1559 train_mae 2.44 kl 0.160 lr 3e-04 (260s)
[02:56:52]   Epoch 023 1400/1559 train_mae 2.44 kl 0.161 lr 3e-04 (280s)
[02:57:12]   Epoch 023 1500/1559 train_mae 2.43 kl 0.161 lr 3e-04 (299s)
[02:57:24]   Epoch 023 1559/1559 train_mae 2.43 kl 0.161 lr 3e-04 (311s)
[02:57:44] [Epoch 023 완료] train MAE 2.43 | val MAE 6.86 | val RMSE 9.38 | lr 3e-04 | * best 저장 (val MAE 6.86)
[02:58:00]   Epoch 024 100/1559 train_mae 2.47 kl 0.155 lr 3e-04 (16s)
[02:58:16]   Epoch 024 200/1559 train_mae 2.38 kl 0.154 lr 3e-04 (31s)
[02:58:31]   Epoch 024 300/1559 train_mae 2.33 kl 0.157 lr 3e-04 (47s)
[02:58:47]   Epoch 024 400/1559 train_mae 2.30 kl 0.159 lr 3e-04 (62s)
[02:59:02]   Epoch 024 500/1559 train_mae 2.31 kl 0.159 lr 3e-04 (78s)
[02:59:18]   Epoch 024 600/1559 train_mae 2.33 kl 0.158 lr 3e-04 (94s)
[02:59:34]   Epoch 024 700/1559 train_mae 2.35 kl 0.158 lr 3e-04 (109s)
[02:59:49]   Epoch 024 800/1559 train_mae 2.37 kl 0.159 lr 3e-04 (125s)
[03:00:05]   Epoch 024 900/1559 train_mae 2.36 kl 0.158 lr 3e-04 (140s)
[03:00:20]   Epoch 024 1000/1559 train_mae 2.38 kl 0.158 lr 3e-04 (156s)
[03:00:36]   Epoch 024 1100/1559 train_mae 2.38 kl 0.158 lr 3e-04 (171s)
[03:00:51]   Epoch 024 1200/1559 train_mae 2.36 kl 0.158 lr 3e-04 (187s)
[03:01:07]   Epoch 024 1300/1559 train_mae 2.35 kl 0.159 lr 3e-04 (203s)
[03:01:23]   Epoch 024 1400/1559 train_mae 2.34 kl 0.159 lr 3e-04 (218s)
[03:01:38]   Epoch 024 1500/1559 train_mae 2.33 kl 0.159 lr 3e-04 (234s)
[03:01:47]   Epoch 024 1559/1559 train_mae 2.33 kl 0.158 lr 3e-04 (243s)
[03:02:07] [Epoch 024 완료] train MAE 2.33 | val MAE 6.98 | val RMSE 9.41 | lr 3e-04 | 개선없음 1/15
[03:02:23]   Epoch 025 100/1559 train_mae 2.47 kl 0.153 lr 3e-04 (16s)
[03:02:39]   Epoch 025 200/1559 train_mae 2.49 kl 0.160 lr 3e-04 (31s)
[03:02:55]   Epoch 025 300/1559 train_mae 2.47 kl 0.159 lr 3e-04 (47s)
[03:03:10]   Epoch 025 400/1559 train_mae 2.42 kl 0.158 lr 3e-04 (62s)
[03:03:26]   Epoch 025 500/1559 train_mae 2.44 kl 0.156 lr 3e-04 (78s)
[03:03:42]   Epoch 025 600/1559 train_mae 2.40 kl 0.155 lr 3e-04 (94s)
[03:03:57]   Epoch 025 700/1559 train_mae 2.37 kl 0.153 lr 3e-04 (109s)
[03:04:13]   Epoch 025 800/1559 train_mae 2.38 kl 0.153 lr 3e-04 (125s)
[03:04:29]   Epoch 025 900/1559 train_mae 2.36 kl 0.153 lr 3e-04 (141s)
[03:04:44]   Epoch 025 1000/1559 train_mae 2.36 kl 0.152 lr 3e-04 (156s)
[03:05:00]   Epoch 025 1100/1559 train_mae 2.35 kl 0.151 lr 3e-04 (172s)
[03:05:15]   Epoch 025 1200/1559 train_mae 2.34 kl 0.151 lr 3e-04 (188s)
[03:05:31]   Epoch 025 1300/1559 train_mae 2.34 kl 0.150 lr 3e-04 (203s)
[03:05:47]   Epoch 025 1400/1559 train_mae 2.34 kl 0.150 lr 3e-04 (219s)
[03:06:02]   Epoch 025 1500/1559 train_mae 2.34 kl 0.150 lr 3e-04 (234s)
[03:06:12]   Epoch 025 1559/1559 train_mae 2.34 kl 0.150 lr 3e-04 (244s)
[03:06:32] [Epoch 025 완료] train MAE 2.34 | val MAE 6.99 | val RMSE 9.50 | lr 3e-04 | 개선없음 2/15
[03:06:47]   Epoch 026 100/1559 train_mae 2.36 kl 0.142 lr 3e-04 (15s)
[03:07:03]   Epoch 026 200/1559 train_mae 2.38 kl 0.148 lr 3e-04 (31s)
[03:07:19]   Epoch 026 300/1559 train_mae 2.35 kl 0.149 lr 3e-04 (47s)
[03:07:34]   Epoch 026 400/1559 train_mae 2.36 kl 0.149 lr 3e-04 (62s)
[03:07:50]   Epoch 026 500/1559 train_mae 2.32 kl 0.148 lr 3e-04 (77s)
[03:08:05]   Epoch 026 600/1559 train_mae 2.30 kl 0.147 lr 3e-04 (93s)
[03:08:21]   Epoch 026 700/1559 train_mae 2.29 kl 0.146 lr 3e-04 (109s)
[03:08:37]   Epoch 026 800/1559 train_mae 2.26 kl 0.145 lr 3e-04 (124s)
[03:08:52]   Epoch 026 900/1559 train_mae 2.27 kl 0.145 lr 3e-04 (140s)
[03:09:08]   Epoch 026 1000/1559 train_mae 2.28 kl 0.145 lr 3e-04 (156s)
[03:09:24]   Epoch 026 1100/1559 train_mae 2.27 kl 0.145 lr 3e-04 (171s)
[03:09:39]   Epoch 026 1200/1559 train_mae 2.26 kl 0.145 lr 3e-04 (187s)
[03:09:55]   Epoch 026 1300/1559 train_mae 2.26 kl 0.145 lr 3e-04 (203s)
[03:10:10]   Epoch 026 1400/1559 train_mae 2.26 kl 0.145 lr 3e-04 (218s)
[03:10:26]   Epoch 026 1500/1559 train_mae 2.25 kl 0.144 lr 3e-04 (234s)
[03:10:35]   Epoch 026 1559/1559 train_mae 2.25 kl 0.144 lr 3e-04 (243s)
[03:10:55] [Epoch 026 완료] train MAE 2.25 | val MAE 6.96 | val RMSE 9.42 | lr 3e-04 | 개선없음 3/15
[03:11:11]   Epoch 027 100/1559 train_mae 2.44 kl 0.146 lr 3e-04 (15s)
[03:11:26]   Epoch 027 200/1559 train_mae 2.39 kl 0.144 lr 3e-04 (30s)
[03:11:42]   Epoch 027 300/1559 train_mae 2.41 kl 0.141 lr 3e-04 (46s)
[03:11:58]   Epoch 027 400/1559 train_mae 2.38 kl 0.142 lr 3e-04 (62s)
[03:12:13]   Epoch 027 500/1559 train_mae 2.33 kl 0.142 lr 3e-04 (77s)
[03:12:29]   Epoch 027 600/1559 train_mae 2.31 kl 0.142 lr 3e-04 (93s)
[03:12:44]   Epoch 027 700/1559 train_mae 2.28 kl 0.142 lr 3e-04 (108s)
[03:13:00]   Epoch 027 800/1559 train_mae 2.28 kl 0.141 lr 3e-04 (124s)
[03:13:16]   Epoch 027 900/1559 train_mae 2.27 kl 0.140 lr 3e-04 (140s)
[03:13:31]   Epoch 027 1000/1559 train_mae 2.25 kl 0.140 lr 3e-04 (155s)
[03:13:47]   Epoch 027 1100/1559 train_mae 2.25 kl 0.140 lr 3e-04 (171s)
[03:14:02]   Epoch 027 1200/1559 train_mae 2.25 kl 0.139 lr 3e-04 (186s)
[03:14:18]   Epoch 027 1300/1559 train_mae 2.24 kl 0.139 lr 3e-04 (202s)
[03:14:34]   Epoch 027 1400/1559 train_mae 2.24 kl 0.138 lr 3e-04 (218s)
[03:14:49]   Epoch 027 1500/1559 train_mae 2.23 kl 0.138 lr 3e-04 (233s)
[03:14:58]   Epoch 027 1559/1559 train_mae 2.23 kl 0.137 lr 3e-04 (243s)
[03:15:19] [Epoch 027 완료] train MAE 2.23 | val MAE 6.87 | val RMSE 9.57 | lr 3e-04 | 개선없음 4/15
[03:15:34]   Epoch 028 100/1559 train_mae 2.32 kl 0.143 lr 3e-04 (15s)
[03:15:50]   Epoch 028 200/1559 train_mae 2.23 kl 0.139 lr 3e-04 (31s)
[03:16:06]   Epoch 028 300/1559 train_mae 2.22 kl 0.138 lr 3e-04 (47s)
[03:16:21]   Epoch 028 400/1559 train_mae 2.23 kl 0.138 lr 3e-04 (62s)
[03:16:37]   Epoch 028 500/1559 train_mae 2.18 kl 0.136 lr 3e-04 (78s)
[03:16:53]   Epoch 028 600/1559 train_mae 2.18 kl 0.134 lr 3e-04 (94s)
[03:17:08]   Epoch 028 700/1559 train_mae 2.16 kl 0.134 lr 3e-04 (109s)
[03:17:24]   Epoch 028 800/1559 train_mae 2.16 kl 0.135 lr 3e-04 (125s)
[03:17:40]   Epoch 028 900/1559 train_mae 2.16 kl 0.135 lr 3e-04 (141s)
[03:17:56]   Epoch 028 1000/1559 train_mae 2.16 kl 0.134 lr 3e-04 (157s)
[03:18:11]   Epoch 028 1100/1559 train_mae 2.15 kl 0.133 lr 3e-04 (172s)
[03:18:27]   Epoch 028 1200/1559 train_mae 2.15 kl 0.134 lr 3e-04 (188s)
[03:18:43]   Epoch 028 1300/1559 train_mae 2.15 kl 0.133 lr 3e-04 (204s)
[03:18:58]   Epoch 028 1400/1559 train_mae 2.15 kl 0.133 lr 3e-04 (219s)
[03:19:14]   Epoch 028 1500/1559 train_mae 2.15 kl 0.132 lr 3e-04 (235s)
[03:19:23]   Epoch 028 1559/1559 train_mae 2.15 kl 0.132 lr 3e-04 (244s)
[03:19:43] [Epoch 028 완료] train MAE 2.15 | val MAE 7.15 | val RMSE 9.64 | lr 3e-04 | 개선없음 5/15
[03:19:59]   Epoch 029 100/1559 train_mae 2.21 kl 0.135 lr 3e-04 (16s)
[03:20:15]   Epoch 029 200/1559 train_mae 2.19 kl 0.130 lr 3e-04 (31s)
[03:20:31]   Epoch 029 300/1559 train_mae 2.20 kl 0.132 lr 3e-04 (47s)
[03:20:46]   Epoch 029 400/1559 train_mae 2.18 kl 0.131 lr 3e-04 (63s)
[03:21:02]   Epoch 029 500/1559 train_mae 2.17 kl 0.131 lr 3e-04 (78s)
[03:21:18]   Epoch 029 600/1559 train_mae 2.15 kl 0.130 lr 3e-04 (94s)
[03:21:33]   Epoch 029 700/1559 train_mae 2.13 kl 0.130 lr 3e-04 (110s)
[03:21:49]   Epoch 029 800/1559 train_mae 2.11 kl 0.130 lr 3e-04 (125s)
[03:22:05]   Epoch 029 900/1559 train_mae 2.10 kl 0.131 lr 3e-04 (141s)
[03:22:20]   Epoch 029 1000/1559 train_mae 2.09 kl 0.130 lr 3e-04 (157s)
[03:22:36]   Epoch 029 1100/1559 train_mae 2.09 kl 0.130 lr 3e-04 (172s)
[03:22:52]   Epoch 029 1200/1559 train_mae 2.08 kl 0.129 lr 3e-04 (188s)
[03:23:08]   Epoch 029 1300/1559 train_mae 2.08 kl 0.129 lr 3e-04 (204s)
[03:23:23]   Epoch 029 1400/1559 train_mae 2.08 kl 0.130 lr 3e-04 (219s)
[03:23:39]   Epoch 029 1500/1559 train_mae 2.09 kl 0.130 lr 3e-04 (235s)
[03:23:48]   Epoch 029 1559/1559 train_mae 2.09 kl 0.130 lr 3e-04 (244s)
[03:24:08] [Epoch 029 완료] train MAE 2.09 | val MAE 7.09 | val RMSE 9.48 | lr 3e-04 | 개선없음 6/15
[03:24:24]   Epoch 030 100/1559 train_mae 2.25 kl 0.128 lr 3e-04 (16s)
[03:24:40]   Epoch 030 200/1559 train_mae 2.19 kl 0.128 lr 3e-04 (31s)
[03:24:56]   Epoch 030 300/1559 train_mae 2.16 kl 0.127 lr 3e-04 (47s)
[03:25:09]   Epoch 030 400/1559 train_mae 2.13 kl 0.127 lr 3e-04 (61s)
[03:25:25]   Epoch 030 500/1559 train_mae 2.14 kl 0.127 lr 3e-04 (76s)
[03:25:40]   Epoch 030 600/1559 train_mae 2.14 kl 0.127 lr 3e-04 (91s)
[03:25:56]   Epoch 030 700/1559 train_mae 2.12 kl 0.127 lr 3e-04 (107s)
[03:26:11]   Epoch 030 800/1559 train_mae 2.09 kl 0.127 lr 3e-04 (123s)
[03:26:27]   Epoch 030 900/1559 train_mae 2.09 kl 0.127 lr 3e-04 (138s)
[03:26:43]   Epoch 030 1000/1559 train_mae 2.08 kl 0.127 lr 3e-04 (154s)
[03:26:58]   Epoch 030 1100/1559 train_mae 2.07 kl 0.126 lr 3e-04 (170s)
[03:27:14]   Epoch 030 1200/1559 train_mae 2.07 kl 0.126 lr 3e-04 (185s)
[03:27:30]   Epoch 030 1300/1559 train_mae 2.06 kl 0.126 lr 3e-04 (201s)
[03:27:45]   Epoch 030 1400/1559 train_mae 2.06 kl 0.126 lr 3e-04 (217s)
[03:28:01]   Epoch 030 1500/1559 train_mae 2.05 kl 0.125 lr 3e-04 (232s)
[03:28:10]   Epoch 030 1559/1559 train_mae 2.05 kl 0.125 lr 3e-04 (241s)
[03:28:30] [Epoch 030 완료] train MAE 2.05 | val MAE 6.96 | val RMSE 9.54 | lr 3e-04 | 개선없음 7/15
[03:28:47]   Epoch 031 100/1559 train_mae 2.12 kl 0.129 lr 3e-04 (16s)
[03:29:02]   Epoch 031 200/1559 train_mae 2.08 kl 0.127 lr 3e-04 (31s)
[03:29:18]   Epoch 031 300/1559 train_mae 2.09 kl 0.126 lr 3e-04 (47s)
[03:29:34]   Epoch 031 400/1559 train_mae 2.07 kl 0.125 lr 3e-04 (63s)
[03:29:49]   Epoch 031 500/1559 train_mae 2.07 kl 0.125 lr 3e-04 (78s)
[03:30:05]   Epoch 031 600/1559 train_mae 2.04 kl 0.123 lr 3e-04 (94s)
[03:30:21]   Epoch 031 700/1559 train_mae 2.05 kl 0.123 lr 3e-04 (110s)
[03:30:36]   Epoch 031 800/1559 train_mae 2.03 kl 0.122 lr 3e-04 (125s)
[03:30:52]   Epoch 031 900/1559 train_mae 2.02 kl 0.121 lr 3e-04 (141s)
[03:31:08]   Epoch 031 1000/1559 train_mae 2.01 kl 0.121 lr 3e-04 (157s)
[03:31:23]   Epoch 031 1100/1559 train_mae 2.02 kl 0.121 lr 3e-04 (172s)
[03:31:39]   Epoch 031 1200/1559 train_mae 2.01 kl 0.121 lr 3e-04 (188s)
[03:31:55]   Epoch 031 1300/1559 train_mae 2.00 kl 0.121 lr 3e-04 (204s)
[03:32:10]   Epoch 031 1400/1559 train_mae 2.01 kl 0.121 lr 3e-04 (220s)
[03:32:26]   Epoch 031 1500/1559 train_mae 2.01 kl 0.120 lr 3e-04 (235s)
[03:32:35]   Epoch 031 1559/1559 train_mae 2.00 kl 0.120 lr 3e-04 (244s)
[03:32:56] [Epoch 031 완료] train MAE 2.00 | val MAE 6.92 | val RMSE 9.55 | lr 3e-04 | 개선없음 8/15
[03:33:12]   Epoch 032 100/1559 train_mae 2.03 kl 0.115 lr 3e-04 (16s)
[03:33:27]   Epoch 032 200/1559 train_mae 1.98 kl 0.115 lr 3e-04 (31s)
[03:33:43]   Epoch 032 300/1559 train_mae 1.98 kl 0.116 lr 3e-04 (47s)
[03:33:59]   Epoch 032 400/1559 train_mae 1.98 kl 0.116 lr 3e-04 (63s)
[03:34:14]   Epoch 032 500/1559 train_mae 2.00 kl 0.116 lr 3e-04 (78s)
[03:34:30]   Epoch 032 600/1559 train_mae 1.99 kl 0.115 lr 3e-04 (94s)
[03:34:45]   Epoch 032 700/1559 train_mae 2.00 kl 0.115 lr 3e-04 (109s)
[03:35:00]   Epoch 032 800/1559 train_mae 2.00 kl 0.115 lr 3e-04 (123s)
[03:35:15]   Epoch 032 900/1559 train_mae 1.99 kl 0.115 lr 3e-04 (139s)
[03:35:31]   Epoch 032 1000/1559 train_mae 1.99 kl 0.115 lr 3e-04 (155s)
[03:35:46]   Epoch 032 1100/1559 train_mae 1.99 kl 0.116 lr 3e-04 (170s)
[03:36:02]   Epoch 032 1200/1559 train_mae 1.99 kl 0.116 lr 3e-04 (186s)
[03:36:17]   Epoch 032 1300/1559 train_mae 1.99 kl 0.116 lr 3e-04 (201s)
[03:36:33]   Epoch 032 1400/1559 train_mae 1.99 kl 0.116 lr 3e-04 (217s)
[03:36:49]   Epoch 032 1500/1559 train_mae 1.99 kl 0.116 lr 3e-04 (232s)
[03:36:58]   Epoch 032 1559/1559 train_mae 1.99 kl 0.115 lr 3e-04 (242s)
[03:37:17] [Epoch 032 완료] train MAE 1.99 | val MAE 7.02 | val RMSE 9.73 | lr 3e-04 | 개선없음 9/15
[03:37:33]   Epoch 033 100/1559 train_mae 2.05 kl 0.113 lr 3e-04 (16s)
[03:37:49]   Epoch 033 200/1559 train_mae 2.04 kl 0.115 lr 3e-04 (31s)
[03:38:05]   Epoch 033 300/1559 train_mae 2.02 kl 0.114 lr 3e-04 (47s)
[03:38:20]   Epoch 033 400/1559 train_mae 2.03 kl 0.115 lr 3e-04 (62s)
[03:38:36]   Epoch 033 500/1559 train_mae 2.03 kl 0.118 lr 3e-04 (78s)
[03:38:51]   Epoch 033 600/1559 train_mae 2.01 kl 0.116 lr 3e-04 (94s)
[03:39:07]   Epoch 033 700/1559 train_mae 1.99 kl 0.116 lr 3e-04 (109s)
[03:39:23]   Epoch 033 800/1559 train_mae 2.00 kl 0.115 lr 3e-04 (125s)
[03:39:38]   Epoch 033 900/1559 train_mae 1.97 kl 0.115 lr 3e-04 (141s)
[03:39:54]   Epoch 033 1000/1559 train_mae 1.96 kl 0.116 lr 3e-04 (156s)
[03:40:10]   Epoch 033 1100/1559 train_mae 1.95 kl 0.116 lr 3e-04 (172s)
[03:40:25]   Epoch 033 1200/1559 train_mae 1.96 kl 0.117 lr 3e-04 (187s)
[03:40:41]   Epoch 033 1300/1559 train_mae 1.95 kl 0.116 lr 3e-04 (203s)
[03:40:56]   Epoch 033 1400/1559 train_mae 1.94 kl 0.116 lr 3e-04 (219s)
[03:41:12]   Epoch 033 1500/1559 train_mae 1.95 kl 0.116 lr 3e-04 (234s)
[03:41:21]   Epoch 033 1559/1559 train_mae 1.94 kl 0.116 lr 3e-04 (243s)
[03:41:41] [Epoch 033 완료] train MAE 1.94 | val MAE 7.06 | val RMSE 9.50 | lr 3e-04 | 개선없음 10/15
[03:41:57]   Epoch 034 100/1559 train_mae 2.07 kl 0.114 lr 3e-04 (16s)
[03:42:13]   Epoch 034 200/1559 train_mae 2.05 kl 0.111 lr 3e-04 (31s)
[03:42:29]   Epoch 034 300/1559 train_mae 2.08 kl 0.110 lr 3e-04 (47s)
[03:42:45]   Epoch 034 400/1559 train_mae 2.05 kl 0.111 lr 3e-04 (63s)
[03:43:00]   Epoch 034 500/1559 train_mae 2.01 kl 0.111 lr 3e-04 (78s)
[03:43:16]   Epoch 034 600/1559 train_mae 1.99 kl 0.112 lr 3e-04 (94s)
[03:43:32]   Epoch 034 700/1559 train_mae 1.97 kl 0.112 lr 3e-04 (110s)
[03:43:47]   Epoch 034 800/1559 train_mae 1.96 kl 0.112 lr 3e-04 (125s)
[03:44:03]   Epoch 034 900/1559 train_mae 1.95 kl 0.112 lr 3e-04 (141s)
[03:44:18]   Epoch 034 1000/1559 train_mae 1.94 kl 0.112 lr 3e-04 (157s)
[03:44:34]   Epoch 034 1100/1559 train_mae 1.94 kl 0.112 lr 3e-04 (172s)
[03:44:50]   Epoch 034 1200/1559 train_mae 1.93 kl 0.112 lr 3e-04 (188s)
[03:45:05]   Epoch 034 1300/1559 train_mae 1.93 kl 0.112 lr 3e-04 (203s)
[03:45:21]   Epoch 034 1400/1559 train_mae 1.92 kl 0.112 lr 3e-04 (219s)
[03:45:37]   Epoch 034 1500/1559 train_mae 1.91 kl 0.111 lr 3e-04 (235s)
[03:45:46]   Epoch 034 1559/1559 train_mae 1.91 kl 0.111 lr 3e-04 (244s)
[03:46:03] [Epoch 034 완료] train MAE 1.91 | val MAE 7.07 | val RMSE 9.54 | lr 3e-04 | 개선없음 11/15
[03:46:18]   Epoch 035 100/1559 train_mae 2.16 kl 0.112 lr 3e-04 (15s)
[03:46:34]   Epoch 035 200/1559 train_mae 1.98 kl 0.110 lr 3e-04 (31s)
[03:46:50]   Epoch 035 300/1559 train_mae 1.94 kl 0.111 lr 3e-04 (47s)
[03:47:05]   Epoch 035 400/1559 train_mae 1.94 kl 0.108 lr 3e-04 (62s)
[03:47:21]   Epoch 035 500/1559 train_mae 1.94 kl 0.110 lr 3e-04 (78s)
[03:47:36]   Epoch 035 600/1559 train_mae 1.94 kl 0.110 lr 3e-04 (93s)
[03:47:52]   Epoch 035 700/1559 train_mae 1.93 kl 0.110 lr 3e-04 (109s)
[03:48:08]   Epoch 035 800/1559 train_mae 1.92 kl 0.109 lr 3e-04 (125s)
[03:48:23]   Epoch 035 900/1559 train_mae 1.90 kl 0.108 lr 3e-04 (140s)
[03:48:39]   Epoch 035 1000/1559 train_mae 1.89 kl 0.108 lr 3e-04 (156s)
[03:48:54]   Epoch 035 1100/1559 train_mae 1.89 kl 0.107 lr 3e-04 (171s)
[03:49:10]   Epoch 035 1200/1559 train_mae 1.89 kl 0.107 lr 3e-04 (187s)
[03:49:26]   Epoch 035 1300/1559 train_mae 1.88 kl 0.107 lr 3e-04 (203s)
[03:49:41]   Epoch 035 1400/1559 train_mae 1.88 kl 0.107 lr 3e-04 (218s)
[03:49:57]   Epoch 035 1500/1559 train_mae 1.87 kl 0.107 lr 3e-04 (234s)
[03:50:06]   Epoch 035 1559/1559 train_mae 1.87 kl 0.107 lr 3e-04 (243s)
[03:50:26] [Epoch 035 완료] train MAE 1.87 | val MAE 7.00 | val RMSE 9.60 | lr 3e-04 | 개선없음 12/15
[03:50:42]   Epoch 036 100/1559 train_mae 1.90 kl 0.109 lr 3e-04 (16s)
[03:50:58]   Epoch 036 200/1559 train_mae 1.91 kl 0.110 lr 3e-04 (31s)
[03:51:14]   Epoch 036 300/1559 train_mae 1.89 kl 0.105 lr 3e-04 (47s)
[03:51:29]   Epoch 036 400/1559 train_mae 1.86 kl 0.104 lr 3e-04 (63s)
[03:51:45]   Epoch 036 500/1559 train_mae 1.86 kl 0.105 lr 3e-04 (78s)
[03:52:00]   Epoch 036 600/1559 train_mae 1.86 kl 0.106 lr 3e-04 (94s)
[03:52:14]   Epoch 036 700/1559 train_mae 1.85 kl 0.106 lr 3e-04 (107s)
[03:52:27]   Epoch 036 800/1559 train_mae 1.85 kl 0.106 lr 3e-04 (120s)
[03:52:40]   Epoch 036 900/1559 train_mae 1.84 kl 0.106 lr 3e-04 (134s)
[03:52:54]   Epoch 036 1000/1559 train_mae 1.83 kl 0.106 lr 3e-04 (147s)
[03:53:07]   Epoch 036 1100/1559 train_mae 1.82 kl 0.105 lr 3e-04 (161s)
[03:53:21]   Epoch 036 1200/1559 train_mae 1.81 kl 0.105 lr 3e-04 (175s)
[03:53:37]   Epoch 036 1300/1559 train_mae 1.81 kl 0.105 lr 3e-04 (190s)
[03:53:53]   Epoch 036 1400/1559 train_mae 1.81 kl 0.105 lr 3e-04 (206s)
[03:54:08]   Epoch 036 1500/1559 train_mae 1.82 kl 0.105 lr 3e-04 (222s)
[03:54:18]   Epoch 036 1559/1559 train_mae 1.82 kl 0.106 lr 3e-04 (231s)
[03:54:38] [Epoch 036 완료] train MAE 1.82 | val MAE 6.94 | val RMSE 9.46 | lr 3e-04 | 개선없음 13/15
[03:54:54]   Epoch 037 100/1559 train_mae 1.90 kl 0.106 lr 3e-04 (16s)
[03:55:09]   Epoch 037 200/1559 train_mae 1.92 kl 0.105 lr 3e-04 (31s)
[03:55:25]   Epoch 037 300/1559 train_mae 1.87 kl 0.107 lr 3e-04 (47s)
[03:55:41]   Epoch 037 400/1559 train_mae 1.86 kl 0.106 lr 3e-04 (63s)
[03:55:56]   Epoch 037 500/1559 train_mae 1.86 kl 0.106 lr 3e-04 (78s)
[03:56:12]   Epoch 037 600/1559 train_mae 1.86 kl 0.107 lr 3e-04 (94s)
[03:56:28]   Epoch 037 700/1559 train_mae 1.85 kl 0.107 lr 3e-04 (110s)
[03:56:43]   Epoch 037 800/1559 train_mae 1.84 kl 0.106 lr 3e-04 (125s)
[03:56:59]   Epoch 037 900/1559 train_mae 1.83 kl 0.106 lr 3e-04 (141s)
[03:57:15]   Epoch 037 1000/1559 train_mae 1.82 kl 0.106 lr 3e-04 (157s)
[03:57:30]   Epoch 037 1100/1559 train_mae 1.81 kl 0.106 lr 3e-04 (172s)
[03:57:46]   Epoch 037 1200/1559 train_mae 1.81 kl 0.106 lr 3e-04 (188s)
[03:58:02]   Epoch 037 1300/1559 train_mae 1.81 kl 0.105 lr 3e-04 (204s)
[03:58:17]   Epoch 037 1400/1559 train_mae 1.80 kl 0.105 lr 3e-04 (219s)
[03:58:33]   Epoch 037 1500/1559 train_mae 1.79 kl 0.105 lr 3e-04 (235s)
[03:58:42]   Epoch 037 1559/1559 train_mae 1.79 kl 0.105 lr 3e-04 (244s)
[03:59:03] [Epoch 037 완료] train MAE 1.79 | val MAE 6.87 | val RMSE 9.51 | lr 3e-04 | 개선없음 14/15
[03:59:19]   Epoch 038 100/1559 train_mae 1.89 kl 0.100 lr 3e-04 (16s)
[03:59:34]   Epoch 038 200/1559 train_mae 1.82 kl 0.100 lr 3e-04 (31s)
[03:59:50]   Epoch 038 300/1559 train_mae 1.86 kl 0.104 lr 3e-04 (47s)
[04:00:06]   Epoch 038 400/1559 train_mae 1.83 kl 0.102 lr 3e-04 (63s)
[04:00:21]   Epoch 038 500/1559 train_mae 1.82 kl 0.101 lr 3e-04 (78s)
[04:00:37]   Epoch 038 600/1559 train_mae 1.80 kl 0.101 lr 3e-04 (94s)
[04:00:53]   Epoch 038 700/1559 train_mae 1.80 kl 0.101 lr 3e-04 (109s)
[04:01:08]   Epoch 038 800/1559 train_mae 1.80 kl 0.101 lr 3e-04 (125s)
[04:01:24]   Epoch 038 900/1559 train_mae 1.78 kl 0.100 lr 3e-04 (141s)
[04:01:40]   Epoch 038 1000/1559 train_mae 1.77 kl 0.100 lr 3e-04 (157s)
[04:01:55]   Epoch 038 1100/1559 train_mae 1.77 kl 0.100 lr 3e-04 (172s)
[04:02:11]   Epoch 038 1200/1559 train_mae 1.78 kl 0.100 lr 3e-04 (188s)
[04:02:27]   Epoch 038 1300/1559 train_mae 1.77 kl 0.100 lr 3e-04 (204s)
[04:02:42]   Epoch 038 1400/1559 train_mae 1.77 kl 0.100 lr 3e-04 (219s)
[04:02:58]   Epoch 038 1500/1559 train_mae 1.77 kl 0.100 lr 3e-04 (235s)
[04:03:07]   Epoch 038 1559/1559 train_mae 1.76 kl 0.100 lr 3e-04 (244s)
[04:03:28] [Epoch 038 완료] train MAE 1.76 | val MAE 6.94 | val RMSE 9.55 | lr 3e-04 | 개선없음 15/15
[04:03:44]   Epoch 039 100/1559 train_mae 1.81 kl 0.099 lr 3e-04 (16s)
[04:03:59]   Epoch 039 200/1559 train_mae 1.83 kl 0.103 lr 3e-04 (31s)
[04:04:15]   Epoch 039 300/1559 train_mae 1.79 kl 0.101 lr 3e-04 (47s)
[04:04:31]   Epoch 039 400/1559 train_mae 1.80 kl 0.099 lr 3e-04 (63s)
[04:04:46]   Epoch 039 500/1559 train_mae 1.78 kl 0.100 lr 3e-04 (78s)
[04:05:02]   Epoch 039 600/1559 train_mae 1.78 kl 0.100 lr 3e-04 (94s)
[04:05:18]   Epoch 039 700/1559 train_mae 1.76 kl 0.099 lr 3e-04 (109s)
[04:05:33]   Epoch 039 800/1559 train_mae 1.76 kl 0.099 lr 3e-04 (125s)
[04:05:49]   Epoch 039 900/1559 train_mae 1.75 kl 0.099 lr 3e-04 (141s)
[04:06:04]   Epoch 039 1000/1559 train_mae 1.74 kl 0.099 lr 3e-04 (156s)
[04:06:20]   Epoch 039 1100/1559 train_mae 1.73 kl 0.099 lr 3e-04 (172s)
[04:06:36]   Epoch 039 1200/1559 train_mae 1.73 kl 0.099 lr 3e-04 (188s)
[04:06:51]   Epoch 039 1300/1559 train_mae 1.73 kl 0.100 lr 3e-04 (203s)
[04:07:07]   Epoch 039 1400/1559 train_mae 1.73 kl 0.099 lr 3e-04 (219s)
[04:07:22]   Epoch 039 1500/1559 train_mae 1.72 kl 0.099 lr 3e-04 (234s)
[04:07:32]   Epoch 039 1559/1559 train_mae 1.72 kl 0.099 lr 3e-04 (244s)
[04:07:52] [Epoch 039 완료] train MAE 1.72 | val MAE 7.08 | val RMSE 9.70 | lr 3e-04 | 개선없음 16/15
[04:08:08]   Epoch 040 100/1559 train_mae 1.93 kl 0.097 lr 3e-04 (16s)
[04:08:23]   Epoch 040 200/1559 train_mae 1.88 kl 0.096 lr 3e-04 (31s)
[04:08:39]   Epoch 040 300/1559 train_mae 1.83 kl 0.094 lr 3e-04 (47s)
[04:08:55]   Epoch 040 400/1559 train_mae 1.85 kl 0.094 lr 3e-04 (63s)
[04:09:11]   Epoch 040 500/1559 train_mae 1.83 kl 0.097 lr 3e-04 (78s)
[04:09:26]   Epoch 040 600/1559 train_mae 1.81 kl 0.096 lr 3e-04 (94s)
[04:09:42]   Epoch 040 700/1559 train_mae 1.79 kl 0.097 lr 3e-04 (110s)
[04:09:58]   Epoch 040 800/1559 train_mae 1.77 kl 0.097 lr 3e-04 (125s)
[04:10:13]   Epoch 040 900/1559 train_mae 1.76 kl 0.096 lr 3e-04 (141s)
[04:10:29]   Epoch 040 1000/1559 train_mae 1.76 kl 0.096 lr 3e-04 (157s)
[04:10:45]   Epoch 040 1100/1559 train_mae 1.75 kl 0.096 lr 3e-04 (173s)
[04:11:00]   Epoch 040 1200/1559 train_mae 1.74 kl 0.096 lr 3e-04 (188s)
[04:11:16]   Epoch 040 1300/1559 train_mae 1.74 kl 0.096 lr 3e-04 (204s)
[04:11:32]   Epoch 040 1400/1559 train_mae 1.74 kl 0.096 lr 3e-04 (220s)
[04:11:48]   Epoch 040 1500/1559 train_mae 1.73 kl 0.096 lr 3e-04 (235s)
[04:11:57]   Epoch 040 1559/1559 train_mae 1.73 kl 0.096 lr 3e-04 (245s)
[04:12:14] [Epoch 040 완료] train MAE 1.73 | val MAE 6.92 | val RMSE 9.47 | lr 3e-04 | 개선없음 17/15
[04:12:30]   Epoch 041 100/1559 train_mae 1.89 kl 0.103 lr 3e-04 (16s)
[04:12:46]   Epoch 041 200/1559 train_mae 1.80 kl 0.100 lr 3e-04 (31s)
[04:13:01]   Epoch 041 300/1559 train_mae 1.77 kl 0.098 lr 3e-04 (47s)
[04:13:17]   Epoch 041 400/1559 train_mae 1.78 kl 0.097 lr 3e-04 (63s)
[04:13:33]   Epoch 041 500/1559 train_mae 1.74 kl 0.095 lr 3e-04 (78s)
[04:13:48]   Epoch 041 600/1559 train_mae 1.74 kl 0.095 lr 3e-04 (94s)
[04:14:04]   Epoch 041 700/1559 train_mae 1.75 kl 0.096 lr 3e-04 (110s)
[04:14:20]   Epoch 041 800/1559 train_mae 1.72 kl 0.096 lr 3e-04 (125s)
[04:14:35]   Epoch 041 900/1559 train_mae 1.71 kl 0.096 lr 3e-04 (141s)
[04:14:51]   Epoch 041 1000/1559 train_mae 1.70 kl 0.096 lr 3e-04 (157s)
[04:15:07]   Epoch 041 1100/1559 train_mae 1.69 kl 0.096 lr 3e-04 (172s)
[04:15:22]   Epoch 041 1200/1559 train_mae 1.69 kl 0.096 lr 3e-04 (188s)
[04:15:38]   Epoch 041 1300/1559 train_mae 1.69 kl 0.097 lr 3e-04 (204s)
[04:15:54]   Epoch 041 1400/1559 train_mae 1.70 kl 0.097 lr 3e-04 (219s)
[04:16:09]   Epoch 041 1500/1559 train_mae 1.69 kl 0.096 lr 3e-04 (235s)
[04:16:19]   Epoch 041 1559/1559 train_mae 1.68 kl 0.096 lr 3e-04 (244s)
[04:16:39] [Epoch 041 완료] train MAE 1.68 | val MAE 6.97 | val RMSE 9.60 | lr 3e-04 | 개선없음 18/15
[04:16:55]   Epoch 042 100/1559 train_mae 1.81 kl 0.095 lr 3e-04 (16s)
[04:17:11]   Epoch 042 200/1559 train_mae 1.78 kl 0.092 lr 3e-04 (31s)
[04:17:26]   Epoch 042 300/1559 train_mae 1.73 kl 0.092 lr 3e-04 (47s)
[04:17:42]   Epoch 042 400/1559 train_mae 1.73 kl 0.093 lr 3e-04 (63s)
[04:17:58]   Epoch 042 500/1559 train_mae 1.71 kl 0.094 lr 3e-04 (78s)
[04:18:13]   Epoch 042 600/1559 train_mae 1.70 kl 0.094 lr 3e-04 (94s)
[04:18:29]   Epoch 042 700/1559 train_mae 1.69 kl 0.094 lr 3e-04 (110s)
[04:18:45]   Epoch 042 800/1559 train_mae 1.69 kl 0.093 lr 3e-04 (125s)
[04:19:00]   Epoch 042 900/1559 train_mae 1.68 kl 0.093 lr 3e-04 (141s)
[04:19:16]   Epoch 042 1000/1559 train_mae 1.67 kl 0.093 lr 3e-04 (157s)
[04:19:32]   Epoch 042 1100/1559 train_mae 1.67 kl 0.093 lr 3e-04 (172s)
[04:19:47]   Epoch 042 1200/1559 train_mae 1.67 kl 0.093 lr 3e-04 (188s)
[04:20:03]   Epoch 042 1300/1559 train_mae 1.67 kl 0.092 lr 3e-04 (204s)
[04:20:19]   Epoch 042 1400/1559 train_mae 1.66 kl 0.092 lr 3e-04 (220s)
[04:20:35]   Epoch 042 1500/1559 train_mae 1.65 kl 0.092 lr 3e-04 (235s)
[04:20:44]   Epoch 042 1559/1559 train_mae 1.66 kl 0.093 lr 3e-04 (245s)
[04:21:04] [Epoch 042 완료] train MAE 1.66 | val MAE 7.00 | val RMSE 9.56 | lr 3e-04 | 개선없음 19/15
[04:21:20]   Epoch 043 100/1559 train_mae 1.68 kl 0.090 lr 3e-04 (15s)
[04:21:36]   Epoch 043 200/1559 train_mae 1.65 kl 0.092 lr 3e-04 (31s)
[04:21:51]   Epoch 043 300/1559 train_mae 1.65 kl 0.092 lr 3e-04 (47s)
[04:22:07]   Epoch 043 400/1559 train_mae 1.64 kl 0.092 lr 3e-04 (62s)
[04:22:23]   Epoch 043 500/1559 train_mae 1.65 kl 0.092 lr 3e-04 (78s)
[04:22:38]   Epoch 043 600/1559 train_mae 1.64 kl 0.091 lr 3e-04 (94s)
[04:22:54]   Epoch 043 700/1559 train_mae 1.63 kl 0.091 lr 3e-04 (109s)
[04:23:10]   Epoch 043 800/1559 train_mae 1.62 kl 0.091 lr 3e-04 (125s)
[04:23:25]   Epoch 043 900/1559 train_mae 1.61 kl 0.091 lr 3e-04 (141s)
[04:23:41]   Epoch 043 1000/1559 train_mae 1.61 kl 0.091 lr 3e-04 (156s)
[04:23:57]   Epoch 043 1100/1559 train_mae 1.61 kl 0.092 lr 3e-04 (172s)
[04:24:12]   Epoch 043 1200/1559 train_mae 1.61 kl 0.091 lr 3e-04 (188s)
[04:24:28]   Epoch 043 1300/1559 train_mae 1.61 kl 0.091 lr 3e-04 (203s)
[04:24:44]   Epoch 043 1400/1559 train_mae 1.60 kl 0.091 lr 3e-04 (219s)
[04:24:59]   Epoch 043 1500/1559 train_mae 1.61 kl 0.092 lr 3e-04 (235s)
[04:25:09]   Epoch 043 1559/1559 train_mae 1.61 kl 0.092 lr 3e-04 (244s)
[04:25:28] [Epoch 043 완료] train MAE 1.61 | val MAE 7.05 | val RMSE 9.59 | lr 3e-04 | 개선없음 20/15
[04:25:44]   Epoch 044 100/1559 train_mae 1.70 kl 0.095 lr 3e-04 (16s)
[04:25:59]   Epoch 044 200/1559 train_mae 1.71 kl 0.099 lr 3e-04 (31s)
[04:26:15]   Epoch 044 300/1559 train_mae 1.67 kl 0.098 lr 3e-04 (47s)
[04:26:31]   Epoch 044 400/1559 train_mae 1.63 kl 0.095 lr 3e-04 (62s)
[04:26:46]   Epoch 044 500/1559 train_mae 1.63 kl 0.093 lr 3e-04 (78s)
[04:27:02]   Epoch 044 600/1559 train_mae 1.64 kl 0.094 lr 3e-04 (94s)
[04:27:18]   Epoch 044 700/1559 train_mae 1.64 kl 0.093 lr 3e-04 (109s)
[04:27:33]   Epoch 044 800/1559 train_mae 1.63 kl 0.093 lr 3e-04 (125s)
[04:27:49]   Epoch 044 900/1559 train_mae 1.63 kl 0.094 lr 3e-04 (141s)
[04:28:05]   Epoch 044 1000/1559 train_mae 1.63 kl 0.094 lr 3e-04 (156s)
[04:28:20]   Epoch 044 1100/1559 train_mae 1.62 kl 0.094 lr 3e-04 (172s)
[04:28:36]   Epoch 044 1200/1559 train_mae 1.62 kl 0.094 lr 3e-04 (188s)
[04:28:51]   Epoch 044 1300/1559 train_mae 1.62 kl 0.093 lr 3e-04 (203s)
[04:29:07]   Epoch 044 1400/1559 train_mae 1.62 kl 0.093 lr 3e-04 (219s)
[04:29:23]   Epoch 044 1500/1559 train_mae 1.60 kl 0.092 lr 3e-04 (234s)
[04:29:32]   Epoch 044 1559/1559 train_mae 1.60 kl 0.091 lr 3e-04 (244s)
[04:29:50] [Epoch 044 완료] train MAE 1.60 | val MAE 6.99 | val RMSE 9.55 | lr 3e-04 | 개선없음 21/15
[04:30:06]   Epoch 045 100/1559 train_mae 1.64 kl 0.091 lr 3e-04 (16s)
[04:30:22]   Epoch 045 200/1559 train_mae 1.61 kl 0.086 lr 3e-04 (31s)
[04:30:38]   Epoch 045 300/1559 train_mae 1.61 kl 0.088 lr 3e-04 (47s)
[04:30:53]   Epoch 045 400/1559 train_mae 1.62 kl 0.089 lr 3e-04 (62s)
[04:31:09]   Epoch 045 500/1559 train_mae 1.60 kl 0.089 lr 3e-04 (78s)
[04:31:25]   Epoch 045 600/1559 train_mae 1.59 kl 0.090 lr 3e-04 (94s)
[04:31:40]   Epoch 045 700/1559 train_mae 1.59 kl 0.090 lr 3e-04 (109s)
[04:31:56]   Epoch 045 800/1559 train_mae 1.58 kl 0.090 lr 3e-04 (125s)
[04:32:12]   Epoch 045 900/1559 train_mae 1.58 kl 0.090 lr 3e-04 (141s)
[04:32:27]   Epoch 045 1000/1559 train_mae 1.58 kl 0.090 lr 3e-04 (156s)
[04:32:43]   Epoch 045 1100/1559 train_mae 1.57 kl 0.091 lr 3e-04 (172s)
[04:32:58]   Epoch 045 1200/1559 train_mae 1.57 kl 0.091 lr 3e-04 (187s)
[04:33:14]   Epoch 045 1300/1559 train_mae 1.57 kl 0.090 lr 3e-04 (203s)
[04:33:29]   Epoch 045 1400/1559 train_mae 1.57 kl 0.090 lr 3e-04 (219s)
[04:33:45]   Epoch 045 1500/1559 train_mae 1.56 kl 0.089 lr 3e-04 (234s)
[04:33:54]   Epoch 045 1559/1559 train_mae 1.56 kl 0.089 lr 3e-04 (243s)
[04:34:14] [Epoch 045 완료] train MAE 1.56 | val MAE 6.88 | val RMSE 9.40 | lr 3e-04 | 개선없음 22/15
[04:34:30]   Epoch 046 100/1559 train_mae 1.56 kl 0.086 lr 3e-04 (15s)
[04:34:46]   Epoch 046 200/1559 train_mae 1.61 kl 0.088 lr 3e-04 (31s)
[04:35:01]   Epoch 046 300/1559 train_mae 1.55 kl 0.090 lr 3e-04 (46s)
[04:35:17]   Epoch 046 400/1559 train_mae 1.56 kl 0.090 lr 3e-04 (62s)
[04:35:32]   Epoch 046 500/1559 train_mae 1.54 kl 0.090 lr 3e-04 (78s)
[04:35:48]   Epoch 046 600/1559 train_mae 1.53 kl 0.090 lr 3e-04 (93s)
[04:36:04]   Epoch 046 700/1559 train_mae 1.54 kl 0.090 lr 3e-04 (109s)
[04:36:19]   Epoch 046 800/1559 train_mae 1.54 kl 0.088 lr 3e-04 (124s)
[04:36:35]   Epoch 046 900/1559 train_mae 1.53 kl 0.089 lr 3e-04 (140s)
[04:36:50]   Epoch 046 1000/1559 train_mae 1.53 kl 0.089 lr 3e-04 (156s)
[04:37:06]   Epoch 046 1100/1559 train_mae 1.52 kl 0.089 lr 3e-04 (171s)
[04:37:22]   Epoch 046 1200/1559 train_mae 1.52 kl 0.088 lr 3e-04 (187s)
[04:37:37]   Epoch 046 1300/1559 train_mae 1.52 kl 0.088 lr 3e-04 (202s)
[04:37:53]   Epoch 046 1400/1559 train_mae 1.52 kl 0.088 lr 3e-04 (218s)
[04:38:08]   Epoch 046 1500/1559 train_mae 1.52 kl 0.088 lr 3e-04 (233s)
[04:38:17]   Epoch 046 1559/1559 train_mae 1.52 kl 0.087 lr 3e-04 (243s)
[04:38:38] [Epoch 046 완료] train MAE 1.52 | val MAE 6.94 | val RMSE 9.59 | lr 3e-04 | 개선없음 23/15
[04:38:54]   Epoch 047 100/1559 train_mae 1.63 kl 0.091 lr 3e-04 (16s)
[04:39:09]   Epoch 047 200/1559 train_mae 1.57 kl 0.088 lr 3e-04 (31s)
[04:39:25]   Epoch 047 300/1559 train_mae 1.57 kl 0.087 lr 3e-04 (47s)
[04:39:41]   Epoch 047 400/1559 train_mae 1.57 kl 0.086 lr 3e-04 (62s)
[04:39:56]   Epoch 047 500/1559 train_mae 1.56 kl 0.088 lr 3e-04 (78s)
[04:40:12]   Epoch 047 600/1559 train_mae 1.55 kl 0.087 lr 3e-04 (94s)
[04:40:27]   Epoch 047 700/1559 train_mae 1.56 kl 0.087 lr 3e-04 (109s)
[04:40:43]   Epoch 047 800/1559 train_mae 1.55 kl 0.087 lr 3e-04 (125s)
[04:40:59]   Epoch 047 900/1559 train_mae 1.54 kl 0.087 lr 3e-04 (140s)
[04:41:14]   Epoch 047 1000/1559 train_mae 1.54 kl 0.087 lr 3e-04 (156s)
[04:41:30]   Epoch 047 1100/1559 train_mae 1.54 kl 0.087 lr 3e-04 (172s)
[04:41:45]   Epoch 047 1200/1559 train_mae 1.53 kl 0.086 lr 3e-04 (187s)
[04:42:01]   Epoch 047 1300/1559 train_mae 1.52 kl 0.087 lr 3e-04 (203s)
[04:42:17]   Epoch 047 1400/1559 train_mae 1.52 kl 0.087 lr 3e-04 (219s)
[04:42:32]   Epoch 047 1500/1559 train_mae 1.51 kl 0.087 lr 3e-04 (234s)
[04:42:42]   Epoch 047 1559/1559 train_mae 1.51 kl 0.086 lr 3e-04 (243s)
[04:43:01] [Epoch 047 완료] train MAE 1.51 | val MAE 7.04 | val RMSE 9.59 | lr 3e-04 | 개선없음 24/15
[04:43:17]   Epoch 048 100/1559 train_mae 1.58 kl 0.085 lr 3e-04 (16s)
[04:43:32]   Epoch 048 200/1559 train_mae 1.60 kl 0.084 lr 3e-04 (30s)
[04:43:46]   Epoch 048 300/1559 train_mae 1.60 kl 0.085 lr 3e-04 (45s)
[04:44:02]   Epoch 048 400/1559 train_mae 1.55 kl 0.084 lr 3e-04 (60s)
[04:44:18]   Epoch 048 500/1559 train_mae 1.54 kl 0.084 lr 3e-04 (76s)
[04:44:33]   Epoch 048 600/1559 train_mae 1.54 kl 0.084 lr 3e-04 (91s)
[04:44:49]   Epoch 048 700/1559 train_mae 1.53 kl 0.084 lr 3e-04 (107s)
[04:45:04]   Epoch 048 800/1559 train_mae 1.53 kl 0.084 lr 3e-04 (122s)
[04:45:20]   Epoch 048 900/1559 train_mae 1.52 kl 0.084 lr 3e-04 (138s)
[04:45:35]   Epoch 048 1000/1559 train_mae 1.51 kl 0.085 lr 3e-04 (153s)
[04:45:51]   Epoch 048 1100/1559 train_mae 1.51 kl 0.086 lr 3e-04 (169s)
[04:46:07]   Epoch 048 1200/1559 train_mae 1.51 kl 0.086 lr 3e-04 (185s)
[04:46:22]   Epoch 048 1300/1559 train_mae 1.50 kl 0.085 lr 3e-04 (200s)
[04:46:38]   Epoch 048 1400/1559 train_mae 1.50 kl 0.085 lr 3e-04 (216s)
[04:46:53]   Epoch 048 1500/1559 train_mae 1.50 kl 0.085 lr 3e-04 (231s)
[04:47:02]   Epoch 048 1559/1559 train_mae 1.49 kl 0.086 lr 3e-04 (241s)
[04:47:22] [Epoch 048 완료] train MAE 1.49 | val MAE 6.89 | val RMSE 9.42 | lr 3e-04 | 개선없음 25/15
[04:47:39]   Epoch 049 100/1559 train_mae 1.61 kl 0.088 lr 3e-04 (16s)
[04:47:54]   Epoch 049 200/1559 train_mae 1.66 kl 0.089 lr 3e-04 (31s)
[04:48:10]   Epoch 049 300/1559 train_mae 1.61 kl 0.086 lr 3e-04 (47s)
[04:48:26]   Epoch 049 400/1559 train_mae 1.56 kl 0.085 lr 3e-04 (63s)
[04:48:41]   Epoch 049 500/1559 train_mae 1.55 kl 0.085 lr 3e-04 (78s)
[04:48:57]   Epoch 049 600/1559 train_mae 1.54 kl 0.084 lr 3e-04 (94s)
[04:49:12]   Epoch 049 700/1559 train_mae 1.52 kl 0.083 lr 3e-04 (110s)
[04:49:28]   Epoch 049 800/1559 train_mae 1.50 kl 0.083 lr 3e-04 (125s)
[04:49:44]   Epoch 049 900/1559 train_mae 1.49 kl 0.083 lr 3e-04 (141s)
[04:49:59]   Epoch 049 1000/1559 train_mae 1.49 kl 0.084 lr 3e-04 (157s)
[04:50:15]   Epoch 049 1100/1559 train_mae 1.48 kl 0.084 lr 3e-04 (172s)
[04:50:31]   Epoch 049 1200/1559 train_mae 1.47 kl 0.084 lr 3e-04 (188s)
[04:50:46]   Epoch 049 1300/1559 train_mae 1.47 kl 0.084 lr 3e-04 (203s)
[04:51:02]   Epoch 049 1400/1559 train_mae 1.47 kl 0.084 lr 3e-04 (219s)
[04:51:18]   Epoch 049 1500/1559 train_mae 1.46 kl 0.084 lr 3e-04 (235s)
[04:51:27]   Epoch 049 1559/1559 train_mae 1.46 kl 0.084 lr 3e-04 (244s)
[04:51:47] [Epoch 049 완료] train MAE 1.46 | val MAE 7.02 | val RMSE 9.44 | lr 3e-04 | 개선없음 26/15
[04:52:03]   Epoch 050 100/1559 train_mae 1.53 kl 0.081 lr 3e-04 (16s)
[04:52:19]   Epoch 050 200/1559 train_mae 1.55 kl 0.085 lr 3e-04 (31s)
[04:52:34]   Epoch 050 300/1559 train_mae 1.53 kl 0.083 lr 3e-04 (47s)
[04:52:50]   Epoch 050 400/1559 train_mae 1.53 kl 0.083 lr 3e-04 (62s)
[04:53:05]   Epoch 050 500/1559 train_mae 1.50 kl 0.081 lr 3e-04 (78s)
[04:53:21]   Epoch 050 600/1559 train_mae 1.49 kl 0.082 lr 3e-04 (94s)
[04:53:37]   Epoch 050 700/1559 train_mae 1.47 kl 0.081 lr 3e-04 (109s)
[04:53:52]   Epoch 050 800/1559 train_mae 1.45 kl 0.082 lr 3e-04 (125s)
[04:54:08]   Epoch 050 900/1559 train_mae 1.44 kl 0.081 lr 3e-04 (141s)
[04:54:24]   Epoch 050 1000/1559 train_mae 1.43 kl 0.081 lr 3e-04 (156s)
[04:54:39]   Epoch 050 1100/1559 train_mae 1.43 kl 0.080 lr 3e-04 (172s)
[04:54:55]   Epoch 050 1200/1559 train_mae 1.42 kl 0.081 lr 3e-04 (187s)
[04:55:10]   Epoch 050 1300/1559 train_mae 1.42 kl 0.081 lr 3e-04 (203s)
[04:55:26]   Epoch 050 1400/1559 train_mae 1.42 kl 0.081 lr 3e-04 (219s)
[04:55:42]   Epoch 050 1500/1559 train_mae 1.42 kl 0.082 lr 3e-04 (234s)
[04:55:51]   Epoch 050 1559/1559 train_mae 1.42 kl 0.082 lr 3e-04 (243s)
[04:56:09] [Epoch 050 완료] train MAE 1.42 | val MAE 6.99 | val RMSE 9.52 | lr 3e-04 | 개선없음 27/15
[04:56:25]   Epoch 051 100/1559 train_mae 1.46 kl 0.079 lr 3e-04 (16s)
[04:56:40]   Epoch 051 200/1559 train_mae 1.47 kl 0.083 lr 3e-04 (31s)
[04:56:56]   Epoch 051 300/1559 train_mae 1.43 kl 0.081 lr 3e-04 (47s)
[04:57:11]   Epoch 051 400/1559 train_mae 1.44 kl 0.080 lr 3e-04 (62s)
[04:57:41]   Epoch 051 500/1559 train_mae 1.44 kl 0.080 lr 3e-04 (92s)
[04:58:15]   Epoch 051 600/1559 train_mae 1.43 kl 0.081 lr 3e-04 (126s)
[04:58:50]   Epoch 051 700/1559 train_mae 1.42 kl 0.082 lr 3e-04 (161s)
[04:59:25]   Epoch 051 800/1559 train_mae 1.40 kl 0.081 lr 3e-04 (195s)
[04:59:59]   Epoch 051 900/1559 train_mae 1.41 kl 0.081 lr 3e-04 (230s)
[05:00:34]   Epoch 051 1000/1559 train_mae 1.42 kl 0.080 lr 3e-04 (265s)
[05:01:08]   Epoch 051 1100/1559 train_mae 1.41 kl 0.080 lr 3e-04 (299s)
[05:01:42]   Epoch 051 1200/1559 train_mae 1.41 kl 0.080 lr 3e-04 (333s)
[05:02:17]   Epoch 051 1300/1559 train_mae 1.41 kl 0.080 lr 3e-04 (368s)
[05:02:51]   Epoch 051 1400/1559 train_mae 1.41 kl 0.079 lr 3e-04 (402s)
[05:03:25]   Epoch 051 1500/1559 train_mae 1.41 kl 0.079 lr 3e-04 (436s)
[05:03:46]   Epoch 051 1559/1559 train_mae 1.41 kl 0.079 lr 3e-04 (457s)
[05:04:38] [Epoch 051 완료] train MAE 1.41 | val MAE 6.83 | val RMSE 9.55 | lr 3e-04 | * best 저장 (val MAE 6.83)
[05:04:59]   Epoch 052 100/1559 train_mae 1.52 kl 0.085 lr 3e-04 (20s)
[05:05:20]   Epoch 052 200/1559 train_mae 1.48 kl 0.079 lr 3e-04 (42s)
[05:05:42]   Epoch 052 300/1559 train_mae 1.46 kl 0.077 lr 3e-04 (63s)
[05:06:02]   Epoch 052 400/1559 train_mae 1.46 kl 0.078 lr 3e-04 (84s)
[05:06:23]   Epoch 052 500/1559 train_mae 1.44 kl 0.078 lr 3e-04 (104s)
[05:06:44]   Epoch 052 600/1559 train_mae 1.42 kl 0.079 lr 3e-04 (125s)
[05:07:05]   Epoch 052 700/1559 train_mae 1.41 kl 0.078 lr 3e-04 (146s)
[05:07:26]   Epoch 052 800/1559 train_mae 1.42 kl 0.078 lr 3e-04 (167s)
[05:07:46]   Epoch 052 900/1559 train_mae 1.42 kl 0.078 lr 3e-04 (188s)
[05:08:07]   Epoch 052 1000/1559 train_mae 1.41 kl 0.078 lr 3e-04 (208s)
[05:08:28]   Epoch 052 1100/1559 train_mae 1.41 kl 0.078 lr 3e-04 (229s)
[05:08:49]   Epoch 052 1200/1559 train_mae 1.40 kl 0.077 lr 3e-04 (250s)
[05:09:10]   Epoch 052 1300/1559 train_mae 1.40 kl 0.077 lr 3e-04 (271s)
[05:09:30]   Epoch 052 1400/1559 train_mae 1.40 kl 0.078 lr 3e-04 (291s)
[05:09:51]   Epoch 052 1500/1559 train_mae 1.40 kl 0.078 lr 3e-04 (312s)
[05:10:04]   Epoch 052 1559/1559 train_mae 1.40 kl 0.079 lr 3e-04 (325s)
[05:10:24] [Epoch 052 완료] train MAE 1.40 | val MAE 6.84 | val RMSE 9.47 | lr 3e-04 | 개선없음 1/15
[05:10:40]   Epoch 053 100/1559 train_mae 1.44 kl 0.076 lr 3e-04 (16s)
[05:10:56]   Epoch 053 200/1559 train_mae 1.47 kl 0.078 lr 3e-04 (31s)
[05:11:10]   Epoch 053 300/1559 train_mae 1.45 kl 0.078 lr 3e-04 (46s)
[05:11:26]   Epoch 053 400/1559 train_mae 1.43 kl 0.078 lr 3e-04 (62s)
[05:11:42]   Epoch 053 500/1559 train_mae 1.42 kl 0.079 lr 3e-04 (77s)
[05:11:57]   Epoch 053 600/1559 train_mae 1.41 kl 0.080 lr 3e-04 (93s)
[05:12:13]   Epoch 053 700/1559 train_mae 1.41 kl 0.081 lr 3e-04 (108s)
[05:12:28]   Epoch 053 800/1559 train_mae 1.40 kl 0.080 lr 3e-04 (124s)
[05:12:44]   Epoch 053 900/1559 train_mae 1.40 kl 0.080 lr 3e-04 (140s)
[05:13:00]   Epoch 053 1000/1559 train_mae 1.39 kl 0.080 lr 3e-04 (155s)
[05:13:15]   Epoch 053 1100/1559 train_mae 1.40 kl 0.080 lr 3e-04 (171s)
[05:13:31]   Epoch 053 1200/1559 train_mae 1.39 kl 0.079 lr 3e-04 (186s)
[05:13:46]   Epoch 053 1300/1559 train_mae 1.38 kl 0.079 lr 3e-04 (202s)
[05:14:02]   Epoch 053 1400/1559 train_mae 1.38 kl 0.080 lr 3e-04 (218s)
[05:14:18]   Epoch 053 1500/1559 train_mae 1.38 kl 0.080 lr 3e-04 (233s)
[05:14:27]   Epoch 053 1559/1559 train_mae 1.38 kl 0.080 lr 3e-04 (243s)
[05:14:46] [Epoch 053 완료] train MAE 1.38 | val MAE 6.80 | val RMSE 9.51 | lr 3e-04 | * best 저장 (val MAE 6.80)
[05:15:02]   Epoch 054 100/1559 train_mae 1.34 kl 0.083 lr 3e-04 (16s)
[05:15:18]   Epoch 054 200/1559 train_mae 1.35 kl 0.083 lr 3e-04 (31s)
[05:15:34]   Epoch 054 300/1559 train_mae 1.40 kl 0.082 lr 3e-04 (47s)
[05:15:49]   Epoch 054 400/1559 train_mae 1.37 kl 0.081 lr 3e-04 (63s)
[05:16:05]   Epoch 054 500/1559 train_mae 1.37 kl 0.080 lr 3e-04 (78s)
[05:16:20]   Epoch 054 600/1559 train_mae 1.37 kl 0.079 lr 3e-04 (94s)
[05:16:36]   Epoch 054 700/1559 train_mae 1.37 kl 0.079 lr 3e-04 (110s)
[05:16:52]   Epoch 054 800/1559 train_mae 1.37 kl 0.079 lr 3e-04 (125s)
[05:17:07]   Epoch 054 900/1559 train_mae 1.37 kl 0.080 lr 3e-04 (141s)
[05:17:23]   Epoch 054 1000/1559 train_mae 1.37 kl 0.080 lr 3e-04 (156s)
[05:17:39]   Epoch 054 1100/1559 train_mae 1.37 kl 0.080 lr 3e-04 (172s)
[05:17:54]   Epoch 054 1200/1559 train_mae 1.36 kl 0.079 lr 3e-04 (188s)
[05:18:10]   Epoch 054 1300/1559 train_mae 1.36 kl 0.080 lr 3e-04 (203s)
[05:18:26]   Epoch 054 1400/1559 train_mae 1.36 kl 0.080 lr 3e-04 (219s)
[05:18:41]   Epoch 054 1500/1559 train_mae 1.36 kl 0.080 lr 3e-04 (235s)
[05:18:50]   Epoch 054 1559/1559 train_mae 1.35 kl 0.081 lr 3e-04 (244s)
[05:19:11] [Epoch 054 완료] train MAE 1.35 | val MAE 6.86 | val RMSE 9.39 | lr 3e-04 | 개선없음 1/15
[05:19:27]   Epoch 055 100/1559 train_mae 1.58 kl 0.078 lr 3e-04 (16s)
[05:19:42]   Epoch 055 200/1559 train_mae 1.48 kl 0.079 lr 3e-04 (31s)
[05:19:58]   Epoch 055 300/1559 train_mae 1.45 kl 0.079 lr 3e-04 (47s)
[05:20:13]   Epoch 055 400/1559 train_mae 1.44 kl 0.079 lr 3e-04 (62s)
[05:20:28]   Epoch 055 500/1559 train_mae 1.42 kl 0.079 lr 3e-04 (77s)
[05:20:44]   Epoch 055 600/1559 train_mae 1.40 kl 0.078 lr 3e-04 (93s)
[05:21:00]   Epoch 055 700/1559 train_mae 1.40 kl 0.077 lr 3e-04 (109s)
[05:21:15]   Epoch 055 800/1559 train_mae 1.40 kl 0.078 lr 3e-04 (124s)
[05:21:31]   Epoch 055 900/1559 train_mae 1.39 kl 0.077 lr 3e-04 (140s)
[05:21:47]   Epoch 055 1000/1559 train_mae 1.38 kl 0.078 lr 3e-04 (156s)
[05:22:02]   Epoch 055 1100/1559 train_mae 1.37 kl 0.078 lr 3e-04 (171s)
[05:22:18]   Epoch 055 1200/1559 train_mae 1.37 kl 0.078 lr 3e-04 (187s)
[05:22:33]   Epoch 055 1300/1559 train_mae 1.37 kl 0.078 lr 3e-04 (202s)
[05:22:49]   Epoch 055 1400/1559 train_mae 1.35 kl 0.078 lr 3e-04 (218s)
[05:23:05]   Epoch 055 1500/1559 train_mae 1.35 kl 0.078 lr 3e-04 (234s)
[05:23:14]   Epoch 055 1559/1559 train_mae 1.35 kl 0.078 lr 3e-04 (243s)
[05:23:34] [Epoch 055 완료] train MAE 1.35 | val MAE 6.81 | val RMSE 9.42 | lr 3e-04 | 개선없음 2/15
[05:23:50]   Epoch 056 100/1559 train_mae 1.31 kl 0.076 lr 3e-04 (16s)
[05:24:05]   Epoch 056 200/1559 train_mae 1.31 kl 0.077 lr 3e-04 (31s)
[05:24:21]   Epoch 056 300/1559 train_mae 1.32 kl 0.078 lr 3e-04 (47s)
[05:24:37]   Epoch 056 400/1559 train_mae 1.33 kl 0.079 lr 3e-04 (63s)
[05:24:52]   Epoch 056 500/1559 train_mae 1.34 kl 0.080 lr 3e-04 (78s)
[05:25:08]   Epoch 056 600/1559 train_mae 1.34 kl 0.080 lr 3e-04 (94s)
[05:25:24]   Epoch 056 700/1559 train_mae 1.32 kl 0.079 lr 3e-04 (109s)
[05:25:39]   Epoch 056 800/1559 train_mae 1.32 kl 0.079 lr 3e-04 (125s)
[05:25:55]   Epoch 056 900/1559 train_mae 1.32 kl 0.079 lr 3e-04 (141s)
[05:26:11]   Epoch 056 1000/1559 train_mae 1.32 kl 0.079 lr 3e-04 (156s)
[05:26:26]   Epoch 056 1100/1559 train_mae 1.32 kl 0.079 lr 3e-04 (172s)
[05:26:42]   Epoch 056 1200/1559 train_mae 1.31 kl 0.078 lr 3e-04 (188s)
[05:26:58]   Epoch 056 1300/1559 train_mae 1.31 kl 0.078 lr 3e-04 (203s)
[05:27:13]   Epoch 056 1400/1559 train_mae 1.31 kl 0.078 lr 3e-04 (219s)
[05:27:29]   Epoch 056 1500/1559 train_mae 1.32 kl 0.079 lr 3e-04 (235s)
[05:27:38]   Epoch 056 1559/1559 train_mae 1.32 kl 0.079 lr 3e-04 (243s)
[05:27:55] [Epoch 056 완료] train MAE 1.32 | val MAE 6.97 | val RMSE 9.70 | lr 3e-04 | 개선없음 3/15
[05:28:09]   Epoch 057 100/1559 train_mae 1.40 kl 0.073 lr 3e-04 (14s)
[05:28:23]   Epoch 057 200/1559 train_mae 1.44 kl 0.077 lr 3e-04 (28s)
[05:28:37]   Epoch 057 300/1559 train_mae 1.38 kl 0.077 lr 3e-04 (42s)
[05:28:51]   Epoch 057 400/1559 train_mae 1.34 kl 0.077 lr 3e-04 (56s)
[05:29:05]   Epoch 057 500/1559 train_mae 1.32 kl 0.077 lr 3e-04 (70s)
[05:29:19]   Epoch 057 600/1559 train_mae 1.31 kl 0.076 lr 3e-04 (84s)
[05:29:33]   Epoch 057 700/1559 train_mae 1.31 kl 0.077 lr 3e-04 (97s)
[05:29:47]   Epoch 057 800/1559 train_mae 1.30 kl 0.077 lr 3e-04 (111s)
[05:30:00]   Epoch 057 900/1559 train_mae 1.30 kl 0.077 lr 3e-04 (125s)
[05:30:15]   Epoch 057 1000/1559 train_mae 1.30 kl 0.077 lr 3e-04 (139s)
[05:30:29]   Epoch 057 1100/1559 train_mae 1.29 kl 0.077 lr 3e-04 (153s)
[05:30:43]   Epoch 057 1200/1559 train_mae 1.29 kl 0.076 lr 3e-04 (167s)
[05:30:57]   Epoch 057 1300/1559 train_mae 1.28 kl 0.077 lr 3e-04 (181s)
[05:31:11]   Epoch 057 1400/1559 train_mae 1.28 kl 0.076 lr 3e-04 (195s)
[05:31:24]   Epoch 057 1500/1559 train_mae 1.28 kl 0.076 lr 3e-04 (209s)
[05:31:33]   Epoch 057 1559/1559 train_mae 1.28 kl 0.076 lr 3e-04 (217s)
[05:31:50] [Epoch 057 완료] train MAE 1.28 | val MAE 6.86 | val RMSE 9.44 | lr 3e-04 | 개선없음 4/15
[05:32:04]   Epoch 058 100/1559 train_mae 1.36 kl 0.076 lr 3e-04 (14s)
[05:32:18]   Epoch 058 200/1559 train_mae 1.37 kl 0.079 lr 3e-04 (28s)
[05:32:32]   Epoch 058 300/1559 train_mae 1.35 kl 0.078 lr 3e-04 (42s)
[05:32:46]   Epoch 058 400/1559 train_mae 1.32 kl 0.079 lr 3e-04 (56s)
[05:33:00]   Epoch 058 500/1559 train_mae 1.31 kl 0.077 lr 3e-04 (70s)
[05:33:14]   Epoch 058 600/1559 train_mae 1.31 kl 0.077 lr 3e-04 (84s)
[05:33:28]   Epoch 058 700/1559 train_mae 1.31 kl 0.077 lr 3e-04 (97s)
[05:33:42]   Epoch 058 800/1559 train_mae 1.30 kl 0.077 lr 3e-04 (111s)
[05:33:56]   Epoch 058 900/1559 train_mae 1.31 kl 0.077 lr 3e-04 (125s)
[05:34:10]   Epoch 058 1000/1559 train_mae 1.31 kl 0.076 lr 3e-04 (139s)
[05:34:23]   Epoch 058 1100/1559 train_mae 1.30 kl 0.077 lr 3e-04 (153s)
[05:34:37]   Epoch 058 1200/1559 train_mae 1.30 kl 0.077 lr 3e-04 (167s)
[05:34:51]   Epoch 058 1300/1559 train_mae 1.30 kl 0.077 lr 3e-04 (181s)
[05:35:05]   Epoch 058 1400/1559 train_mae 1.29 kl 0.076 lr 3e-04 (195s)
[05:35:19]   Epoch 058 1500/1559 train_mae 1.28 kl 0.076 lr 3e-04 (209s)
[05:35:27]   Epoch 058 1559/1559 train_mae 1.28 kl 0.076 lr 3e-04 (217s)
[05:35:44] [Epoch 058 완료] train MAE 1.28 | val MAE 6.78 | val RMSE 9.27 | lr 3e-04 | * best 저장 (val MAE 6.78)
[05:35:59]   Epoch 059 100/1559 train_mae 1.32 kl 0.078 lr 3e-04 (14s)
[05:36:13]   Epoch 059 200/1559 train_mae 1.31 kl 0.080 lr 3e-04 (28s)
[05:36:27]   Epoch 059 300/1559 train_mae 1.32 kl 0.080 lr 3e-04 (42s)
[05:36:41]   Epoch 059 400/1559 train_mae 1.31 kl 0.078 lr 3e-04 (56s)
[05:36:55]   Epoch 059 500/1559 train_mae 1.32 kl 0.079 lr 3e-04 (70s)
[05:37:08]   Epoch 059 600/1559 train_mae 1.31 kl 0.078 lr 3e-04 (83s)
[05:37:22]   Epoch 059 700/1559 train_mae 1.30 kl 0.078 lr 3e-04 (97s)
[05:37:36]   Epoch 059 800/1559 train_mae 1.29 kl 0.078 lr 3e-04 (111s)
[05:37:50]   Epoch 059 900/1559 train_mae 1.28 kl 0.077 lr 3e-04 (125s)
[05:38:04]   Epoch 059 1000/1559 train_mae 1.27 kl 0.077 lr 3e-04 (139s)
[05:38:18]   Epoch 059 1100/1559 train_mae 1.27 kl 0.076 lr 3e-04 (153s)
[05:38:32]   Epoch 059 1200/1559 train_mae 1.26 kl 0.076 lr 3e-04 (167s)
[05:38:46]   Epoch 059 1300/1559 train_mae 1.26 kl 0.076 lr 3e-04 (181s)
[05:39:00]   Epoch 059 1400/1559 train_mae 1.25 kl 0.076 lr 3e-04 (195s)
[05:39:14]   Epoch 059 1500/1559 train_mae 1.25 kl 0.076 lr 3e-04 (209s)
[05:39:22]   Epoch 059 1559/1559 train_mae 1.25 kl 0.076 lr 3e-04 (217s)
[05:39:39] [Epoch 059 완료] train MAE 1.25 | val MAE 6.86 | val RMSE 9.42 | lr 3e-04 | 개선없음 1/15
[05:39:53]   Epoch 060 100/1559 train_mae 1.37 kl 0.078 lr 3e-04 (14s)
[05:40:07]   Epoch 060 200/1559 train_mae 1.33 kl 0.077 lr 3e-04 (28s)
[05:40:21]   Epoch 060 300/1559 train_mae 1.29 kl 0.078 lr 3e-04 (42s)
[05:40:35]   Epoch 060 400/1559 train_mae 1.28 kl 0.077 lr 3e-04 (56s)
[05:40:49]   Epoch 060 500/1559 train_mae 1.27 kl 0.077 lr 3e-04 (70s)
[05:41:03]   Epoch 060 600/1559 train_mae 1.26 kl 0.077 lr 3e-04 (84s)
[05:41:17]   Epoch 060 700/1559 train_mae 1.26 kl 0.076 lr 3e-04 (98s)
[05:41:31]   Epoch 060 800/1559 train_mae 1.25 kl 0.076 lr 3e-04 (111s)
[05:41:45]   Epoch 060 900/1559 train_mae 1.25 kl 0.075 lr 3e-04 (125s)
[05:41:59]   Epoch 060 1000/1559 train_mae 1.25 kl 0.075 lr 3e-04 (140s)
[05:42:13]   Epoch 060 1100/1559 train_mae 1.24 kl 0.075 lr 3e-04 (154s)
[05:42:27]   Epoch 060 1200/1559 train_mae 1.24 kl 0.075 lr 3e-04 (168s)
[05:42:41]   Epoch 060 1300/1559 train_mae 1.24 kl 0.075 lr 3e-04 (182s)
[05:42:55]   Epoch 060 1400/1559 train_mae 1.24 kl 0.075 lr 3e-04 (195s)
[05:43:09]   Epoch 060 1500/1559 train_mae 1.24 kl 0.075 lr 3e-04 (209s)
[05:43:17]   Epoch 060 1559/1559 train_mae 1.24 kl 0.075 lr 3e-04 (218s)
[05:43:35] [Epoch 060 완료] train MAE 1.24 | val MAE 6.72 | val RMSE 9.36 | lr 3e-04 | * best 저장 (val MAE 6.72)
[05:43:49]   Epoch 061 100/1559 train_mae 1.25 kl 0.075 lr 1e-04 (14s)
[05:44:03]   Epoch 061 200/1559 train_mae 1.18 kl 0.071 lr 1e-04 (28s)
[05:44:17]   Epoch 061 300/1559 train_mae 1.20 kl 0.072 lr 1e-04 (42s)
[05:44:31]   Epoch 061 400/1559 train_mae 1.17 kl 0.071 lr 1e-04 (56s)
[05:44:45]   Epoch 061 500/1559 train_mae 1.16 kl 0.072 lr 1e-04 (70s)
[05:45:00]   Epoch 061 600/1559 train_mae 1.17 kl 0.073 lr 1e-04 (84s)
[05:45:13]   Epoch 061 700/1559 train_mae 1.15 kl 0.073 lr 1e-04 (98s)
[05:45:27]   Epoch 061 800/1559 train_mae 1.14 kl 0.072 lr 1e-04 (112s)
[05:45:41]   Epoch 061 900/1559 train_mae 1.13 kl 0.072 lr 1e-04 (126s)
[05:45:55]   Epoch 061 1000/1559 train_mae 1.13 kl 0.072 lr 1e-04 (140s)
[05:46:09]   Epoch 061 1100/1559 train_mae 1.12 kl 0.072 lr 1e-04 (154s)
[05:46:23]   Epoch 061 1200/1559 train_mae 1.11 kl 0.072 lr 1e-04 (168s)
[05:46:37]   Epoch 061 1300/1559 train_mae 1.10 kl 0.072 lr 1e-04 (182s)
[05:46:51]   Epoch 061 1400/1559 train_mae 1.10 kl 0.071 lr 1e-04 (196s)
[05:47:05]   Epoch 061 1500/1559 train_mae 1.09 kl 0.071 lr 1e-04 (210s)
[05:47:13]   Epoch 061 1559/1559 train_mae 1.09 kl 0.071 lr 1e-04 (218s)
[05:47:30] [Epoch 061 완료] train MAE 1.09 | val MAE 6.69 | val RMSE 9.22 | lr 1e-04 | * best 저장 (val MAE 6.69)
[05:47:45]   Epoch 062 100/1559 train_mae 0.75 kl 0.066 lr 1e-04 (14s)
[05:47:59]   Epoch 062 200/1559 train_mae 0.74 kl 0.065 lr 1e-04 (28s)
[05:48:13]   Epoch 062 300/1559 train_mae 0.74 kl 0.067 lr 1e-04 (42s)
[05:48:27]   Epoch 062 400/1559 train_mae 0.73 kl 0.067 lr 1e-04 (56s)
[05:48:40]   Epoch 062 500/1559 train_mae 0.72 kl 0.066 lr 1e-04 (70s)
[05:48:54]   Epoch 062 600/1559 train_mae 0.72 kl 0.066 lr 1e-04 (84s)
[05:49:08]   Epoch 062 700/1559 train_mae 0.73 kl 0.067 lr 1e-04 (97s)
[05:49:22]   Epoch 062 800/1559 train_mae 0.74 kl 0.066 lr 1e-04 (112s)
[05:49:36]   Epoch 062 900/1559 train_mae 0.74 kl 0.067 lr 1e-04 (126s)
[05:49:51]   Epoch 062 1000/1559 train_mae 0.74 kl 0.067 lr 1e-04 (140s)
[05:50:05]   Epoch 062 1100/1559 train_mae 0.74 kl 0.067 lr 1e-04 (154s)
[05:50:19]   Epoch 062 1200/1559 train_mae 0.74 kl 0.067 lr 1e-04 (168s)
[05:50:32]   Epoch 062 1300/1559 train_mae 0.75 kl 0.067 lr 1e-04 (182s)
[05:50:46]   Epoch 062 1400/1559 train_mae 0.75 kl 0.067 lr 1e-04 (196s)
[05:51:00]   Epoch 062 1500/1559 train_mae 0.75 kl 0.067 lr 1e-04 (210s)
[05:51:09]   Epoch 062 1559/1559 train_mae 0.75 kl 0.067 lr 1e-04 (218s)
[05:51:26] [Epoch 062 완료] train MAE 0.75 | val MAE 6.77 | val RMSE 9.32 | lr 1e-04 | 개선없음 1/15
[05:51:40]   Epoch 063 100/1559 train_mae 0.68 kl 0.062 lr 1e-04 (14s)
[05:51:55]   Epoch 063 200/1559 train_mae 0.63 kl 0.065 lr 1e-04 (29s)
[05:52:10]   Epoch 063 300/1559 train_mae 0.62 kl 0.066 lr 1e-04 (44s)
[05:52:26]   Epoch 063 400/1559 train_mae 0.63 kl 0.065 lr 1e-04 (60s)
[05:52:42]   Epoch 063 500/1559 train_mae 0.63 kl 0.065 lr 1e-04 (76s)
[05:52:57]   Epoch 063 600/1559 train_mae 0.63 kl 0.066 lr 1e-04 (91s)
[05:53:13]   Epoch 063 700/1559 train_mae 0.63 kl 0.065 lr 1e-04 (107s)
[05:53:28]   Epoch 063 800/1559 train_mae 0.63 kl 0.065 lr 1e-04 (122s)
[05:53:44]   Epoch 063 900/1559 train_mae 0.64 kl 0.065 lr 1e-04 (138s)
[05:54:00]   Epoch 063 1000/1559 train_mae 0.63 kl 0.066 lr 1e-04 (154s)
[05:54:15]   Epoch 063 1100/1559 train_mae 0.63 kl 0.065 lr 1e-04 (169s)
[05:54:31]   Epoch 063 1200/1559 train_mae 0.63 kl 0.065 lr 1e-04 (185s)
[05:54:47]   Epoch 063 1300/1559 train_mae 0.63 kl 0.065 lr 1e-04 (200s)
[05:55:02]   Epoch 063 1400/1559 train_mae 0.63 kl 0.065 lr 1e-04 (216s)
[05:55:18]   Epoch 063 1500/1559 train_mae 0.63 kl 0.065 lr 1e-04 (232s)
[05:55:27]   Epoch 063 1559/1559 train_mae 0.63 kl 0.065 lr 1e-04 (241s)
[05:55:45] [Epoch 063 완료] train MAE 0.63 | val MAE 6.75 | val RMSE 9.36 | lr 1e-04 | 개선없음 2/15
[05:56:01]   Epoch 064 100/1559 train_mae 0.60 kl 0.063 lr 1e-04 (16s)
[05:56:17]   Epoch 064 200/1559 train_mae 0.58 kl 0.062 lr 1e-04 (31s)
[05:56:32]   Epoch 064 300/1559 train_mae 0.59 kl 0.063 lr 1e-04 (47s)
[05:56:48]   Epoch 064 400/1559 train_mae 0.58 kl 0.062 lr 1e-04 (62s)
[05:57:04]   Epoch 064 500/1559 train_mae 0.58 kl 0.062 lr 1e-04 (78s)
[05:57:19]   Epoch 064 600/1559 train_mae 0.59 kl 0.062 lr 1e-04 (94s)
[05:57:35]   Epoch 064 700/1559 train_mae 0.59 kl 0.062 lr 1e-04 (109s)
[05:57:50]   Epoch 064 800/1559 train_mae 0.59 kl 0.063 lr 1e-04 (125s)
[05:58:06]   Epoch 064 900/1559 train_mae 0.59 kl 0.062 lr 1e-04 (140s)
[05:58:22]   Epoch 064 1000/1559 train_mae 0.58 kl 0.062 lr 1e-04 (156s)
[05:58:40]   Epoch 064 1100/1559 train_mae 0.58 kl 0.062 lr 1e-04 (174s)
[05:58:58]   Epoch 064 1200/1559 train_mae 0.59 kl 0.062 lr 1e-04 (193s)
[05:59:17]   Epoch 064 1300/1559 train_mae 0.58 kl 0.062 lr 1e-04 (211s)
[05:59:36]   Epoch 064 1400/1559 train_mae 0.58 kl 0.062 lr 1e-04 (230s)
[05:59:55]   Epoch 064 1500/1559 train_mae 0.58 kl 0.062 lr 1e-04 (249s)
[06:00:06]   Epoch 064 1559/1559 train_mae 0.58 kl 0.062 lr 1e-04 (260s)
[06:00:28] [Epoch 064 완료] train MAE 0.58 | val MAE 6.72 | val RMSE 9.29 | lr 1e-04 | 개선없음 3/15
[06:00:48]   Epoch 065 100/1559 train_mae 0.63 kl 0.065 lr 1e-04 (19s)
[06:01:07]   Epoch 065 200/1559 train_mae 0.59 kl 0.062 lr 1e-04 (38s)
[06:01:22]   Epoch 065 300/1559 train_mae 0.60 kl 0.062 lr 1e-04 (54s)
[06:01:40]   Epoch 065 400/1559 train_mae 0.61 kl 0.063 lr 1e-04 (72s)
[06:02:00]   Epoch 065 500/1559 train_mae 0.60 kl 0.062 lr 1e-04 (92s)
[06:02:20]   Epoch 065 600/1559 train_mae 0.59 kl 0.062 lr 1e-04 (112s)
[06:02:40]   Epoch 065 700/1559 train_mae 0.59 kl 0.062 lr 1e-04 (132s)
[06:03:01]   Epoch 065 800/1559 train_mae 0.59 kl 0.062 lr 1e-04 (152s)
[06:03:21]   Epoch 065 900/1559 train_mae 0.58 kl 0.061 lr 1e-04 (172s)
[06:03:41]   Epoch 065 1000/1559 train_mae 0.58 kl 0.062 lr 1e-04 (192s)
[06:04:00]   Epoch 065 1100/1559 train_mae 0.57 kl 0.062 lr 1e-04 (212s)
[06:04:20]   Epoch 065 1200/1559 train_mae 0.57 kl 0.061 lr 1e-04 (232s)
[06:04:41]   Epoch 065 1300/1559 train_mae 0.56 kl 0.061 lr 1e-04 (252s)
[06:05:00]   Epoch 065 1400/1559 train_mae 0.56 kl 0.061 lr 1e-04 (272s)
[06:05:20]   Epoch 065 1500/1559 train_mae 0.56 kl 0.061 lr 1e-04 (292s)
[06:05:32]   Epoch 065 1559/1559 train_mae 0.56 kl 0.061 lr 1e-04 (304s)
[06:05:54] [Epoch 065 완료] train MAE 0.56 | val MAE 6.76 | val RMSE 9.50 | lr 1e-04 | 개선없음 4/15
[06:06:14]   Epoch 066 100/1559 train_mae 0.54 kl 0.058 lr 1e-04 (19s)
[06:06:34]   Epoch 066 200/1559 train_mae 0.55 kl 0.060 lr 1e-04 (39s)
[06:06:54]   Epoch 066 300/1559 train_mae 0.54 kl 0.059 lr 1e-04 (60s)
[06:07:15]   Epoch 066 400/1559 train_mae 0.54 kl 0.059 lr 1e-04 (80s)
[06:07:35]   Epoch 066 500/1559 train_mae 0.54 kl 0.059 lr 1e-04 (101s)
[06:07:54]   Epoch 066 600/1559 train_mae 0.55 kl 0.059 lr 1e-04 (120s)
[06:08:14]   Epoch 066 700/1559 train_mae 0.55 kl 0.059 lr 1e-04 (140s)
[06:08:34]   Epoch 066 800/1559 train_mae 0.54 kl 0.060 lr 1e-04 (160s)
[06:08:54]   Epoch 066 900/1559 train_mae 0.55 kl 0.060 lr 1e-04 (180s)
[06:09:14]   Epoch 066 1000/1559 train_mae 0.55 kl 0.060 lr 1e-04 (200s)
[06:09:34]   Epoch 066 1100/1559 train_mae 0.54 kl 0.060 lr 1e-04 (220s)
[06:09:54]   Epoch 066 1200/1559 train_mae 0.55 kl 0.061 lr 1e-04 (239s)
[06:10:14]   Epoch 066 1300/1559 train_mae 0.54 kl 0.060 lr 1e-04 (259s)
[06:10:34]   Epoch 066 1400/1559 train_mae 0.54 kl 0.060 lr 1e-04 (279s)
[06:10:54]   Epoch 066 1500/1559 train_mae 0.54 kl 0.060 lr 1e-04 (299s)
[06:11:06]   Epoch 066 1559/1559 train_mae 0.54 kl 0.060 lr 1e-04 (311s)
[06:11:28] [Epoch 066 완료] train MAE 0.54 | val MAE 6.71 | val RMSE 9.36 | lr 1e-04 | 개선없음 5/15
[06:11:49]   Epoch 067 100/1559 train_mae 0.57 kl 0.061 lr 1e-04 (20s)
[06:12:08]   Epoch 067 200/1559 train_mae 0.54 kl 0.060 lr 1e-04 (40s)
[06:12:29]   Epoch 067 300/1559 train_mae 0.53 kl 0.059 lr 1e-04 (60s)
[06:12:49]   Epoch 067 400/1559 train_mae 0.53 kl 0.059 lr 1e-04 (81s)
[06:13:09]   Epoch 067 500/1559 train_mae 0.53 kl 0.058 lr 1e-04 (101s)
[06:13:29]   Epoch 067 600/1559 train_mae 0.54 kl 0.060 lr 1e-04 (121s)
[06:13:49]   Epoch 067 700/1559 train_mae 0.54 kl 0.059 lr 1e-04 (141s)
[06:14:08]   Epoch 067 800/1559 train_mae 0.54 kl 0.059 lr 1e-04 (160s)
[06:14:29]   Epoch 067 900/1559 train_mae 0.54 kl 0.059 lr 1e-04 (180s)
[06:14:49]   Epoch 067 1000/1559 train_mae 0.54 kl 0.059 lr 1e-04 (200s)
[06:15:08]   Epoch 067 1100/1559 train_mae 0.54 kl 0.059 lr 1e-04 (220s)
[06:15:28]   Epoch 067 1200/1559 train_mae 0.54 kl 0.059 lr 1e-04 (240s)
[06:15:48]   Epoch 067 1300/1559 train_mae 0.54 kl 0.059 lr 1e-04 (260s)
[06:16:07]   Epoch 067 1400/1559 train_mae 0.54 kl 0.059 lr 1e-04 (279s)
[06:16:27]   Epoch 067 1500/1559 train_mae 0.54 kl 0.059 lr 1e-04 (299s)
[06:16:39]   Epoch 067 1559/1559 train_mae 0.54 kl 0.059 lr 1e-04 (311s)
[06:16:58] [Epoch 067 완료] train MAE 0.54 | val MAE 6.73 | val RMSE 9.39 | lr 1e-04 | 개선없음 6/15
[06:17:19]   Epoch 068 100/1559 train_mae 0.50 kl 0.053 lr 1e-04 (20s)
[06:17:39]   Epoch 068 200/1559 train_mae 0.49 kl 0.055 lr 1e-04 (40s)
[06:17:59]   Epoch 068 300/1559 train_mae 0.50 kl 0.056 lr 1e-04 (60s)
[06:18:18]   Epoch 068 400/1559 train_mae 0.50 kl 0.057 lr 1e-04 (80s)
[06:18:38]   Epoch 068 500/1559 train_mae 0.50 kl 0.058 lr 1e-04 (100s)
[06:18:58]   Epoch 068 600/1559 train_mae 0.50 kl 0.058 lr 1e-04 (120s)
[06:19:18]   Epoch 068 700/1559 train_mae 0.50 kl 0.058 lr 1e-04 (140s)
[06:19:38]   Epoch 068 800/1559 train_mae 0.51 kl 0.058 lr 1e-04 (160s)
[06:19:59]   Epoch 068 900/1559 train_mae 0.51 kl 0.058 lr 1e-04 (180s)
[06:20:19]   Epoch 068 1000/1559 train_mae 0.51 kl 0.058 lr 1e-04 (200s)
[06:20:39]   Epoch 068 1100/1559 train_mae 0.51 kl 0.058 lr 1e-04 (220s)
[06:21:00]   Epoch 068 1200/1559 train_mae 0.52 kl 0.059 lr 1e-04 (241s)
[06:21:20]   Epoch 068 1300/1559 train_mae 0.51 kl 0.059 lr 1e-04 (261s)
[06:21:39]   Epoch 068 1400/1559 train_mae 0.51 kl 0.059 lr 1e-04 (280s)
[06:21:59]   Epoch 068 1500/1559 train_mae 0.51 kl 0.058 lr 1e-04 (300s)
[06:22:10]   Epoch 068 1559/1559 train_mae 0.51 kl 0.058 lr 1e-04 (312s)
[06:22:32] [Epoch 068 완료] train MAE 0.51 | val MAE 6.77 | val RMSE 9.33 | lr 1e-04 | 개선없음 7/15
[06:22:53]   Epoch 069 100/1559 train_mae 0.52 kl 0.058 lr 1e-04 (20s)
[06:23:13]   Epoch 069 200/1559 train_mae 0.52 kl 0.059 lr 1e-04 (40s)
[06:23:32]   Epoch 069 300/1559 train_mae 0.51 kl 0.057 lr 1e-04 (60s)
[06:23:52]   Epoch 069 400/1559 train_mae 0.51 kl 0.057 lr 1e-04 (80s)
[06:24:12]   Epoch 069 500/1559 train_mae 0.53 kl 0.057 lr 1e-04 (99s)
[06:24:32]   Epoch 069 600/1559 train_mae 0.52 kl 0.058 lr 1e-04 (119s)
[06:24:51]   Epoch 069 700/1559 train_mae 0.53 kl 0.057 lr 1e-04 (138s)
[06:25:11]   Epoch 069 800/1559 train_mae 0.53 kl 0.057 lr 1e-04 (158s)
[06:25:31]   Epoch 069 900/1559 train_mae 0.53 kl 0.058 lr 1e-04 (179s)
[06:25:51]   Epoch 069 1000/1559 train_mae 0.53 kl 0.057 lr 1e-04 (198s)
[06:26:11]   Epoch 069 1100/1559 train_mae 0.53 kl 0.058 lr 1e-04 (218s)
[06:26:30]   Epoch 069 1200/1559 train_mae 0.53 kl 0.058 lr 1e-04 (238s)
[06:26:51]   Epoch 069 1300/1559 train_mae 0.52 kl 0.058 lr 1e-04 (258s)
[06:27:11]   Epoch 069 1400/1559 train_mae 0.52 kl 0.058 lr 1e-04 (278s)
[06:27:31]   Epoch 069 1500/1559 train_mae 0.52 kl 0.058 lr 1e-04 (298s)
[06:27:43]   Epoch 069 1559/1559 train_mae 0.52 kl 0.057 lr 1e-04 (310s)
[06:28:03] [Epoch 069 완료] train MAE 0.52 | val MAE 6.73 | val RMSE 9.48 | lr 1e-04 | 개선없음 8/15
[06:28:23]   Epoch 070 100/1559 train_mae 0.50 kl 0.059 lr 1e-04 (20s)
[06:28:43]   Epoch 070 200/1559 train_mae 0.50 kl 0.063 lr 1e-04 (40s)
[06:29:03]   Epoch 070 300/1559 train_mae 0.51 kl 0.063 lr 1e-04 (60s)
[06:29:22]   Epoch 070 400/1559 train_mae 0.51 kl 0.061 lr 1e-04 (79s)
[06:29:42]   Epoch 070 500/1559 train_mae 0.50 kl 0.060 lr 1e-04 (99s)
[06:30:03]   Epoch 070 600/1559 train_mae 0.51 kl 0.059 lr 1e-04 (120s)
[06:30:22]   Epoch 070 700/1559 train_mae 0.51 kl 0.058 lr 1e-04 (139s)
[06:30:42]   Epoch 070 800/1559 train_mae 0.50 kl 0.058 lr 1e-04 (159s)
[06:31:02]   Epoch 070 900/1559 train_mae 0.51 kl 0.058 lr 1e-04 (179s)
[06:31:22]   Epoch 070 1000/1559 train_mae 0.51 kl 0.058 lr 1e-04 (198s)
[06:31:41]   Epoch 070 1100/1559 train_mae 0.51 kl 0.058 lr 1e-04 (218s)
[06:32:01]   Epoch 070 1200/1559 train_mae 0.50 kl 0.058 lr 1e-04 (238s)
[06:32:21]   Epoch 070 1300/1559 train_mae 0.51 kl 0.058 lr 1e-04 (258s)
[06:32:41]   Epoch 070 1400/1559 train_mae 0.50 kl 0.057 lr 1e-04 (278s)
[06:33:01]   Epoch 070 1500/1559 train_mae 0.51 kl 0.057 lr 1e-04 (298s)
[06:33:14]   Epoch 070 1559/1559 train_mae 0.51 kl 0.057 lr 1e-04 (311s)
[06:33:38] [Epoch 070 완료] train MAE 0.51 | val MAE 6.72 | val RMSE 9.41 | lr 1e-04 | 개선없음 9/15
[06:33:59]   Epoch 071 100/1559 train_mae 0.53 kl 0.054 lr 1e-04 (20s)
[06:34:19]   Epoch 071 200/1559 train_mae 0.51 kl 0.056 lr 1e-04 (41s)
[06:34:39]   Epoch 071 300/1559 train_mae 0.52 kl 0.056 lr 1e-04 (60s)
[06:35:00]   Epoch 071 400/1559 train_mae 0.51 kl 0.056 lr 1e-04 (81s)
[06:35:19]   Epoch 071 500/1559 train_mae 0.50 kl 0.055 lr 1e-04 (101s)
[06:35:39]   Epoch 071 600/1559 train_mae 0.50 kl 0.055 lr 1e-04 (120s)
[06:35:59]   Epoch 071 700/1559 train_mae 0.50 kl 0.055 lr 1e-04 (140s)
[06:36:18]   Epoch 071 800/1559 train_mae 0.50 kl 0.055 lr 1e-04 (160s)
[06:36:38]   Epoch 071 900/1559 train_mae 0.50 kl 0.055 lr 1e-04 (180s)
[06:36:58]   Epoch 071 1000/1559 train_mae 0.50 kl 0.055 lr 1e-04 (200s)
[06:37:18]   Epoch 071 1100/1559 train_mae 0.51 kl 0.055 lr 1e-04 (220s)
[06:37:38]   Epoch 071 1200/1559 train_mae 0.50 kl 0.056 lr 1e-04 (240s)
[06:37:58]   Epoch 071 1300/1559 train_mae 0.50 kl 0.055 lr 1e-04 (260s)
[06:38:18]   Epoch 071 1400/1559 train_mae 0.50 kl 0.056 lr 1e-04 (280s)
[06:38:38]   Epoch 071 1500/1559 train_mae 0.50 kl 0.056 lr 1e-04 (299s)
[06:38:50]   Epoch 071 1559/1559 train_mae 0.50 kl 0.056 lr 1e-04 (311s)
[06:39:12] [Epoch 071 완료] train MAE 0.50 | val MAE 6.73 | val RMSE 9.35 | lr 1e-04 | 개선없음 10/15
[06:39:33]   Epoch 072 100/1559 train_mae 0.52 kl 0.056 lr 1e-04 (20s)
[06:39:52]   Epoch 072 200/1559 train_mae 0.51 kl 0.056 lr 1e-04 (39s)
[06:40:12]   Epoch 072 300/1559 train_mae 0.50 kl 0.055 lr 1e-04 (59s)
[06:40:32]   Epoch 072 400/1559 train_mae 0.49 kl 0.055 lr 1e-04 (79s)
[06:40:48]   Epoch 072 500/1559 train_mae 0.50 kl 0.056 lr 1e-04 (95s)
[06:41:02]   Epoch 072 600/1559 train_mae 0.50 kl 0.056 lr 1e-04 (110s)
[06:41:18]   Epoch 072 700/1559 train_mae 0.50 kl 0.056 lr 1e-04 (125s)
[06:41:34]   Epoch 072 800/1559 train_mae 0.50 kl 0.056 lr 1e-04 (141s)
[06:41:49]   Epoch 072 900/1559 train_mae 0.49 kl 0.056 lr 1e-04 (157s)
[06:42:05]   Epoch 072 1000/1559 train_mae 0.49 kl 0.056 lr 1e-04 (172s)
[06:42:20]   Epoch 072 1100/1559 train_mae 0.49 kl 0.056 lr 1e-04 (188s)
[06:42:36]   Epoch 072 1200/1559 train_mae 0.49 kl 0.056 lr 1e-04 (203s)
[06:42:51]   Epoch 072 1300/1559 train_mae 0.49 kl 0.056 lr 1e-04 (219s)
[06:43:07]   Epoch 072 1400/1559 train_mae 0.49 kl 0.056 lr 1e-04 (234s)
[06:43:23]   Epoch 072 1500/1559 train_mae 0.49 kl 0.056 lr 1e-04 (250s)
[06:43:32]   Epoch 072 1559/1559 train_mae 0.49 kl 0.056 lr 1e-04 (259s)
[06:43:52] [Epoch 072 완료] train MAE 0.49 | val MAE 6.73 | val RMSE 9.35 | lr 1e-04 | 개선없음 11/15
[06:44:08]   Epoch 073 100/1559 train_mae 0.48 kl 0.055 lr 1e-04 (16s)
[06:44:24]   Epoch 073 200/1559 train_mae 0.48 kl 0.055 lr 1e-04 (31s)
[06:44:39]   Epoch 073 300/1559 train_mae 0.49 kl 0.055 lr 1e-04 (47s)
[06:44:55]   Epoch 073 400/1559 train_mae 0.51 kl 0.057 lr 1e-04 (63s)
[06:45:11]   Epoch 073 500/1559 train_mae 0.51 kl 0.057 lr 1e-04 (78s)
[06:45:26]   Epoch 073 600/1559 train_mae 0.50 kl 0.056 lr 1e-04 (94s)
[06:45:42]   Epoch 073 700/1559 train_mae 0.50 kl 0.056 lr 1e-04 (110s)
[06:45:58]   Epoch 073 800/1559 train_mae 0.50 kl 0.056 lr 1e-04 (125s)
[06:46:13]   Epoch 073 900/1559 train_mae 0.50 kl 0.056 lr 1e-04 (141s)
[06:46:29]   Epoch 073 1000/1559 train_mae 0.49 kl 0.056 lr 1e-04 (156s)
[06:46:45]   Epoch 073 1100/1559 train_mae 0.49 kl 0.055 lr 1e-04 (172s)
[06:47:00]   Epoch 073 1200/1559 train_mae 0.49 kl 0.055 lr 1e-04 (188s)
[06:47:16]   Epoch 073 1300/1559 train_mae 0.49 kl 0.055 lr 1e-04 (203s)
[06:47:32]   Epoch 073 1400/1559 train_mae 0.49 kl 0.055 lr 1e-04 (219s)
[06:47:47]   Epoch 073 1500/1559 train_mae 0.49 kl 0.055 lr 1e-04 (235s)
[06:47:56]   Epoch 073 1559/1559 train_mae 0.49 kl 0.055 lr 1e-04 (244s)
[06:48:17] [Epoch 073 완료] train MAE 0.49 | val MAE 6.71 | val RMSE 9.36 | lr 1e-04 | 개선없음 12/15
[06:48:33]   Epoch 074 100/1559 train_mae 0.48 kl 0.056 lr 1e-04 (16s)
[06:48:48]   Epoch 074 200/1559 train_mae 0.48 kl 0.054 lr 1e-04 (31s)
[06:49:04]   Epoch 074 300/1559 train_mae 0.49 kl 0.054 lr 1e-04 (47s)
[06:49:19]   Epoch 074 400/1559 train_mae 0.48 kl 0.053 lr 1e-04 (62s)
[06:49:35]   Epoch 074 500/1559 train_mae 0.49 kl 0.053 lr 1e-04 (78s)
[06:49:50]   Epoch 074 600/1559 train_mae 0.49 kl 0.053 lr 1e-04 (93s)
[06:50:06]   Epoch 074 700/1559 train_mae 0.49 kl 0.053 lr 1e-04 (109s)
[06:50:21]   Epoch 074 800/1559 train_mae 0.49 kl 0.054 lr 1e-04 (124s)
[06:50:37]   Epoch 074 900/1559 train_mae 0.49 kl 0.054 lr 1e-04 (140s)
[06:50:53]   Epoch 074 1000/1559 train_mae 0.49 kl 0.054 lr 1e-04 (156s)
[06:51:08]   Epoch 074 1100/1559 train_mae 0.48 kl 0.054 lr 1e-04 (171s)
[06:51:24]   Epoch 074 1200/1559 train_mae 0.48 kl 0.054 lr 1e-04 (187s)
[06:51:39]   Epoch 074 1300/1559 train_mae 0.48 kl 0.054 lr 1e-04 (202s)
[06:51:55]   Epoch 074 1400/1559 train_mae 0.48 kl 0.054 lr 1e-04 (218s)
[06:52:11]   Epoch 074 1500/1559 train_mae 0.48 kl 0.054 lr 1e-04 (234s)
[06:52:20]   Epoch 074 1559/1559 train_mae 0.48 kl 0.054 lr 1e-04 (243s)
[06:52:40] [Epoch 074 완료] train MAE 0.48 | val MAE 6.73 | val RMSE 9.52 | lr 1e-04 | 개선없음 13/15
[06:52:56]   Epoch 075 100/1559 train_mae 0.49 kl 0.053 lr 1e-04 (16s)
[06:53:12]   Epoch 075 200/1559 train_mae 0.47 kl 0.055 lr 1e-04 (31s)
[06:53:27]   Epoch 075 300/1559 train_mae 0.47 kl 0.053 lr 1e-04 (47s)
[06:53:43]   Epoch 075 400/1559 train_mae 0.47 kl 0.054 lr 1e-04 (63s)
[06:53:59]   Epoch 075 500/1559 train_mae 0.47 kl 0.054 lr 1e-04 (78s)
[06:54:14]   Epoch 075 600/1559 train_mae 0.47 kl 0.054 lr 1e-04 (94s)
[06:54:30]   Epoch 075 700/1559 train_mae 0.47 kl 0.054 lr 1e-04 (110s)
[06:54:45]   Epoch 075 800/1559 train_mae 0.47 kl 0.054 lr 1e-04 (125s)
[06:55:01]   Epoch 075 900/1559 train_mae 0.47 kl 0.054 lr 1e-04 (141s)
[06:55:17]   Epoch 075 1000/1559 train_mae 0.47 kl 0.054 lr 1e-04 (156s)
[06:55:30]   Epoch 075 1100/1559 train_mae 0.47 kl 0.054 lr 1e-04 (170s)
[06:55:44]   Epoch 075 1200/1559 train_mae 0.47 kl 0.054 lr 1e-04 (183s)
[06:55:58]   Epoch 075 1300/1559 train_mae 0.47 kl 0.054 lr 1e-04 (198s)
[06:56:14]   Epoch 075 1400/1559 train_mae 0.47 kl 0.054 lr 1e-04 (213s)
[06:56:29]   Epoch 075 1500/1559 train_mae 0.48 kl 0.054 lr 1e-04 (229s)
[06:56:38]   Epoch 075 1559/1559 train_mae 0.48 kl 0.054 lr 1e-04 (238s)
[06:56:58] [Epoch 075 완료] train MAE 0.48 | val MAE 6.75 | val RMSE 9.39 | lr 1e-04 | 개선없음 14/15
[06:57:14]   Epoch 076 100/1559 train_mae 0.48 kl 0.054 lr 1e-04 (15s)
[06:57:30]   Epoch 076 200/1559 train_mae 0.49 kl 0.053 lr 1e-04 (31s)
[06:57:45]   Epoch 076 300/1559 train_mae 0.48 kl 0.053 lr 1e-04 (46s)
[06:58:01]   Epoch 076 400/1559 train_mae 0.49 kl 0.054 lr 1e-04 (62s)
[06:58:16]   Epoch 076 500/1559 train_mae 0.49 kl 0.054 lr 1e-04 (78s)
[06:58:32]   Epoch 076 600/1559 train_mae 0.49 kl 0.054 lr 1e-04 (93s)
[06:58:48]   Epoch 076 700/1559 train_mae 0.48 kl 0.054 lr 1e-04 (109s)
[06:59:03]   Epoch 076 800/1559 train_mae 0.48 kl 0.054 lr 1e-04 (124s)
[06:59:18]   Epoch 076 900/1559 train_mae 0.48 kl 0.054 lr 1e-04 (139s)
[06:59:33]   Epoch 076 1000/1559 train_mae 0.48 kl 0.054 lr 1e-04 (154s)
[06:59:49]   Epoch 076 1100/1559 train_mae 0.48 kl 0.053 lr 1e-04 (170s)
[07:00:05]   Epoch 076 1200/1559 train_mae 0.47 kl 0.054 lr 1e-04 (186s)
[07:00:20]   Epoch 076 1300/1559 train_mae 0.47 kl 0.054 lr 1e-04 (201s)
[07:00:36]   Epoch 076 1400/1559 train_mae 0.47 kl 0.054 lr 1e-04 (217s)
[07:00:51]   Epoch 076 1500/1559 train_mae 0.47 kl 0.054 lr 1e-04 (233s)
[07:01:01]   Epoch 076 1559/1559 train_mae 0.47 kl 0.054 lr 1e-04 (242s)
[07:01:21] [Epoch 076 완료] train MAE 0.47 | val MAE 6.69 | val RMSE 9.41 | lr 1e-04 | 개선없음 15/15
[07:01:21] 조기종료: 15에폭 연속 개선 없음 | 최고 val MAE 6.69 @ epoch 61
================================================================
[07:01:21] 최종 평가 (best.pt 로드)
[07:01:21] [backbone] timm 'legacy_xception' 로드 완료 (pretrained=False)
[07:01:22] [reg] backbone out (2048, 18, 18) -> z 6,400 | params 27.1M
[07:01:22] best.pt 로드 | 채널 ['hand', 'r1', 'erased'] | lambda 0.5 | delta 15.0
[07:01:22]  split |      N |  MAE(mo) |  RMSE(mo) |    bias
[07:04:22]  train | 12,473 |     0.75 |      1.15 |   +0.06
[07:04:42]    val |  1,386 |     6.69 |      9.22 |   +0.30
[07:04:56]   test |    195 |     6.48 |      8.43 |   +1.05
[07:05:05] 나이 분포 저장: G:\Project\sinra_cho\checkpoints_attention_v6\age_distribution.png
==========================================================
Attention + LDL 골연령 | 채널 hand+r1+erased
2026-08-02 07:01
==========================================================
 split |      N |  MAE(mo) |  RMSE(mo) |    bias
 train | 12,473 |     0.75 |      1.15 |   +0.06
   val |  1,386 |     6.69 |      9.22 |   +0.30
  test |    195 |     6.48 |      8.43 |   +1.05
----------------------------------------------------------
[test 연령대별]
  group |     N |    MAE |   RMSE |   bias
   0-4y |     8 |   4.07 |   4.98 |  +2.35
   4-8y |    33 |   9.28 |  10.65 |  +4.77
  8-12y |    64 |   8.18 |  10.28 |  +2.06
 12-16y |    79 |   3.96 |   4.76 |  -0.23
   >16y |    11 |   8.07 |  11.19 |  -7.70
==========================================================
[07:05:05] 결과 저장: G:\Project\sinra_cho\checkpoints_attention_v6\results.txt
[07:05:05] 추론 함수 준비 완료 · best.pt: G:\Project\sinra_cho\checkpoints_attention_v6\best.pt
[07:05:05] === 전체 완료 ===
