================================================================
[11:05:36] Attention(R1/R2) + LDL 골연령 - v2 (손 크롭 폴더 입력) 시작
[11:05:36] PyTorch 2.6.0+cu124 | torchvision 0.21.0+cu124 | timm 1.0.28
[11:05:36] device cuda | CUDA True
[GPU-GUARD] (inproc) 바로 실행 — 티켓 92번 infer 16000MiB
[11:05:36] GPU NVIDIA A100 80GB PCIe | CUDA 12.4
[11:05:36] BASE_DIR       G:\Project\sinra_cho
[11:05:36] HAND_CROP_DIR  G:\Project\sinra_cho\crop_data
[11:05:36] 채널 ('hand', 'r1', 'erased') | tau(R1/R2) 30/50 | 정규화 div255 | 증강 False
================================================================
[11:05:36]   TRAIN_CSV OK  G:\Project\sinra_cho\crop_data_csv\training.csv
[11:05:36]   VAL_CSV   OK  G:\Project\sinra_cho\crop_data_csv\validation.csv
[11:05:36]   TEST_CSV  OK  G:\Project\sinra_cho\crop_data_csv\test.csv
[11:05:37]   손크롭 train OK  G:\Project\sinra_cho\crop_data\training  (파일 11,643장)
[11:05:37]   손크롭 val   OK  G:\Project\sinra_cho\crop_data\validation  (파일 1,324장)
[11:05:37]   손크롭 test  OK  G:\Project\sinra_cho\crop_data\test  (파일 167장)
[11:05:37]   · train: 라벨 11,643 -> 사용 11,643 (제외/미크롭 0)
[11:05:37]   · val: 라벨 1,324 -> 사용 1,324 (제외/미크롭 0)
[11:05:37]   · test: 라벨 167 -> 사용 167 (제외/미크롭 0)
[11:05:37] 최종 | train 11,643 | val 1,324 | test 167 | 나이 128.4±39.5개월 | 남 54.5%
[11:05:37] hand560 캐시 생성: 정규화(percentile) -> TopHat(add,rect,frac0.1) -> CLAHE(2.0,8) -> scale(per_image) -> pad(auto) -> 560px
[11:08:15]   hand560 train 2000/11643
[11:10:55]   hand560 train 4000/11643
[11:14:06]   hand560 train 6000/11643
[11:17:07]   hand560 train 8000/11643
[11:19:59]   hand560 train 10000/11643
[11:22:35] [hand560:train] 생성 11643 | 스킵 0 | 실패 0
[11:24:25] [hand560:val] 생성 1324 | 스킵 0 | 실패 0
[11:24:36] [hand560:test] 생성 167 | 스킵 0 | 실패 0
[11:24:36]   Top-Hat 커널 중앙값 143px (뼈 굵기 84~88px 보다 커야 정상) | 패딩 비율 중앙값 25.5%
[11:24:36] hand560 캐시 완료
[11:24:36] 캐시 확인 후 | train 11,643 | val 1,324 | test 167
[11:24:36] ### Phase I-a : R1(수근골) 국소화 + Erased 생성 ###
[11:24:36]   R1 밴드 {'x0': 0.12, 'y0': 0.52, 'x1': 0.88, 'y1': 0.98} | clamp True | tau 30
[11:24:36]   크기 맞추기: 비율유지 + 배경색 패딩(왜곡 0)
[11:24:36] [cls-r1] 분류 모델 학습 | pool=gmp src=hand560 size=560 epochs=70
[11:24:38] [backbone] timm 'inception_v3' 로드 완료 (pretrained=True)
[11:24:38] [cls-gmp] feat (2048, 16, 16) -> FC 2048->240
[11:25:06]   [cls-r1] ep01 100/1455 loss 0.2593 lr 3e-04 (27s)
[11:25:27]   [cls-r1] ep01 200/1455 loss 0.2052 lr 3e-04 (49s)
[11:25:48]   [cls-r1] ep01 300/1455 loss 0.1792 lr 3e-04 (70s)
[11:26:09]   [cls-r1] ep01 400/1455 loss 0.1640 lr 3e-04 (91s)
[11:26:30]   [cls-r1] ep01 500/1455 loss 0.1542 lr 3e-04 (112s)
[11:26:51]   [cls-r1] ep01 600/1455 loss 0.1475 lr 3e-04 (133s)
[11:27:13]   [cls-r1] ep01 700/1455 loss 0.1419 lr 3e-04 (154s)
[11:27:34]   [cls-r1] ep01 800/1455 loss 0.1379 lr 3e-04 (176s)
[11:27:56]   [cls-r1] ep01 900/1455 loss 0.1347 lr 3e-04 (197s)
[11:28:17]   [cls-r1] ep01 1000/1455 loss 0.1316 lr 3e-04 (218s)
[11:28:38]   [cls-r1] ep01 1100/1455 loss 0.1285 lr 3e-04 (239s)
[11:28:59]   [cls-r1] ep01 1200/1455 loss 0.1257 lr 3e-04 (260s)
[11:29:19]   [cls-r1] ep01 1300/1455 loss 0.1234 lr 3e-04 (281s)
[11:29:40]   [cls-r1] ep01 1400/1455 loss 0.1216 lr 3e-04 (302s)
[11:29:52]   [cls-r1] ep01 1455/1455 loss 0.1205 lr 3e-04 (313s)
[11:30:16]   [cls-r1] Epoch 01 완료 | train L1 0.1205 | val argmax-MAE 14.35 | * best 저장 (14.35)
[11:30:29]   [cls-r1] ep02 100/1455 loss 0.0895 lr 3e-04 (12s)
[11:30:42]   [cls-r1] ep02 200/1455 loss 0.0903 lr 3e-04 (25s)
[11:30:55]   [cls-r1] ep02 300/1455 loss 0.0899 lr 3e-04 (38s)
[11:31:08]   [cls-r1] ep02 400/1455 loss 0.0886 lr 3e-04 (52s)
[11:31:21]   [cls-r1] ep02 500/1455 loss 0.0892 lr 3e-04 (65s)
[11:31:34]   [cls-r1] ep02 600/1455 loss 0.0892 lr 3e-04 (78s)
[11:31:47]   [cls-r1] ep02 700/1455 loss 0.0890 lr 3e-04 (91s)
[11:32:00]   [cls-r1] ep02 800/1455 loss 0.0891 lr 3e-04 (104s)
[11:32:13]   [cls-r1] ep02 900/1455 loss 0.0888 lr 3e-04 (116s)
[11:32:26]   [cls-r1] ep02 1000/1455 loss 0.0886 lr 3e-04 (129s)
[11:32:39]   [cls-r1] ep02 1100/1455 loss 0.0889 lr 3e-04 (142s)
[11:32:52]   [cls-r1] ep02 1200/1455 loss 0.0885 lr 3e-04 (156s)
[11:33:05]   [cls-r1] ep02 1300/1455 loss 0.0882 lr 3e-04 (169s)
[11:33:18]   [cls-r1] ep02 1400/1455 loss 0.0878 lr 3e-04 (182s)
[11:33:25]   [cls-r1] ep02 1455/1455 loss 0.0879 lr 3e-04 (189s)
[11:33:35]   [cls-r1] Epoch 02 완료 | train L1 0.0879 | val argmax-MAE 10.55 | * best 저장 (10.55)
[11:33:48]   [cls-r1] ep03 100/1455 loss 0.0741 lr 3e-04 (12s)
[11:34:01]   [cls-r1] ep03 200/1455 loss 0.0780 lr 3e-04 (26s)
[11:34:14]   [cls-r1] ep03 300/1455 loss 0.0792 lr 3e-04 (39s)
[11:34:27]   [cls-r1] ep03 400/1455 loss 0.0792 lr 3e-04 (52s)
[11:34:40]   [cls-r1] ep03 500/1455 loss 0.0790 lr 3e-04 (65s)
[11:34:53]   [cls-r1] ep03 600/1455 loss 0.0794 lr 3e-04 (78s)
[11:35:06]   [cls-r1] ep03 700/1455 loss 0.0805 lr 3e-04 (91s)
[11:35:20]   [cls-r1] ep03 800/1455 loss 0.0805 lr 3e-04 (104s)
[11:35:32]   [cls-r1] ep03 900/1455 loss 0.0800 lr 3e-04 (117s)
[11:35:45]   [cls-r1] ep03 1000/1455 loss 0.0804 lr 3e-04 (130s)
[11:35:58]   [cls-r1] ep03 1100/1455 loss 0.0803 lr 3e-04 (143s)
[11:36:11]   [cls-r1] ep03 1200/1455 loss 0.0803 lr 3e-04 (156s)
[11:36:24]   [cls-r1] ep03 1300/1455 loss 0.0802 lr 3e-04 (169s)
[11:36:38]   [cls-r1] ep03 1400/1455 loss 0.0801 lr 3e-04 (182s)
[11:36:45]   [cls-r1] ep03 1455/1455 loss 0.0801 lr 3e-04 (189s)
[11:36:55]   [cls-r1] Epoch 03 완료 | train L1 0.0801 | val argmax-MAE 11.52 | 개선없음 1/8
[11:37:08]   [cls-r1] ep04 100/1455 loss 0.0743 lr 3e-04 (13s)
[11:37:25]   [cls-r1] ep04 200/1455 loss 0.0716 lr 3e-04 (30s)
[11:37:42]   [cls-r1] ep04 300/1455 loss 0.0721 lr 3e-04 (47s)
[11:37:59]   [cls-r1] ep04 400/1455 loss 0.0720 lr 3e-04 (64s)
[11:38:17]   [cls-r1] ep04 500/1455 loss 0.0720 lr 3e-04 (81s)
[11:38:34]   [cls-r1] ep04 600/1455 loss 0.0722 lr 3e-04 (98s)
[11:38:51]   [cls-r1] ep04 700/1455 loss 0.0723 lr 3e-04 (115s)
[11:39:08]   [cls-r1] ep04 800/1455 loss 0.0724 lr 3e-04 (133s)
[11:39:25]   [cls-r1] ep04 900/1455 loss 0.0723 lr 3e-04 (150s)
[11:39:42]   [cls-r1] ep04 1000/1455 loss 0.0722 lr 3e-04 (167s)
[11:39:59]   [cls-r1] ep04 1100/1455 loss 0.0724 lr 3e-04 (184s)
[11:40:16]   [cls-r1] ep04 1200/1455 loss 0.0721 lr 3e-04 (201s)
[11:40:33]   [cls-r1] ep04 1300/1455 loss 0.0721 lr 3e-04 (218s)
[11:40:51]   [cls-r1] ep04 1400/1455 loss 0.0723 lr 3e-04 (235s)
[11:41:00]   [cls-r1] ep04 1455/1455 loss 0.0724 lr 3e-04 (245s)
[11:41:12]   [cls-r1] Epoch 04 완료 | train L1 0.0724 | val argmax-MAE 11.29 | 개선없음 2/8
[11:41:30]   [cls-r1] ep05 100/1455 loss 0.0650 lr 3e-04 (17s)
[11:41:47]   [cls-r1] ep05 200/1455 loss 0.0661 lr 3e-04 (34s)
[11:42:04]   [cls-r1] ep05 300/1455 loss 0.0666 lr 3e-04 (51s)
[11:42:21]   [cls-r1] ep05 400/1455 loss 0.0668 lr 3e-04 (69s)
[11:42:37]   [cls-r1] ep05 500/1455 loss 0.0668 lr 3e-04 (84s)
[11:42:50]   [cls-r1] ep05 600/1455 loss 0.0666 lr 3e-04 (97s)
[11:43:04]   [cls-r1] ep05 700/1455 loss 0.0663 lr 3e-04 (112s)
[11:43:21]   [cls-r1] ep05 800/1455 loss 0.0665 lr 3e-04 (128s)
[11:43:38]   [cls-r1] ep05 900/1455 loss 0.0665 lr 3e-04 (146s)
[11:43:55]   [cls-r1] ep05 1000/1455 loss 0.0664 lr 3e-04 (163s)
[11:44:12]   [cls-r1] ep05 1100/1455 loss 0.0665 lr 3e-04 (180s)
[11:44:29]   [cls-r1] ep05 1200/1455 loss 0.0665 lr 3e-04 (197s)
[11:44:47]   [cls-r1] ep05 1300/1455 loss 0.0663 lr 3e-04 (214s)
[11:45:04]   [cls-r1] ep05 1400/1455 loss 0.0662 lr 3e-04 (232s)
[11:45:14]   [cls-r1] ep05 1455/1455 loss 0.0663 lr 3e-04 (241s)
[11:45:25]   [cls-r1] Epoch 05 완료 | train L1 0.0663 | val argmax-MAE 11.94 | 개선없음 3/8
[11:45:43]   [cls-r1] ep06 100/1455 loss 0.0568 lr 3e-04 (17s)
[11:46:00]   [cls-r1] ep06 200/1455 loss 0.0583 lr 3e-04 (34s)
[11:46:17]   [cls-r1] ep06 300/1455 loss 0.0599 lr 3e-04 (51s)
[11:46:34]   [cls-r1] ep06 400/1455 loss 0.0597 lr 3e-04 (68s)
[11:46:51]   [cls-r1] ep06 500/1455 loss 0.0595 lr 3e-04 (86s)
[11:47:09]   [cls-r1] ep06 600/1455 loss 0.0593 lr 3e-04 (103s)
[11:47:26]   [cls-r1] ep06 700/1455 loss 0.0592 lr 3e-04 (120s)
[11:47:43]   [cls-r1] ep06 800/1455 loss 0.0591 lr 3e-04 (137s)
[11:48:01]   [cls-r1] ep06 900/1455 loss 0.0596 lr 3e-04 (155s)
[11:48:18]   [cls-r1] ep06 1000/1455 loss 0.0598 lr 3e-04 (172s)
[11:48:34]   [cls-r1] ep06 1100/1455 loss 0.0600 lr 3e-04 (188s)
[11:48:51]   [cls-r1] ep06 1200/1455 loss 0.0601 lr 3e-04 (205s)
[11:49:08]   [cls-r1] ep06 1300/1455 loss 0.0605 lr 3e-04 (222s)
[11:49:25]   [cls-r1] ep06 1400/1455 loss 0.0606 lr 3e-04 (240s)
[11:49:35]   [cls-r1] ep06 1455/1455 loss 0.0608 lr 3e-04 (249s)
[11:49:47]   [cls-r1] Epoch 06 완료 | train L1 0.0608 | val argmax-MAE 9.88 | * best 저장 (9.88)
[11:50:05]   [cls-r1] ep07 100/1455 loss 0.0567 lr 3e-04 (17s)
[11:50:22]   [cls-r1] ep07 200/1455 loss 0.0553 lr 3e-04 (35s)
[11:50:39]   [cls-r1] ep07 300/1455 loss 0.0553 lr 3e-04 (52s)
[11:50:56]   [cls-r1] ep07 400/1455 loss 0.0548 lr 3e-04 (69s)
[11:51:13]   [cls-r1] ep07 500/1455 loss 0.0553 lr 3e-04 (86s)
[11:51:31]   [cls-r1] ep07 600/1455 loss 0.0551 lr 3e-04 (103s)
[11:51:47]   [cls-r1] ep07 700/1455 loss 0.0553 lr 3e-04 (120s)
[11:52:04]   [cls-r1] ep07 800/1455 loss 0.0553 lr 3e-04 (137s)
[11:52:22]   [cls-r1] ep07 900/1455 loss 0.0554 lr 3e-04 (154s)
[11:52:39]   [cls-r1] ep07 1000/1455 loss 0.0557 lr 3e-04 (172s)
[11:52:56]   [cls-r1] ep07 1100/1455 loss 0.0556 lr 3e-04 (189s)
[11:53:13]   [cls-r1] ep07 1200/1455 loss 0.0558 lr 3e-04 (206s)
[11:53:31]   [cls-r1] ep07 1300/1455 loss 0.0558 lr 3e-04 (223s)
[11:53:47]   [cls-r1] ep07 1400/1455 loss 0.0558 lr 3e-04 (240s)
[11:53:57]   [cls-r1] ep07 1455/1455 loss 0.0558 lr 3e-04 (249s)
[11:54:09]   [cls-r1] Epoch 07 완료 | train L1 0.0558 | val argmax-MAE 9.36 | * best 저장 (9.36)
[11:54:26]   [cls-r1] ep08 100/1455 loss 0.0504 lr 3e-04 (17s)
[11:54:43]   [cls-r1] ep08 200/1455 loss 0.0496 lr 3e-04 (34s)
[11:55:00]   [cls-r1] ep08 300/1455 loss 0.0504 lr 3e-04 (51s)
[11:55:17]   [cls-r1] ep08 400/1455 loss 0.0507 lr 3e-04 (69s)
[11:55:35]   [cls-r1] ep08 500/1455 loss 0.0510 lr 3e-04 (86s)
[11:55:52]   [cls-r1] ep08 600/1455 loss 0.0512 lr 3e-04 (103s)
[11:56:09]   [cls-r1] ep08 700/1455 loss 0.0516 lr 3e-04 (120s)
[11:56:27]   [cls-r1] ep08 800/1455 loss 0.0514 lr 3e-04 (138s)
[11:56:44]   [cls-r1] ep08 900/1455 loss 0.0511 lr 3e-04 (155s)
[11:57:01]   [cls-r1] ep08 1000/1455 loss 0.0511 lr 3e-04 (172s)
[11:57:19]   [cls-r1] ep08 1100/1455 loss 0.0513 lr 3e-04 (190s)
[11:57:36]   [cls-r1] ep08 1200/1455 loss 0.0512 lr 3e-04 (207s)
[11:57:53]   [cls-r1] ep08 1300/1455 loss 0.0514 lr 3e-04 (224s)
[11:58:10]   [cls-r1] ep08 1400/1455 loss 0.0515 lr 3e-04 (241s)
[11:58:19]   [cls-r1] ep08 1455/1455 loss 0.0517 lr 3e-04 (251s)
[11:58:31]   [cls-r1] Epoch 08 완료 | train L1 0.0517 | val argmax-MAE 9.87 | 개선없음 1/8
[11:58:48]   [cls-r1] ep09 100/1455 loss 0.0450 lr 3e-04 (17s)
[11:59:05]   [cls-r1] ep09 200/1455 loss 0.0459 lr 3e-04 (33s)
[11:59:22]   [cls-r1] ep09 300/1455 loss 0.0467 lr 3e-04 (51s)
[11:59:39]   [cls-r1] ep09 400/1455 loss 0.0462 lr 3e-04 (68s)
[11:59:56]   [cls-r1] ep09 500/1455 loss 0.0461 lr 3e-04 (85s)
[12:00:14]   [cls-r1] ep09 600/1455 loss 0.0459 lr 3e-04 (102s)
[12:00:31]   [cls-r1] ep09 700/1455 loss 0.0460 lr 3e-04 (119s)
[12:00:47]   [cls-r1] ep09 800/1455 loss 0.0466 lr 3e-04 (136s)
[12:01:04]   [cls-r1] ep09 900/1455 loss 0.0466 lr 3e-04 (153s)
[12:01:22]   [cls-r1] ep09 1000/1455 loss 0.0468 lr 3e-04 (170s)
[12:01:39]   [cls-r1] ep09 1100/1455 loss 0.0470 lr 3e-04 (187s)
[12:01:56]   [cls-r1] ep09 1200/1455 loss 0.0471 lr 3e-04 (204s)
[12:02:13]   [cls-r1] ep09 1300/1455 loss 0.0473 lr 3e-04 (221s)
[12:02:30]   [cls-r1] ep09 1400/1455 loss 0.0474 lr 3e-04 (239s)
[12:02:40]   [cls-r1] ep09 1455/1455 loss 0.0475 lr 3e-04 (248s)
[12:02:51]   [cls-r1] Epoch 09 완료 | train L1 0.0475 | val argmax-MAE 9.41 | 개선없음 2/8
[12:03:09]   [cls-r1] ep10 100/1455 loss 0.0435 lr 3e-04 (17s)
[12:03:27]   [cls-r1] ep10 200/1455 loss 0.0440 lr 3e-04 (35s)
[12:03:43]   [cls-r1] ep10 300/1455 loss 0.0434 lr 3e-04 (52s)
[12:04:01]   [cls-r1] ep10 400/1455 loss 0.0430 lr 3e-04 (69s)
[12:04:17]   [cls-r1] ep10 500/1455 loss 0.0427 lr 3e-04 (85s)
[12:04:34]   [cls-r1] ep10 600/1455 loss 0.0428 lr 3e-04 (103s)
[12:04:52]   [cls-r1] ep10 700/1455 loss 0.0429 lr 3e-04 (120s)
[12:05:09]   [cls-r1] ep10 800/1455 loss 0.0431 lr 3e-04 (137s)
[12:05:26]   [cls-r1] ep10 900/1455 loss 0.0433 lr 3e-04 (154s)
[12:05:43]   [cls-r1] ep10 1000/1455 loss 0.0436 lr 3e-04 (171s)
[12:06:00]   [cls-r1] ep10 1100/1455 loss 0.0436 lr 3e-04 (189s)
[12:06:18]   [cls-r1] ep10 1200/1455 loss 0.0436 lr 3e-04 (206s)
[12:06:35]   [cls-r1] ep10 1300/1455 loss 0.0437 lr 3e-04 (223s)
[12:06:51]   [cls-r1] ep10 1400/1455 loss 0.0437 lr 3e-04 (240s)
[12:07:01]   [cls-r1] ep10 1455/1455 loss 0.0437 lr 3e-04 (249s)
[12:07:13]   [cls-r1] Epoch 10 완료 | train L1 0.0437 | val argmax-MAE 9.39 | 개선없음 3/8
[12:07:31]   [cls-r1] ep11 100/1455 loss 0.0427 lr 3e-04 (17s)
[12:07:48]   [cls-r1] ep11 200/1455 loss 0.0429 lr 3e-04 (35s)
[12:08:05]   [cls-r1] ep11 300/1455 loss 0.0411 lr 3e-04 (52s)
[12:08:22]   [cls-r1] ep11 400/1455 loss 0.0410 lr 3e-04 (69s)
[12:08:40]   [cls-r1] ep11 500/1455 loss 0.0409 lr 3e-04 (87s)
[12:08:57]   [cls-r1] ep11 600/1455 loss 0.0405 lr 3e-04 (104s)
[12:09:14]   [cls-r1] ep11 700/1455 loss 0.0405 lr 3e-04 (121s)
[12:09:31]   [cls-r1] ep11 800/1455 loss 0.0404 lr 3e-04 (138s)
[12:09:48]   [cls-r1] ep11 900/1455 loss 0.0403 lr 3e-04 (154s)
[12:10:05]   [cls-r1] ep11 1000/1455 loss 0.0404 lr 3e-04 (172s)
[12:10:22]   [cls-r1] ep11 1100/1455 loss 0.0406 lr 3e-04 (189s)
[12:10:39]   [cls-r1] ep11 1200/1455 loss 0.0407 lr 3e-04 (206s)
[12:10:56]   [cls-r1] ep11 1300/1455 loss 0.0409 lr 3e-04 (223s)
[12:11:13]   [cls-r1] ep11 1400/1455 loss 0.0412 lr 3e-04 (240s)
[12:11:23]   [cls-r1] ep11 1455/1455 loss 0.0411 lr 3e-04 (250s)
[12:11:35]   [cls-r1] Epoch 11 완료 | train L1 0.0411 | val argmax-MAE 9.16 | * best 저장 (9.16)
[12:11:52]   [cls-r1] ep12 100/1455 loss 0.0418 lr 3e-04 (17s)
[12:12:10]   [cls-r1] ep12 200/1455 loss 0.0391 lr 3e-04 (35s)
[12:12:27]   [cls-r1] ep12 300/1455 loss 0.0395 lr 3e-04 (52s)
[12:12:44]   [cls-r1] ep12 400/1455 loss 0.0390 lr 3e-04 (69s)
[12:13:01]   [cls-r1] ep12 500/1455 loss 0.0386 lr 3e-04 (86s)
[12:13:18]   [cls-r1] ep12 600/1455 loss 0.0386 lr 3e-04 (103s)
[12:13:35]   [cls-r1] ep12 700/1455 loss 0.0386 lr 3e-04 (120s)
[12:13:53]   [cls-r1] ep12 800/1455 loss 0.0387 lr 3e-04 (138s)
[12:14:10]   [cls-r1] ep12 900/1455 loss 0.0388 lr 3e-04 (155s)
[12:14:27]   [cls-r1] ep12 1000/1455 loss 0.0386 lr 3e-04 (172s)
[12:14:44]   [cls-r1] ep12 1100/1455 loss 0.0388 lr 3e-04 (189s)
[12:15:01]   [cls-r1] ep12 1200/1455 loss 0.0388 lr 3e-04 (206s)
[12:15:18]   [cls-r1] ep12 1300/1455 loss 0.0387 lr 3e-04 (223s)
[12:15:35]   [cls-r1] ep12 1400/1455 loss 0.0385 lr 3e-04 (240s)
[12:15:44]   [cls-r1] ep12 1455/1455 loss 0.0384 lr 3e-04 (249s)
[12:15:56]   [cls-r1] Epoch 12 완료 | train L1 0.0384 | val argmax-MAE 9.06 | * best 저장 (9.06)
[12:16:14]   [cls-r1] ep13 100/1455 loss 0.0360 lr 3e-04 (17s)
[12:16:31]   [cls-r1] ep13 200/1455 loss 0.0354 lr 3e-04 (34s)
[12:16:48]   [cls-r1] ep13 300/1455 loss 0.0367 lr 3e-04 (52s)
[12:17:05]   [cls-r1] ep13 400/1455 loss 0.0361 lr 3e-04 (69s)
[12:17:23]   [cls-r1] ep13 500/1455 loss 0.0361 lr 3e-04 (86s)
[12:17:40]   [cls-r1] ep13 600/1455 loss 0.0362 lr 3e-04 (103s)
[12:17:57]   [cls-r1] ep13 700/1455 loss 0.0361 lr 3e-04 (120s)
[12:18:14]   [cls-r1] ep13 800/1455 loss 0.0360 lr 3e-04 (138s)
[12:18:32]   [cls-r1] ep13 900/1455 loss 0.0362 lr 3e-04 (155s)
[12:18:48]   [cls-r1] ep13 1000/1455 loss 0.0364 lr 3e-04 (172s)
[12:19:06]   [cls-r1] ep13 1100/1455 loss 0.0364 lr 3e-04 (189s)
[12:19:23]   [cls-r1] ep13 1200/1455 loss 0.0365 lr 3e-04 (206s)
[12:19:40]   [cls-r1] ep13 1300/1455 loss 0.0365 lr 3e-04 (224s)
[12:19:58]   [cls-r1] ep13 1400/1455 loss 0.0366 lr 3e-04 (241s)
[12:20:08]   [cls-r1] ep13 1455/1455 loss 0.0366 lr 3e-04 (251s)
[12:20:22]   [cls-r1] Epoch 13 완료 | train L1 0.0366 | val argmax-MAE 9.19 | 개선없음 1/8
[12:20:43]   [cls-r1] ep14 100/1455 loss 0.0345 lr 3e-04 (21s)
[12:21:03]   [cls-r1] ep14 200/1455 loss 0.0345 lr 3e-04 (41s)
[12:21:23]   [cls-r1] ep14 300/1455 loss 0.0349 lr 3e-04 (61s)
[12:21:44]   [cls-r1] ep14 400/1455 loss 0.0349 lr 3e-04 (82s)
[12:22:05]   [cls-r1] ep14 500/1455 loss 0.0349 lr 3e-04 (102s)
[12:22:25]   [cls-r1] ep14 600/1455 loss 0.0350 lr 3e-04 (123s)
[12:22:45]   [cls-r1] ep14 700/1455 loss 0.0350 lr 3e-04 (143s)
[12:23:05]   [cls-r1] ep14 800/1455 loss 0.0351 lr 3e-04 (163s)
[12:23:26]   [cls-r1] ep14 900/1455 loss 0.0348 lr 3e-04 (184s)
[12:23:46]   [cls-r1] ep14 1000/1455 loss 0.0349 lr 3e-04 (203s)
[12:24:06]   [cls-r1] ep14 1100/1455 loss 0.0349 lr 3e-04 (223s)
[12:24:26]   [cls-r1] ep14 1200/1455 loss 0.0351 lr 3e-04 (244s)
[12:24:46]   [cls-r1] ep14 1300/1455 loss 0.0351 lr 3e-04 (264s)
[12:25:06]   [cls-r1] ep14 1400/1455 loss 0.0352 lr 3e-04 (284s)
[12:25:17]   [cls-r1] ep14 1455/1455 loss 0.0352 lr 3e-04 (295s)
[12:25:35]   [cls-r1] Epoch 14 완료 | train L1 0.0352 | val argmax-MAE 9.10 | 개선없음 2/8
[12:25:55]   [cls-r1] ep15 100/1455 loss 0.0345 lr 3e-04 (20s)
[12:26:16]   [cls-r1] ep15 200/1455 loss 0.0334 lr 3e-04 (41s)
[12:26:36]   [cls-r1] ep15 300/1455 loss 0.0335 lr 3e-04 (61s)
[12:26:56]   [cls-r1] ep15 400/1455 loss 0.0333 lr 3e-04 (81s)
[12:27:17]   [cls-r1] ep15 500/1455 loss 0.0332 lr 3e-04 (102s)
[12:27:38]   [cls-r1] ep15 600/1455 loss 0.0332 lr 3e-04 (123s)
[12:27:59]   [cls-r1] ep15 700/1455 loss 0.0331 lr 3e-04 (144s)
[12:28:19]   [cls-r1] ep15 800/1455 loss 0.0329 lr 3e-04 (164s)
[12:28:39]   [cls-r1] ep15 900/1455 loss 0.0329 lr 3e-04 (184s)
[12:28:59]   [cls-r1] ep15 1000/1455 loss 0.0329 lr 3e-04 (204s)
[12:29:17]   [cls-r1] ep15 1100/1455 loss 0.0331 lr 3e-04 (222s)
[12:29:38]   [cls-r1] ep15 1200/1455 loss 0.0329 lr 3e-04 (243s)
[12:30:00]   [cls-r1] ep15 1300/1455 loss 0.0331 lr 3e-04 (264s)
[12:30:21]   [cls-r1] ep15 1400/1455 loss 0.0331 lr 3e-04 (285s)
[12:30:32]   [cls-r1] ep15 1455/1455 loss 0.0331 lr 3e-04 (297s)
[12:30:47]   [cls-r1] Epoch 15 완료 | train L1 0.0331 | val argmax-MAE 9.44 | 개선없음 3/8
[12:31:09]   [cls-r1] ep16 100/1455 loss 0.0323 lr 3e-04 (22s)
[12:31:31]   [cls-r1] ep16 200/1455 loss 0.0326 lr 3e-04 (43s)
[12:31:52]   [cls-r1] ep16 300/1455 loss 0.0324 lr 3e-04 (64s)
[12:32:13]   [cls-r1] ep16 400/1455 loss 0.0322 lr 3e-04 (86s)
[12:32:36]   [cls-r1] ep16 500/1455 loss 0.0317 lr 3e-04 (108s)
[12:32:57]   [cls-r1] ep16 600/1455 loss 0.0316 lr 3e-04 (129s)
[12:33:19]   [cls-r1] ep16 700/1455 loss 0.0315 lr 3e-04 (151s)
[12:33:41]   [cls-r1] ep16 800/1455 loss 0.0313 lr 3e-04 (173s)
[12:34:02]   [cls-r1] ep16 900/1455 loss 0.0313 lr 3e-04 (194s)
[12:34:24]   [cls-r1] ep16 1000/1455 loss 0.0315 lr 3e-04 (216s)
[12:34:46]   [cls-r1] ep16 1100/1455 loss 0.0316 lr 3e-04 (238s)
[12:35:06]   [cls-r1] ep16 1200/1455 loss 0.0315 lr 3e-04 (258s)
[12:35:27]   [cls-r1] ep16 1300/1455 loss 0.0315 lr 3e-04 (279s)
[12:35:48]   [cls-r1] ep16 1400/1455 loss 0.0316 lr 3e-04 (300s)
[12:36:00]   [cls-r1] ep16 1455/1455 loss 0.0316 lr 3e-04 (312s)
[12:36:15]   [cls-r1] Epoch 16 완료 | train L1 0.0316 | val argmax-MAE 8.66 | * best 저장 (8.66)
[12:36:38]   [cls-r1] ep17 100/1455 loss 0.0304 lr 3e-04 (22s)
[12:36:59]   [cls-r1] ep17 200/1455 loss 0.0297 lr 3e-04 (43s)
[12:37:20]   [cls-r1] ep17 300/1455 loss 0.0297 lr 3e-04 (64s)
[12:37:41]   [cls-r1] ep17 400/1455 loss 0.0293 lr 3e-04 (85s)
[12:38:03]   [cls-r1] ep17 500/1455 loss 0.0292 lr 3e-04 (107s)
[12:38:24]   [cls-r1] ep17 600/1455 loss 0.0291 lr 3e-04 (128s)
[12:38:46]   [cls-r1] ep17 700/1455 loss 0.0291 lr 3e-04 (150s)
[12:39:07]   [cls-r1] ep17 800/1455 loss 0.0293 lr 3e-04 (171s)
[12:39:28]   [cls-r1] ep17 900/1455 loss 0.0294 lr 3e-04 (192s)
[12:39:49]   [cls-r1] ep17 1000/1455 loss 0.0297 lr 3e-04 (213s)
[12:40:10]   [cls-r1] ep17 1100/1455 loss 0.0298 lr 3e-04 (234s)
[12:40:26]   [cls-r1] ep17 1200/1455 loss 0.0300 lr 3e-04 (250s)
[12:40:42]   [cls-r1] ep17 1300/1455 loss 0.0300 lr 3e-04 (266s)
[12:40:59]   [cls-r1] ep17 1400/1455 loss 0.0301 lr 3e-04 (283s)
[12:41:08]   [cls-r1] ep17 1455/1455 loss 0.0301 lr 3e-04 (292s)
[12:41:19]   [cls-r1] Epoch 17 완료 | train L1 0.0301 | val argmax-MAE 8.94 | 개선없음 1/8
[12:41:37]   [cls-r1] ep18 100/1455 loss 0.0298 lr 3e-04 (17s)
[12:41:54]   [cls-r1] ep18 200/1455 loss 0.0289 lr 3e-04 (34s)
[12:42:12]   [cls-r1] ep18 300/1455 loss 0.0287 lr 3e-04 (52s)
[12:42:29]   [cls-r1] ep18 400/1455 loss 0.0288 lr 3e-04 (69s)
[12:42:46]   [cls-r1] ep18 500/1455 loss 0.0291 lr 3e-04 (86s)
[12:43:03]   [cls-r1] ep18 600/1455 loss 0.0290 lr 3e-04 (103s)
[12:43:20]   [cls-r1] ep18 700/1455 loss 0.0293 lr 3e-04 (120s)
[12:43:37]   [cls-r1] ep18 800/1455 loss 0.0295 lr 3e-04 (137s)
[12:43:53]   [cls-r1] ep18 900/1455 loss 0.0294 lr 3e-04 (153s)
[12:44:10]   [cls-r1] ep18 1000/1455 loss 0.0296 lr 3e-04 (170s)
[12:44:26]   [cls-r1] ep18 1100/1455 loss 0.0298 lr 3e-04 (186s)
[12:44:42]   [cls-r1] ep18 1200/1455 loss 0.0297 lr 3e-04 (202s)
[12:44:57]   [cls-r1] ep18 1300/1455 loss 0.0296 lr 3e-04 (217s)
[12:45:14]   [cls-r1] ep18 1400/1455 loss 0.0295 lr 3e-04 (234s)
[12:45:22]   [cls-r1] ep18 1455/1455 loss 0.0296 lr 3e-04 (243s)
[12:45:34]   [cls-r1] Epoch 18 완료 | train L1 0.0296 | val argmax-MAE 8.72 | 개선없음 2/8
[12:45:51]   [cls-r1] ep19 100/1455 loss 0.0281 lr 3e-04 (16s)
[12:46:07]   [cls-r1] ep19 200/1455 loss 0.0285 lr 3e-04 (32s)
[12:46:23]   [cls-r1] ep19 300/1455 loss 0.0286 lr 3e-04 (49s)
[12:46:40]   [cls-r1] ep19 400/1455 loss 0.0287 lr 3e-04 (66s)
[12:46:57]   [cls-r1] ep19 500/1455 loss 0.0283 lr 3e-04 (82s)
[12:47:13]   [cls-r1] ep19 600/1455 loss 0.0280 lr 3e-04 (99s)
[12:47:30]   [cls-r1] ep19 700/1455 loss 0.0280 lr 3e-04 (116s)
[12:47:46]   [cls-r1] ep19 800/1455 loss 0.0280 lr 3e-04 (132s)
[12:48:03]   [cls-r1] ep19 900/1455 loss 0.0280 lr 3e-04 (149s)
[12:48:19]   [cls-r1] ep19 1000/1455 loss 0.0281 lr 3e-04 (165s)
[12:48:36]   [cls-r1] ep19 1100/1455 loss 0.0280 lr 3e-04 (181s)
[12:48:52]   [cls-r1] ep19 1200/1455 loss 0.0279 lr 3e-04 (198s)
[12:49:07]   [cls-r1] ep19 1300/1455 loss 0.0279 lr 3e-04 (213s)
[12:49:25]   [cls-r1] ep19 1400/1455 loss 0.0278 lr 3e-04 (230s)
[12:49:34]   [cls-r1] ep19 1455/1455 loss 0.0278 lr 3e-04 (240s)
[12:49:46]   [cls-r1] Epoch 19 완료 | train L1 0.0278 | val argmax-MAE 8.94 | 개선없음 3/8
[12:50:03]   [cls-r1] ep20 100/1455 loss 0.0275 lr 3e-04 (17s)
[12:50:20]   [cls-r1] ep20 200/1455 loss 0.0281 lr 3e-04 (34s)
[12:50:37]   [cls-r1] ep20 300/1455 loss 0.0279 lr 3e-04 (51s)
[12:50:54]   [cls-r1] ep20 400/1455 loss 0.0279 lr 3e-04 (68s)
[12:51:12]   [cls-r1] ep20 500/1455 loss 0.0282 lr 3e-04 (86s)
[12:51:29]   [cls-r1] ep20 600/1455 loss 0.0282 lr 3e-04 (103s)
[12:51:46]   [cls-r1] ep20 700/1455 loss 0.0279 lr 3e-04 (120s)
[12:52:04]   [cls-r1] ep20 800/1455 loss 0.0277 lr 3e-04 (138s)
[12:52:21]   [cls-r1] ep20 900/1455 loss 0.0277 lr 3e-04 (155s)
[12:52:38]   [cls-r1] ep20 1000/1455 loss 0.0276 lr 3e-04 (172s)
[12:52:56]   [cls-r1] ep20 1100/1455 loss 0.0274 lr 3e-04 (190s)
[12:53:14]   [cls-r1] ep20 1200/1455 loss 0.0275 lr 3e-04 (207s)
[12:53:29]   [cls-r1] ep20 1300/1455 loss 0.0276 lr 3e-04 (223s)
[12:53:47]   [cls-r1] ep20 1400/1455 loss 0.0275 lr 3e-04 (240s)
[12:53:56]   [cls-r1] ep20 1455/1455 loss 0.0274 lr 3e-04 (250s)
[12:54:08]   [cls-r1] Epoch 20 완료 | train L1 0.0274 | val argmax-MAE 8.87 | 개선없음 4/8
[12:54:26]   [cls-r1] ep21 100/1455 loss 0.0249 lr 3e-04 (17s)
[12:54:43]   [cls-r1] ep21 200/1455 loss 0.0254 lr 3e-04 (35s)
[12:55:00]   [cls-r1] ep21 300/1455 loss 0.0258 lr 3e-04 (52s)
[12:55:17]   [cls-r1] ep21 400/1455 loss 0.0258 lr 3e-04 (69s)
[12:55:35]   [cls-r1] ep21 500/1455 loss 0.0259 lr 3e-04 (86s)
[12:55:52]   [cls-r1] ep21 600/1455 loss 0.0259 lr 3e-04 (104s)
[12:56:09]   [cls-r1] ep21 700/1455 loss 0.0261 lr 3e-04 (121s)
[12:56:26]   [cls-r1] ep21 800/1455 loss 0.0259 lr 3e-04 (138s)
[12:56:44]   [cls-r1] ep21 900/1455 loss 0.0259 lr 3e-04 (156s)
[12:57:01]   [cls-r1] ep21 1000/1455 loss 0.0258 lr 3e-04 (173s)
[12:57:18]   [cls-r1] ep21 1100/1455 loss 0.0258 lr 3e-04 (190s)
[12:57:35]   [cls-r1] ep21 1200/1455 loss 0.0260 lr 3e-04 (207s)
[12:57:51]   [cls-r1] ep21 1300/1455 loss 0.0260 lr 3e-04 (223s)
[12:58:07]   [cls-r1] ep21 1400/1455 loss 0.0261 lr 3e-04 (239s)
[12:58:16]   [cls-r1] ep21 1455/1455 loss 0.0260 lr 3e-04 (248s)
[12:58:27]   [cls-r1] Epoch 21 완료 | train L1 0.0260 | val argmax-MAE 8.92 | 개선없음 5/8
[12:58:44]   [cls-r1] ep22 100/1455 loss 0.0250 lr 3e-04 (16s)
[12:59:01]   [cls-r1] ep22 200/1455 loss 0.0256 lr 3e-04 (33s)
[12:59:18]   [cls-r1] ep22 300/1455 loss 0.0256 lr 3e-04 (50s)
[12:59:34]   [cls-r1] ep22 400/1455 loss 0.0258 lr 3e-04 (66s)
[12:59:51]   [cls-r1] ep22 500/1455 loss 0.0256 lr 3e-04 (83s)
[13:00:08]   [cls-r1] ep22 600/1455 loss 0.0261 lr 3e-04 (100s)
[13:00:26]   [cls-r1] ep22 700/1455 loss 0.0262 lr 3e-04 (118s)
[13:00:45]   [cls-r1] ep22 800/1455 loss 0.0261 lr 3e-04 (137s)
[13:01:04]   [cls-r1] ep22 900/1455 loss 0.0262 lr 3e-04 (156s)
[13:01:23]   [cls-r1] ep22 1000/1455 loss 0.0262 lr 3e-04 (175s)
[13:01:41]   [cls-r1] ep22 1100/1455 loss 0.0261 lr 3e-04 (194s)
[13:02:00]   [cls-r1] ep22 1200/1455 loss 0.0261 lr 3e-04 (212s)
[13:02:17]   [cls-r1] ep22 1300/1455 loss 0.0262 lr 3e-04 (230s)
[13:02:36]   [cls-r1] ep22 1400/1455 loss 0.0262 lr 3e-04 (249s)
[13:02:47]   [cls-r1] ep22 1455/1455 loss 0.0262 lr 3e-04 (259s)
[13:02:59]   [cls-r1] Epoch 22 완료 | train L1 0.0262 | val argmax-MAE 9.00 | 개선없음 6/8
[13:03:18]   [cls-r1] ep23 100/1455 loss 0.0296 lr 3e-04 (19s)
[13:03:37]   [cls-r1] ep23 200/1455 loss 0.0274 lr 3e-04 (37s)
[13:03:56]   [cls-r1] ep23 300/1455 loss 0.0264 lr 3e-04 (56s)
[13:04:14]   [cls-r1] ep23 400/1455 loss 0.0258 lr 3e-04 (74s)
[13:04:32]   [cls-r1] ep23 500/1455 loss 0.0257 lr 3e-04 (93s)
[13:04:51]   [cls-r1] ep23 600/1455 loss 0.0253 lr 3e-04 (111s)
[13:05:10]   [cls-r1] ep23 700/1455 loss 0.0252 lr 3e-04 (130s)
[13:05:28]   [cls-r1] ep23 800/1455 loss 0.0252 lr 3e-04 (148s)
[13:05:47]   [cls-r1] ep23 900/1455 loss 0.0252 lr 3e-04 (167s)
[13:06:05]   [cls-r1] ep23 1000/1455 loss 0.0252 lr 3e-04 (186s)
[13:06:23]   [cls-r1] ep23 1100/1455 loss 0.0252 lr 3e-04 (204s)
[13:06:42]   [cls-r1] ep23 1200/1455 loss 0.0251 lr 3e-04 (222s)
[13:06:59]   [cls-r1] ep23 1300/1455 loss 0.0250 lr 3e-04 (240s)
[13:07:17]   [cls-r1] ep23 1400/1455 loss 0.0251 lr 3e-04 (257s)
[13:07:25]   [cls-r1] ep23 1455/1455 loss 0.0251 lr 3e-04 (265s)
[13:07:35]   [cls-r1] Epoch 23 완료 | train L1 0.0251 | val argmax-MAE 8.84 | 개선없음 7/8
[13:07:50]   [cls-r1] ep24 100/1455 loss 0.0246 lr 3e-04 (15s)
[13:08:05]   [cls-r1] ep24 200/1455 loss 0.0249 lr 3e-04 (30s)
[13:08:20]   [cls-r1] ep24 300/1455 loss 0.0244 lr 3e-04 (45s)
[13:08:35]   [cls-r1] ep24 400/1455 loss 0.0244 lr 3e-04 (59s)
[13:08:50]   [cls-r1] ep24 500/1455 loss 0.0243 lr 3e-04 (74s)
[13:09:05]   [cls-r1] ep24 600/1455 loss 0.0241 lr 3e-04 (89s)
[13:09:20]   [cls-r1] ep24 700/1455 loss 0.0240 lr 3e-04 (104s)
[13:09:35]   [cls-r1] ep24 800/1455 loss 0.0241 lr 3e-04 (119s)
[13:09:50]   [cls-r1] ep24 900/1455 loss 0.0241 lr 3e-04 (134s)
[13:10:05]   [cls-r1] ep24 1000/1455 loss 0.0241 lr 3e-04 (149s)
[13:10:19]   [cls-r1] ep24 1100/1455 loss 0.0241 lr 3e-04 (164s)
[13:10:34]   [cls-r1] ep24 1200/1455 loss 0.0241 lr 3e-04 (179s)
[13:10:47]   [cls-r1] ep24 1300/1455 loss 0.0243 lr 3e-04 (191s)
[13:11:01]   [cls-r1] ep24 1400/1455 loss 0.0242 lr 3e-04 (206s)
[13:11:09]   [cls-r1] ep24 1455/1455 loss 0.0242 lr 3e-04 (214s)
[13:11:19]   [cls-r1] Epoch 24 완료 | train L1 0.0242 | val argmax-MAE 8.94 | 개선없음 8/8
[13:11:20]   [cls-r1] 조기종료 | best argmax-MAE 8.66 @ epoch 16
[13:13:42]   [r1] train 1000/11643
[13:15:34]   [r1] train 2000/11643
[13:17:55]   [r1] train 3000/11643
[13:20:22]   [r1] train 4000/11643
[13:22:41]   [r1] train 5000/11643
[13:24:59]   [r1] train 6000/11643
[13:27:51]   [r1] train 7000/11643
[13:30:40]   [r1] train 8000/11643
[13:33:26]   [r1] train 9000/11643
[13:36:12]   [r1] train 10000/11643
[13:39:01]   [r1] train 11000/11643
[13:40:51] [r1:train] CAM 11643 | 밴드폴백 0 | 파일없음 0
[13:43:48]   [r1] val 1000/1324
[13:44:45] [r1:val] CAM 1324 | 밴드폴백 0 | 파일없음 0
[13:45:14] [r1:test] CAM 167 | 밴드폴백 0 | 파일없음 0
[13:45:14] ### Phase I-b : R2(중수골) 국소화 - 논문 방식(erase 재학습) ###
[13:45:14]   E 이미지로 cls-r2 재학습 -> CAM tau=50 | 밴드 제약 없음 | 박스 확대 없음 | 최대연결성분 True
[13:45:14] [cls-r2] 분류 모델 학습 | pool=gmp src=erased size=560 epochs=70
[13:45:15] [backbone] timm 'inception_v3' 로드 완료 (pretrained=True)
[13:45:15] [cls-gmp] feat (2048, 16, 16) -> FC 2048->240
[13:45:48]   [cls-r2] ep01 100/1455 loss 0.2606 lr 3e-04 (33s)
[13:46:23]   [cls-r2] ep01 200/1455 loss 0.1986 lr 3e-04 (67s)
[13:46:59]   [cls-r2] ep01 300/1455 loss 0.1719 lr 3e-04 (103s)
[13:47:36]   [cls-r2] ep01 400/1455 loss 0.1570 lr 3e-04 (140s)
[13:48:09]   [cls-r2] ep01 500/1455 loss 0.1471 lr 3e-04 (174s)
[13:48:43]   [cls-r2] ep01 600/1455 loss 0.1392 lr 3e-04 (208s)
[13:49:17]   [cls-r2] ep01 700/1455 loss 0.1334 lr 3e-04 (242s)
[13:49:50]   [cls-r2] ep01 800/1455 loss 0.1291 lr 3e-04 (274s)
[13:50:25]   [cls-r2] ep01 900/1455 loss 0.1251 lr 3e-04 (309s)
[13:51:05]   [cls-r2] ep01 1000/1455 loss 0.1216 lr 3e-04 (349s)
[13:51:47]   [cls-r2] ep01 1100/1455 loss 0.1189 lr 3e-04 (392s)
[13:52:28]   [cls-r2] ep01 1200/1455 loss 0.1163 lr 3e-04 (433s)
[13:53:10]   [cls-r2] ep01 1300/1455 loss 0.1139 lr 3e-04 (474s)
[13:54:13]   [cls-r2] ep01 1400/1455 loss 0.1120 lr 3e-04 (537s)
[13:54:44]   [cls-r2] ep01 1455/1455 loss 0.1108 lr 3e-04 (568s)
[13:55:52]   [cls-r2] Epoch 01 완료 | train L1 0.1108 | val argmax-MAE 11.57 | * best 저장 (11.57)
[13:56:23]   [cls-r2] ep02 100/1455 loss 0.0814 lr 3e-04 (31s)
[13:57:01]   [cls-r2] ep02 200/1455 loss 0.0814 lr 3e-04 (69s)
[13:57:40]   [cls-r2] ep02 300/1455 loss 0.0819 lr 3e-04 (108s)
[13:58:19]   [cls-r2] ep02 400/1455 loss 0.0819 lr 3e-04 (147s)
[13:58:58]   [cls-r2] ep02 500/1455 loss 0.0820 lr 3e-04 (186s)
[13:59:38]   [cls-r2] ep02 600/1455 loss 0.0816 lr 3e-04 (226s)
[14:00:16]   [cls-r2] ep02 700/1455 loss 0.0813 lr 3e-04 (264s)
[14:00:53]   [cls-r2] ep02 800/1455 loss 0.0811 lr 3e-04 (300s)
[14:01:30]   [cls-r2] ep02 900/1455 loss 0.0810 lr 3e-04 (338s)
[14:02:07]   [cls-r2] ep02 1000/1455 loss 0.0805 lr 3e-04 (375s)
[14:02:45]   [cls-r2] ep02 1100/1455 loss 0.0801 lr 3e-04 (413s)
[14:03:22]   [cls-r2] ep02 1200/1455 loss 0.0801 lr 3e-04 (449s)
[14:04:00]   [cls-r2] ep02 1300/1455 loss 0.0801 lr 3e-04 (488s)
[14:04:43]   [cls-r2] ep02 1400/1455 loss 0.0801 lr 3e-04 (531s)
[14:05:03]   [cls-r2] ep02 1455/1455 loss 0.0799 lr 3e-04 (551s)
[14:05:23]   [cls-r2] Epoch 02 완료 | train L1 0.0799 | val argmax-MAE 10.75 | * best 저장 (10.75)
[14:05:47]   [cls-r2] ep03 100/1455 loss 0.0696 lr 3e-04 (24s)
[14:06:10]   [cls-r2] ep03 200/1455 loss 0.0699 lr 3e-04 (47s)
[14:06:37]   [cls-r2] ep03 300/1455 loss 0.0713 lr 3e-04 (74s)
[14:07:02]   [cls-r2] ep03 400/1455 loss 0.0713 lr 3e-04 (99s)
[14:07:27]   [cls-r2] ep03 500/1455 loss 0.0718 lr 3e-04 (124s)
[14:07:53]   [cls-r2] ep03 600/1455 loss 0.0726 lr 3e-04 (150s)
[14:08:17]   [cls-r2] ep03 700/1455 loss 0.0726 lr 3e-04 (174s)
[14:08:45]   [cls-r2] ep03 800/1455 loss 0.0729 lr 3e-04 (201s)
[14:09:09]   [cls-r2] ep03 900/1455 loss 0.0730 lr 3e-04 (226s)
[14:09:39]   [cls-r2] ep03 1000/1455 loss 0.0727 lr 3e-04 (256s)
[14:10:05]   [cls-r2] ep03 1100/1455 loss 0.0725 lr 3e-04 (282s)
[14:10:30]   [cls-r2] ep03 1200/1455 loss 0.0722 lr 3e-04 (307s)
[14:10:58]   [cls-r2] ep03 1300/1455 loss 0.0721 lr 3e-04 (335s)
[14:11:23]   [cls-r2] ep03 1400/1455 loss 0.0720 lr 3e-04 (360s)
[14:11:38]   [cls-r2] ep03 1455/1455 loss 0.0723 lr 3e-04 (375s)
[14:11:57]   [cls-r2] Epoch 03 완료 | train L1 0.0723 | val argmax-MAE 11.28 | 개선없음 1/8
[14:12:22]   [cls-r2] ep04 100/1455 loss 0.0668 lr 3e-04 (24s)
[14:12:50]   [cls-r2] ep04 200/1455 loss 0.0681 lr 3e-04 (52s)
[14:13:18]   [cls-r2] ep04 300/1455 loss 0.0689 lr 3e-04 (80s)
[14:13:46]   [cls-r2] ep04 400/1455 loss 0.0691 lr 3e-04 (109s)
[14:14:13]   [cls-r2] ep04 500/1455 loss 0.0690 lr 3e-04 (136s)
[14:14:39]   [cls-r2] ep04 600/1455 loss 0.0694 lr 3e-04 (161s)
[14:15:07]   [cls-r2] ep04 700/1455 loss 0.0694 lr 3e-04 (189s)
[14:15:32]   [cls-r2] ep04 800/1455 loss 0.0693 lr 3e-04 (215s)
[14:15:58]   [cls-r2] ep04 900/1455 loss 0.0691 lr 3e-04 (240s)
[14:16:23]   [cls-r2] ep04 1000/1455 loss 0.0689 lr 3e-04 (265s)
[14:16:47]   [cls-r2] ep04 1100/1455 loss 0.0689 lr 3e-04 (289s)
[14:17:14]   [cls-r2] ep04 1200/1455 loss 0.0686 lr 3e-04 (316s)
[14:17:40]   [cls-r2] ep04 1300/1455 loss 0.0686 lr 3e-04 (342s)
[14:18:05]   [cls-r2] ep04 1400/1455 loss 0.0683 lr 3e-04 (367s)
[14:18:19]   [cls-r2] ep04 1455/1455 loss 0.0683 lr 3e-04 (381s)
[14:18:35]   [cls-r2] Epoch 04 완료 | train L1 0.0683 | val argmax-MAE 10.28 | * best 저장 (10.28)
[14:18:58]   [cls-r2] ep05 100/1455 loss 0.0613 lr 3e-04 (22s)
[14:19:41]   [cls-r2] ep05 200/1455 loss 0.0621 lr 3e-04 (65s)
[14:20:06]   [cls-r2] ep05 300/1455 loss 0.0621 lr 3e-04 (90s)
[14:20:33]   [cls-r2] ep05 400/1455 loss 0.0623 lr 3e-04 (117s)
[14:21:01]   [cls-r2] ep05 500/1455 loss 0.0622 lr 3e-04 (145s)
[14:21:30]   [cls-r2] ep05 600/1455 loss 0.0626 lr 3e-04 (174s)
[14:21:58]   [cls-r2] ep05 700/1455 loss 0.0629 lr 3e-04 (202s)
[14:22:27]   [cls-r2] ep05 800/1455 loss 0.0630 lr 3e-04 (231s)
[14:22:56]   [cls-r2] ep05 900/1455 loss 0.0633 lr 3e-04 (260s)
[14:23:24]   [cls-r2] ep05 1000/1455 loss 0.0633 lr 3e-04 (288s)
[14:23:50]   [cls-r2] ep05 1100/1455 loss 0.0635 lr 3e-04 (314s)
[14:24:16]   [cls-r2] ep05 1200/1455 loss 0.0634 lr 3e-04 (340s)
[14:24:46]   [cls-r2] ep05 1300/1455 loss 0.0634 lr 3e-04 (370s)
[14:25:14]   [cls-r2] ep05 1400/1455 loss 0.0633 lr 3e-04 (398s)
[14:25:30]   [cls-r2] ep05 1455/1455 loss 0.0632 lr 3e-04 (415s)
[14:25:50]   [cls-r2] Epoch 05 완료 | train L1 0.0632 | val argmax-MAE 10.58 | 개선없음 1/8
[14:26:15]   [cls-r2] ep06 100/1455 loss 0.0596 lr 3e-04 (25s)
[14:26:42]   [cls-r2] ep06 200/1455 loss 0.0582 lr 3e-04 (52s)
[14:27:10]   [cls-r2] ep06 300/1455 loss 0.0583 lr 3e-04 (80s)
[14:27:39]   [cls-r2] ep06 400/1455 loss 0.0578 lr 3e-04 (109s)
[14:28:08]   [cls-r2] ep06 500/1455 loss 0.0587 lr 3e-04 (138s)
[14:28:37]   [cls-r2] ep06 600/1455 loss 0.0587 lr 3e-04 (166s)
[14:29:05]   [cls-r2] ep06 700/1455 loss 0.0592 lr 3e-04 (194s)
[14:29:34]   [cls-r2] ep06 800/1455 loss 0.0595 lr 3e-04 (224s)
[14:30:03]   [cls-r2] ep06 900/1455 loss 0.0597 lr 3e-04 (253s)
[14:30:31]   [cls-r2] ep06 1000/1455 loss 0.0597 lr 3e-04 (281s)
[14:30:59]   [cls-r2] ep06 1100/1455 loss 0.0600 lr 3e-04 (309s)
[14:31:27]   [cls-r2] ep06 1200/1455 loss 0.0600 lr 3e-04 (337s)
[14:31:53]   [cls-r2] ep06 1300/1455 loss 0.0600 lr 3e-04 (362s)
[14:32:17]   [cls-r2] ep06 1400/1455 loss 0.0598 lr 3e-04 (387s)
[14:32:30]   [cls-r2] ep06 1455/1455 loss 0.0599 lr 3e-04 (400s)
[14:32:46]   [cls-r2] Epoch 06 완료 | train L1 0.0599 | val argmax-MAE 9.79 | * best 저장 (9.79)
[14:33:10]   [cls-r2] ep07 100/1455 loss 0.0543 lr 3e-04 (24s)
[14:33:33]   [cls-r2] ep07 200/1455 loss 0.0539 lr 3e-04 (47s)
[14:33:57]   [cls-r2] ep07 300/1455 loss 0.0539 lr 3e-04 (70s)
[14:34:23]   [cls-r2] ep07 400/1455 loss 0.0542 lr 3e-04 (96s)
[14:34:48]   [cls-r2] ep07 500/1455 loss 0.0547 lr 3e-04 (121s)
[14:35:13]   [cls-r2] ep07 600/1455 loss 0.0554 lr 3e-04 (146s)
[14:35:38]   [cls-r2] ep07 700/1455 loss 0.0556 lr 3e-04 (172s)
[14:36:02]   [cls-r2] ep07 800/1455 loss 0.0562 lr 3e-04 (196s)
[14:36:26]   [cls-r2] ep07 900/1455 loss 0.0564 lr 3e-04 (220s)
[14:36:51]   [cls-r2] ep07 1000/1455 loss 0.0565 lr 3e-04 (244s)
[14:37:14]   [cls-r2] ep07 1100/1455 loss 0.0566 lr 3e-04 (268s)
[14:37:40]   [cls-r2] ep07 1200/1455 loss 0.0567 lr 3e-04 (294s)
[14:38:07]   [cls-r2] ep07 1300/1455 loss 0.0567 lr 3e-04 (320s)
[14:38:33]   [cls-r2] ep07 1400/1455 loss 0.0566 lr 3e-04 (346s)
[14:38:48]   [cls-r2] ep07 1455/1455 loss 0.0566 lr 3e-04 (361s)
[14:39:05]   [cls-r2] Epoch 07 완료 | train L1 0.0566 | val argmax-MAE 9.72 | * best 저장 (9.72)
[14:39:29]   [cls-r2] ep08 100/1455 loss 0.0518 lr 3e-04 (23s)
[14:39:54]   [cls-r2] ep08 200/1455 loss 0.0519 lr 3e-04 (48s)
[14:40:20]   [cls-r2] ep08 300/1455 loss 0.0522 lr 3e-04 (74s)
[14:40:47]   [cls-r2] ep08 400/1455 loss 0.0520 lr 3e-04 (101s)
[14:41:14]   [cls-r2] ep08 500/1455 loss 0.0515 lr 3e-04 (128s)
[14:41:40]   [cls-r2] ep08 600/1455 loss 0.0515 lr 3e-04 (154s)
[14:42:06]   [cls-r2] ep08 700/1455 loss 0.0513 lr 3e-04 (180s)
[14:42:31]   [cls-r2] ep08 800/1455 loss 0.0517 lr 3e-04 (205s)
[14:42:55]   [cls-r2] ep08 900/1455 loss 0.0520 lr 3e-04 (229s)
[14:43:20]   [cls-r2] ep08 1000/1455 loss 0.0520 lr 3e-04 (254s)
[14:43:45]   [cls-r2] ep08 1100/1455 loss 0.0522 lr 3e-04 (279s)
[14:44:11]   [cls-r2] ep08 1200/1455 loss 0.0522 lr 3e-04 (305s)
[14:44:37]   [cls-r2] ep08 1300/1455 loss 0.0523 lr 3e-04 (331s)
[14:45:03]   [cls-r2] ep08 1400/1455 loss 0.0525 lr 3e-04 (357s)
[14:45:16]   [cls-r2] ep08 1455/1455 loss 0.0526 lr 3e-04 (371s)
[14:45:33]   [cls-r2] Epoch 08 완료 | train L1 0.0526 | val argmax-MAE 9.62 | * best 저장 (9.62)
[14:45:56]   [cls-r2] ep09 100/1455 loss 0.0485 lr 3e-04 (23s)
[14:46:18]   [cls-r2] ep09 200/1455 loss 0.0477 lr 3e-04 (45s)
[14:46:42]   [cls-r2] ep09 300/1455 loss 0.0483 lr 3e-04 (68s)
[14:47:08]   [cls-r2] ep09 400/1455 loss 0.0488 lr 3e-04 (94s)
[14:47:34]   [cls-r2] ep09 500/1455 loss 0.0490 lr 3e-04 (121s)
[14:48:00]   [cls-r2] ep09 600/1455 loss 0.0493 lr 3e-04 (147s)
[14:48:27]   [cls-r2] ep09 700/1455 loss 0.0489 lr 3e-04 (174s)
[14:48:52]   [cls-r2] ep09 800/1455 loss 0.0489 lr 3e-04 (199s)
[14:49:17]   [cls-r2] ep09 900/1455 loss 0.0491 lr 3e-04 (224s)
[14:49:42]   [cls-r2] ep09 1000/1455 loss 0.0489 lr 3e-04 (249s)
[14:50:07]   [cls-r2] ep09 1100/1455 loss 0.0490 lr 3e-04 (274s)
[14:50:35]   [cls-r2] ep09 1200/1455 loss 0.0489 lr 3e-04 (301s)
[14:51:00]   [cls-r2] ep09 1300/1455 loss 0.0491 lr 3e-04 (327s)
[14:51:28]   [cls-r2] ep09 1400/1455 loss 0.0494 lr 3e-04 (355s)
[14:51:43]   [cls-r2] ep09 1455/1455 loss 0.0493 lr 3e-04 (370s)
[14:52:02]   [cls-r2] Epoch 09 완료 | train L1 0.0493 | val argmax-MAE 9.75 | 개선없음 1/8
[14:52:27]   [cls-r2] ep10 100/1455 loss 0.0483 lr 3e-04 (25s)
[14:52:54]   [cls-r2] ep10 200/1455 loss 0.0450 lr 3e-04 (52s)
[14:53:21]   [cls-r2] ep10 300/1455 loss 0.0457 lr 3e-04 (79s)
[14:53:49]   [cls-r2] ep10 400/1455 loss 0.0457 lr 3e-04 (107s)
[14:54:17]   [cls-r2] ep10 500/1455 loss 0.0461 lr 3e-04 (135s)
[14:54:45]   [cls-r2] ep10 600/1455 loss 0.0460 lr 3e-04 (162s)
[14:55:12]   [cls-r2] ep10 700/1455 loss 0.0458 lr 3e-04 (190s)
[14:55:40]   [cls-r2] ep10 800/1455 loss 0.0457 lr 3e-04 (218s)
[14:56:08]   [cls-r2] ep10 900/1455 loss 0.0458 lr 3e-04 (246s)
[14:56:35]   [cls-r2] ep10 1000/1455 loss 0.0459 lr 3e-04 (273s)
[14:57:03]   [cls-r2] ep10 1100/1455 loss 0.0460 lr 3e-04 (301s)
[14:57:35]   [cls-r2] ep10 1200/1455 loss 0.0462 lr 3e-04 (333s)
[14:58:02]   [cls-r2] ep10 1300/1455 loss 0.0465 lr 3e-04 (360s)
[14:58:29]   [cls-r2] ep10 1400/1455 loss 0.0466 lr 3e-04 (387s)
[14:58:45]   [cls-r2] ep10 1455/1455 loss 0.0469 lr 3e-04 (402s)
[14:59:04]   [cls-r2] Epoch 10 완료 | train L1 0.0469 | val argmax-MAE 9.54 | * best 저장 (9.54)
[14:59:30]   [cls-r2] ep11 100/1455 loss 0.0434 lr 3e-04 (25s)
[14:59:58]   [cls-r2] ep11 200/1455 loss 0.0426 lr 3e-04 (53s)
[15:00:25]   [cls-r2] ep11 300/1455 loss 0.0428 lr 3e-04 (80s)
[15:00:53]   [cls-r2] ep11 400/1455 loss 0.0425 lr 3e-04 (108s)
[15:01:20]   [cls-r2] ep11 500/1455 loss 0.0429 lr 3e-04 (135s)
[15:01:45]   [cls-r2] ep11 600/1455 loss 0.0432 lr 3e-04 (160s)
[15:02:09]   [cls-r2] ep11 700/1455 loss 0.0433 lr 3e-04 (185s)
[15:02:34]   [cls-r2] ep11 800/1455 loss 0.0434 lr 3e-04 (209s)
[15:02:58]   [cls-r2] ep11 900/1455 loss 0.0434 lr 3e-04 (234s)
[15:03:23]   [cls-r2] ep11 1000/1455 loss 0.0436 lr 3e-04 (258s)
[15:03:48]   [cls-r2] ep11 1100/1455 loss 0.0438 lr 3e-04 (283s)
[15:04:13]   [cls-r2] ep11 1200/1455 loss 0.0436 lr 3e-04 (308s)
[15:04:37]   [cls-r2] ep11 1300/1455 loss 0.0437 lr 3e-04 (332s)
[15:05:02]   [cls-r2] ep11 1400/1455 loss 0.0437 lr 3e-04 (357s)
[15:05:15]   [cls-r2] ep11 1455/1455 loss 0.0438 lr 3e-04 (370s)
[15:05:32]   [cls-r2] Epoch 11 완료 | train L1 0.0438 | val argmax-MAE 9.37 | * best 저장 (9.37)
[15:05:54]   [cls-r2] ep12 100/1455 loss 0.0407 lr 3e-04 (22s)
[15:06:16]   [cls-r2] ep12 200/1455 loss 0.0406 lr 3e-04 (44s)
[15:06:41]   [cls-r2] ep12 300/1455 loss 0.0404 lr 3e-04 (69s)
[15:07:06]   [cls-r2] ep12 400/1455 loss 0.0396 lr 3e-04 (94s)
[15:07:31]   [cls-r2] ep12 500/1455 loss 0.0401 lr 3e-04 (119s)
[15:07:58]   [cls-r2] ep12 600/1455 loss 0.0398 lr 3e-04 (146s)
[15:08:26]   [cls-r2] ep12 700/1455 loss 0.0400 lr 3e-04 (174s)
[15:08:53]   [cls-r2] ep12 800/1455 loss 0.0399 lr 3e-04 (201s)
[15:09:19]   [cls-r2] ep12 900/1455 loss 0.0402 lr 3e-04 (227s)
[15:09:45]   [cls-r2] ep12 1000/1455 loss 0.0401 lr 3e-04 (253s)
[15:10:11]   [cls-r2] ep12 1100/1455 loss 0.0403 lr 3e-04 (279s)
[15:10:37]   [cls-r2] ep12 1200/1455 loss 0.0405 lr 3e-04 (305s)
[15:11:03]   [cls-r2] ep12 1300/1455 loss 0.0405 lr 3e-04 (330s)
[15:11:28]   [cls-r2] ep12 1400/1455 loss 0.0407 lr 3e-04 (356s)
[15:11:42]   [cls-r2] ep12 1455/1455 loss 0.0407 lr 3e-04 (369s)
[15:11:57]   [cls-r2] Epoch 12 완료 | train L1 0.0407 | val argmax-MAE 9.49 | 개선없음 1/8
[15:12:20]   [cls-r2] ep13 100/1455 loss 0.0397 lr 3e-04 (23s)
[15:12:40]   [cls-r2] ep13 200/1455 loss 0.0399 lr 3e-04 (42s)
[15:12:56]   [cls-r2] ep13 300/1455 loss 0.0407 lr 3e-04 (58s)
[15:13:14]   [cls-r2] ep13 400/1455 loss 0.0411 lr 3e-04 (76s)
[15:13:31]   [cls-r2] ep13 500/1455 loss 0.0414 lr 3e-04 (93s)
[15:13:49]   [cls-r2] ep13 600/1455 loss 0.0409 lr 3e-04 (111s)
[15:14:06]   [cls-r2] ep13 700/1455 loss 0.0405 lr 3e-04 (128s)
[15:14:23]   [cls-r2] ep13 800/1455 loss 0.0403 lr 3e-04 (145s)
[15:14:40]   [cls-r2] ep13 900/1455 loss 0.0403 lr 3e-04 (162s)
[15:14:59]   [cls-r2] ep13 1000/1455 loss 0.0404 lr 3e-04 (181s)
[15:15:18]   [cls-r2] ep13 1100/1455 loss 0.0402 lr 3e-04 (201s)
[15:15:39]   [cls-r2] ep13 1200/1455 loss 0.0403 lr 3e-04 (221s)
[15:15:57]   [cls-r2] ep13 1300/1455 loss 0.0404 lr 3e-04 (239s)
[15:16:18]   [cls-r2] ep13 1400/1455 loss 0.0402 lr 3e-04 (260s)
[15:16:29]   [cls-r2] ep13 1455/1455 loss 0.0402 lr 3e-04 (272s)
[15:16:43]   [cls-r2] Epoch 13 완료 | train L1 0.0402 | val argmax-MAE 9.32 | * best 저장 (9.32)
[15:17:03]   [cls-r2] ep14 100/1455 loss 0.0359 lr 3e-04 (20s)
[15:17:22]   [cls-r2] ep14 200/1455 loss 0.0353 lr 3e-04 (39s)
[15:17:42]   [cls-r2] ep14 300/1455 loss 0.0354 lr 3e-04 (58s)
[15:18:01]   [cls-r2] ep14 400/1455 loss 0.0351 lr 3e-04 (77s)
[15:18:21]   [cls-r2] ep14 500/1455 loss 0.0348 lr 3e-04 (97s)
[15:18:40]   [cls-r2] ep14 600/1455 loss 0.0349 lr 3e-04 (117s)
[15:19:00]   [cls-r2] ep14 700/1455 loss 0.0358 lr 3e-04 (137s)
[15:19:19]   [cls-r2] ep14 800/1455 loss 0.0364 lr 3e-04 (156s)
[15:19:38]   [cls-r2] ep14 900/1455 loss 0.0366 lr 3e-04 (175s)
[15:19:56]   [cls-r2] ep14 1000/1455 loss 0.0370 lr 3e-04 (193s)
[15:20:15]   [cls-r2] ep14 1100/1455 loss 0.0370 lr 3e-04 (212s)
[15:20:35]   [cls-r2] ep14 1200/1455 loss 0.0370 lr 3e-04 (232s)
[15:20:54]   [cls-r2] ep14 1300/1455 loss 0.0371 lr 3e-04 (250s)
[15:21:13]   [cls-r2] ep14 1400/1455 loss 0.0371 lr 3e-04 (269s)
[15:21:23]   [cls-r2] ep14 1455/1455 loss 0.0372 lr 3e-04 (279s)
[15:21:36]   [cls-r2] Epoch 14 완료 | train L1 0.0372 | val argmax-MAE 9.43 | 개선없음 1/8
[15:21:56]   [cls-r2] ep15 100/1455 loss 0.0344 lr 3e-04 (19s)
[15:22:15]   [cls-r2] ep15 200/1455 loss 0.0341 lr 3e-04 (38s)
[15:22:33]   [cls-r2] ep15 300/1455 loss 0.0338 lr 3e-04 (57s)
[15:22:52]   [cls-r2] ep15 400/1455 loss 0.0338 lr 3e-04 (76s)
[15:23:11]   [cls-r2] ep15 500/1455 loss 0.0338 lr 3e-04 (95s)
[15:23:30]   [cls-r2] ep15 600/1455 loss 0.0336 lr 3e-04 (113s)
[15:23:49]   [cls-r2] ep15 700/1455 loss 0.0335 lr 3e-04 (132s)
[15:24:09]   [cls-r2] ep15 800/1455 loss 0.0335 lr 3e-04 (152s)
[15:24:28]   [cls-r2] ep15 900/1455 loss 0.0335 lr 3e-04 (172s)
[15:24:45]   [cls-r2] ep15 1000/1455 loss 0.0336 lr 3e-04 (189s)
[15:25:01]   [cls-r2] ep15 1100/1455 loss 0.0337 lr 3e-04 (205s)
[15:25:18]   [cls-r2] ep15 1200/1455 loss 0.0338 lr 3e-04 (221s)
[15:25:35]   [cls-r2] ep15 1300/1455 loss 0.0338 lr 3e-04 (239s)
[15:25:53]   [cls-r2] ep15 1400/1455 loss 0.0339 lr 3e-04 (257s)
[15:26:02]   [cls-r2] ep15 1455/1455 loss 0.0340 lr 3e-04 (266s)
[15:26:14]   [cls-r2] Epoch 15 완료 | train L1 0.0340 | val argmax-MAE 9.55 | 개선없음 2/8
[15:26:32]   [cls-r2] ep16 100/1455 loss 0.0328 lr 3e-04 (17s)
[15:26:49]   [cls-r2] ep16 200/1455 loss 0.0324 lr 3e-04 (35s)
[15:27:07]   [cls-r2] ep16 300/1455 loss 0.0318 lr 3e-04 (53s)
[15:27:25]   [cls-r2] ep16 400/1455 loss 0.0314 lr 3e-04 (70s)
[15:27:43]   [cls-r2] ep16 500/1455 loss 0.0314 lr 3e-04 (89s)
[15:28:02]   [cls-r2] ep16 600/1455 loss 0.0322 lr 3e-04 (107s)
[15:28:20]   [cls-r2] ep16 700/1455 loss 0.0325 lr 3e-04 (125s)
[15:28:38]   [cls-r2] ep16 800/1455 loss 0.0328 lr 3e-04 (143s)
[15:28:55]   [cls-r2] ep16 900/1455 loss 0.0329 lr 3e-04 (160s)
[15:29:10]   [cls-r2] ep16 1000/1455 loss 0.0330 lr 3e-04 (176s)
[15:29:25]   [cls-r2] ep16 1100/1455 loss 0.0331 lr 3e-04 (191s)
[15:29:39]   [cls-r2] ep16 1200/1455 loss 0.0332 lr 3e-04 (205s)
[15:29:53]   [cls-r2] ep16 1300/1455 loss 0.0330 lr 3e-04 (218s)
[15:30:07]   [cls-r2] ep16 1400/1455 loss 0.0332 lr 3e-04 (232s)
[15:30:14]   [cls-r2] ep16 1455/1455 loss 0.0332 lr 3e-04 (240s)
[15:30:25]   [cls-r2] Epoch 16 완료 | train L1 0.0332 | val argmax-MAE 9.44 | 개선없음 3/8
[15:30:39]   [cls-r2] ep17 100/1455 loss 0.0312 lr 3e-04 (14s)
[15:30:53]   [cls-r2] ep17 200/1455 loss 0.0317 lr 3e-04 (28s)
[15:31:07]   [cls-r2] ep17 300/1455 loss 0.0327 lr 3e-04 (42s)
[15:31:25]   [cls-r2] ep17 400/1455 loss 0.0327 lr 3e-04 (59s)
[15:31:42]   [cls-r2] ep17 500/1455 loss 0.0327 lr 3e-04 (77s)
[15:31:59]   [cls-r2] ep17 600/1455 loss 0.0325 lr 3e-04 (94s)
[15:32:16]   [cls-r2] ep17 700/1455 loss 0.0325 lr 3e-04 (111s)
[15:32:33]   [cls-r2] ep17 800/1455 loss 0.0326 lr 3e-04 (128s)
[15:32:49]   [cls-r2] ep17 900/1455 loss 0.0325 lr 3e-04 (144s)
[15:33:06]   [cls-r2] ep17 1000/1455 loss 0.0325 lr 3e-04 (161s)
[15:33:22]   [cls-r2] ep17 1100/1455 loss 0.0325 lr 3e-04 (177s)
[15:33:39]   [cls-r2] ep17 1200/1455 loss 0.0325 lr 3e-04 (194s)
[15:33:55]   [cls-r2] ep17 1300/1455 loss 0.0326 lr 3e-04 (210s)
[15:34:12]   [cls-r2] ep17 1400/1455 loss 0.0325 lr 3e-04 (226s)
[15:34:21]   [cls-r2] ep17 1455/1455 loss 0.0325 lr 3e-04 (235s)
[15:34:33]   [cls-r2] Epoch 17 완료 | train L1 0.0325 | val argmax-MAE 9.56 | 개선없음 4/8
[15:34:50]   [cls-r2] ep18 100/1455 loss 0.0285 lr 3e-04 (17s)
[15:35:07]   [cls-r2] ep18 200/1455 loss 0.0288 lr 3e-04 (33s)
[15:35:23]   [cls-r2] ep18 300/1455 loss 0.0293 lr 3e-04 (50s)
[15:35:40]   [cls-r2] ep18 400/1455 loss 0.0301 lr 3e-04 (66s)
[15:35:57]   [cls-r2] ep18 500/1455 loss 0.0302 lr 3e-04 (83s)
[15:36:13]   [cls-r2] ep18 600/1455 loss 0.0303 lr 3e-04 (99s)
[15:36:29]   [cls-r2] ep18 700/1455 loss 0.0303 lr 3e-04 (116s)
[15:36:46]   [cls-r2] ep18 800/1455 loss 0.0305 lr 3e-04 (132s)
[15:37:02]   [cls-r2] ep18 900/1455 loss 0.0303 lr 3e-04 (149s)
[15:37:19]   [cls-r2] ep18 1000/1455 loss 0.0303 lr 3e-04 (165s)
[15:37:36]   [cls-r2] ep18 1100/1455 loss 0.0304 lr 3e-04 (182s)
[15:37:50]   [cls-r2] ep18 1200/1455 loss 0.0306 lr 3e-04 (197s)
[15:38:05]   [cls-r2] ep18 1300/1455 loss 0.0307 lr 3e-04 (211s)
[15:38:19]   [cls-r2] ep18 1400/1455 loss 0.0307 lr 3e-04 (225s)
[15:38:27]   [cls-r2] ep18 1455/1455 loss 0.0308 lr 3e-04 (233s)
[15:38:38]   [cls-r2] Epoch 18 완료 | train L1 0.0308 | val argmax-MAE 9.64 | 개선없음 5/8
[15:38:52]   [cls-r2] ep19 100/1455 loss 0.0279 lr 3e-04 (14s)
[15:39:07]   [cls-r2] ep19 200/1455 loss 0.0283 lr 3e-04 (29s)
[15:39:22]   [cls-r2] ep19 300/1455 loss 0.0282 lr 3e-04 (44s)
[15:39:36]   [cls-r2] ep19 400/1455 loss 0.0281 lr 3e-04 (58s)
[15:39:50]   [cls-r2] ep19 500/1455 loss 0.0285 lr 3e-04 (72s)
[15:40:05]   [cls-r2] ep19 600/1455 loss 0.0285 lr 3e-04 (87s)
[15:40:20]   [cls-r2] ep19 700/1455 loss 0.0284 lr 3e-04 (102s)
[15:40:35]   [cls-r2] ep19 800/1455 loss 0.0283 lr 3e-04 (117s)
[15:40:50]   [cls-r2] ep19 900/1455 loss 0.0284 lr 3e-04 (132s)
[15:41:05]   [cls-r2] ep19 1000/1455 loss 0.0284 lr 3e-04 (147s)
[15:41:19]   [cls-r2] ep19 1100/1455 loss 0.0286 lr 3e-04 (161s)
[15:41:33]   [cls-r2] ep19 1200/1455 loss 0.0287 lr 3e-04 (175s)
[15:41:47]   [cls-r2] ep19 1300/1455 loss 0.0287 lr 3e-04 (189s)
[15:42:01]   [cls-r2] ep19 1400/1455 loss 0.0289 lr 3e-04 (203s)
[15:42:09]   [cls-r2] ep19 1455/1455 loss 0.0290 lr 3e-04 (211s)
[15:42:20]   [cls-r2] Epoch 19 완료 | train L1 0.0290 | val argmax-MAE 9.17 | * best 저장 (9.17)
[15:42:34]   [cls-r2] ep20 100/1455 loss 0.0276 lr 3e-04 (14s)
[15:42:48]   [cls-r2] ep20 200/1455 loss 0.0275 lr 3e-04 (28s)
[15:43:02]   [cls-r2] ep20 300/1455 loss 0.0270 lr 3e-04 (42s)
[15:43:16]   [cls-r2] ep20 400/1455 loss 0.0271 lr 3e-04 (56s)
[15:43:33]   [cls-r2] ep20 500/1455 loss 0.0275 lr 3e-04 (73s)
[15:43:50]   [cls-r2] ep20 600/1455 loss 0.0275 lr 3e-04 (90s)
[15:44:07]   [cls-r2] ep20 700/1455 loss 0.0275 lr 3e-04 (107s)
[15:44:24]   [cls-r2] ep20 800/1455 loss 0.0277 lr 3e-04 (124s)
[15:44:41]   [cls-r2] ep20 900/1455 loss 0.0277 lr 3e-04 (141s)
[15:44:58]   [cls-r2] ep20 1000/1455 loss 0.0278 lr 3e-04 (158s)
[15:45:14]   [cls-r2] ep20 1100/1455 loss 0.0280 lr 3e-04 (174s)
[15:45:31]   [cls-r2] ep20 1200/1455 loss 0.0282 lr 3e-04 (191s)
[15:45:48]   [cls-r2] ep20 1300/1455 loss 0.0283 lr 3e-04 (208s)
[15:46:05]   [cls-r2] ep20 1400/1455 loss 0.0283 lr 3e-04 (225s)
[15:46:14]   [cls-r2] ep20 1455/1455 loss 0.0284 lr 3e-04 (234s)
[15:46:26]   [cls-r2] Epoch 20 완료 | train L1 0.0284 | val argmax-MAE 9.39 | 개선없음 1/8
[15:46:43]   [cls-r2] ep21 100/1455 loss 0.0262 lr 3e-04 (17s)
[15:47:00]   [cls-r2] ep21 200/1455 loss 0.0259 lr 3e-04 (34s)
[15:47:17]   [cls-r2] ep21 300/1455 loss 0.0258 lr 3e-04 (51s)
[15:47:33]   [cls-r2] ep21 400/1455 loss 0.0261 lr 3e-04 (67s)
[15:47:50]   [cls-r2] ep21 500/1455 loss 0.0262 lr 3e-04 (84s)
[15:48:07]   [cls-r2] ep21 600/1455 loss 0.0264 lr 3e-04 (101s)
[15:48:23]   [cls-r2] ep21 700/1455 loss 0.0266 lr 3e-04 (117s)
[15:48:37]   [cls-r2] ep21 800/1455 loss 0.0267 lr 3e-04 (130s)
[15:48:51]   [cls-r2] ep21 900/1455 loss 0.0270 lr 3e-04 (144s)
[15:49:05]   [cls-r2] ep21 1000/1455 loss 0.0273 lr 3e-04 (158s)
[15:49:18]   [cls-r2] ep21 1100/1455 loss 0.0272 lr 3e-04 (172s)
[15:49:32]   [cls-r2] ep21 1200/1455 loss 0.0273 lr 3e-04 (186s)
[15:49:46]   [cls-r2] ep21 1300/1455 loss 0.0272 lr 3e-04 (200s)
[15:50:00]   [cls-r2] ep21 1400/1455 loss 0.0271 lr 3e-04 (214s)
[15:50:08]   [cls-r2] ep21 1455/1455 loss 0.0272 lr 3e-04 (222s)
[15:50:20]   [cls-r2] Epoch 21 완료 | train L1 0.0272 | val argmax-MAE 10.07 | 개선없음 2/8
[15:50:36]   [cls-r2] ep22 100/1455 loss 0.0276 lr 3e-04 (16s)
[15:50:51]   [cls-r2] ep22 200/1455 loss 0.0274 lr 3e-04 (30s)
[15:51:06]   [cls-r2] ep22 300/1455 loss 0.0271 lr 3e-04 (45s)
[15:51:20]   [cls-r2] ep22 400/1455 loss 0.0265 lr 3e-04 (60s)
[15:51:34]   [cls-r2] ep22 500/1455 loss 0.0265 lr 3e-04 (73s)
[15:51:48]   [cls-r2] ep22 600/1455 loss 0.0265 lr 3e-04 (87s)
[15:52:01]   [cls-r2] ep22 700/1455 loss 0.0265 lr 3e-04 (100s)
[15:52:15]   [cls-r2] ep22 800/1455 loss 0.0266 lr 3e-04 (114s)
[15:52:29]   [cls-r2] ep22 900/1455 loss 0.0266 lr 3e-04 (128s)
[15:52:42]   [cls-r2] ep22 1000/1455 loss 0.0266 lr 3e-04 (142s)
[15:52:56]   [cls-r2] ep22 1100/1455 loss 0.0265 lr 3e-04 (156s)
[15:53:13]   [cls-r2] ep22 1200/1455 loss 0.0264 lr 3e-04 (172s)
[15:53:30]   [cls-r2] ep22 1300/1455 loss 0.0264 lr 3e-04 (189s)
[15:53:47]   [cls-r2] ep22 1400/1455 loss 0.0265 lr 3e-04 (207s)
[15:53:57]   [cls-r2] ep22 1455/1455 loss 0.0265 lr 3e-04 (216s)
[15:54:09]   [cls-r2] Epoch 22 완료 | train L1 0.0265 | val argmax-MAE 9.48 | 개선없음 3/8
[15:54:26]   [cls-r2] ep23 100/1455 loss 0.0272 lr 3e-04 (16s)
[15:54:43]   [cls-r2] ep23 200/1455 loss 0.0266 lr 3e-04 (33s)
[15:55:01]   [cls-r2] ep23 300/1455 loss 0.0266 lr 3e-04 (51s)
[15:55:18]   [cls-r2] ep23 400/1455 loss 0.0260 lr 3e-04 (68s)
[15:55:35]   [cls-r2] ep23 500/1455 loss 0.0261 lr 3e-04 (85s)
[15:55:52]   [cls-r2] ep23 600/1455 loss 0.0264 lr 3e-04 (102s)
[15:56:09]   [cls-r2] ep23 700/1455 loss 0.0263 lr 3e-04 (119s)
[15:56:26]   [cls-r2] ep23 800/1455 loss 0.0261 lr 3e-04 (136s)
[15:56:43]   [cls-r2] ep23 900/1455 loss 0.0261 lr 3e-04 (154s)
[15:57:01]   [cls-r2] ep23 1000/1455 loss 0.0260 lr 3e-04 (171s)
[15:57:18]   [cls-r2] ep23 1100/1455 loss 0.0261 lr 3e-04 (188s)
[15:57:35]   [cls-r2] ep23 1200/1455 loss 0.0260 lr 3e-04 (205s)
[15:57:50]   [cls-r2] ep23 1300/1455 loss 0.0260 lr 3e-04 (220s)
[15:58:04]   [cls-r2] ep23 1400/1455 loss 0.0261 lr 3e-04 (234s)
[15:58:11]   [cls-r2] ep23 1455/1455 loss 0.0260 lr 3e-04 (241s)
[15:58:22]   [cls-r2] Epoch 23 완료 | train L1 0.0260 | val argmax-MAE 9.47 | 개선없음 4/8
[15:58:36]   [cls-r2] ep24 100/1455 loss 0.0239 lr 3e-04 (14s)
[15:58:50]   [cls-r2] ep24 200/1455 loss 0.0248 lr 3e-04 (28s)
[15:59:04]   [cls-r2] ep24 300/1455 loss 0.0246 lr 3e-04 (42s)
[15:59:18]   [cls-r2] ep24 400/1455 loss 0.0250 lr 3e-04 (56s)
[15:59:33]   [cls-r2] ep24 500/1455 loss 0.0247 lr 3e-04 (71s)
[15:59:48]   [cls-r2] ep24 600/1455 loss 0.0245 lr 3e-04 (86s)
[16:00:04]   [cls-r2] ep24 700/1455 loss 0.0247 lr 3e-04 (102s)
[16:00:19]   [cls-r2] ep24 800/1455 loss 0.0244 lr 3e-04 (117s)
[16:00:34]   [cls-r2] ep24 900/1455 loss 0.0244 lr 3e-04 (131s)
[16:00:48]   [cls-r2] ep24 1000/1455 loss 0.0244 lr 3e-04 (146s)
[16:01:02]   [cls-r2] ep24 1100/1455 loss 0.0243 lr 3e-04 (160s)
[16:01:15]   [cls-r2] ep24 1200/1455 loss 0.0243 lr 3e-04 (173s)
[16:01:29]   [cls-r2] ep24 1300/1455 loss 0.0242 lr 3e-04 (187s)
[16:01:42]   [cls-r2] ep24 1400/1455 loss 0.0245 lr 3e-04 (200s)
[16:01:50]   [cls-r2] ep24 1455/1455 loss 0.0246 lr 3e-04 (208s)
[16:02:01]   [cls-r2] Epoch 24 완료 | train L1 0.0246 | val argmax-MAE 9.13 | 개선없음 5/8
[16:02:15]   [cls-r2] ep25 100/1455 loss 0.0239 lr 3e-04 (14s)
[16:02:29]   [cls-r2] ep25 200/1455 loss 0.0230 lr 3e-04 (28s)
[16:02:45]   [cls-r2] ep25 300/1455 loss 0.0235 lr 3e-04 (44s)
[16:03:01]   [cls-r2] ep25 400/1455 loss 0.0238 lr 3e-04 (60s)
[16:03:18]   [cls-r2] ep25 500/1455 loss 0.0246 lr 3e-04 (77s)
[16:03:35]   [cls-r2] ep25 600/1455 loss 0.0258 lr 3e-04 (94s)
[16:03:52]   [cls-r2] ep25 700/1455 loss 0.0259 lr 3e-04 (111s)
[16:04:08]   [cls-r2] ep25 800/1455 loss 0.0261 lr 3e-04 (127s)
[16:04:25]   [cls-r2] ep25 900/1455 loss 0.0261 lr 3e-04 (144s)
[16:04:42]   [cls-r2] ep25 1000/1455 loss 0.0259 lr 3e-04 (161s)
[16:04:59]   [cls-r2] ep25 1100/1455 loss 0.0258 lr 3e-04 (178s)
[16:05:16]   [cls-r2] ep25 1200/1455 loss 0.0256 lr 3e-04 (195s)
[16:05:33]   [cls-r2] ep25 1300/1455 loss 0.0256 lr 3e-04 (212s)
[16:05:50]   [cls-r2] ep25 1400/1455 loss 0.0257 lr 3e-04 (228s)
[16:05:59]   [cls-r2] ep25 1455/1455 loss 0.0257 lr 3e-04 (237s)
[16:06:11]   [cls-r2] Epoch 25 완료 | train L1 0.0257 | val argmax-MAE 9.50 | 개선없음 6/8
[16:06:28]   [cls-r2] ep26 100/1455 loss 0.0335 lr 3e-04 (17s)
[16:06:45]   [cls-r2] ep26 200/1455 loss 0.0316 lr 3e-04 (33s)
[16:07:02]   [cls-r2] ep26 300/1455 loss 0.0293 lr 3e-04 (50s)
[16:07:19]   [cls-r2] ep26 400/1455 loss 0.0280 lr 3e-04 (68s)
[16:07:36]   [cls-r2] ep26 500/1455 loss 0.0268 lr 3e-04 (84s)
[16:07:53]   [cls-r2] ep26 600/1455 loss 0.0263 lr 3e-04 (102s)
[16:08:09]   [cls-r2] ep26 700/1455 loss 0.0258 lr 3e-04 (117s)
[16:08:23]   [cls-r2] ep26 800/1455 loss 0.0255 lr 3e-04 (131s)
[16:08:37]   [cls-r2] ep26 900/1455 loss 0.0251 lr 3e-04 (145s)
[16:08:51]   [cls-r2] ep26 1000/1455 loss 0.0250 lr 3e-04 (159s)
[16:09:05]   [cls-r2] ep26 1100/1455 loss 0.0247 lr 3e-04 (173s)
[16:09:19]   [cls-r2] ep26 1200/1455 loss 0.0245 lr 3e-04 (187s)
[16:09:33]   [cls-r2] ep26 1300/1455 loss 0.0244 lr 3e-04 (201s)
[16:09:46]   [cls-r2] ep26 1400/1455 loss 0.0244 lr 3e-04 (214s)
[16:09:51]   [cls-r2] ep26 1455/1455 loss 0.0243 lr 3e-04 (220s)
[16:10:01]   [cls-r2] Epoch 26 완료 | train L1 0.0243 | val argmax-MAE 25.07 | 개선없음 7/8
[16:10:17]   [cls-r2] ep27 100/1455 loss 0.0211 lr 3e-04 (15s)
[16:10:32]   [cls-r2] ep27 200/1455 loss 0.0209 lr 3e-04 (30s)
[16:10:47]   [cls-r2] ep27 300/1455 loss 0.0212 lr 3e-04 (45s)
[16:11:02]   [cls-r2] ep27 400/1455 loss 0.0209 lr 3e-04 (60s)
[16:11:16]   [cls-r2] ep27 500/1455 loss 0.0209 lr 3e-04 (74s)
[16:11:29]   [cls-r2] ep27 600/1455 loss 0.0207 lr 3e-04 (88s)
[16:11:43]   [cls-r2] ep27 700/1455 loss 0.0207 lr 3e-04 (101s)
[16:11:56]   [cls-r2] ep27 800/1455 loss 0.0209 lr 3e-04 (114s)
[16:12:09]   [cls-r2] ep27 900/1455 loss 0.0209 lr 3e-04 (127s)
[16:12:19]   [cls-r2] ep27 1000/1455 loss 0.0209 lr 3e-04 (138s)
[16:12:29]   [cls-r2] ep27 1100/1455 loss 0.0211 lr 3e-04 (148s)
[16:12:41]   [cls-r2] ep27 1200/1455 loss 0.0212 lr 3e-04 (159s)
[16:12:54]   [cls-r2] ep27 1300/1455 loss 0.0214 lr 3e-04 (172s)
[16:13:07]   [cls-r2] ep27 1400/1455 loss 0.0216 lr 3e-04 (185s)
[16:13:15]   [cls-r2] ep27 1455/1455 loss 0.0216 lr 3e-04 (194s)
[16:13:28]   [cls-r2] Epoch 27 완료 | train L1 0.0216 | val argmax-MAE 9.70 | 개선없음 8/8
[16:13:28]   [cls-r2] 조기종료 | best argmax-MAE 9.17 @ epoch 19
[16:16:57]   [r2] train 1000/11643
[16:19:25]   [r2] train 2000/11643
[16:22:13]   [r2] train 3000/11643
[16:24:57]   [r2] train 4000/11643
[16:27:26]   [r2] train 5000/11643
[16:29:59]   [r2] train 6000/11643
[16:32:36]   [r2] train 7000/11643
[16:35:19]   [r2] train 8000/11643
[16:37:57]   [r2] train 9000/11643
[16:40:27]   [r2] train 10000/11643
[16:43:09]   [r2] train 11000/11643
[16:44:56] [r2:train] CAM 11643 | 마스크실패 0 | 파일없음 0
[16:47:37]   [r2] val 1000/1324
[16:48:31] [r2:val] CAM 1324 | 마스크실패 0 | 파일없음 0
[16:48:58] [r2:test] CAM 167 | 마스크실패 0 | 파일없음 0
[16:48:58] bbox 로그 저장: G:\Project\sinra_cho\checkpoints_attention_v6\roi_bboxes.csv
[16:48:58]   [r1] 박스 폭 중앙값 268px (48%) | 높이 중앙값 191px (34%)
[16:48:58]   [r2] 박스 폭 중앙값 132px (24%) | 높이 중앙값 119px (21%)
[16:48:58] R1/R2/E 캐시 완료
[16:49:01] [backbone] timm 'inception_v3' 로드 완료 (pretrained=False)
[16:49:01] [cls-gmp] feat (2048, 16, 16) -> FC 2048->240
[16:49:07] [backbone] timm 'inception_v3' 로드 완료 (pretrained=False)
[16:49:07] [cls-gmp] feat (2048, 16, 16) -> FC 2048->240
[16:49:10] [경고] QC 시트 생성 실패: 'r2'
[16:49:10] Phase II 정규화 div255 | 증강 OFF (논문 기준선)
[16:49:10] Phase II 설정: {'BACKBONE': 'xception', 'IMG_SIZE': 560, 'AGE_BINS': 240, 'GENDER_EMB_DIM': 32, 'HEAD_RELU': True, 'GENDER_RELU': True, 'LDL_DELTA': 15.0, 'LDL_LAMBDA': 0.5, 'AGG_CHANNELS': ['hand', 'r1', 'erased'], 'NORMALIZE': 'div255', 'USE_AUG': False, 'TAU_R1': 30, 'TAU_R2': 50, 'R2_METHOD': 'paper_erase', 'CLS_SIZE_REGION': 560, 'PRE': {'IMG_SIZE': 560, 'NORM_MODE': 'percentile', 'NORM_LO': 1.0, 'NORM_HI': 99.0, 'TOPHAT_MODE': 'add', 'TOPHAT_KFRAC': 0.1, 'TOPHAT_KSIZE': 0, 'TOPHAT_SHAPE': 'rect', 'TOPHAT_WEIGHT': 1.0, 'CLAHE_CLIP': 2.0, 'CLAHE_TILE': 8, 'SCALE_MODE': 'per_image', 'PAD_MODE': 'auto', 'PAD_BORDER_FRAC': 0.02, 'PAD_BORDER_PCTL': 25.0, 'PAD_ANCHOR': 'center'}, 'PRE_TAG': '560_np1-99_thadd-rect-f0.1-w1_c2t8_img_padauto', 'HAND_SOURCE': 'G:\\Project\\sinra_cho\\crop_data', 'BOX_CFG': {'r1': {'pad_x': 0.1, 'pad_y': 0.12, 'min_w': 0.48, 'min_h': 0.34}}, 'MERGE_COMPONENTS': True, 'BANDS': {'r1': {'x0': 0.12, 'y0': 0.52, 'x1': 0.88, 'y1': 0.98}}, 'CLAMP_TO_BAND': True, 'PAD_TO_SQUARE': True}
[16:49:10] 조기종료 | Phase I patience 8 | Phase II patience 15 (최소 65에폭 이후)
[16:49:10] 배치 수 | train 1455 | val 166 | test 21
[16:49:11] [backbone] timm 'legacy_xception' 로드 완료 (pretrained=True)
[16:49:11] [reg] backbone out (2048, 18, 18) -> z 6,400 | params 27.1M
[16:49:12] [LDL] loss = l_MAE + 0.5 * D_KL(G||p) | bins 240 | delta 15.0
[16:49:12] Phase II 새로 학습 시작
[16:50:37]   Epoch 001 100/1455 train_mae 22.42 kl 1.344 lr 3e-04 (85s)
[16:51:41]   Epoch 001 200/1455 train_mae 18.64 kl 1.152 lr 3e-04 (149s)
[16:52:46]   Epoch 001 300/1455 train_mae 16.57 kl 1.063 lr 3e-04 (213s)
[16:53:51]   Epoch 001 400/1455 train_mae 15.23 kl 0.986 lr 3e-04 (279s)
[16:54:56]   Epoch 001 500/1455 train_mae 14.33 kl 0.931 lr 3e-04 (344s)
[16:56:00]   Epoch 001 600/1455 train_mae 13.58 kl 0.886 lr 3e-04 (408s)
[16:57:12]   Epoch 001 700/1455 train_mae 13.00 kl 0.855 lr 3e-04 (479s)
[16:58:22]   Epoch 001 800/1455 train_mae 12.46 kl 0.822 lr 3e-04 (550s)
[16:59:30]   Epoch 001 900/1455 train_mae 12.11 kl 0.792 lr 3e-04 (617s)
[17:00:32]   Epoch 001 1000/1455 train_mae 11.76 kl 0.768 lr 3e-04 (680s)
[17:01:41]   Epoch 001 1100/1455 train_mae 11.45 kl 0.750 lr 3e-04 (748s)
[17:02:39]   Epoch 001 1200/1455 train_mae 11.21 kl 0.731 lr 3e-04 (807s)
[17:03:28]   Epoch 001 1300/1455 train_mae 11.01 kl 0.719 lr 3e-04 (855s)
[17:04:19]   Epoch 001 1400/1455 train_mae 10.83 kl 0.705 lr 3e-04 (906s)
[17:04:49]   Epoch 001 1455/1455 train_mae 10.74 kl 0.701 lr 3e-04 (936s)
[17:06:05] [Epoch 001 완료] train MAE 10.74 | val MAE 8.81 | val RMSE 11.26 | lr 3e-04 | * best 저장 (val MAE 8.81)
[17:06:41]   Epoch 002 100/1455 train_mae 7.67 kl 0.511 lr 3e-04 (36s)
[17:07:16]   Epoch 002 200/1455 train_mae 7.56 kl 0.515 lr 3e-04 (71s)
[17:07:51]   Epoch 002 300/1455 train_mae 7.80 kl 0.512 lr 3e-04 (106s)
[17:08:26]   Epoch 002 400/1455 train_mae 7.78 kl 0.512 lr 3e-04 (141s)
[17:09:05]   Epoch 002 500/1455 train_mae 7.80 kl 0.510 lr 3e-04 (179s)
[17:09:40]   Epoch 002 600/1455 train_mae 7.74 kl 0.504 lr 3e-04 (215s)
[17:10:15]   Epoch 002 700/1455 train_mae 7.63 kl 0.497 lr 3e-04 (249s)
[17:10:49]   Epoch 002 800/1455 train_mae 7.62 kl 0.495 lr 3e-04 (283s)
[17:11:24]   Epoch 002 900/1455 train_mae 7.52 kl 0.491 lr 3e-04 (318s)
[17:11:55]   Epoch 002 1000/1455 train_mae 7.47 kl 0.488 lr 3e-04 (349s)
[17:12:26]   Epoch 002 1100/1455 train_mae 7.46 kl 0.485 lr 3e-04 (380s)
[17:12:56]   Epoch 002 1200/1455 train_mae 7.50 kl 0.484 lr 3e-04 (411s)
[17:13:26]   Epoch 002 1300/1455 train_mae 7.46 kl 0.481 lr 3e-04 (441s)
[17:13:57]   Epoch 002 1400/1455 train_mae 7.44 kl 0.480 lr 3e-04 (472s)
[17:14:14]   Epoch 002 1455/1455 train_mae 7.44 kl 0.479 lr 3e-04 (489s)
[17:14:44] [Epoch 002 완료] train MAE 7.44 | val MAE 8.51 | val RMSE 11.49 | lr 3e-04 | * best 저장 (val MAE 8.51)
[17:15:15]   Epoch 003 100/1455 train_mae 6.36 kl 0.456 lr 3e-04 (30s)
[17:15:45]   Epoch 003 200/1455 train_mae 6.43 kl 0.455 lr 3e-04 (60s)
[17:16:18]   Epoch 003 300/1455 train_mae 6.48 kl 0.443 lr 3e-04 (93s)
[17:16:50]   Epoch 003 400/1455 train_mae 6.47 kl 0.436 lr 3e-04 (125s)
[17:17:20]   Epoch 003 500/1455 train_mae 6.49 kl 0.430 lr 3e-04 (155s)
[17:17:51]   Epoch 003 600/1455 train_mae 6.48 kl 0.425 lr 3e-04 (186s)
[17:18:23]   Epoch 003 700/1455 train_mae 6.51 kl 0.426 lr 3e-04 (218s)
[17:18:54]   Epoch 003 800/1455 train_mae 6.52 kl 0.425 lr 3e-04 (249s)
[17:19:25]   Epoch 003 900/1455 train_mae 6.52 kl 0.425 lr 3e-04 (280s)
[17:19:58]   Epoch 003 1000/1455 train_mae 6.54 kl 0.428 lr 3e-04 (313s)
[17:20:33]   Epoch 003 1100/1455 train_mae 6.58 kl 0.430 lr 3e-04 (348s)
[17:21:10]   Epoch 003 1200/1455 train_mae 6.57 kl 0.427 lr 3e-04 (385s)
[17:21:45]   Epoch 003 1300/1455 train_mae 6.59 kl 0.427 lr 3e-04 (420s)
[17:22:20]   Epoch 003 1400/1455 train_mae 6.61 kl 0.426 lr 3e-04 (455s)
[17:22:40]   Epoch 003 1455/1455 train_mae 6.59 kl 0.426 lr 3e-04 (475s)
[17:23:09] [Epoch 003 완료] train MAE 6.59 | val MAE 7.65 | val RMSE 10.24 | lr 3e-04 | * best 저장 (val MAE 7.65)
[17:23:45]   Epoch 004 100/1455 train_mae 5.52 kl 0.397 lr 3e-04 (35s)
[17:24:20]   Epoch 004 200/1455 train_mae 5.62 kl 0.399 lr 3e-04 (70s)
[17:24:55]   Epoch 004 300/1455 train_mae 5.67 kl 0.394 lr 3e-04 (105s)
[17:25:25]   Epoch 004 400/1455 train_mae 5.78 kl 0.397 lr 3e-04 (136s)
[17:25:56]   Epoch 004 500/1455 train_mae 5.82 kl 0.396 lr 3e-04 (167s)
[17:26:27]   Epoch 004 600/1455 train_mae 5.82 kl 0.399 lr 3e-04 (197s)
[17:26:57]   Epoch 004 700/1455 train_mae 5.82 kl 0.397 lr 3e-04 (227s)
[17:27:27]   Epoch 004 800/1455 train_mae 5.83 kl 0.398 lr 3e-04 (257s)
[17:27:58]   Epoch 004 900/1455 train_mae 5.84 kl 0.397 lr 3e-04 (288s)
[17:28:31]   Epoch 004 1000/1455 train_mae 5.84 kl 0.397 lr 3e-04 (321s)
[17:29:05]   Epoch 004 1100/1455 train_mae 5.86 kl 0.396 lr 3e-04 (355s)
[17:29:36]   Epoch 004 1200/1455 train_mae 5.86 kl 0.394 lr 3e-04 (386s)
[17:30:07]   Epoch 004 1300/1455 train_mae 5.87 kl 0.392 lr 3e-04 (417s)
[17:30:37]   Epoch 004 1400/1455 train_mae 5.89 kl 0.392 lr 3e-04 (447s)
[17:30:54]   Epoch 004 1455/1455 train_mae 5.90 kl 0.391 lr 3e-04 (464s)
[17:31:21] [Epoch 004 완료] train MAE 5.90 | val MAE 7.91 | val RMSE 10.49 | lr 3e-04 | 개선없음 1/15
[17:31:51]   Epoch 005 100/1455 train_mae 5.58 kl 0.359 lr 3e-04 (30s)
[17:32:23]   Epoch 005 200/1455 train_mae 5.51 kl 0.361 lr 3e-04 (62s)
[17:32:57]   Epoch 005 300/1455 train_mae 5.51 kl 0.364 lr 3e-04 (96s)
[17:33:34]   Epoch 005 400/1455 train_mae 5.50 kl 0.363 lr 3e-04 (132s)
[17:34:11]   Epoch 005 500/1455 train_mae 5.53 kl 0.359 lr 3e-04 (170s)
[17:34:46]   Epoch 005 600/1455 train_mae 5.55 kl 0.358 lr 3e-04 (205s)
[17:35:21]   Epoch 005 700/1455 train_mae 5.58 kl 0.363 lr 3e-04 (239s)
[17:35:58]   Epoch 005 800/1455 train_mae 5.53 kl 0.364 lr 3e-04 (277s)
[17:36:35]   Epoch 005 900/1455 train_mae 5.53 kl 0.363 lr 3e-04 (313s)
[17:37:13]   Epoch 005 1000/1455 train_mae 5.51 kl 0.361 lr 3e-04 (351s)
[17:37:48]   Epoch 005 1100/1455 train_mae 5.50 kl 0.360 lr 3e-04 (387s)
[17:38:23]   Epoch 005 1200/1455 train_mae 5.51 kl 0.360 lr 3e-04 (421s)
[17:38:59]   Epoch 005 1300/1455 train_mae 5.51 kl 0.359 lr 3e-04 (457s)
[17:39:34]   Epoch 005 1400/1455 train_mae 5.52 kl 0.358 lr 3e-04 (493s)
[17:39:54]   Epoch 005 1455/1455 train_mae 5.51 kl 0.359 lr 3e-04 (512s)
[17:40:31] [Epoch 005 완료] train MAE 5.51 | val MAE 8.06 | val RMSE 10.80 | lr 3e-04 | 개선없음 2/15
[17:41:08]   Epoch 006 100/1455 train_mae 4.77 kl 0.335 lr 3e-04 (36s)
[17:41:45]   Epoch 006 200/1455 train_mae 4.73 kl 0.333 lr 3e-04 (74s)
[17:42:25]   Epoch 006 300/1455 train_mae 4.69 kl 0.334 lr 3e-04 (113s)
[17:43:05]   Epoch 006 400/1455 train_mae 4.74 kl 0.330 lr 3e-04 (153s)
[17:43:46]   Epoch 006 500/1455 train_mae 4.74 kl 0.325 lr 3e-04 (194s)
[17:44:27]   Epoch 006 600/1455 train_mae 4.79 kl 0.328 lr 3e-04 (236s)
[17:45:09]   Epoch 006 700/1455 train_mae 4.81 kl 0.330 lr 3e-04 (278s)
[17:45:48]   Epoch 006 800/1455 train_mae 4.83 kl 0.331 lr 3e-04 (316s)
[17:46:27]   Epoch 006 900/1455 train_mae 4.83 kl 0.329 lr 3e-04 (355s)
[17:47:05]   Epoch 006 1000/1455 train_mae 4.85 kl 0.329 lr 3e-04 (394s)
[17:47:45]   Epoch 006 1100/1455 train_mae 4.84 kl 0.329 lr 3e-04 (433s)
[17:48:24]   Epoch 006 1200/1455 train_mae 4.87 kl 0.327 lr 3e-04 (473s)
[17:49:03]   Epoch 006 1300/1455 train_mae 4.89 kl 0.327 lr 3e-04 (511s)
[17:49:43]   Epoch 006 1400/1455 train_mae 4.91 kl 0.326 lr 3e-04 (551s)
[17:50:05]   Epoch 006 1455/1455 train_mae 4.92 kl 0.326 lr 3e-04 (574s)
[17:50:58] [Epoch 006 완료] train MAE 4.92 | val MAE 8.15 | val RMSE 10.69 | lr 3e-04 | 개선없음 3/15
[17:51:37]   Epoch 007 100/1455 train_mae 4.70 kl 0.325 lr 3e-04 (38s)
[17:52:15]   Epoch 007 200/1455 train_mae 4.61 kl 0.314 lr 3e-04 (76s)
[17:52:53]   Epoch 007 300/1455 train_mae 4.57 kl 0.314 lr 3e-04 (114s)
[17:53:31]   Epoch 007 400/1455 train_mae 4.57 kl 0.315 lr 3e-04 (153s)
[17:54:07]   Epoch 007 500/1455 train_mae 4.57 kl 0.315 lr 3e-04 (188s)
[17:54:44]   Epoch 007 600/1455 train_mae 4.57 kl 0.316 lr 3e-04 (225s)
[17:55:20]   Epoch 007 700/1455 train_mae 4.53 kl 0.316 lr 3e-04 (261s)
[17:55:47]   Epoch 007 800/1455 train_mae 4.51 kl 0.314 lr 3e-04 (288s)
[17:56:13]   Epoch 007 900/1455 train_mae 4.50 kl 0.311 lr 3e-04 (315s)
[17:56:39]   Epoch 007 1000/1455 train_mae 4.47 kl 0.310 lr 3e-04 (341s)
[17:57:06]   Epoch 007 1100/1455 train_mae 4.48 kl 0.311 lr 3e-04 (367s)
[17:57:33]   Epoch 007 1200/1455 train_mae 4.46 kl 0.310 lr 3e-04 (394s)
[17:57:56]   Epoch 007 1300/1455 train_mae 4.47 kl 0.308 lr 3e-04 (418s)
[17:58:19]   Epoch 007 1400/1455 train_mae 4.48 kl 0.306 lr 3e-04 (440s)
[17:58:31]   Epoch 007 1455/1455 train_mae 4.47 kl 0.304 lr 3e-04 (453s)
[17:58:54] [Epoch 007 완료] train MAE 4.47 | val MAE 7.84 | val RMSE 10.35 | lr 3e-04 | 개선없음 4/15
[17:59:16]   Epoch 008 100/1455 train_mae 3.96 kl 0.265 lr 3e-04 (21s)
[17:59:38]   Epoch 008 200/1455 train_mae 4.01 kl 0.267 lr 3e-04 (43s)
[18:00:02]   Epoch 008 300/1455 train_mae 4.11 kl 0.269 lr 3e-04 (67s)
[18:00:26]   Epoch 008 400/1455 train_mae 4.08 kl 0.271 lr 3e-04 (91s)
[18:00:50]   Epoch 008 500/1455 train_mae 4.02 kl 0.270 lr 3e-04 (115s)
[18:01:15]   Epoch 008 600/1455 train_mae 4.01 kl 0.272 lr 3e-04 (140s)
[18:01:38]   Epoch 008 700/1455 train_mae 4.05 kl 0.274 lr 3e-04 (163s)
[18:02:01]   Epoch 008 800/1455 train_mae 4.05 kl 0.275 lr 3e-04 (186s)
[18:02:24]   Epoch 008 900/1455 train_mae 4.05 kl 0.274 lr 3e-04 (209s)
[18:02:45]   Epoch 008 1000/1455 train_mae 4.06 kl 0.275 lr 3e-04 (230s)
[18:03:07]   Epoch 008 1100/1455 train_mae 4.07 kl 0.276 lr 3e-04 (252s)
[18:03:33]   Epoch 008 1200/1455 train_mae 4.09 kl 0.275 lr 3e-04 (278s)
[18:04:00]   Epoch 008 1300/1455 train_mae 4.13 kl 0.277 lr 3e-04 (305s)
[18:04:27]   Epoch 008 1400/1455 train_mae 4.14 kl 0.276 lr 3e-04 (332s)
[18:04:43]   Epoch 008 1455/1455 train_mae 4.14 kl 0.276 lr 3e-04 (348s)
[18:05:08] [Epoch 008 완료] train MAE 4.14 | val MAE 8.20 | val RMSE 10.95 | lr 3e-04 | 개선없음 5/15
[18:05:34]   Epoch 009 100/1455 train_mae 3.71 kl 0.256 lr 3e-04 (25s)
[18:05:59]   Epoch 009 200/1455 train_mae 3.67 kl 0.253 lr 3e-04 (51s)
[18:06:24]   Epoch 009 300/1455 train_mae 3.70 kl 0.257 lr 3e-04 (75s)
[18:06:50]   Epoch 009 400/1455 train_mae 3.76 kl 0.262 lr 3e-04 (101s)
[18:07:16]   Epoch 009 500/1455 train_mae 3.77 kl 0.264 lr 3e-04 (127s)
[18:07:43]   Epoch 009 600/1455 train_mae 3.76 kl 0.262 lr 3e-04 (154s)
[18:08:10]   Epoch 009 700/1455 train_mae 3.78 kl 0.263 lr 3e-04 (182s)
[18:08:36]   Epoch 009 800/1455 train_mae 3.75 kl 0.262 lr 3e-04 (208s)
[18:09:03]   Epoch 009 900/1455 train_mae 3.75 kl 0.263 lr 3e-04 (234s)
[18:09:30]   Epoch 009 1000/1455 train_mae 3.79 kl 0.263 lr 3e-04 (261s)
[18:09:55]   Epoch 009 1100/1455 train_mae 3.80 kl 0.265 lr 3e-04 (286s)
[18:10:20]   Epoch 009 1200/1455 train_mae 3.81 kl 0.264 lr 3e-04 (311s)
[18:10:42]   Epoch 009 1300/1455 train_mae 3.82 kl 0.264 lr 3e-04 (334s)
[18:11:05]   Epoch 009 1400/1455 train_mae 3.82 kl 0.263 lr 3e-04 (356s)
[18:11:17]   Epoch 009 1455/1455 train_mae 3.83 kl 0.263 lr 3e-04 (369s)
[18:11:41] [Epoch 009 완료] train MAE 3.83 | val MAE 7.90 | val RMSE 10.44 | lr 3e-04 | 개선없음 6/15
[18:12:03]   Epoch 010 100/1455 train_mae 3.68 kl 0.254 lr 3e-04 (22s)
[18:12:27]   Epoch 010 200/1455 train_mae 3.65 kl 0.255 lr 3e-04 (46s)
[18:12:52]   Epoch 010 300/1455 train_mae 3.68 kl 0.251 lr 3e-04 (71s)
[18:13:14]   Epoch 010 400/1455 train_mae 3.67 kl 0.250 lr 3e-04 (93s)
[18:13:36]   Epoch 010 500/1455 train_mae 3.66 kl 0.248 lr 3e-04 (115s)
[18:13:59]   Epoch 010 600/1455 train_mae 3.66 kl 0.248 lr 3e-04 (138s)
[18:14:21]   Epoch 010 700/1455 train_mae 3.64 kl 0.250 lr 3e-04 (160s)
[18:14:44]   Epoch 010 800/1455 train_mae 3.62 kl 0.250 lr 3e-04 (183s)
[18:15:11]   Epoch 010 900/1455 train_mae 3.63 kl 0.250 lr 3e-04 (210s)
[18:15:40]   Epoch 010 1000/1455 train_mae 3.61 kl 0.249 lr 3e-04 (239s)
[18:16:08]   Epoch 010 1100/1455 train_mae 3.60 kl 0.247 lr 3e-04 (267s)
[18:16:34]   Epoch 010 1200/1455 train_mae 3.61 kl 0.245 lr 3e-04 (293s)
[18:17:03]   Epoch 010 1300/1455 train_mae 3.61 kl 0.244 lr 3e-04 (322s)
[18:17:31]   Epoch 010 1400/1455 train_mae 3.61 kl 0.244 lr 3e-04 (350s)
[18:17:47]   Epoch 010 1455/1455 train_mae 3.62 kl 0.244 lr 3e-04 (366s)
[18:18:13] [Epoch 010 완료] train MAE 3.62 | val MAE 7.93 | val RMSE 10.42 | lr 3e-04 | 개선없음 7/15
[18:18:40]   Epoch 011 100/1455 train_mae 3.59 kl 0.224 lr 3e-04 (27s)
[18:19:08]   Epoch 011 200/1455 train_mae 3.39 kl 0.222 lr 3e-04 (54s)
[18:19:34]   Epoch 011 300/1455 train_mae 3.44 kl 0.226 lr 3e-04 (80s)
[18:19:56]   Epoch 011 400/1455 train_mae 3.43 kl 0.226 lr 3e-04 (103s)
[18:20:17]   Epoch 011 500/1455 train_mae 3.45 kl 0.228 lr 3e-04 (124s)
[18:20:40]   Epoch 011 600/1455 train_mae 3.44 kl 0.228 lr 3e-04 (147s)
[18:21:02]   Epoch 011 700/1455 train_mae 3.45 kl 0.228 lr 3e-04 (169s)
[18:21:26]   Epoch 011 800/1455 train_mae 3.43 kl 0.228 lr 3e-04 (193s)
[18:21:51]   Epoch 011 900/1455 train_mae 3.42 kl 0.227 lr 3e-04 (217s)
[18:22:17]   Epoch 011 1000/1455 train_mae 3.41 kl 0.226 lr 3e-04 (244s)
[18:22:42]   Epoch 011 1100/1455 train_mae 3.39 kl 0.226 lr 3e-04 (268s)
[18:23:05]   Epoch 011 1200/1455 train_mae 3.36 kl 0.224 lr 3e-04 (291s)
[18:23:26]   Epoch 011 1300/1455 train_mae 3.37 kl 0.224 lr 3e-04 (313s)
[18:23:48]   Epoch 011 1400/1455 train_mae 3.36 kl 0.224 lr 3e-04 (335s)
[18:24:01]   Epoch 011 1455/1455 train_mae 3.36 kl 0.224 lr 3e-04 (348s)
[18:24:24] [Epoch 011 완료] train MAE 3.36 | val MAE 7.98 | val RMSE 10.62 | lr 3e-04 | 개선없음 8/15
[18:24:49]   Epoch 012 100/1455 train_mae 3.38 kl 0.217 lr 3e-04 (24s)
[18:25:15]   Epoch 012 200/1455 train_mae 3.36 kl 0.223 lr 3e-04 (50s)
[18:25:43]   Epoch 012 300/1455 train_mae 3.32 kl 0.218 lr 3e-04 (78s)
[18:26:09]   Epoch 012 400/1455 train_mae 3.29 kl 0.218 lr 3e-04 (105s)
[18:26:36]   Epoch 012 500/1455 train_mae 3.26 kl 0.216 lr 3e-04 (131s)
[18:27:03]   Epoch 012 600/1455 train_mae 3.25 kl 0.216 lr 3e-04 (158s)
[18:27:29]   Epoch 012 700/1455 train_mae 3.23 kl 0.219 lr 3e-04 (184s)
[18:27:57]   Epoch 012 800/1455 train_mae 3.23 kl 0.219 lr 3e-04 (213s)
[18:28:25]   Epoch 012 900/1455 train_mae 3.20 kl 0.217 lr 3e-04 (240s)
[18:28:52]   Epoch 012 1000/1455 train_mae 3.20 kl 0.216 lr 3e-04 (268s)
[18:29:20]   Epoch 012 1100/1455 train_mae 3.21 kl 0.216 lr 3e-04 (295s)
[18:29:46]   Epoch 012 1200/1455 train_mae 3.20 kl 0.215 lr 3e-04 (322s)
[18:30:14]   Epoch 012 1300/1455 train_mae 3.19 kl 0.214 lr 3e-04 (349s)
[18:30:40]   Epoch 012 1400/1455 train_mae 3.18 kl 0.214 lr 3e-04 (375s)
[18:30:54]   Epoch 012 1455/1455 train_mae 3.18 kl 0.213 lr 3e-04 (390s)
[18:31:20] [Epoch 012 완료] train MAE 3.18 | val MAE 7.78 | val RMSE 10.23 | lr 3e-04 | 개선없음 9/15
[18:31:48]   Epoch 013 100/1455 train_mae 3.19 kl 0.208 lr 3e-04 (27s)
[18:32:11]   Epoch 013 200/1455 train_mae 3.07 kl 0.203 lr 3e-04 (50s)
[18:32:34]   Epoch 013 300/1455 train_mae 3.06 kl 0.204 lr 3e-04 (73s)
[18:32:57]   Epoch 013 400/1455 train_mae 3.05 kl 0.205 lr 3e-04 (95s)
[18:33:19]   Epoch 013 500/1455 train_mae 3.05 kl 0.203 lr 3e-04 (118s)
[18:33:42]   Epoch 013 600/1455 train_mae 3.05 kl 0.202 lr 3e-04 (141s)
[18:34:06]   Epoch 013 700/1455 train_mae 3.05 kl 0.203 lr 3e-04 (165s)
[18:34:30]   Epoch 013 800/1455 train_mae 3.04 kl 0.203 lr 3e-04 (189s)
[18:34:56]   Epoch 013 900/1455 train_mae 3.04 kl 0.203 lr 3e-04 (215s)
[18:35:19]   Epoch 013 1000/1455 train_mae 3.03 kl 0.202 lr 3e-04 (237s)
[18:35:41]   Epoch 013 1100/1455 train_mae 3.02 kl 0.201 lr 3e-04 (260s)
[18:36:04]   Epoch 013 1200/1455 train_mae 3.02 kl 0.202 lr 3e-04 (283s)
[18:36:27]   Epoch 013 1300/1455 train_mae 3.02 kl 0.202 lr 3e-04 (305s)
[18:36:49]   Epoch 013 1400/1455 train_mae 3.01 kl 0.203 lr 3e-04 (328s)
[18:37:02]   Epoch 013 1455/1455 train_mae 3.02 kl 0.203 lr 3e-04 (341s)
[18:37:28] [Epoch 013 완료] train MAE 3.02 | val MAE 7.87 | val RMSE 10.50 | lr 3e-04 | 개선없음 10/15
[18:37:56]   Epoch 014 100/1455 train_mae 3.18 kl 0.208 lr 3e-04 (28s)
[18:38:21]   Epoch 014 200/1455 train_mae 2.96 kl 0.203 lr 3e-04 (53s)
[18:38:48]   Epoch 014 300/1455 train_mae 2.96 kl 0.201 lr 3e-04 (79s)
[18:39:15]   Epoch 014 400/1455 train_mae 2.98 kl 0.200 lr 3e-04 (107s)
[18:39:44]   Epoch 014 500/1455 train_mae 2.97 kl 0.200 lr 3e-04 (136s)
[18:40:13]   Epoch 014 600/1455 train_mae 2.93 kl 0.198 lr 3e-04 (164s)
[18:40:41]   Epoch 014 700/1455 train_mae 2.92 kl 0.196 lr 3e-04 (192s)
[18:41:08]   Epoch 014 800/1455 train_mae 2.91 kl 0.195 lr 3e-04 (219s)
[18:41:35]   Epoch 014 900/1455 train_mae 2.94 kl 0.196 lr 3e-04 (246s)
[18:42:01]   Epoch 014 1000/1455 train_mae 2.95 kl 0.196 lr 3e-04 (273s)
[18:42:27]   Epoch 014 1100/1455 train_mae 2.94 kl 0.196 lr 3e-04 (299s)
[18:42:55]   Epoch 014 1200/1455 train_mae 2.95 kl 0.196 lr 3e-04 (327s)
[18:43:18]   Epoch 014 1300/1455 train_mae 2.96 kl 0.196 lr 3e-04 (350s)
[18:43:41]   Epoch 014 1400/1455 train_mae 2.94 kl 0.196 lr 3e-04 (373s)
[18:43:54]   Epoch 014 1455/1455 train_mae 2.93 kl 0.195 lr 3e-04 (386s)
[18:44:17] [Epoch 014 완료] train MAE 2.93 | val MAE 7.94 | val RMSE 10.53 | lr 3e-04 | 개선없음 11/15
[18:44:38]   Epoch 015 100/1455 train_mae 2.84 kl 0.182 lr 3e-04 (20s)
[18:44:58]   Epoch 015 200/1455 train_mae 2.92 kl 0.184 lr 3e-04 (40s)
[18:45:19]   Epoch 015 300/1455 train_mae 2.86 kl 0.182 lr 3e-04 (61s)
[18:45:37]   Epoch 015 400/1455 train_mae 2.84 kl 0.183 lr 3e-04 (79s)
[18:45:56]   Epoch 015 500/1455 train_mae 2.85 kl 0.182 lr 3e-04 (98s)
[18:46:14]   Epoch 015 600/1455 train_mae 2.84 kl 0.184 lr 3e-04 (116s)
[18:46:33]   Epoch 015 700/1455 train_mae 2.83 kl 0.184 lr 3e-04 (135s)
[18:46:51]   Epoch 015 800/1455 train_mae 2.82 kl 0.184 lr 3e-04 (153s)
[18:47:13]   Epoch 015 900/1455 train_mae 2.82 kl 0.184 lr 3e-04 (175s)
[18:47:36]   Epoch 015 1000/1455 train_mae 2.81 kl 0.184 lr 3e-04 (198s)
[18:47:58]   Epoch 015 1100/1455 train_mae 2.80 kl 0.184 lr 3e-04 (220s)
[18:48:20]   Epoch 015 1200/1455 train_mae 2.79 kl 0.184 lr 3e-04 (242s)
[18:48:43]   Epoch 015 1300/1455 train_mae 2.80 kl 0.184 lr 3e-04 (265s)
[18:49:05]   Epoch 015 1400/1455 train_mae 2.78 kl 0.184 lr 3e-04 (287s)
[18:49:18]   Epoch 015 1455/1455 train_mae 2.78 kl 0.184 lr 3e-04 (300s)
[18:49:42] [Epoch 015 완료] train MAE 2.78 | val MAE 7.85 | val RMSE 10.49 | lr 3e-04 | 개선없음 12/15
[18:50:03]   Epoch 016 100/1455 train_mae 2.98 kl 0.175 lr 3e-04 (21s)
[18:50:26]   Epoch 016 200/1455 train_mae 2.84 kl 0.175 lr 3e-04 (44s)
[18:50:47]   Epoch 016 300/1455 train_mae 2.77 kl 0.176 lr 3e-04 (65s)
[18:51:09]   Epoch 016 400/1455 train_mae 2.80 kl 0.180 lr 3e-04 (87s)
[18:51:31]   Epoch 016 500/1455 train_mae 2.78 kl 0.179 lr 3e-04 (109s)
[18:51:49]   Epoch 016 600/1455 train_mae 2.75 kl 0.177 lr 3e-04 (127s)
[18:52:07]   Epoch 016 700/1455 train_mae 2.72 kl 0.178 lr 3e-04 (145s)
[18:52:25]   Epoch 016 800/1455 train_mae 2.70 kl 0.177 lr 3e-04 (163s)
[18:52:44]   Epoch 016 900/1455 train_mae 2.69 kl 0.177 lr 3e-04 (182s)
[18:53:03]   Epoch 016 1000/1455 train_mae 2.69 kl 0.177 lr 3e-04 (201s)
[18:53:33]   Epoch 016 1100/1455 train_mae 2.69 kl 0.177 lr 3e-04 (231s)
[18:54:06]   Epoch 016 1200/1455 train_mae 2.67 kl 0.176 lr 3e-04 (264s)
[18:54:36]   Epoch 016 1300/1455 train_mae 2.67 kl 0.177 lr 3e-04 (294s)
[18:55:06]   Epoch 016 1400/1455 train_mae 2.67 kl 0.177 lr 3e-04 (324s)
[18:55:22]   Epoch 016 1455/1455 train_mae 2.68 kl 0.177 lr 3e-04 (340s)
[18:55:50] [Epoch 016 완료] train MAE 2.68 | val MAE 7.71 | val RMSE 10.25 | lr 3e-04 | 개선없음 13/15
[18:56:20]   Epoch 017 100/1455 train_mae 2.72 kl 0.174 lr 3e-04 (29s)
[18:56:40]   Epoch 017 200/1455 train_mae 2.64 kl 0.174 lr 3e-04 (49s)
[18:57:11]   Epoch 017 300/1455 train_mae 2.60 kl 0.170 lr 3e-04 (80s)
[18:57:47]   Epoch 017 400/1455 train_mae 2.58 kl 0.170 lr 3e-04 (116s)
[18:58:22]   Epoch 017 500/1455 train_mae 2.59 kl 0.171 lr 3e-04 (151s)
[18:58:57]   Epoch 017 600/1455 train_mae 2.60 kl 0.170 lr 3e-04 (186s)
[18:59:33]   Epoch 017 700/1455 train_mae 2.62 kl 0.171 lr 3e-04 (222s)
[19:00:07]   Epoch 017 800/1455 train_mae 2.59 kl 0.171 lr 3e-04 (256s)
[19:00:43]   Epoch 017 900/1455 train_mae 2.57 kl 0.171 lr 3e-04 (292s)
[19:01:11]   Epoch 017 1000/1455 train_mae 2.60 kl 0.172 lr 3e-04 (320s)
[19:01:38]   Epoch 017 1100/1455 train_mae 2.59 kl 0.171 lr 3e-04 (347s)
[19:02:08]   Epoch 017 1200/1455 train_mae 2.60 kl 0.171 lr 3e-04 (377s)
[19:02:36]   Epoch 017 1300/1455 train_mae 2.59 kl 0.170 lr 3e-04 (405s)
[19:03:09]   Epoch 017 1400/1455 train_mae 2.58 kl 0.170 lr 3e-04 (438s)
[19:03:27]   Epoch 017 1455/1455 train_mae 2.57 kl 0.170 lr 3e-04 (456s)
[19:03:57] [Epoch 017 완료] train MAE 2.57 | val MAE 7.75 | val RMSE 10.23 | lr 3e-04 | 개선없음 14/15
[19:04:26]   Epoch 018 100/1455 train_mae 2.70 kl 0.163 lr 3e-04 (28s)
[19:04:56]   Epoch 018 200/1455 train_mae 2.59 kl 0.160 lr 3e-04 (58s)
[19:05:25]   Epoch 018 300/1455 train_mae 2.60 kl 0.159 lr 3e-04 (87s)
[19:06:20]   Epoch 018 400/1455 train_mae 2.56 kl 0.160 lr 3e-04 (142s)
[19:06:55]   Epoch 018 500/1455 train_mae 2.53 kl 0.160 lr 3e-04 (177s)
[19:07:33]   Epoch 018 600/1455 train_mae 2.56 kl 0.161 lr 3e-04 (215s)
[19:08:09]   Epoch 018 700/1455 train_mae 2.55 kl 0.163 lr 3e-04 (251s)
[19:08:47]   Epoch 018 800/1455 train_mae 2.54 kl 0.162 lr 3e-04 (289s)
[19:09:22]   Epoch 018 900/1455 train_mae 2.53 kl 0.161 lr 3e-04 (324s)
[19:09:57]   Epoch 018 1000/1455 train_mae 2.51 kl 0.161 lr 3e-04 (359s)
[19:10:33]   Epoch 018 1100/1455 train_mae 2.53 kl 0.161 lr 3e-04 (395s)
[19:11:02]   Epoch 018 1200/1455 train_mae 2.51 kl 0.160 lr 3e-04 (424s)
[19:11:32]   Epoch 018 1300/1455 train_mae 2.50 kl 0.160 lr 3e-04 (454s)
[19:12:02]   Epoch 018 1400/1455 train_mae 2.49 kl 0.159 lr 3e-04 (484s)
[19:12:18]   Epoch 018 1455/1455 train_mae 2.49 kl 0.159 lr 3e-04 (500s)
[19:12:51] [Epoch 018 완료] train MAE 2.49 | val MAE 7.49 | val RMSE 10.04 | lr 3e-04 | * best 저장 (val MAE 7.49)
[19:13:25]   Epoch 019 100/1455 train_mae 2.67 kl 0.151 lr 3e-04 (33s)
[19:13:58]   Epoch 019 200/1455 train_mae 2.59 kl 0.155 lr 3e-04 (67s)
[19:14:27]   Epoch 019 300/1455 train_mae 2.55 kl 0.158 lr 3e-04 (95s)
[19:14:57]   Epoch 019 400/1455 train_mae 2.53 kl 0.159 lr 3e-04 (126s)
[19:15:26]   Epoch 019 500/1455 train_mae 2.52 kl 0.159 lr 3e-04 (155s)
[19:15:55]   Epoch 019 600/1455 train_mae 2.51 kl 0.159 lr 3e-04 (184s)
[19:16:27]   Epoch 019 700/1455 train_mae 2.50 kl 0.158 lr 3e-04 (216s)
[19:17:03]   Epoch 019 800/1455 train_mae 2.47 kl 0.158 lr 3e-04 (251s)
[19:17:38]   Epoch 019 900/1455 train_mae 2.46 kl 0.157 lr 3e-04 (287s)
[19:18:14]   Epoch 019 1000/1455 train_mae 2.45 kl 0.157 lr 3e-04 (322s)
[19:18:49]   Epoch 019 1100/1455 train_mae 2.44 kl 0.157 lr 3e-04 (358s)
[19:19:24]   Epoch 019 1200/1455 train_mae 2.45 kl 0.157 lr 3e-04 (393s)
[19:20:00]   Epoch 019 1300/1455 train_mae 2.45 kl 0.158 lr 3e-04 (428s)
[19:20:35]   Epoch 019 1400/1455 train_mae 2.43 kl 0.157 lr 3e-04 (463s)
[19:20:53]   Epoch 019 1455/1455 train_mae 2.43 kl 0.157 lr 3e-04 (481s)
[19:21:23] [Epoch 019 완료] train MAE 2.43 | val MAE 7.71 | val RMSE 10.18 | lr 3e-04 | 개선없음 1/15
[19:21:53]   Epoch 020 100/1455 train_mae 2.52 kl 0.159 lr 3e-04 (29s)
[19:22:23]   Epoch 020 200/1455 train_mae 2.49 kl 0.155 lr 3e-04 (59s)
[19:22:52]   Epoch 020 300/1455 train_mae 2.47 kl 0.154 lr 3e-04 (88s)
[19:23:25]   Epoch 020 400/1455 train_mae 2.44 kl 0.154 lr 3e-04 (121s)
[19:23:58]   Epoch 020 500/1455 train_mae 2.46 kl 0.154 lr 3e-04 (154s)
[19:24:29]   Epoch 020 600/1455 train_mae 2.45 kl 0.154 lr 3e-04 (185s)
[19:24:58]   Epoch 020 700/1455 train_mae 2.43 kl 0.154 lr 3e-04 (214s)
[19:25:27]   Epoch 020 800/1455 train_mae 2.43 kl 0.153 lr 3e-04 (243s)
[19:25:56]   Epoch 020 900/1455 train_mae 2.43 kl 0.152 lr 3e-04 (272s)
[19:26:25]   Epoch 020 1000/1455 train_mae 2.41 kl 0.152 lr 3e-04 (302s)
[19:26:58]   Epoch 020 1100/1455 train_mae 2.40 kl 0.152 lr 3e-04 (335s)
[19:27:33]   Epoch 020 1200/1455 train_mae 2.39 kl 0.152 lr 3e-04 (369s)
[19:28:08]   Epoch 020 1300/1455 train_mae 2.39 kl 0.151 lr 3e-04 (404s)
[19:28:43]   Epoch 020 1400/1455 train_mae 2.37 kl 0.151 lr 3e-04 (439s)
[19:29:03]   Epoch 020 1455/1455 train_mae 2.36 kl 0.151 lr 3e-04 (459s)
[19:29:36] [Epoch 020 완료] train MAE 2.36 | val MAE 7.63 | val RMSE 10.02 | lr 3e-04 | 개선없음 2/15
[19:30:12]   Epoch 021 100/1455 train_mae 2.54 kl 0.142 lr 3e-04 (36s)
[19:30:47]   Epoch 021 200/1455 train_mae 2.51 kl 0.144 lr 3e-04 (71s)
[19:31:22]   Epoch 021 300/1455 train_mae 2.43 kl 0.144 lr 3e-04 (105s)
[19:31:51]   Epoch 021 400/1455 train_mae 2.42 kl 0.145 lr 3e-04 (135s)
[19:32:20]   Epoch 021 500/1455 train_mae 2.39 kl 0.144 lr 3e-04 (163s)
[19:32:49]   Epoch 021 600/1455 train_mae 2.37 kl 0.145 lr 3e-04 (192s)
[19:33:17]   Epoch 021 700/1455 train_mae 2.37 kl 0.145 lr 3e-04 (221s)
[19:33:46]   Epoch 021 800/1455 train_mae 2.36 kl 0.146 lr 3e-04 (250s)
[19:34:16]   Epoch 021 900/1455 train_mae 2.34 kl 0.145 lr 3e-04 (279s)
[19:34:44]   Epoch 021 1000/1455 train_mae 2.33 kl 0.145 lr 3e-04 (308s)
[19:35:14]   Epoch 021 1100/1455 train_mae 2.32 kl 0.146 lr 3e-04 (338s)
[19:35:43]   Epoch 021 1200/1455 train_mae 2.32 kl 0.146 lr 3e-04 (367s)
[19:36:13]   Epoch 021 1300/1455 train_mae 2.31 kl 0.146 lr 3e-04 (397s)
[19:36:42]   Epoch 021 1400/1455 train_mae 2.30 kl 0.146 lr 3e-04 (426s)
[19:36:59]   Epoch 021 1455/1455 train_mae 2.30 kl 0.146 lr 3e-04 (442s)
[19:37:30] [Epoch 021 완료] train MAE 2.30 | val MAE 7.60 | val RMSE 10.10 | lr 3e-04 | 개선없음 3/15
[19:37:59]   Epoch 022 100/1455 train_mae 2.42 kl 0.139 lr 3e-04 (28s)
[19:38:28]   Epoch 022 200/1455 train_mae 2.39 kl 0.138 lr 3e-04 (58s)
[19:38:56]   Epoch 022 300/1455 train_mae 2.40 kl 0.141 lr 3e-04 (86s)
[19:39:26]   Epoch 022 400/1455 train_mae 2.35 kl 0.144 lr 3e-04 (116s)
[19:39:56]   Epoch 022 500/1455 train_mae 2.33 kl 0.144 lr 3e-04 (145s)
[19:40:25]   Epoch 022 600/1455 train_mae 2.29 kl 0.144 lr 3e-04 (175s)
[19:40:54]   Epoch 022 700/1455 train_mae 2.28 kl 0.143 lr 3e-04 (203s)
[19:41:23]   Epoch 022 800/1455 train_mae 2.29 kl 0.144 lr 3e-04 (233s)
[19:41:52]   Epoch 022 900/1455 train_mae 2.28 kl 0.143 lr 3e-04 (261s)
[19:42:21]   Epoch 022 1000/1455 train_mae 2.26 kl 0.143 lr 3e-04 (291s)
[19:42:51]   Epoch 022 1100/1455 train_mae 2.26 kl 0.143 lr 3e-04 (321s)
[19:43:21]   Epoch 022 1200/1455 train_mae 2.25 kl 0.143 lr 3e-04 (351s)
[19:43:51]   Epoch 022 1300/1455 train_mae 2.24 kl 0.143 lr 3e-04 (381s)
[19:44:21]   Epoch 022 1400/1455 train_mae 2.23 kl 0.143 lr 3e-04 (410s)
[19:44:37]   Epoch 022 1455/1455 train_mae 2.23 kl 0.143 lr 3e-04 (427s)
[19:45:07] [Epoch 022 완료] train MAE 2.23 | val MAE 7.66 | val RMSE 10.27 | lr 3e-04 | 개선없음 4/15
[19:45:36]   Epoch 023 100/1455 train_mae 2.20 kl 0.131 lr 3e-04 (29s)
[19:46:07]   Epoch 023 200/1455 train_mae 2.32 kl 0.135 lr 3e-04 (60s)
[19:46:36]   Epoch 023 300/1455 train_mae 2.29 kl 0.135 lr 3e-04 (89s)
[19:47:06]   Epoch 023 400/1455 train_mae 2.27 kl 0.137 lr 3e-04 (118s)
[19:47:34]   Epoch 023 500/1455 train_mae 2.25 kl 0.136 lr 3e-04 (147s)
[19:48:04]   Epoch 023 600/1455 train_mae 2.22 kl 0.137 lr 3e-04 (176s)
[19:48:32]   Epoch 023 700/1455 train_mae 2.20 kl 0.137 lr 3e-04 (205s)
[19:49:02]   Epoch 023 800/1455 train_mae 2.19 kl 0.137 lr 3e-04 (235s)
[19:49:31]   Epoch 023 900/1455 train_mae 2.18 kl 0.137 lr 3e-04 (264s)
[19:50:01]   Epoch 023 1000/1455 train_mae 2.17 kl 0.138 lr 3e-04 (294s)
[19:50:30]   Epoch 023 1100/1455 train_mae 2.17 kl 0.139 lr 3e-04 (323s)
[19:51:01]   Epoch 023 1200/1455 train_mae 2.17 kl 0.139 lr 3e-04 (353s)
[19:51:31]   Epoch 023 1300/1455 train_mae 2.18 kl 0.139 lr 3e-04 (383s)
[19:52:00]   Epoch 023 1400/1455 train_mae 2.17 kl 0.139 lr 3e-04 (413s)
[19:52:17]   Epoch 023 1455/1455 train_mae 2.17 kl 0.139 lr 3e-04 (430s)
[19:52:46] [Epoch 023 완료] train MAE 2.17 | val MAE 7.72 | val RMSE 10.24 | lr 3e-04 | 개선없음 5/15
[19:53:14]   Epoch 024 100/1455 train_mae 2.31 kl 0.141 lr 3e-04 (28s)
[19:53:47]   Epoch 024 200/1455 train_mae 2.29 kl 0.141 lr 3e-04 (60s)
[19:54:22]   Epoch 024 300/1455 train_mae 2.29 kl 0.141 lr 3e-04 (95s)
[19:54:55]   Epoch 024 400/1455 train_mae 2.24 kl 0.138 lr 3e-04 (129s)
[19:55:30]   Epoch 024 500/1455 train_mae 2.22 kl 0.137 lr 3e-04 (164s)
[19:56:02]   Epoch 024 600/1455 train_mae 2.18 kl 0.136 lr 3e-04 (196s)
[19:56:39]   Epoch 024 700/1455 train_mae 2.18 kl 0.136 lr 3e-04 (233s)
[19:57:14]   Epoch 024 800/1455 train_mae 2.15 kl 0.135 lr 3e-04 (268s)
[19:57:52]   Epoch 024 900/1455 train_mae 2.14 kl 0.134 lr 3e-04 (305s)
[19:58:28]   Epoch 024 1000/1455 train_mae 2.13 kl 0.133 lr 3e-04 (342s)
[19:59:01]   Epoch 024 1100/1455 train_mae 2.12 kl 0.133 lr 3e-04 (375s)
[19:59:38]   Epoch 024 1200/1455 train_mae 2.12 kl 0.133 lr 3e-04 (411s)
[20:00:11]   Epoch 024 1300/1455 train_mae 2.12 kl 0.133 lr 3e-04 (445s)
[20:00:50]   Epoch 024 1400/1455 train_mae 2.12 kl 0.132 lr 3e-04 (483s)
[20:01:07]   Epoch 024 1455/1455 train_mae 2.11 kl 0.132 lr 3e-04 (501s)
[20:01:48] [Epoch 024 완료] train MAE 2.11 | val MAE 7.65 | val RMSE 10.16 | lr 3e-04 | 개선없음 6/15
[20:02:23]   Epoch 025 100/1455 train_mae 2.26 kl 0.126 lr 3e-04 (34s)
[20:03:00]   Epoch 025 200/1455 train_mae 2.21 kl 0.124 lr 3e-04 (71s)
[20:03:32]   Epoch 025 300/1455 train_mae 2.15 kl 0.125 lr 3e-04 (103s)
[20:04:04]   Epoch 025 400/1455 train_mae 2.12 kl 0.127 lr 3e-04 (135s)
[20:04:25]   Epoch 025 500/1455 train_mae 2.13 kl 0.128 lr 3e-04 (156s)
[20:04:45]   Epoch 025 600/1455 train_mae 2.10 kl 0.129 lr 3e-04 (176s)
[20:05:05]   Epoch 025 700/1455 train_mae 2.09 kl 0.129 lr 3e-04 (196s)
[20:05:25]   Epoch 025 800/1455 train_mae 2.08 kl 0.129 lr 3e-04 (216s)
[20:05:46]   Epoch 025 900/1455 train_mae 2.07 kl 0.129 lr 3e-04 (237s)
[20:06:06]   Epoch 025 1000/1455 train_mae 2.07 kl 0.129 lr 3e-04 (257s)
[20:06:27]   Epoch 025 1100/1455 train_mae 2.07 kl 0.128 lr 3e-04 (278s)
[20:06:48]   Epoch 025 1200/1455 train_mae 2.07 kl 0.129 lr 3e-04 (299s)
[20:07:10]   Epoch 025 1300/1455 train_mae 2.06 kl 0.129 lr 3e-04 (321s)
[20:07:30]   Epoch 025 1400/1455 train_mae 2.07 kl 0.129 lr 3e-04 (341s)
[20:07:42]   Epoch 025 1455/1455 train_mae 2.06 kl 0.129 lr 3e-04 (353s)
[20:08:05] [Epoch 025 완료] train MAE 2.06 | val MAE 7.64 | val RMSE 10.18 | lr 3e-04 | 개선없음 7/15
[20:08:25]   Epoch 026 100/1455 train_mae 2.36 kl 0.137 lr 3e-04 (19s)
[20:08:44]   Epoch 026 200/1455 train_mae 2.25 kl 0.137 lr 3e-04 (39s)
[20:09:04]   Epoch 026 300/1455 train_mae 2.20 kl 0.135 lr 3e-04 (59s)
[20:09:26]   Epoch 026 400/1455 train_mae 2.17 kl 0.135 lr 3e-04 (80s)
[20:09:56]   Epoch 026 500/1455 train_mae 2.13 kl 0.133 lr 3e-04 (111s)
[20:10:34]   Epoch 026 600/1455 train_mae 2.10 kl 0.131 lr 3e-04 (148s)
[20:11:09]   Epoch 026 700/1455 train_mae 2.08 kl 0.131 lr 3e-04 (184s)
[20:11:44]   Epoch 026 800/1455 train_mae 2.06 kl 0.130 lr 3e-04 (218s)
[20:12:21]   Epoch 026 900/1455 train_mae 2.06 kl 0.129 lr 3e-04 (256s)
[20:12:55]   Epoch 026 1000/1455 train_mae 2.05 kl 0.129 lr 3e-04 (290s)
[20:13:19]   Epoch 026 1100/1455 train_mae 2.06 kl 0.130 lr 3e-04 (313s)
[20:13:44]   Epoch 026 1200/1455 train_mae 2.06 kl 0.131 lr 3e-04 (339s)
[20:14:21]   Epoch 026 1300/1455 train_mae 2.04 kl 0.130 lr 3e-04 (376s)
[20:14:54]   Epoch 026 1400/1455 train_mae 2.03 kl 0.130 lr 3e-04 (408s)
[20:15:13]   Epoch 026 1455/1455 train_mae 2.04 kl 0.130 lr 3e-04 (427s)
[20:15:53] [Epoch 026 완료] train MAE 2.04 | val MAE 7.64 | val RMSE 10.12 | lr 3e-04 | 개선없음 8/15
[20:16:31]   Epoch 027 100/1455 train_mae 2.18 kl 0.122 lr 3e-04 (37s)
[20:17:04]   Epoch 027 200/1455 train_mae 2.15 kl 0.121 lr 3e-04 (71s)
[20:17:41]   Epoch 027 300/1455 train_mae 2.14 kl 0.127 lr 3e-04 (108s)
[20:18:14]   Epoch 027 400/1455 train_mae 2.10 kl 0.126 lr 3e-04 (140s)
[20:18:51]   Epoch 027 500/1455 train_mae 2.07 kl 0.124 lr 3e-04 (178s)
[20:19:29]   Epoch 027 600/1455 train_mae 2.04 kl 0.123 lr 3e-04 (216s)
[20:20:07]   Epoch 027 700/1455 train_mae 2.04 kl 0.123 lr 3e-04 (254s)
[20:20:51]   Epoch 027 800/1455 train_mae 2.01 kl 0.123 lr 3e-04 (297s)
[20:21:25]   Epoch 027 900/1455 train_mae 2.00 kl 0.123 lr 3e-04 (332s)
[20:22:06]   Epoch 027 1000/1455 train_mae 1.99 kl 0.123 lr 3e-04 (372s)
[20:22:40]   Epoch 027 1100/1455 train_mae 1.98 kl 0.122 lr 3e-04 (406s)
[20:23:17]   Epoch 027 1200/1455 train_mae 1.97 kl 0.122 lr 3e-04 (443s)
[20:23:51]   Epoch 027 1300/1455 train_mae 1.97 kl 0.122 lr 3e-04 (477s)
[20:24:27]   Epoch 027 1400/1455 train_mae 1.98 kl 0.122 lr 3e-04 (514s)
[20:24:48]   Epoch 027 1455/1455 train_mae 1.97 kl 0.122 lr 3e-04 (534s)
[20:25:29] [Epoch 027 완료] train MAE 1.97 | val MAE 7.51 | val RMSE 9.98 | lr 3e-04 | 개선없음 9/15
[20:26:08]   Epoch 028 100/1455 train_mae 2.04 kl 0.108 lr 3e-04 (38s)
[20:26:43]   Epoch 028 200/1455 train_mae 1.95 kl 0.116 lr 3e-04 (73s)
[20:27:25]   Epoch 028 300/1455 train_mae 1.96 kl 0.116 lr 3e-04 (116s)
[20:27:59]   Epoch 028 400/1455 train_mae 1.97 kl 0.117 lr 3e-04 (149s)
[20:28:36]   Epoch 028 500/1455 train_mae 1.96 kl 0.119 lr 3e-04 (186s)
[20:29:14]   Epoch 028 600/1455 train_mae 1.97 kl 0.119 lr 3e-04 (224s)
[20:29:46]   Epoch 028 700/1455 train_mae 1.95 kl 0.119 lr 3e-04 (256s)
[20:30:21]   Epoch 028 800/1455 train_mae 1.93 kl 0.119 lr 3e-04 (291s)
[20:30:56]   Epoch 028 900/1455 train_mae 1.93 kl 0.118 lr 3e-04 (327s)
[20:31:34]   Epoch 028 1000/1455 train_mae 1.92 kl 0.118 lr 3e-04 (364s)
[20:32:08]   Epoch 028 1100/1455 train_mae 1.91 kl 0.119 lr 3e-04 (398s)
[20:32:44]   Epoch 028 1200/1455 train_mae 1.91 kl 0.120 lr 3e-04 (434s)
[20:33:17]   Epoch 028 1300/1455 train_mae 1.91 kl 0.119 lr 3e-04 (468s)
[20:33:53]   Epoch 028 1400/1455 train_mae 1.91 kl 0.119 lr 3e-04 (504s)
[20:34:13]   Epoch 028 1455/1455 train_mae 1.91 kl 0.119 lr 3e-04 (523s)
[20:34:54] [Epoch 028 완료] train MAE 1.91 | val MAE 7.63 | val RMSE 10.32 | lr 3e-04 | 개선없음 10/15
[20:35:29]   Epoch 029 100/1455 train_mae 2.02 kl 0.120 lr 3e-04 (34s)
[20:36:04]   Epoch 029 200/1455 train_mae 2.06 kl 0.122 lr 3e-04 (69s)
[20:36:38]   Epoch 029 300/1455 train_mae 2.04 kl 0.119 lr 3e-04 (103s)
[20:37:12]   Epoch 029 400/1455 train_mae 2.00 kl 0.116 lr 3e-04 (137s)
[20:37:48]   Epoch 029 500/1455 train_mae 1.97 kl 0.115 lr 3e-04 (174s)
[20:38:23]   Epoch 029 600/1455 train_mae 1.96 kl 0.115 lr 3e-04 (209s)
[20:39:03]   Epoch 029 700/1455 train_mae 1.95 kl 0.116 lr 3e-04 (248s)
[20:39:41]   Epoch 029 800/1455 train_mae 1.93 kl 0.116 lr 3e-04 (286s)
[20:40:16]   Epoch 029 900/1455 train_mae 1.93 kl 0.116 lr 3e-04 (322s)
[20:40:54]   Epoch 029 1000/1455 train_mae 1.92 kl 0.116 lr 3e-04 (360s)
[20:41:29]   Epoch 029 1100/1455 train_mae 1.93 kl 0.117 lr 3e-04 (394s)
[20:42:06]   Epoch 029 1200/1455 train_mae 1.91 kl 0.115 lr 3e-04 (431s)
[20:42:41]   Epoch 029 1300/1455 train_mae 1.90 kl 0.115 lr 3e-04 (467s)
[20:43:22]   Epoch 029 1400/1455 train_mae 1.89 kl 0.115 lr 3e-04 (508s)
[20:43:40]   Epoch 029 1455/1455 train_mae 1.89 kl 0.114 lr 3e-04 (526s)
[20:44:19] [Epoch 029 완료] train MAE 1.89 | val MAE 7.66 | val RMSE 10.20 | lr 3e-04 | 개선없음 11/15
[20:44:55]   Epoch 030 100/1455 train_mae 1.99 kl 0.114 lr 3e-04 (36s)
[20:45:30]   Epoch 030 200/1455 train_mae 1.97 kl 0.112 lr 3e-04 (71s)
[20:46:05]   Epoch 030 300/1455 train_mae 1.95 kl 0.112 lr 3e-04 (105s)
[20:46:41]   Epoch 030 400/1455 train_mae 1.91 kl 0.110 lr 3e-04 (142s)
[20:47:18]   Epoch 030 500/1455 train_mae 1.89 kl 0.110 lr 3e-04 (179s)
[20:47:54]   Epoch 030 600/1455 train_mae 1.88 kl 0.110 lr 3e-04 (214s)
[20:48:31]   Epoch 030 700/1455 train_mae 1.87 kl 0.110 lr 3e-04 (252s)
[20:49:11]   Epoch 030 800/1455 train_mae 1.86 kl 0.110 lr 3e-04 (291s)
[20:49:47]   Epoch 030 900/1455 train_mae 1.86 kl 0.109 lr 3e-04 (327s)
[20:50:24]   Epoch 030 1000/1455 train_mae 1.85 kl 0.110 lr 3e-04 (365s)
[20:51:02]   Epoch 030 1100/1455 train_mae 1.85 kl 0.110 lr 3e-04 (403s)
[20:51:40]   Epoch 030 1200/1455 train_mae 1.84 kl 0.110 lr 3e-04 (441s)
[20:52:16]   Epoch 030 1300/1455 train_mae 1.83 kl 0.110 lr 3e-04 (477s)
[20:52:56]   Epoch 030 1400/1455 train_mae 1.83 kl 0.110 lr 3e-04 (516s)
[20:53:17]   Epoch 030 1455/1455 train_mae 1.83 kl 0.110 lr 3e-04 (537s)
[20:53:58] [Epoch 030 완료] train MAE 1.83 | val MAE 7.81 | val RMSE 10.40 | lr 3e-04 | 개선없음 12/15
[20:54:38]   Epoch 031 100/1455 train_mae 2.02 kl 0.114 lr 3e-04 (39s)
[20:55:12]   Epoch 031 200/1455 train_mae 1.95 kl 0.114 lr 3e-04 (74s)
[20:55:52]   Epoch 031 300/1455 train_mae 1.88 kl 0.113 lr 3e-04 (113s)
[20:56:29]   Epoch 031 400/1455 train_mae 1.89 kl 0.112 lr 3e-04 (150s)
[20:57:08]   Epoch 031 500/1455 train_mae 1.86 kl 0.110 lr 3e-04 (189s)
[20:57:47]   Epoch 031 600/1455 train_mae 1.85 kl 0.109 lr 3e-04 (228s)
[20:58:23]   Epoch 031 700/1455 train_mae 1.84 kl 0.108 lr 3e-04 (264s)
[20:59:04]   Epoch 031 800/1455 train_mae 1.83 kl 0.109 lr 3e-04 (305s)
[20:59:37]   Epoch 031 900/1455 train_mae 1.82 kl 0.109 lr 3e-04 (338s)
[21:00:13]   Epoch 031 1000/1455 train_mae 1.81 kl 0.109 lr 3e-04 (374s)
[21:00:48]   Epoch 031 1100/1455 train_mae 1.81 kl 0.109 lr 3e-04 (409s)
[21:01:23]   Epoch 031 1200/1455 train_mae 1.81 kl 0.110 lr 3e-04 (444s)
[21:02:01]   Epoch 031 1300/1455 train_mae 1.80 kl 0.110 lr 3e-04 (482s)
[21:02:33]   Epoch 031 1400/1455 train_mae 1.80 kl 0.109 lr 3e-04 (515s)
[21:02:52]   Epoch 031 1455/1455 train_mae 1.80 kl 0.109 lr 3e-04 (534s)
[21:03:31] [Epoch 031 완료] train MAE 1.80 | val MAE 7.57 | val RMSE 10.14 | lr 3e-04 | 개선없음 13/15
[21:04:10]   Epoch 032 100/1455 train_mae 1.90 kl 0.109 lr 3e-04 (38s)
[21:04:44]   Epoch 032 200/1455 train_mae 1.84 kl 0.112 lr 3e-04 (72s)
[21:05:21]   Epoch 032 300/1455 train_mae 1.87 kl 0.113 lr 3e-04 (109s)
[21:05:57]   Epoch 032 400/1455 train_mae 1.85 kl 0.112 lr 3e-04 (146s)
[21:06:35]   Epoch 032 500/1455 train_mae 1.81 kl 0.111 lr 3e-04 (183s)
[21:07:10]   Epoch 032 600/1455 train_mae 1.79 kl 0.111 lr 3e-04 (218s)
[21:08:36]   Epoch 032 700/1455 train_mae 1.79 kl 0.111 lr 3e-04 (305s)
[21:10:03]   Epoch 032 800/1455 train_mae 1.79 kl 0.110 lr 3e-04 (392s)
[21:11:34]   Epoch 032 900/1455 train_mae 1.79 kl 0.111 lr 3e-04 (483s)
[21:12:58]   Epoch 032 1000/1455 train_mae 1.78 kl 0.110 lr 3e-04 (566s)
[21:14:18]   Epoch 032 1100/1455 train_mae 1.77 kl 0.110 lr 3e-04 (647s)
[21:15:41]   Epoch 032 1200/1455 train_mae 1.77 kl 0.110 lr 3e-04 (730s)
[21:17:04]   Epoch 032 1300/1455 train_mae 1.76 kl 0.109 lr 3e-04 (813s)
[21:18:25]   Epoch 032 1400/1455 train_mae 1.75 kl 0.109 lr 3e-04 (893s)
[21:18:54]   Epoch 032 1455/1455 train_mae 1.75 kl 0.108 lr 3e-04 (922s)
[21:19:59] [Epoch 032 완료] train MAE 1.75 | val MAE 7.69 | val RMSE 10.22 | lr 3e-04 | 개선없음 14/15
[21:20:31]   Epoch 033 100/1455 train_mae 1.88 kl 0.101 lr 3e-04 (32s)
[21:21:03]   Epoch 033 200/1455 train_mae 1.82 kl 0.105 lr 3e-04 (64s)
[21:21:34]   Epoch 033 300/1455 train_mae 1.80 kl 0.105 lr 3e-04 (95s)
[21:22:07]   Epoch 033 400/1455 train_mae 1.79 kl 0.105 lr 3e-04 (128s)
[21:22:39]   Epoch 033 500/1455 train_mae 1.75 kl 0.106 lr 3e-04 (160s)
[21:23:12]   Epoch 033 600/1455 train_mae 1.73 kl 0.106 lr 3e-04 (193s)
[21:23:44]   Epoch 033 700/1455 train_mae 1.72 kl 0.107 lr 3e-04 (224s)
[21:24:18]   Epoch 033 800/1455 train_mae 1.72 kl 0.107 lr 3e-04 (259s)
[21:24:49]   Epoch 033 900/1455 train_mae 1.71 kl 0.107 lr 3e-04 (290s)
[21:25:21]   Epoch 033 1000/1455 train_mae 1.72 kl 0.107 lr 3e-04 (321s)
[21:25:52]   Epoch 033 1100/1455 train_mae 1.71 kl 0.108 lr 3e-04 (352s)
[21:26:23]   Epoch 033 1200/1455 train_mae 1.70 kl 0.108 lr 3e-04 (383s)
[21:26:53]   Epoch 033 1300/1455 train_mae 1.69 kl 0.107 lr 3e-04 (414s)
[21:27:25]   Epoch 033 1400/1455 train_mae 1.69 kl 0.107 lr 3e-04 (446s)
[21:27:43]   Epoch 033 1455/1455 train_mae 1.69 kl 0.107 lr 3e-04 (464s)
[21:28:06] [Epoch 033 완료] train MAE 1.69 | val MAE 7.65 | val RMSE 10.18 | lr 3e-04 | 개선없음 15/15
[21:28:26]   Epoch 034 100/1455 train_mae 1.76 kl 0.102 lr 3e-04 (20s)
[21:28:46]   Epoch 034 200/1455 train_mae 1.72 kl 0.105 lr 3e-04 (40s)
[21:29:07]   Epoch 034 300/1455 train_mae 1.72 kl 0.108 lr 3e-04 (61s)
[21:29:29]   Epoch 034 400/1455 train_mae 1.72 kl 0.108 lr 3e-04 (83s)
[21:29:50]   Epoch 034 500/1455 train_mae 1.71 kl 0.108 lr 3e-04 (103s)
[21:30:11]   Epoch 034 600/1455 train_mae 1.71 kl 0.107 lr 3e-04 (124s)
[21:30:32]   Epoch 034 700/1455 train_mae 1.70 kl 0.107 lr 3e-04 (146s)
[21:30:54]   Epoch 034 800/1455 train_mae 1.69 kl 0.107 lr 3e-04 (168s)
[21:31:15]   Epoch 034 900/1455 train_mae 1.68 kl 0.107 lr 3e-04 (189s)
[21:31:39]   Epoch 034 1000/1455 train_mae 1.68 kl 0.106 lr 3e-04 (213s)
[21:32:00]   Epoch 034 1100/1455 train_mae 1.67 kl 0.106 lr 3e-04 (234s)
[21:32:21]   Epoch 034 1200/1455 train_mae 1.67 kl 0.105 lr 3e-04 (255s)
[21:32:43]   Epoch 034 1300/1455 train_mae 1.68 kl 0.105 lr 3e-04 (277s)
[21:33:04]   Epoch 034 1400/1455 train_mae 1.67 kl 0.105 lr 3e-04 (298s)
[21:33:16]   Epoch 034 1455/1455 train_mae 1.67 kl 0.105 lr 3e-04 (310s)
[21:33:40] [Epoch 034 완료] train MAE 1.67 | val MAE 7.58 | val RMSE 10.21 | lr 3e-04 | 개선없음 16/15
[21:34:00]   Epoch 035 100/1455 train_mae 1.78 kl 0.102 lr 3e-04 (19s)
[21:34:20]   Epoch 035 200/1455 train_mae 1.74 kl 0.105 lr 3e-04 (40s)
[21:34:41]   Epoch 035 300/1455 train_mae 1.69 kl 0.104 lr 3e-04 (61s)
[21:35:02]   Epoch 035 400/1455 train_mae 1.68 kl 0.103 lr 3e-04 (82s)
[21:35:22]   Epoch 035 500/1455 train_mae 1.69 kl 0.102 lr 3e-04 (102s)
[21:35:43]   Epoch 035 600/1455 train_mae 1.68 kl 0.102 lr 3e-04 (123s)
[21:36:04]   Epoch 035 700/1455 train_mae 1.67 kl 0.101 lr 3e-04 (144s)
[21:36:25]   Epoch 035 800/1455 train_mae 1.68 kl 0.102 lr 3e-04 (165s)
[21:36:47]   Epoch 035 900/1455 train_mae 1.68 kl 0.102 lr 3e-04 (187s)
[21:37:08]   Epoch 035 1000/1455 train_mae 1.67 kl 0.101 lr 3e-04 (208s)
[21:37:29]   Epoch 035 1100/1455 train_mae 1.66 kl 0.101 lr 3e-04 (229s)
[21:37:50]   Epoch 035 1200/1455 train_mae 1.66 kl 0.101 lr 3e-04 (250s)
[21:38:11]   Epoch 035 1300/1455 train_mae 1.65 kl 0.101 lr 3e-04 (271s)
[21:38:33]   Epoch 035 1400/1455 train_mae 1.65 kl 0.101 lr 3e-04 (292s)
[21:38:44]   Epoch 035 1455/1455 train_mae 1.65 kl 0.101 lr 3e-04 (304s)
[21:39:07] [Epoch 035 완료] train MAE 1.65 | val MAE 7.55 | val RMSE 10.08 | lr 3e-04 | 개선없음 17/15
[21:39:28]   Epoch 036 100/1455 train_mae 1.69 kl 0.097 lr 3e-04 (20s)
[21:39:48]   Epoch 036 200/1455 train_mae 1.72 kl 0.099 lr 3e-04 (40s)
[21:40:07]   Epoch 036 300/1455 train_mae 1.71 kl 0.099 lr 3e-04 (59s)
[21:40:26]   Epoch 036 400/1455 train_mae 1.70 kl 0.098 lr 3e-04 (78s)
[21:40:46]   Epoch 036 500/1455 train_mae 1.67 kl 0.099 lr 3e-04 (98s)
[21:41:06]   Epoch 036 600/1455 train_mae 1.65 kl 0.099 lr 3e-04 (118s)
[21:41:25]   Epoch 036 700/1455 train_mae 1.64 kl 0.098 lr 3e-04 (137s)
[21:41:45]   Epoch 036 800/1455 train_mae 1.63 kl 0.098 lr 3e-04 (157s)
[21:42:07]   Epoch 036 900/1455 train_mae 1.62 kl 0.098 lr 3e-04 (179s)
[21:42:26]   Epoch 036 1000/1455 train_mae 1.61 kl 0.099 lr 3e-04 (198s)
[21:42:45]   Epoch 036 1100/1455 train_mae 1.62 kl 0.098 lr 3e-04 (217s)
[21:43:05]   Epoch 036 1200/1455 train_mae 1.61 kl 0.099 lr 3e-04 (237s)
[21:43:23]   Epoch 036 1300/1455 train_mae 1.62 kl 0.100 lr 3e-04 (255s)
[21:43:43]   Epoch 036 1400/1455 train_mae 1.61 kl 0.099 lr 3e-04 (275s)
[21:43:53]   Epoch 036 1455/1455 train_mae 1.61 kl 0.099 lr 3e-04 (285s)
[21:44:16] [Epoch 036 완료] train MAE 1.61 | val MAE 7.57 | val RMSE 10.14 | lr 3e-04 | 개선없음 18/15
[21:44:34]   Epoch 037 100/1455 train_mae 1.55 kl 0.102 lr 3e-04 (18s)
[21:44:53]   Epoch 037 200/1455 train_mae 1.65 kl 0.101 lr 3e-04 (37s)
[21:45:13]   Epoch 037 300/1455 train_mae 1.69 kl 0.102 lr 3e-04 (57s)
[21:45:34]   Epoch 037 400/1455 train_mae 1.68 kl 0.101 lr 3e-04 (77s)
[21:45:54]   Epoch 037 500/1455 train_mae 1.65 kl 0.100 lr 3e-04 (98s)
[21:46:15]   Epoch 037 600/1455 train_mae 1.62 kl 0.101 lr 3e-04 (119s)
[21:46:37]   Epoch 037 700/1455 train_mae 1.60 kl 0.100 lr 3e-04 (141s)
[21:46:59]   Epoch 037 800/1455 train_mae 1.58 kl 0.100 lr 3e-04 (163s)
[21:47:22]   Epoch 037 900/1455 train_mae 1.57 kl 0.100 lr 3e-04 (185s)
[21:47:43]   Epoch 037 1000/1455 train_mae 1.57 kl 0.100 lr 3e-04 (207s)
[21:48:05]   Epoch 037 1100/1455 train_mae 1.56 kl 0.100 lr 3e-04 (229s)
[21:48:27]   Epoch 037 1200/1455 train_mae 1.56 kl 0.099 lr 3e-04 (251s)
[21:48:49]   Epoch 037 1300/1455 train_mae 1.56 kl 0.100 lr 3e-04 (273s)
[21:49:10]   Epoch 037 1400/1455 train_mae 1.55 kl 0.100 lr 3e-04 (293s)
[21:49:22]   Epoch 037 1455/1455 train_mae 1.55 kl 0.100 lr 3e-04 (305s)
[21:49:45] [Epoch 037 완료] train MAE 1.55 | val MAE 7.68 | val RMSE 10.26 | lr 3e-04 | 개선없음 19/15
[21:50:05]   Epoch 038 100/1455 train_mae 1.62 kl 0.099 lr 3e-04 (19s)
[21:50:26]   Epoch 038 200/1455 train_mae 1.64 kl 0.099 lr 3e-04 (40s)
[21:50:46]   Epoch 038 300/1455 train_mae 1.63 kl 0.098 lr 3e-04 (61s)
[21:51:08]   Epoch 038 400/1455 train_mae 1.60 kl 0.097 lr 3e-04 (82s)
[21:51:30]   Epoch 038 500/1455 train_mae 1.58 kl 0.096 lr 3e-04 (104s)
[21:51:52]   Epoch 038 600/1455 train_mae 1.56 kl 0.096 lr 3e-04 (126s)
[21:52:13]   Epoch 038 700/1455 train_mae 1.57 kl 0.096 lr 3e-04 (147s)
[21:52:35]   Epoch 038 800/1455 train_mae 1.57 kl 0.095 lr 3e-04 (169s)
[21:52:56]   Epoch 038 900/1455 train_mae 1.55 kl 0.095 lr 3e-04 (190s)
[21:53:19]   Epoch 038 1000/1455 train_mae 1.55 kl 0.094 lr 3e-04 (213s)
[21:53:39]   Epoch 038 1100/1455 train_mae 1.55 kl 0.094 lr 3e-04 (234s)
[21:54:00]   Epoch 038 1200/1455 train_mae 1.55 kl 0.094 lr 3e-04 (255s)
[21:54:19]   Epoch 038 1300/1455 train_mae 1.54 kl 0.094 lr 3e-04 (274s)
[21:54:38]   Epoch 038 1400/1455 train_mae 1.54 kl 0.095 lr 3e-04 (292s)
[21:54:49]   Epoch 038 1455/1455 train_mae 1.53 kl 0.095 lr 3e-04 (303s)
[21:55:11] [Epoch 038 완료] train MAE 1.53 | val MAE 7.68 | val RMSE 10.45 | lr 3e-04 | 개선없음 20/15
[21:55:30]   Epoch 039 100/1455 train_mae 1.68 kl 0.096 lr 3e-04 (19s)
[21:55:49]   Epoch 039 200/1455 train_mae 1.65 kl 0.095 lr 3e-04 (38s)
[21:56:09]   Epoch 039 300/1455 train_mae 1.61 kl 0.094 lr 3e-04 (58s)
[21:56:29]   Epoch 039 400/1455 train_mae 1.59 kl 0.093 lr 3e-04 (78s)
[21:56:50]   Epoch 039 500/1455 train_mae 1.55 kl 0.093 lr 3e-04 (99s)
[21:57:10]   Epoch 039 600/1455 train_mae 1.56 kl 0.093 lr 3e-04 (119s)
[21:57:29]   Epoch 039 700/1455 train_mae 1.53 kl 0.092 lr 3e-04 (138s)
[21:57:50]   Epoch 039 800/1455 train_mae 1.53 kl 0.093 lr 3e-04 (159s)
[21:58:11]   Epoch 039 900/1455 train_mae 1.53 kl 0.092 lr 3e-04 (180s)
[21:58:32]   Epoch 039 1000/1455 train_mae 1.52 kl 0.092 lr 3e-04 (201s)
[21:58:56]   Epoch 039 1100/1455 train_mae 1.52 kl 0.091 lr 3e-04 (225s)
[21:59:20]   Epoch 039 1200/1455 train_mae 1.51 kl 0.092 lr 3e-04 (249s)
[21:59:41]   Epoch 039 1300/1455 train_mae 1.51 kl 0.092 lr 3e-04 (270s)
[22:00:05]   Epoch 039 1400/1455 train_mae 1.50 kl 0.092 lr 3e-04 (294s)
[22:00:17]   Epoch 039 1455/1455 train_mae 1.51 kl 0.092 lr 3e-04 (306s)
[22:00:41] [Epoch 039 완료] train MAE 1.51 | val MAE 7.65 | val RMSE 10.41 | lr 3e-04 | 개선없음 21/15
[22:01:02]   Epoch 040 100/1455 train_mae 1.70 kl 0.095 lr 3e-04 (20s)
[22:01:24]   Epoch 040 200/1455 train_mae 1.60 kl 0.095 lr 3e-04 (42s)
[22:01:47]   Epoch 040 300/1455 train_mae 1.58 kl 0.094 lr 3e-04 (65s)
[22:02:09]   Epoch 040 400/1455 train_mae 1.55 kl 0.093 lr 3e-04 (88s)
[22:02:33]   Epoch 040 500/1455 train_mae 1.54 kl 0.093 lr 3e-04 (111s)
[22:02:54]   Epoch 040 600/1455 train_mae 1.54 kl 0.092 lr 3e-04 (132s)
[22:03:19]   Epoch 040 700/1455 train_mae 1.51 kl 0.092 lr 3e-04 (157s)
[22:03:41]   Epoch 040 800/1455 train_mae 1.51 kl 0.092 lr 3e-04 (179s)
[22:04:05]   Epoch 040 900/1455 train_mae 1.51 kl 0.090 lr 3e-04 (203s)
[22:04:26]   Epoch 040 1000/1455 train_mae 1.50 kl 0.090 lr 3e-04 (224s)
[22:04:51]   Epoch 040 1100/1455 train_mae 1.48 kl 0.089 lr 3e-04 (249s)
[22:05:12]   Epoch 040 1200/1455 train_mae 1.48 kl 0.089 lr 3e-04 (270s)
[22:05:36]   Epoch 040 1300/1455 train_mae 1.47 kl 0.089 lr 3e-04 (294s)
[22:05:57]   Epoch 040 1400/1455 train_mae 1.47 kl 0.089 lr 3e-04 (315s)
[22:06:12]   Epoch 040 1455/1455 train_mae 1.47 kl 0.089 lr 3e-04 (330s)
[22:06:36] [Epoch 040 완료] train MAE 1.47 | val MAE 7.59 | val RMSE 10.19 | lr 3e-04 | 개선없음 22/15
[22:06:59]   Epoch 041 100/1455 train_mae 1.62 kl 0.091 lr 3e-04 (22s)
[22:07:22]   Epoch 041 200/1455 train_mae 1.52 kl 0.091 lr 3e-04 (45s)
[22:07:44]   Epoch 041 300/1455 train_mae 1.47 kl 0.090 lr 3e-04 (67s)
[22:08:10]   Epoch 041 400/1455 train_mae 1.46 kl 0.092 lr 3e-04 (93s)
[22:08:33]   Epoch 041 500/1455 train_mae 1.45 kl 0.091 lr 3e-04 (116s)
[22:08:55]   Epoch 041 600/1455 train_mae 1.44 kl 0.091 lr 3e-04 (138s)
[22:09:21]   Epoch 041 700/1455 train_mae 1.44 kl 0.090 lr 3e-04 (164s)
[22:09:43]   Epoch 041 800/1455 train_mae 1.43 kl 0.090 lr 3e-04 (186s)
[22:10:07]   Epoch 041 900/1455 train_mae 1.44 kl 0.091 lr 3e-04 (211s)
[22:10:30]   Epoch 041 1000/1455 train_mae 1.45 kl 0.091 lr 3e-04 (233s)
[22:10:52]   Epoch 041 1100/1455 train_mae 1.45 kl 0.091 lr 3e-04 (255s)
[22:11:17]   Epoch 041 1200/1455 train_mae 1.44 kl 0.091 lr 3e-04 (280s)
[22:11:36]   Epoch 041 1300/1455 train_mae 1.43 kl 0.091 lr 3e-04 (299s)
[22:11:54]   Epoch 041 1400/1455 train_mae 1.43 kl 0.091 lr 3e-04 (317s)
[22:12:04]   Epoch 041 1455/1455 train_mae 1.44 kl 0.091 lr 3e-04 (327s)
[22:12:29] [Epoch 041 완료] train MAE 1.44 | val MAE 7.63 | val RMSE 10.15 | lr 3e-04 | 개선없음 23/15
[22:12:54]   Epoch 042 100/1455 train_mae 1.58 kl 0.109 lr 3e-04 (25s)
[22:13:15]   Epoch 042 200/1455 train_mae 1.54 kl 0.102 lr 3e-04 (46s)
[22:13:40]   Epoch 042 300/1455 train_mae 1.52 kl 0.098 lr 3e-04 (71s)
[22:14:03]   Epoch 042 400/1455 train_mae 1.51 kl 0.097 lr 3e-04 (93s)
[22:14:24]   Epoch 042 500/1455 train_mae 1.48 kl 0.095 lr 3e-04 (115s)
[22:14:50]   Epoch 042 600/1455 train_mae 1.47 kl 0.095 lr 3e-04 (140s)
[22:15:10]   Epoch 042 700/1455 train_mae 1.46 kl 0.094 lr 3e-04 (161s)
[22:15:33]   Epoch 042 800/1455 train_mae 1.44 kl 0.093 lr 3e-04 (183s)
[22:15:57]   Epoch 042 900/1455 train_mae 1.44 kl 0.092 lr 3e-04 (208s)
[22:16:19]   Epoch 042 1000/1455 train_mae 1.42 kl 0.092 lr 3e-04 (230s)
[22:16:42]   Epoch 042 1100/1455 train_mae 1.41 kl 0.091 lr 3e-04 (253s)
[22:17:06]   Epoch 042 1200/1455 train_mae 1.40 kl 0.091 lr 3e-04 (276s)
[22:17:27]   Epoch 042 1300/1455 train_mae 1.40 kl 0.091 lr 3e-04 (298s)
[22:17:49]   Epoch 042 1400/1455 train_mae 1.40 kl 0.091 lr 3e-04 (320s)
[22:18:03]   Epoch 042 1455/1455 train_mae 1.40 kl 0.091 lr 3e-04 (334s)
[22:18:27] [Epoch 042 완료] train MAE 1.40 | val MAE 7.59 | val RMSE 10.14 | lr 3e-04 | 개선없음 24/15
[22:18:48]   Epoch 043 100/1455 train_mae 1.47 kl 0.087 lr 3e-04 (20s)
[22:19:11]   Epoch 043 200/1455 train_mae 1.47 kl 0.091 lr 3e-04 (44s)
[22:19:33]   Epoch 043 300/1455 train_mae 1.46 kl 0.090 lr 3e-04 (66s)
[22:19:57]   Epoch 043 400/1455 train_mae 1.46 kl 0.093 lr 3e-04 (89s)
[22:20:20]   Epoch 043 500/1455 train_mae 1.47 kl 0.093 lr 3e-04 (113s)
[22:20:41]   Epoch 043 600/1455 train_mae 1.45 kl 0.092 lr 3e-04 (133s)
[22:21:05]   Epoch 043 700/1455 train_mae 1.43 kl 0.091 lr 3e-04 (157s)
[22:21:29]   Epoch 043 800/1455 train_mae 1.41 kl 0.091 lr 3e-04 (181s)
[22:21:52]   Epoch 043 900/1455 train_mae 1.40 kl 0.090 lr 3e-04 (205s)
[22:22:15]   Epoch 043 1000/1455 train_mae 1.39 kl 0.090 lr 3e-04 (228s)
[22:22:38]   Epoch 043 1100/1455 train_mae 1.39 kl 0.090 lr 3e-04 (250s)
[22:23:00]   Epoch 043 1200/1455 train_mae 1.39 kl 0.089 lr 3e-04 (273s)
[22:23:23]   Epoch 043 1300/1455 train_mae 1.39 kl 0.089 lr 3e-04 (296s)
[22:23:47]   Epoch 043 1400/1455 train_mae 1.38 kl 0.088 lr 3e-04 (319s)
[22:23:59]   Epoch 043 1455/1455 train_mae 1.38 kl 0.088 lr 3e-04 (332s)
[22:24:24] [Epoch 043 완료] train MAE 1.38 | val MAE 7.56 | val RMSE 10.08 | lr 3e-04 | 개선없음 25/15
[22:24:47]   Epoch 044 100/1455 train_mae 1.47 kl 0.089 lr 3e-04 (22s)
[22:25:09]   Epoch 044 200/1455 train_mae 1.39 kl 0.086 lr 3e-04 (45s)
[22:25:31]   Epoch 044 300/1455 train_mae 1.37 kl 0.088 lr 3e-04 (67s)
[22:25:55]   Epoch 044 400/1455 train_mae 1.39 kl 0.087 lr 3e-04 (91s)
[22:26:18]   Epoch 044 500/1455 train_mae 1.38 kl 0.087 lr 3e-04 (113s)
[22:26:42]   Epoch 044 600/1455 train_mae 1.37 kl 0.086 lr 3e-04 (137s)
[22:27:04]   Epoch 044 700/1455 train_mae 1.35 kl 0.086 lr 3e-04 (160s)
[22:27:28]   Epoch 044 800/1455 train_mae 1.36 kl 0.087 lr 3e-04 (183s)
[22:27:51]   Epoch 044 900/1455 train_mae 1.35 kl 0.086 lr 3e-04 (206s)
[22:28:13]   Epoch 044 1000/1455 train_mae 1.36 kl 0.086 lr 3e-04 (229s)
[22:28:37]   Epoch 044 1100/1455 train_mae 1.36 kl 0.086 lr 3e-04 (253s)
[22:29:00]   Epoch 044 1200/1455 train_mae 1.36 kl 0.086 lr 3e-04 (275s)
[22:29:23]   Epoch 044 1300/1455 train_mae 1.36 kl 0.087 lr 3e-04 (299s)
[22:29:45]   Epoch 044 1400/1455 train_mae 1.35 kl 0.087 lr 3e-04 (321s)
[22:29:57]   Epoch 044 1455/1455 train_mae 1.35 kl 0.087 lr 3e-04 (333s)
[22:30:22] [Epoch 044 완료] train MAE 1.35 | val MAE 7.54 | val RMSE 10.09 | lr 3e-04 | 개선없음 26/15
[22:30:46]   Epoch 045 100/1455 train_mae 1.36 kl 0.089 lr 3e-04 (23s)
[22:31:06]   Epoch 045 200/1455 train_mae 1.41 kl 0.090 lr 3e-04 (44s)
[22:31:28]   Epoch 045 300/1455 train_mae 1.41 kl 0.089 lr 3e-04 (66s)
[22:31:51]   Epoch 045 400/1455 train_mae 1.39 kl 0.087 lr 3e-04 (89s)
[22:32:10]   Epoch 045 500/1455 train_mae 1.37 kl 0.088 lr 3e-04 (108s)
[22:32:32]   Epoch 045 600/1455 train_mae 1.36 kl 0.088 lr 3e-04 (129s)
[22:32:54]   Epoch 045 700/1455 train_mae 1.35 kl 0.089 lr 3e-04 (152s)
[22:33:15]   Epoch 045 800/1455 train_mae 1.34 kl 0.088 lr 3e-04 (173s)
[22:33:38]   Epoch 045 900/1455 train_mae 1.34 kl 0.088 lr 3e-04 (195s)
[22:34:00]   Epoch 045 1000/1455 train_mae 1.33 kl 0.087 lr 3e-04 (218s)
[22:34:21]   Epoch 045 1100/1455 train_mae 1.33 kl 0.087 lr 3e-04 (238s)
[22:34:46]   Epoch 045 1200/1455 train_mae 1.32 kl 0.086 lr 3e-04 (263s)
[22:35:07]   Epoch 045 1300/1455 train_mae 1.32 kl 0.086 lr 3e-04 (285s)
[22:35:31]   Epoch 045 1400/1455 train_mae 1.32 kl 0.086 lr 3e-04 (309s)
[22:35:43]   Epoch 045 1455/1455 train_mae 1.32 kl 0.085 lr 3e-04 (321s)
[22:36:07] [Epoch 045 완료] train MAE 1.32 | val MAE 7.55 | val RMSE 10.23 | lr 3e-04 | 개선없음 27/15
[22:36:29]   Epoch 046 100/1455 train_mae 1.47 kl 0.087 lr 3e-04 (20s)
[22:36:53]   Epoch 046 200/1455 train_mae 1.37 kl 0.086 lr 3e-04 (45s)
[22:37:14]   Epoch 046 300/1455 train_mae 1.38 kl 0.086 lr 3e-04 (66s)
[22:37:38]   Epoch 046 400/1455 train_mae 1.39 kl 0.085 lr 3e-04 (90s)
[22:38:01]   Epoch 046 500/1455 train_mae 1.37 kl 0.085 lr 3e-04 (113s)
[22:38:24]   Epoch 046 600/1455 train_mae 1.36 kl 0.086 lr 3e-04 (136s)
[22:38:46]   Epoch 046 700/1455 train_mae 1.35 kl 0.086 lr 3e-04 (158s)
[22:39:09]   Epoch 046 800/1455 train_mae 1.34 kl 0.085 lr 3e-04 (181s)
[22:39:33]   Epoch 046 900/1455 train_mae 1.33 kl 0.085 lr 3e-04 (205s)
[22:39:55]   Epoch 046 1000/1455 train_mae 1.32 kl 0.085 lr 3e-04 (227s)
[22:40:19]   Epoch 046 1100/1455 train_mae 1.32 kl 0.085 lr 3e-04 (250s)
[22:40:40]   Epoch 046 1200/1455 train_mae 1.31 kl 0.085 lr 3e-04 (272s)
[22:41:02]   Epoch 046 1300/1455 train_mae 1.30 kl 0.085 lr 3e-04 (294s)
[22:41:26]   Epoch 046 1400/1455 train_mae 1.30 kl 0.085 lr 3e-04 (318s)
[22:41:38]   Epoch 046 1455/1455 train_mae 1.30 kl 0.084 lr 3e-04 (330s)
[22:42:03] [Epoch 046 완료] train MAE 1.30 | val MAE 7.53 | val RMSE 10.07 | lr 3e-04 | 개선없음 28/15
[22:42:25]   Epoch 047 100/1455 train_mae 1.28 kl 0.087 lr 3e-04 (22s)
[22:42:48]   Epoch 047 200/1455 train_mae 1.25 kl 0.083 lr 3e-04 (45s)
[22:43:11]   Epoch 047 300/1455 train_mae 1.25 kl 0.084 lr 3e-04 (68s)
[22:43:34]   Epoch 047 400/1455 train_mae 1.27 kl 0.084 lr 3e-04 (90s)
[22:43:58]   Epoch 047 500/1455 train_mae 1.27 kl 0.083 lr 3e-04 (114s)
[22:44:19]   Epoch 047 600/1455 train_mae 1.27 kl 0.084 lr 3e-04 (135s)
[22:44:42]   Epoch 047 700/1455 train_mae 1.27 kl 0.085 lr 3e-04 (159s)
[22:45:02]   Epoch 047 800/1455 train_mae 1.27 kl 0.084 lr 3e-04 (179s)
[22:45:24]   Epoch 047 900/1455 train_mae 1.25 kl 0.085 lr 3e-04 (200s)
[22:45:45]   Epoch 047 1000/1455 train_mae 1.24 kl 0.085 lr 3e-04 (222s)
[22:46:11]   Epoch 047 1100/1455 train_mae 1.24 kl 0.084 lr 3e-04 (247s)
[22:46:33]   Epoch 047 1200/1455 train_mae 1.24 kl 0.084 lr 3e-04 (269s)
[22:46:58]   Epoch 047 1300/1455 train_mae 1.24 kl 0.084 lr 3e-04 (295s)
[22:47:19]   Epoch 047 1400/1455 train_mae 1.24 kl 0.084 lr 3e-04 (316s)
[22:47:31]   Epoch 047 1455/1455 train_mae 1.24 kl 0.084 lr 3e-04 (327s)
[22:47:56] [Epoch 047 완료] train MAE 1.24 | val MAE 7.46 | val RMSE 9.99 | lr 3e-04 | * best 저장 (val MAE 7.46)
[22:48:17]   Epoch 048 100/1455 train_mae 1.33 kl 0.083 lr 3e-04 (20s)
[22:48:40]   Epoch 048 200/1455 train_mae 1.35 kl 0.087 lr 3e-04 (43s)
[22:49:04]   Epoch 048 300/1455 train_mae 1.33 kl 0.086 lr 3e-04 (67s)
[22:49:26]   Epoch 048 400/1455 train_mae 1.32 kl 0.084 lr 3e-04 (89s)
[22:49:49]   Epoch 048 500/1455 train_mae 1.31 kl 0.084 lr 3e-04 (112s)
[22:50:11]   Epoch 048 600/1455 train_mae 1.30 kl 0.085 lr 3e-04 (134s)
[22:50:32]   Epoch 048 700/1455 train_mae 1.31 kl 0.085 lr 3e-04 (155s)
[22:50:57]   Epoch 048 800/1455 train_mae 1.30 kl 0.084 lr 3e-04 (180s)
[22:51:19]   Epoch 048 900/1455 train_mae 1.29 kl 0.084 lr 3e-04 (202s)
[22:51:42]   Epoch 048 1000/1455 train_mae 1.28 kl 0.083 lr 3e-04 (225s)
[22:52:06]   Epoch 048 1100/1455 train_mae 1.27 kl 0.082 lr 3e-04 (249s)
[22:52:25]   Epoch 048 1200/1455 train_mae 1.26 kl 0.082 lr 3e-04 (268s)
[22:52:50]   Epoch 048 1300/1455 train_mae 1.26 kl 0.083 lr 3e-04 (294s)
[22:53:11]   Epoch 048 1400/1455 train_mae 1.26 kl 0.083 lr 3e-04 (314s)
[22:53:23]   Epoch 048 1455/1455 train_mae 1.26 kl 0.083 lr 3e-04 (326s)
[22:53:48] [Epoch 048 완료] train MAE 1.26 | val MAE 7.61 | val RMSE 10.20 | lr 3e-04 | 개선없음 1/15
[22:54:09]   Epoch 049 100/1455 train_mae 1.28 kl 0.078 lr 3e-04 (20s)
[22:54:34]   Epoch 049 200/1455 train_mae 1.27 kl 0.080 lr 3e-04 (45s)
[22:54:56]   Epoch 049 300/1455 train_mae 1.24 kl 0.079 lr 3e-04 (67s)
[22:55:18]   Epoch 049 400/1455 train_mae 1.21 kl 0.079 lr 3e-04 (89s)
[22:55:42]   Epoch 049 500/1455 train_mae 1.20 kl 0.079 lr 3e-04 (113s)
[22:56:04]   Epoch 049 600/1455 train_mae 1.21 kl 0.079 lr 3e-04 (135s)
[22:56:25]   Epoch 049 700/1455 train_mae 1.21 kl 0.079 lr 3e-04 (156s)
[22:56:50]   Epoch 049 800/1455 train_mae 1.21 kl 0.079 lr 3e-04 (181s)
[22:57:11]   Epoch 049 900/1455 train_mae 1.19 kl 0.079 lr 3e-04 (203s)
[22:57:37]   Epoch 049 1000/1455 train_mae 1.18 kl 0.080 lr 3e-04 (228s)
[22:57:58]   Epoch 049 1100/1455 train_mae 1.18 kl 0.080 lr 3e-04 (250s)
[22:58:21]   Epoch 049 1200/1455 train_mae 1.18 kl 0.080 lr 3e-04 (272s)
[22:58:46]   Epoch 049 1300/1455 train_mae 1.18 kl 0.080 lr 3e-04 (298s)
[22:59:08]   Epoch 049 1400/1455 train_mae 1.18 kl 0.080 lr 3e-04 (319s)
[22:59:19]   Epoch 049 1455/1455 train_mae 1.18 kl 0.079 lr 3e-04 (331s)
[22:59:45] [Epoch 049 완료] train MAE 1.18 | val MAE 7.52 | val RMSE 10.19 | lr 3e-04 | 개선없음 2/15
[23:00:07]   Epoch 050 100/1455 train_mae 1.21 kl 0.080 lr 3e-04 (22s)
[23:00:33]   Epoch 050 200/1455 train_mae 1.21 kl 0.082 lr 3e-04 (48s)
[23:00:54]   Epoch 050 300/1455 train_mae 1.21 kl 0.083 lr 3e-04 (68s)
[23:01:15]   Epoch 050 400/1455 train_mae 1.23 kl 0.081 lr 3e-04 (90s)
[23:01:41]   Epoch 050 500/1455 train_mae 1.23 kl 0.081 lr 3e-04 (116s)
[23:02:02]   Epoch 050 600/1455 train_mae 1.22 kl 0.080 lr 3e-04 (137s)
[23:02:27]   Epoch 050 700/1455 train_mae 1.22 kl 0.080 lr 3e-04 (162s)
[23:02:50]   Epoch 050 800/1455 train_mae 1.21 kl 0.079 lr 3e-04 (184s)
[23:03:13]   Epoch 050 900/1455 train_mae 1.21 kl 0.079 lr 3e-04 (207s)
[23:03:36]   Epoch 050 1000/1455 train_mae 1.21 kl 0.079 lr 3e-04 (231s)
[23:03:59]   Epoch 050 1100/1455 train_mae 1.20 kl 0.078 lr 3e-04 (254s)
[23:04:24]   Epoch 050 1200/1455 train_mae 1.21 kl 0.078 lr 3e-04 (278s)
[23:04:45]   Epoch 050 1300/1455 train_mae 1.20 kl 0.078 lr 3e-04 (300s)
[23:05:10]   Epoch 050 1400/1455 train_mae 1.20 kl 0.078 lr 3e-04 (325s)
[23:05:22]   Epoch 050 1455/1455 train_mae 1.20 kl 0.078 lr 3e-04 (336s)
[23:05:47] [Epoch 050 완료] train MAE 1.20 | val MAE 7.60 | val RMSE 10.24 | lr 3e-04 | 개선없음 3/15
[23:06:08]   Epoch 051 100/1455 train_mae 1.18 kl 0.076 lr 3e-04 (20s)
[23:06:31]   Epoch 051 200/1455 train_mae 1.18 kl 0.079 lr 3e-04 (44s)
[23:06:56]   Epoch 051 300/1455 train_mae 1.19 kl 0.080 lr 3e-04 (69s)
[23:07:17]   Epoch 051 400/1455 train_mae 1.18 kl 0.079 lr 3e-04 (90s)
[23:07:42]   Epoch 051 500/1455 train_mae 1.19 kl 0.080 lr 3e-04 (115s)
[23:08:05]   Epoch 051 600/1455 train_mae 1.17 kl 0.080 lr 3e-04 (137s)
[23:08:28]   Epoch 051 700/1455 train_mae 1.17 kl 0.079 lr 3e-04 (161s)
[23:08:53]   Epoch 051 800/1455 train_mae 1.15 kl 0.079 lr 3e-04 (186s)
[23:09:15]   Epoch 051 900/1455 train_mae 1.16 kl 0.079 lr 3e-04 (208s)
[23:09:40]   Epoch 051 1000/1455 train_mae 1.17 kl 0.079 lr 3e-04 (233s)
[23:10:01]   Epoch 051 1100/1455 train_mae 1.18 kl 0.078 lr 3e-04 (254s)
[23:10:26]   Epoch 051 1200/1455 train_mae 1.17 kl 0.078 lr 3e-04 (278s)
[23:10:50]   Epoch 051 1300/1455 train_mae 1.16 kl 0.079 lr 3e-04 (302s)
[23:11:11]   Epoch 051 1400/1455 train_mae 1.16 kl 0.078 lr 3e-04 (324s)
[23:11:23]   Epoch 051 1455/1455 train_mae 1.16 kl 0.078 lr 3e-04 (336s)
[23:11:49] [Epoch 051 완료] train MAE 1.16 | val MAE 7.64 | val RMSE 10.29 | lr 3e-04 | 개선없음 4/15
[23:12:09]   Epoch 052 100/1455 train_mae 1.16 kl 0.080 lr 3e-04 (19s)
[23:12:28]   Epoch 052 200/1455 train_mae 1.18 kl 0.082 lr 3e-04 (38s)
[23:12:48]   Epoch 052 300/1455 train_mae 1.18 kl 0.080 lr 3e-04 (59s)
[23:13:11]   Epoch 052 400/1455 train_mae 1.16 kl 0.079 lr 3e-04 (81s)
[23:13:33]   Epoch 052 500/1455 train_mae 1.16 kl 0.079 lr 3e-04 (104s)
[23:13:55]   Epoch 052 600/1455 train_mae 1.15 kl 0.078 lr 3e-04 (126s)
[23:14:17]   Epoch 052 700/1455 train_mae 1.13 kl 0.079 lr 3e-04 (147s)
[23:14:41]   Epoch 052 800/1455 train_mae 1.12 kl 0.078 lr 3e-04 (171s)
[23:15:04]   Epoch 052 900/1455 train_mae 1.12 kl 0.078 lr 3e-04 (194s)
[23:15:26]   Epoch 052 1000/1455 train_mae 1.12 kl 0.079 lr 3e-04 (216s)
[23:15:51]   Epoch 052 1100/1455 train_mae 1.11 kl 0.079 lr 3e-04 (241s)
[23:16:12]   Epoch 052 1200/1455 train_mae 1.11 kl 0.079 lr 3e-04 (263s)
[23:16:36]   Epoch 052 1300/1455 train_mae 1.12 kl 0.079 lr 3e-04 (287s)
[23:16:58]   Epoch 052 1400/1455 train_mae 1.11 kl 0.078 lr 3e-04 (308s)
[23:17:11]   Epoch 052 1455/1455 train_mae 1.11 kl 0.078 lr 3e-04 (322s)
[23:17:35] [Epoch 052 완료] train MAE 1.11 | val MAE 7.42 | val RMSE 10.02 | lr 3e-04 | * best 저장 (val MAE 7.42)
[23:18:00]   Epoch 053 100/1455 train_mae 1.29 kl 0.076 lr 3e-04 (24s)
[23:18:22]   Epoch 053 200/1455 train_mae 1.22 kl 0.077 lr 3e-04 (45s)
[23:18:47]   Epoch 053 300/1455 train_mae 1.19 kl 0.077 lr 3e-04 (71s)
[23:19:10]   Epoch 053 400/1455 train_mae 1.18 kl 0.078 lr 3e-04 (94s)
[23:19:33]   Epoch 053 500/1455 train_mae 1.18 kl 0.077 lr 3e-04 (117s)
[23:19:56]   Epoch 053 600/1455 train_mae 1.17 kl 0.076 lr 3e-04 (140s)
[23:20:19]   Epoch 053 700/1455 train_mae 1.17 kl 0.077 lr 3e-04 (163s)
[23:20:44]   Epoch 053 800/1455 train_mae 1.16 kl 0.077 lr 3e-04 (187s)
[23:21:05]   Epoch 053 900/1455 train_mae 1.16 kl 0.078 lr 3e-04 (209s)
[23:21:29]   Epoch 053 1000/1455 train_mae 1.15 kl 0.077 lr 3e-04 (233s)
[23:21:51]   Epoch 053 1100/1455 train_mae 1.14 kl 0.077 lr 3e-04 (255s)
[23:22:16]   Epoch 053 1200/1455 train_mae 1.13 kl 0.077 lr 3e-04 (280s)
[23:22:38]   Epoch 053 1300/1455 train_mae 1.13 kl 0.078 lr 3e-04 (302s)
[23:23:02]   Epoch 053 1400/1455 train_mae 1.12 kl 0.077 lr 3e-04 (326s)
[23:23:14]   Epoch 053 1455/1455 train_mae 1.12 kl 0.077 lr 3e-04 (338s)
[23:23:39] [Epoch 053 완료] train MAE 1.12 | val MAE 7.60 | val RMSE 10.18 | lr 3e-04 | 개선없음 1/15
[23:24:03]   Epoch 054 100/1455 train_mae 1.20 kl 0.082 lr 3e-04 (24s)
[23:24:25]   Epoch 054 200/1455 train_mae 1.22 kl 0.079 lr 3e-04 (45s)
[23:24:49]   Epoch 054 300/1455 train_mae 1.20 kl 0.078 lr 3e-04 (70s)
[23:25:13]   Epoch 054 400/1455 train_mae 1.19 kl 0.078 lr 3e-04 (93s)
[23:25:35]   Epoch 054 500/1455 train_mae 1.20 kl 0.077 lr 3e-04 (116s)
[23:25:55]   Epoch 054 600/1455 train_mae 1.17 kl 0.076 lr 3e-04 (136s)
[23:26:19]   Epoch 054 700/1455 train_mae 1.17 kl 0.077 lr 3e-04 (160s)
[23:26:40]   Epoch 054 800/1455 train_mae 1.16 kl 0.078 lr 3e-04 (181s)
[23:27:03]   Epoch 054 900/1455 train_mae 1.15 kl 0.078 lr 3e-04 (204s)
[23:27:27]   Epoch 054 1000/1455 train_mae 1.14 kl 0.078 lr 3e-04 (228s)
[23:27:51]   Epoch 054 1100/1455 train_mae 1.14 kl 0.077 lr 3e-04 (251s)
[23:28:13]   Epoch 054 1200/1455 train_mae 1.14 kl 0.077 lr 3e-04 (273s)
[23:28:38]   Epoch 054 1300/1455 train_mae 1.13 kl 0.077 lr 3e-04 (299s)
[23:28:59]   Epoch 054 1400/1455 train_mae 1.13 kl 0.076 lr 3e-04 (320s)
[23:29:15]   Epoch 054 1455/1455 train_mae 1.12 kl 0.076 lr 3e-04 (336s)
[23:29:40] [Epoch 054 완료] train MAE 1.12 | val MAE 7.62 | val RMSE 10.21 | lr 3e-04 | 개선없음 2/15
[23:30:05]   Epoch 055 100/1455 train_mae 1.16 kl 0.077 lr 3e-04 (25s)
[23:30:27]   Epoch 055 200/1455 train_mae 1.15 kl 0.078 lr 3e-04 (47s)
[23:30:52]   Epoch 055 300/1455 train_mae 1.13 kl 0.075 lr 3e-04 (72s)
[23:31:17]   Epoch 055 400/1455 train_mae 1.12 kl 0.075 lr 3e-04 (96s)
[23:31:39]   Epoch 055 500/1455 train_mae 1.10 kl 0.074 lr 3e-04 (118s)
[23:32:05]   Epoch 055 600/1455 train_mae 1.10 kl 0.074 lr 3e-04 (144s)
[23:32:27]   Epoch 055 700/1455 train_mae 1.10 kl 0.074 lr 3e-04 (167s)
[23:32:49]   Epoch 055 800/1455 train_mae 1.10 kl 0.074 lr 3e-04 (188s)
[23:33:14]   Epoch 055 900/1455 train_mae 1.09 kl 0.074 lr 3e-04 (213s)
[23:33:36]   Epoch 055 1000/1455 train_mae 1.08 kl 0.074 lr 3e-04 (235s)
[23:34:01]   Epoch 055 1100/1455 train_mae 1.08 kl 0.075 lr 3e-04 (261s)
[23:34:23]   Epoch 055 1200/1455 train_mae 1.07 kl 0.075 lr 3e-04 (283s)
[23:34:46]   Epoch 055 1300/1455 train_mae 1.07 kl 0.075 lr 3e-04 (306s)
[23:35:12]   Epoch 055 1400/1455 train_mae 1.06 kl 0.075 lr 3e-04 (331s)
[23:35:23]   Epoch 055 1455/1455 train_mae 1.06 kl 0.075 lr 3e-04 (343s)
[23:35:48] [Epoch 055 완료] train MAE 1.06 | val MAE 7.64 | val RMSE 10.36 | lr 3e-04 | 개선없음 3/15
[23:36:12]   Epoch 056 100/1455 train_mae 1.14 kl 0.071 lr 3e-04 (24s)
[23:36:37]   Epoch 056 200/1455 train_mae 1.10 kl 0.073 lr 3e-04 (49s)
[23:37:01]   Epoch 056 300/1455 train_mae 1.08 kl 0.074 lr 3e-04 (72s)
[23:37:23]   Epoch 056 400/1455 train_mae 1.08 kl 0.073 lr 3e-04 (95s)
[23:37:49]   Epoch 056 500/1455 train_mae 1.08 kl 0.075 lr 3e-04 (121s)
[23:38:11]   Epoch 056 600/1455 train_mae 1.07 kl 0.074 lr 3e-04 (143s)
[23:38:33]   Epoch 056 700/1455 train_mae 1.06 kl 0.074 lr 3e-04 (165s)
[23:38:58]   Epoch 056 800/1455 train_mae 1.06 kl 0.075 lr 3e-04 (190s)
[23:39:20]   Epoch 056 900/1455 train_mae 1.06 kl 0.075 lr 3e-04 (212s)
[23:39:45]   Epoch 056 1000/1455 train_mae 1.06 kl 0.075 lr 3e-04 (237s)
[23:40:05]   Epoch 056 1100/1455 train_mae 1.05 kl 0.074 lr 3e-04 (257s)
[23:40:29]   Epoch 056 1200/1455 train_mae 1.06 kl 0.074 lr 3e-04 (281s)
[23:40:52]   Epoch 056 1300/1455 train_mae 1.05 kl 0.075 lr 3e-04 (304s)
[23:41:15]   Epoch 056 1400/1455 train_mae 1.06 kl 0.074 lr 3e-04 (327s)
[23:41:31]   Epoch 056 1455/1455 train_mae 1.05 kl 0.075 lr 3e-04 (342s)
[23:41:55] [Epoch 056 완료] train MAE 1.05 | val MAE 7.70 | val RMSE 10.35 | lr 3e-04 | 개선없음 4/15
[23:42:20]   Epoch 057 100/1455 train_mae 1.16 kl 0.081 lr 3e-04 (25s)
[23:42:43]   Epoch 057 200/1455 train_mae 1.10 kl 0.077 lr 3e-04 (47s)
[23:43:07]   Epoch 057 300/1455 train_mae 1.07 kl 0.075 lr 3e-04 (72s)
[23:43:29]   Epoch 057 400/1455 train_mae 1.06 kl 0.074 lr 3e-04 (94s)
[23:43:55]   Epoch 057 500/1455 train_mae 1.06 kl 0.073 lr 3e-04 (119s)
[23:44:19]   Epoch 057 600/1455 train_mae 1.04 kl 0.074 lr 3e-04 (143s)
[23:44:48]   Epoch 057 700/1455 train_mae 1.04 kl 0.073 lr 3e-04 (173s)
[23:45:09]   Epoch 057 800/1455 train_mae 1.03 kl 0.073 lr 3e-04 (194s)
[23:45:34]   Epoch 057 900/1455 train_mae 1.04 kl 0.073 lr 3e-04 (219s)
[23:45:56]   Epoch 057 1000/1455 train_mae 1.03 kl 0.073 lr 3e-04 (241s)
[23:46:18]   Epoch 057 1100/1455 train_mae 1.03 kl 0.073 lr 3e-04 (263s)
[23:46:44]   Epoch 057 1200/1455 train_mae 1.03 kl 0.073 lr 3e-04 (288s)
[23:47:05]   Epoch 057 1300/1455 train_mae 1.03 kl 0.073 lr 3e-04 (310s)
[23:47:28]   Epoch 057 1400/1455 train_mae 1.03 kl 0.073 lr 3e-04 (333s)
[23:47:40]   Epoch 057 1455/1455 train_mae 1.03 kl 0.072 lr 3e-04 (345s)
[23:48:04] [Epoch 057 완료] train MAE 1.03 | val MAE 7.55 | val RMSE 10.22 | lr 3e-04 | 개선없음 5/15
[23:48:25]   Epoch 058 100/1455 train_mae 1.10 kl 0.073 lr 3e-04 (20s)
[23:48:49]   Epoch 058 200/1455 train_mae 1.10 kl 0.072 lr 3e-04 (44s)
[23:49:10]   Epoch 058 300/1455 train_mae 1.06 kl 0.072 lr 3e-04 (65s)
[23:49:35]   Epoch 058 400/1455 train_mae 1.07 kl 0.072 lr 3e-04 (90s)
[23:49:58]   Epoch 058 500/1455 train_mae 1.07 kl 0.073 lr 3e-04 (113s)
[23:50:20]   Epoch 058 600/1455 train_mae 1.04 kl 0.074 lr 3e-04 (135s)
[23:50:45]   Epoch 058 700/1455 train_mae 1.02 kl 0.073 lr 3e-04 (160s)
[23:51:07]   Epoch 058 800/1455 train_mae 1.03 kl 0.073 lr 3e-04 (182s)
[23:51:31]   Epoch 058 900/1455 train_mae 1.03 kl 0.073 lr 3e-04 (206s)
[23:51:52]   Epoch 058 1000/1455 train_mae 1.03 kl 0.073 lr 3e-04 (227s)
[23:52:17]   Epoch 058 1100/1455 train_mae 1.03 kl 0.072 lr 3e-04 (252s)
[23:52:38]   Epoch 058 1200/1455 train_mae 1.02 kl 0.072 lr 3e-04 (273s)
[23:53:03]   Epoch 058 1300/1455 train_mae 1.01 kl 0.073 lr 3e-04 (298s)
[23:53:25]   Epoch 058 1400/1455 train_mae 1.01 kl 0.072 lr 3e-04 (320s)
[23:53:37]   Epoch 058 1455/1455 train_mae 1.01 kl 0.072 lr 3e-04 (332s)
[23:54:01] [Epoch 058 완료] train MAE 1.01 | val MAE 7.67 | val RMSE 10.49 | lr 3e-04 | 개선없음 6/15
[23:54:22]   Epoch 059 100/1455 train_mae 1.09 kl 0.078 lr 3e-04 (20s)
[23:54:42]   Epoch 059 200/1455 train_mae 1.06 kl 0.077 lr 3e-04 (39s)
[23:55:06]   Epoch 059 300/1455 train_mae 1.05 kl 0.075 lr 3e-04 (64s)
[23:55:27]   Epoch 059 400/1455 train_mae 1.05 kl 0.075 lr 3e-04 (85s)
[23:55:49]   Epoch 059 500/1455 train_mae 1.03 kl 0.074 lr 3e-04 (107s)
[23:56:12]   Epoch 059 600/1455 train_mae 1.01 kl 0.073 lr 3e-04 (130s)
[23:56:34]   Epoch 059 700/1455 train_mae 1.01 kl 0.073 lr 3e-04 (152s)
[23:56:56]   Epoch 059 800/1455 train_mae 1.00 kl 0.073 lr 3e-04 (174s)
[23:57:19]   Epoch 059 900/1455 train_mae 1.01 kl 0.073 lr 3e-04 (197s)
[23:57:39]   Epoch 059 1000/1455 train_mae 1.02 kl 0.073 lr 3e-04 (217s)
[23:58:04]   Epoch 059 1100/1455 train_mae 1.01 kl 0.073 lr 3e-04 (242s)
[23:58:25]   Epoch 059 1200/1455 train_mae 1.01 kl 0.073 lr 3e-04 (263s)
[23:58:50]   Epoch 059 1300/1455 train_mae 1.00 kl 0.073 lr 3e-04 (288s)
[23:59:11]   Epoch 059 1400/1455 train_mae 1.00 kl 0.073 lr 3e-04 (309s)
[23:59:23]   Epoch 059 1455/1455 train_mae 1.00 kl 0.072 lr 3e-04 (321s)
[23:59:47] [Epoch 059 완료] train MAE 1.00 | val MAE 7.51 | val RMSE 10.21 | lr 3e-04 | 개선없음 7/15
[00:00:09]   Epoch 060 100/1455 train_mae 0.99 kl 0.066 lr 3e-04 (21s)
[00:00:33]   Epoch 060 200/1455 train_mae 1.00 kl 0.068 lr 3e-04 (45s)
[00:00:56]   Epoch 060 300/1455 train_mae 1.04 kl 0.071 lr 3e-04 (68s)
[00:01:21]   Epoch 060 400/1455 train_mae 1.01 kl 0.071 lr 3e-04 (93s)
[00:01:44]   Epoch 060 500/1455 train_mae 1.01 kl 0.070 lr 3e-04 (116s)
[00:02:07]   Epoch 060 600/1455 train_mae 1.01 kl 0.070 lr 3e-04 (139s)
[00:02:30]   Epoch 060 700/1455 train_mae 1.01 kl 0.071 lr 3e-04 (163s)
[00:02:54]   Epoch 060 800/1455 train_mae 1.00 kl 0.070 lr 3e-04 (186s)
[00:03:18]   Epoch 060 900/1455 train_mae 0.99 kl 0.071 lr 3e-04 (210s)
[00:03:42]   Epoch 060 1000/1455 train_mae 0.98 kl 0.071 lr 3e-04 (235s)
[00:04:07]   Epoch 060 1100/1455 train_mae 0.97 kl 0.071 lr 3e-04 (259s)
[00:04:28]   Epoch 060 1200/1455 train_mae 0.97 kl 0.070 lr 3e-04 (281s)
[00:04:52]   Epoch 060 1300/1455 train_mae 0.98 kl 0.071 lr 3e-04 (304s)
[00:05:15]   Epoch 060 1400/1455 train_mae 0.98 kl 0.071 lr 3e-04 (328s)
[00:05:30]   Epoch 060 1455/1455 train_mae 0.98 kl 0.071 lr 3e-04 (342s)
[00:05:54] [Epoch 060 완료] train MAE 0.98 | val MAE 7.67 | val RMSE 10.40 | lr 3e-04 | 개선없음 8/15
[00:06:16]   Epoch 061 100/1455 train_mae 0.90 kl 0.068 lr 1e-04 (21s)
[00:06:40]   Epoch 061 200/1455 train_mae 0.88 kl 0.068 lr 1e-04 (45s)
[00:07:03]   Epoch 061 300/1455 train_mae 0.89 kl 0.069 lr 1e-04 (68s)
[00:07:26]   Epoch 061 400/1455 train_mae 0.90 kl 0.070 lr 1e-04 (92s)
[00:07:48]   Epoch 061 500/1455 train_mae 0.91 kl 0.069 lr 1e-04 (114s)
[00:08:13]   Epoch 061 600/1455 train_mae 0.90 kl 0.069 lr 1e-04 (138s)
[00:08:36]   Epoch 061 700/1455 train_mae 0.89 kl 0.068 lr 1e-04 (162s)
[00:09:01]   Epoch 061 800/1455 train_mae 0.88 kl 0.068 lr 1e-04 (186s)
[00:09:23]   Epoch 061 900/1455 train_mae 0.87 kl 0.068 lr 1e-04 (208s)
[00:09:48]   Epoch 061 1000/1455 train_mae 0.87 kl 0.068 lr 1e-04 (233s)
[00:10:12]   Epoch 061 1100/1455 train_mae 0.87 kl 0.068 lr 1e-04 (257s)
[00:10:35]   Epoch 061 1200/1455 train_mae 0.87 kl 0.068 lr 1e-04 (280s)
[00:11:00]   Epoch 061 1300/1455 train_mae 0.85 kl 0.068 lr 1e-04 (305s)
[00:11:22]   Epoch 061 1400/1455 train_mae 0.85 kl 0.068 lr 1e-04 (327s)
[00:11:36]   Epoch 061 1455/1455 train_mae 0.85 kl 0.068 lr 1e-04 (341s)
[00:12:00] [Epoch 061 완료] train MAE 0.85 | val MAE 7.49 | val RMSE 10.31 | lr 1e-04 | 개선없음 9/15
[00:12:24]   Epoch 062 100/1455 train_mae 0.57 kl 0.065 lr 1e-04 (23s)
[00:12:45]   Epoch 062 200/1455 train_mae 0.59 kl 0.065 lr 1e-04 (45s)
[00:13:10]   Epoch 062 300/1455 train_mae 0.58 kl 0.065 lr 1e-04 (69s)
[00:13:34]   Epoch 062 400/1455 train_mae 0.57 kl 0.065 lr 1e-04 (93s)
[00:14:00]   Epoch 062 500/1455 train_mae 0.57 kl 0.065 lr 1e-04 (119s)
[00:14:23]   Epoch 062 600/1455 train_mae 0.57 kl 0.065 lr 1e-04 (142s)
[00:14:46]   Epoch 062 700/1455 train_mae 0.58 kl 0.065 lr 1e-04 (165s)
[00:15:08]   Epoch 062 800/1455 train_mae 0.58 kl 0.066 lr 1e-04 (188s)
[00:15:34]   Epoch 062 900/1455 train_mae 0.58 kl 0.066 lr 1e-04 (213s)
[00:15:58]   Epoch 062 1000/1455 train_mae 0.58 kl 0.066 lr 1e-04 (237s)
[00:16:20]   Epoch 062 1100/1455 train_mae 0.59 kl 0.066 lr 1e-04 (259s)
[00:16:45]   Epoch 062 1200/1455 train_mae 0.58 kl 0.066 lr 1e-04 (284s)
[00:17:07]   Epoch 062 1300/1455 train_mae 0.58 kl 0.066 lr 1e-04 (307s)
[00:17:33]   Epoch 062 1400/1455 train_mae 0.58 kl 0.065 lr 1e-04 (332s)
[00:17:45]   Epoch 062 1455/1455 train_mae 0.58 kl 0.065 lr 1e-04 (344s)
[00:18:09] [Epoch 062 완료] train MAE 0.58 | val MAE 7.55 | val RMSE 10.30 | lr 1e-04 | 개선없음 10/15
[00:18:33]   Epoch 063 100/1455 train_mae 0.49 kl 0.062 lr 1e-04 (23s)
[00:18:57]   Epoch 063 200/1455 train_mae 0.49 kl 0.063 lr 1e-04 (48s)
[00:19:20]   Epoch 063 300/1455 train_mae 0.50 kl 0.063 lr 1e-04 (70s)
[00:19:44]   Epoch 063 400/1455 train_mae 0.49 kl 0.063 lr 1e-04 (94s)
[00:20:06]   Epoch 063 500/1455 train_mae 0.48 kl 0.063 lr 1e-04 (116s)
[00:20:32]   Epoch 063 600/1455 train_mae 0.48 kl 0.063 lr 1e-04 (142s)
[00:20:54]   Epoch 063 700/1455 train_mae 0.48 kl 0.063 lr 1e-04 (164s)
[00:21:17]   Epoch 063 800/1455 train_mae 0.49 kl 0.063 lr 1e-04 (187s)
[00:21:40]   Epoch 063 900/1455 train_mae 0.49 kl 0.063 lr 1e-04 (210s)
[00:22:04]   Epoch 063 1000/1455 train_mae 0.49 kl 0.063 lr 1e-04 (234s)
[00:22:26]   Epoch 063 1100/1455 train_mae 0.49 kl 0.063 lr 1e-04 (256s)
[00:22:51]   Epoch 063 1200/1455 train_mae 0.49 kl 0.063 lr 1e-04 (281s)
[00:23:12]   Epoch 063 1300/1455 train_mae 0.49 kl 0.063 lr 1e-04 (302s)
[00:23:37]   Epoch 063 1400/1455 train_mae 0.49 kl 0.063 lr 1e-04 (327s)
[00:23:49]   Epoch 063 1455/1455 train_mae 0.49 kl 0.063 lr 1e-04 (339s)
[00:24:14] [Epoch 063 완료] train MAE 0.49 | val MAE 7.50 | val RMSE 10.24 | lr 1e-04 | 개선없음 11/15
[00:24:36]   Epoch 064 100/1455 train_mae 0.46 kl 0.063 lr 1e-04 (21s)
[00:25:01]   Epoch 064 200/1455 train_mae 0.46 kl 0.061 lr 1e-04 (46s)
[00:25:25]   Epoch 064 300/1455 train_mae 0.45 kl 0.060 lr 1e-04 (70s)
[00:25:48]   Epoch 064 400/1455 train_mae 0.46 kl 0.060 lr 1e-04 (93s)
[00:26:11]   Epoch 064 500/1455 train_mae 0.46 kl 0.061 lr 1e-04 (115s)
[00:26:34]   Epoch 064 600/1455 train_mae 0.46 kl 0.061 lr 1e-04 (139s)
[00:26:58]   Epoch 064 700/1455 train_mae 0.47 kl 0.061 lr 1e-04 (163s)
[00:27:21]   Epoch 064 800/1455 train_mae 0.47 kl 0.061 lr 1e-04 (186s)
[00:27:45]   Epoch 064 900/1455 train_mae 0.46 kl 0.061 lr 1e-04 (210s)
[00:28:08]   Epoch 064 1000/1455 train_mae 0.46 kl 0.061 lr 1e-04 (233s)
[00:28:30]   Epoch 064 1100/1455 train_mae 0.46 kl 0.061 lr 1e-04 (255s)
[00:28:54]   Epoch 064 1200/1455 train_mae 0.47 kl 0.061 lr 1e-04 (279s)
[00:29:18]   Epoch 064 1300/1455 train_mae 0.46 kl 0.061 lr 1e-04 (302s)
[00:29:41]   Epoch 064 1400/1455 train_mae 0.46 kl 0.061 lr 1e-04 (326s)
[00:29:53]   Epoch 064 1455/1455 train_mae 0.46 kl 0.061 lr 1e-04 (338s)
[00:30:19] [Epoch 064 완료] train MAE 0.46 | val MAE 7.51 | val RMSE 10.27 | lr 1e-04 | 개선없음 12/15
[00:30:41]   Epoch 065 100/1455 train_mae 0.46 kl 0.063 lr 1e-04 (21s)
[00:31:05]   Epoch 065 200/1455 train_mae 0.48 kl 0.062 lr 1e-04 (46s)
[00:31:27]   Epoch 065 300/1455 train_mae 0.46 kl 0.062 lr 1e-04 (67s)
[00:31:51]   Epoch 065 400/1455 train_mae 0.46 kl 0.062 lr 1e-04 (91s)
[00:32:13]   Epoch 065 500/1455 train_mae 0.45 kl 0.061 lr 1e-04 (114s)
[00:32:38]   Epoch 065 600/1455 train_mae 0.45 kl 0.061 lr 1e-04 (139s)
[00:33:00]   Epoch 065 700/1455 train_mae 0.45 kl 0.061 lr 1e-04 (161s)
[00:33:25]   Epoch 065 800/1455 train_mae 0.44 kl 0.060 lr 1e-04 (186s)
[00:33:47]   Epoch 065 900/1455 train_mae 0.44 kl 0.060 lr 1e-04 (208s)
[00:34:12]   Epoch 065 1000/1455 train_mae 0.44 kl 0.061 lr 1e-04 (233s)
[00:34:34]   Epoch 065 1100/1455 train_mae 0.44 kl 0.060 lr 1e-04 (254s)
[00:34:58]   Epoch 065 1200/1455 train_mae 0.44 kl 0.061 lr 1e-04 (279s)
[00:35:20]   Epoch 065 1300/1455 train_mae 0.44 kl 0.060 lr 1e-04 (300s)
[00:35:44]   Epoch 065 1400/1455 train_mae 0.44 kl 0.060 lr 1e-04 (325s)
[00:35:56]   Epoch 065 1455/1455 train_mae 0.44 kl 0.060 lr 1e-04 (337s)
[00:36:21] [Epoch 065 완료] train MAE 0.44 | val MAE 7.49 | val RMSE 10.33 | lr 1e-04 | 개선없음 13/15
[00:36:42]   Epoch 066 100/1455 train_mae 0.46 kl 0.058 lr 1e-04 (20s)
[00:37:07]   Epoch 066 200/1455 train_mae 0.44 kl 0.058 lr 1e-04 (45s)
[00:37:29]   Epoch 066 300/1455 train_mae 0.43 kl 0.058 lr 1e-04 (67s)
[00:37:53]   Epoch 066 400/1455 train_mae 0.43 kl 0.059 lr 1e-04 (92s)
[00:38:15]   Epoch 066 500/1455 train_mae 0.43 kl 0.059 lr 1e-04 (114s)
[00:38:40]   Epoch 066 600/1455 train_mae 0.44 kl 0.059 lr 1e-04 (138s)
[00:39:02]   Epoch 066 700/1455 train_mae 0.43 kl 0.059 lr 1e-04 (161s)
[00:39:28]   Epoch 066 800/1455 train_mae 0.43 kl 0.059 lr 1e-04 (187s)
[00:39:50]   Epoch 066 900/1455 train_mae 0.43 kl 0.059 lr 1e-04 (209s)
[00:40:16]   Epoch 066 1000/1455 train_mae 0.43 kl 0.059 lr 1e-04 (235s)
[00:40:39]   Epoch 066 1100/1455 train_mae 0.43 kl 0.059 lr 1e-04 (257s)
[00:41:03]   Epoch 066 1200/1455 train_mae 0.43 kl 0.059 lr 1e-04 (281s)
[00:41:26]   Epoch 066 1300/1455 train_mae 0.43 kl 0.059 lr 1e-04 (304s)
[00:41:48]   Epoch 066 1400/1455 train_mae 0.42 kl 0.059 lr 1e-04 (327s)
[00:42:00]   Epoch 066 1455/1455 train_mae 0.42 kl 0.059 lr 1e-04 (339s)
[00:42:25] [Epoch 066 완료] train MAE 0.42 | val MAE 7.48 | val RMSE 10.31 | lr 1e-04 | 개선없음 14/15
[00:42:46]   Epoch 067 100/1455 train_mae 0.40 kl 0.054 lr 1e-04 (20s)
[00:43:10]   Epoch 067 200/1455 train_mae 0.41 kl 0.055 lr 1e-04 (45s)
[00:43:34]   Epoch 067 300/1455 train_mae 0.42 kl 0.056 lr 1e-04 (68s)
[00:43:57]   Epoch 067 400/1455 train_mae 0.42 kl 0.057 lr 1e-04 (91s)
[00:44:22]   Epoch 067 500/1455 train_mae 0.42 kl 0.057 lr 1e-04 (116s)
[00:44:45]   Epoch 067 600/1455 train_mae 0.42 kl 0.058 lr 1e-04 (139s)
[00:45:09]   Epoch 067 700/1455 train_mae 0.43 kl 0.058 lr 1e-04 (163s)
[00:45:31]   Epoch 067 800/1455 train_mae 0.42 kl 0.058 lr 1e-04 (185s)
[00:45:56]   Epoch 067 900/1455 train_mae 0.42 kl 0.058 lr 1e-04 (210s)
[00:46:18]   Epoch 067 1000/1455 train_mae 0.42 kl 0.058 lr 1e-04 (232s)
[00:46:42]   Epoch 067 1100/1455 train_mae 0.42 kl 0.058 lr 1e-04 (256s)
[00:47:18]   Epoch 067 1200/1455 train_mae 0.42 kl 0.058 lr 1e-04 (293s)
[00:47:41]   Epoch 067 1300/1455 train_mae 0.42 kl 0.058 lr 1e-04 (316s)
[00:48:03]   Epoch 067 1400/1455 train_mae 0.42 kl 0.058 lr 1e-04 (337s)
[00:48:15]   Epoch 067 1455/1455 train_mae 0.42 kl 0.058 lr 1e-04 (349s)
[00:48:45] [Epoch 067 완료] train MAE 0.42 | val MAE 7.47 | val RMSE 10.26 | lr 1e-04 | 개선없음 15/15
[00:48:46] 조기종료: 15에폭 연속 개선 없음 | 최고 val MAE 7.42 @ epoch 52
================================================================
[00:48:46] 최종 평가 (best.pt 로드)
[00:48:47] [backbone] timm 'legacy_xception' 로드 완료 (pretrained=False)
[00:48:47] [reg] backbone out (2048, 18, 18) -> z 6,400 | params 27.1M
[00:48:47] best.pt 로드 | 채널 ['hand', 'r1', 'erased'] | lambda 0.5 | delta 15.0
[00:48:47]  split |      N |  MAE(mo) |  RMSE(mo) |    bias
[00:53:03]  train | 11,643 |     1.21 |      1.91 |   +0.12
[00:53:34]    val |  1,324 |     7.42 |     10.02 |   -0.22
[00:53:43]   test |    167 |     6.70 |      8.46 |   +0.12
[00:53:50] 나이 분포 저장: G:\Project\sinra_cho\checkpoints_attention_v6\age_distribution.png
==========================================================
Attention + LDL 골연령 | 채널 hand+r1+erased
2026-08-07 00:48
==========================================================
 split |      N |  MAE(mo) |  RMSE(mo) |    bias
 train | 11,643 |     1.21 |      1.91 |   +0.12
   val |  1,324 |     7.42 |     10.02 |   -0.22
  test |    167 |     6.70 |      8.46 |   +0.12
----------------------------------------------------------
[test 연령대별]
  group |     N |    MAE |   RMSE |   bias
   0-4y |     5 |   2.72 |   3.21 |  -0.27
   4-8y |    26 |   9.31 |  10.24 |  +4.03
  8-12y |    60 |   7.93 |   9.87 |  +1.37
 12-16y |    67 |   4.71 |   6.19 |  -2.18
   >16y |     9 |   7.93 |   9.18 |  -2.02
==========================================================
[00:53:51] 결과 저장: G:\Project\sinra_cho\checkpoints_attention_v6\results.txt
[00:53:51] 추론 함수 준비 완료 · best.pt: G:\Project\sinra_cho\checkpoints_attention_v6\best.pt
[00:53:51] === 전체 완료 ===
