================================================================
[11:32:15] Attention(R1/R2) + LDL 골연령 - v2 (손 크롭 폴더 입력) 시작
[11:32:15] PyTorch 2.6.0+cu124 | torchvision 0.21.0+cu124 | timm 1.0.28
[11:32:15] device cuda | CUDA True
[GPU-GUARD] (inproc) 바로 실행 — 티켓 94번 infer 16000MiB
[11:32:15] GPU NVIDIA A100 80GB PCIe | CUDA 12.4
[11:32:15] BASE_DIR       G:\Project\sinra_cho
[11:32:15] HAND_CROP_DIR  G:\Project\sinra_cho\crop_data
[11:32:15] 채널 ('hand', 'r1', 'erased') | tau(R1/R2) 30/50 | 정규화 div255 | 증강 True
================================================================
[11:32:15]   TRAIN_CSV OK  G:\Project\sinra_cho\crop_data_csv\training.csv
[11:32:15]   VAL_CSV   OK  G:\Project\sinra_cho\crop_data_csv\validation.csv
[11:32:15]   TEST_CSV  OK  G:\Project\sinra_cho\crop_data_csv\test.csv
[11:32:15]   손크롭 train OK  G:\Project\sinra_cho\crop_data\training  (파일 11,643장)
[11:32:15]   손크롭 val   OK  G:\Project\sinra_cho\crop_data\validation  (파일 1,324장)
[11:32:16]   손크롭 test  OK  G:\Project\sinra_cho\crop_data\test  (파일 167장)
[11:32:16]   · train: 라벨 11,643 -> 사용 11,628 (제외/미크롭 15)
[11:32:16]   · val: 라벨 1,324 -> 사용 1,319 (제외/미크롭 5)
[11:32:16]   · test: 라벨 167 -> 사용 166 (제외/미크롭 1)
[11:32:16] 최종 | train 11,628 | val 1,319 | test 166 | 나이 128.5±39.5개월 | 남 54.5%
[11:32:16] hand560 캐시 생성: 정규화(percentile) -> TopHat(add,rect,frac0.1) -> CLAHE(2.0,8) -> scale(per_image) -> pad(auto) -> 560px
[11:38:22]   hand560 train 2000/11628
[11:45:53]   hand560 train 4000/11628
[11:53:20]   hand560 train 6000/11628
[12:00:45]   hand560 train 8000/11628
[12:08:23]   hand560 train 10000/11628
[12:14:24] [hand560:train] 생성 11628 | 스킵 0 | 실패 0
[12:19:06] [hand560:val] 생성 1319 | 스킵 0 | 실패 0
[12:19:40] [hand560:test] 생성 166 | 스킵 0 | 실패 0
[12:19:40]   Top-Hat 커널 중앙값 143px (뼈 굵기 84~88px 보다 커야 정상) | 패딩 비율 중앙값 25.5%
[12:19:40]   [마커] 제거된 이미지 7213/13113 (55.0%) | 제거 덩어리 총 18649개 | 안전상 건너뜀 963장 {'too_many(5)': 343, 'hand_mask_unreliable': 596, 'too_many(11)': 1, 'too_many(7)': 2, 'too_many(6)': 21}
[12:19:40]        ↳ 마커가 없는 크롭은 '제거 0'이 정상입니다. 비율이 비정상적으로 높으면 MARKER_* 조건을 조이세요.
[12:19:40]   [정렬] 회전 중앙값 6.4° | 최대 34.7° | 180° 뒤집기 9장 | 건너뜀 48장
[12:19:40] hand560 캐시 완료
[12:19:41] 캐시 확인 후 | train 11,628 | val 1,319 | test 166
[12:19:41] ### Phase I-a : R1(수근골) 국소화 + Erased 생성 ###
[12:19:41]   R1 밴드 {'x0': 0.12, 'y0': 0.52, 'x1': 0.88, 'y1': 0.98} | clamp True | tau 30
[12:19:41]   크기 맞추기: 비율유지 + 배경색 패딩(왜곡 0)
[12:19:41] [cls-r1] 분류 모델 학습 | pool=gmp src=hand560 size=560 epochs=70
[12:19:42] [backbone] timm 'inception_v3' 로드 완료 (pretrained=True)
[12:19:42] [cls-gmp] feat (2048, 16, 16) -> FC 2048->240
[12:20:36]   [cls-r1] ep01 100/1453 loss 0.2876 lr 3e-04 (51s)
[12:21:12]   [cls-r1] ep01 200/1453 loss 0.2154 lr 3e-04 (87s)
[12:21:47]   [cls-r1] ep01 300/1453 loss 0.1863 lr 3e-04 (122s)
[12:22:24]   [cls-r1] ep01 400/1453 loss 0.1684 lr 3e-04 (159s)
[12:22:58]   [cls-r1] ep01 500/1453 loss 0.1579 lr 3e-04 (193s)
[12:23:34]   [cls-r1] ep01 600/1453 loss 0.1502 lr 3e-04 (229s)
[12:24:08]   [cls-r1] ep01 700/1453 loss 0.1442 lr 3e-04 (263s)
[12:24:43]   [cls-r1] ep01 800/1453 loss 0.1388 lr 3e-04 (298s)
[12:25:19]   [cls-r1] ep01 900/1453 loss 0.1354 lr 3e-04 (334s)
[12:25:56]   [cls-r1] ep01 1000/1453 loss 0.1315 lr 3e-04 (371s)
[12:26:32]   [cls-r1] ep01 1100/1453 loss 0.1288 lr 3e-04 (407s)
[12:27:07]   [cls-r1] ep01 1200/1453 loss 0.1262 lr 3e-04 (442s)
[12:27:44]   [cls-r1] ep01 1300/1453 loss 0.1238 lr 3e-04 (479s)
[12:28:20]   [cls-r1] ep01 1400/1453 loss 0.1216 lr 3e-04 (515s)
[12:28:38]   [cls-r1] ep01 1453/1453 loss 0.1207 lr 3e-04 (533s)
[12:29:18]   [cls-r1] Epoch 01 완료 | train L1 0.1207 | val argmax-MAE 12.88 | * best 저장 (12.88)
[12:29:41]   [cls-r1] ep02 100/1453 loss 0.0896 lr 3e-04 (23s)
[12:30:03]   [cls-r1] ep02 200/1453 loss 0.0896 lr 3e-04 (45s)
[12:30:26]   [cls-r1] ep02 300/1453 loss 0.0894 lr 3e-04 (68s)
[12:30:48]   [cls-r1] ep02 400/1453 loss 0.0893 lr 3e-04 (90s)
[12:31:11]   [cls-r1] ep02 500/1453 loss 0.0892 lr 3e-04 (113s)
[12:31:34]   [cls-r1] ep02 600/1453 loss 0.0887 lr 3e-04 (136s)
[12:31:57]   [cls-r1] ep02 700/1453 loss 0.0882 lr 3e-04 (159s)
[12:32:22]   [cls-r1] ep02 800/1453 loss 0.0877 lr 3e-04 (184s)
[12:32:45]   [cls-r1] ep02 900/1453 loss 0.0875 lr 3e-04 (207s)
[12:33:09]   [cls-r1] ep02 1000/1453 loss 0.0872 lr 3e-04 (231s)
[12:33:33]   [cls-r1] ep02 1100/1453 loss 0.0870 lr 3e-04 (254s)
[12:33:55]   [cls-r1] ep02 1200/1453 loss 0.0868 lr 3e-04 (277s)
[12:34:19]   [cls-r1] ep02 1300/1453 loss 0.0864 lr 3e-04 (301s)
[12:34:43]   [cls-r1] ep02 1400/1453 loss 0.0860 lr 3e-04 (324s)
[12:34:54]   [cls-r1] ep02 1453/1453 loss 0.0860 lr 3e-04 (336s)
[12:35:09]   [cls-r1] Epoch 02 완료 | train L1 0.0860 | val argmax-MAE 11.85 | * best 저장 (11.85)
[12:35:30]   [cls-r1] ep03 100/1453 loss 0.0801 lr 3e-04 (21s)
[12:35:52]   [cls-r1] ep03 200/1453 loss 0.0802 lr 3e-04 (43s)
[12:36:13]   [cls-r1] ep03 300/1453 loss 0.0807 lr 3e-04 (64s)
[12:36:36]   [cls-r1] ep03 400/1453 loss 0.0791 lr 3e-04 (87s)
[12:36:59]   [cls-r1] ep03 500/1453 loss 0.0789 lr 3e-04 (110s)
[12:37:22]   [cls-r1] ep03 600/1453 loss 0.0782 lr 3e-04 (133s)
[12:37:45]   [cls-r1] ep03 700/1453 loss 0.0784 lr 3e-04 (156s)
[12:38:08]   [cls-r1] ep03 800/1453 loss 0.0784 lr 3e-04 (179s)
[12:38:30]   [cls-r1] ep03 900/1453 loss 0.0785 lr 3e-04 (201s)
[12:38:55]   [cls-r1] ep03 1000/1453 loss 0.0784 lr 3e-04 (225s)
[12:39:17]   [cls-r1] ep03 1100/1453 loss 0.0782 lr 3e-04 (248s)
[12:39:40]   [cls-r1] ep03 1200/1453 loss 0.0777 lr 3e-04 (270s)
[12:40:02]   [cls-r1] ep03 1300/1453 loss 0.0776 lr 3e-04 (293s)
[12:40:21]   [cls-r1] ep03 1400/1453 loss 0.0774 lr 3e-04 (312s)
[12:40:30]   [cls-r1] ep03 1453/1453 loss 0.0775 lr 3e-04 (321s)
[12:40:41]   [cls-r1] Epoch 03 완료 | train L1 0.0775 | val argmax-MAE 10.11 | * best 저장 (10.11)
[12:40:59]   [cls-r1] ep04 100/1453 loss 0.0693 lr 3e-04 (17s)
[12:41:15]   [cls-r1] ep04 200/1453 loss 0.0704 lr 3e-04 (33s)
[12:41:31]   [cls-r1] ep04 300/1453 loss 0.0702 lr 3e-04 (50s)
[12:41:49]   [cls-r1] ep04 400/1453 loss 0.0704 lr 3e-04 (67s)
[12:42:06]   [cls-r1] ep04 500/1453 loss 0.0706 lr 3e-04 (84s)
[12:42:24]   [cls-r1] ep04 600/1453 loss 0.0699 lr 3e-04 (102s)
[12:42:41]   [cls-r1] ep04 700/1453 loss 0.0700 lr 3e-04 (119s)
[12:42:58]   [cls-r1] ep04 800/1453 loss 0.0703 lr 3e-04 (136s)
[12:43:14]   [cls-r1] ep04 900/1453 loss 0.0707 lr 3e-04 (152s)
[12:43:31]   [cls-r1] ep04 1000/1453 loss 0.0710 lr 3e-04 (170s)
[12:43:48]   [cls-r1] ep04 1100/1453 loss 0.0712 lr 3e-04 (186s)
[12:44:04]   [cls-r1] ep04 1200/1453 loss 0.0712 lr 3e-04 (202s)
[12:44:21]   [cls-r1] ep04 1300/1453 loss 0.0711 lr 3e-04 (219s)
[12:44:37]   [cls-r1] ep04 1400/1453 loss 0.0712 lr 3e-04 (235s)
[12:44:45]   [cls-r1] ep04 1453/1453 loss 0.0713 lr 3e-04 (243s)
[12:44:57]   [cls-r1] Epoch 04 완료 | train L1 0.0713 | val argmax-MAE 10.16 | 개선없음 1/8
[12:45:14]   [cls-r1] ep05 100/1453 loss 0.0614 lr 3e-04 (17s)
[12:45:29]   [cls-r1] ep05 200/1453 loss 0.0625 lr 3e-04 (32s)
[12:45:45]   [cls-r1] ep05 300/1453 loss 0.0631 lr 3e-04 (48s)
[12:46:01]   [cls-r1] ep05 400/1453 loss 0.0633 lr 3e-04 (64s)
[12:46:18]   [cls-r1] ep05 500/1453 loss 0.0641 lr 3e-04 (81s)
[12:46:34]   [cls-r1] ep05 600/1453 loss 0.0645 lr 3e-04 (97s)
[12:46:51]   [cls-r1] ep05 700/1453 loss 0.0646 lr 3e-04 (114s)
[12:47:08]   [cls-r1] ep05 800/1453 loss 0.0647 lr 3e-04 (131s)
[12:47:24]   [cls-r1] ep05 900/1453 loss 0.0646 lr 3e-04 (147s)
[12:47:41]   [cls-r1] ep05 1000/1453 loss 0.0653 lr 3e-04 (164s)
[12:47:58]   [cls-r1] ep05 1100/1453 loss 0.0655 lr 3e-04 (181s)
[12:48:14]   [cls-r1] ep05 1200/1453 loss 0.0655 lr 3e-04 (197s)
[12:48:30]   [cls-r1] ep05 1300/1453 loss 0.0656 lr 3e-04 (213s)
[12:48:46]   [cls-r1] ep05 1400/1453 loss 0.0658 lr 3e-04 (229s)
[12:48:55]   [cls-r1] ep05 1453/1453 loss 0.0659 lr 3e-04 (238s)
[12:49:07]   [cls-r1] Epoch 05 완료 | train L1 0.0659 | val argmax-MAE 9.83 | * best 저장 (9.83)
[12:49:24]   [cls-r1] ep06 100/1453 loss 0.0591 lr 3e-04 (17s)
[12:49:41]   [cls-r1] ep06 200/1453 loss 0.0593 lr 3e-04 (34s)
[12:49:57]   [cls-r1] ep06 300/1453 loss 0.0593 lr 3e-04 (50s)
[12:50:14]   [cls-r1] ep06 400/1453 loss 0.0596 lr 3e-04 (67s)
[12:50:31]   [cls-r1] ep06 500/1453 loss 0.0595 lr 3e-04 (84s)
[12:50:48]   [cls-r1] ep06 600/1453 loss 0.0589 lr 3e-04 (101s)
[12:51:05]   [cls-r1] ep06 700/1453 loss 0.0595 lr 3e-04 (118s)
[12:51:23]   [cls-r1] ep06 800/1453 loss 0.0593 lr 3e-04 (136s)
[12:51:40]   [cls-r1] ep06 900/1453 loss 0.0594 lr 3e-04 (153s)
[12:51:58]   [cls-r1] ep06 1000/1453 loss 0.0594 lr 3e-04 (171s)
[12:52:15]   [cls-r1] ep06 1100/1453 loss 0.0595 lr 3e-04 (188s)
[12:52:32]   [cls-r1] ep06 1200/1453 loss 0.0595 lr 3e-04 (205s)
[12:52:50]   [cls-r1] ep06 1300/1453 loss 0.0598 lr 3e-04 (222s)
[12:53:07]   [cls-r1] ep06 1400/1453 loss 0.0597 lr 3e-04 (240s)
[12:53:17]   [cls-r1] ep06 1453/1453 loss 0.0598 lr 3e-04 (250s)
[12:53:29]   [cls-r1] Epoch 06 완료 | train L1 0.0598 | val argmax-MAE 9.46 | * best 저장 (9.46)
[12:53:46]   [cls-r1] ep07 100/1453 loss 0.0524 lr 3e-04 (17s)
[12:54:03]   [cls-r1] ep07 200/1453 loss 0.0544 lr 3e-04 (34s)
[12:54:19]   [cls-r1] ep07 300/1453 loss 0.0539 lr 3e-04 (50s)
[12:54:36]   [cls-r1] ep07 400/1453 loss 0.0539 lr 3e-04 (67s)
[12:54:54]   [cls-r1] ep07 500/1453 loss 0.0536 lr 3e-04 (85s)
[12:55:11]   [cls-r1] ep07 600/1453 loss 0.0536 lr 3e-04 (102s)
[12:55:28]   [cls-r1] ep07 700/1453 loss 0.0537 lr 3e-04 (119s)
[12:55:46]   [cls-r1] ep07 800/1453 loss 0.0537 lr 3e-04 (137s)
[12:56:03]   [cls-r1] ep07 900/1453 loss 0.0541 lr 3e-04 (154s)
[12:56:20]   [cls-r1] ep07 1000/1453 loss 0.0543 lr 3e-04 (171s)
[12:56:37]   [cls-r1] ep07 1100/1453 loss 0.0544 lr 3e-04 (188s)
[12:56:55]   [cls-r1] ep07 1200/1453 loss 0.0546 lr 3e-04 (206s)
[12:57:12]   [cls-r1] ep07 1300/1453 loss 0.0548 lr 3e-04 (223s)
[12:57:29]   [cls-r1] ep07 1400/1453 loss 0.0547 lr 3e-04 (240s)
[12:57:38]   [cls-r1] ep07 1453/1453 loss 0.0547 lr 3e-04 (249s)
[12:57:49]   [cls-r1] Epoch 07 완료 | train L1 0.0547 | val argmax-MAE 10.51 | 개선없음 1/8
[12:58:06]   [cls-r1] ep08 100/1453 loss 0.0500 lr 3e-04 (16s)
[12:58:22]   [cls-r1] ep08 200/1453 loss 0.0494 lr 3e-04 (32s)
[12:58:38]   [cls-r1] ep08 300/1453 loss 0.0511 lr 3e-04 (48s)
[12:58:54]   [cls-r1] ep08 400/1453 loss 0.0508 lr 3e-04 (64s)
[12:59:11]   [cls-r1] ep08 500/1453 loss 0.0510 lr 3e-04 (81s)
[12:59:28]   [cls-r1] ep08 600/1453 loss 0.0511 lr 3e-04 (98s)
[12:59:44]   [cls-r1] ep08 700/1453 loss 0.0510 lr 3e-04 (114s)
[13:00:02]   [cls-r1] ep08 800/1453 loss 0.0510 lr 3e-04 (132s)
[13:00:19]   [cls-r1] ep08 900/1453 loss 0.0510 lr 3e-04 (149s)
[13:00:37]   [cls-r1] ep08 1000/1453 loss 0.0513 lr 3e-04 (168s)
[13:00:56]   [cls-r1] ep08 1100/1453 loss 0.0512 lr 3e-04 (186s)
[13:01:15]   [cls-r1] ep08 1200/1453 loss 0.0513 lr 3e-04 (205s)
[13:01:34]   [cls-r1] ep08 1300/1453 loss 0.0512 lr 3e-04 (224s)
[13:01:52]   [cls-r1] ep08 1400/1453 loss 0.0512 lr 3e-04 (243s)
[13:02:02]   [cls-r1] ep08 1453/1453 loss 0.0513 lr 3e-04 (252s)
[13:02:15]   [cls-r1] Epoch 08 완료 | train L1 0.0513 | val argmax-MAE 9.32 | * best 저장 (9.32)
[13:02:34]   [cls-r1] ep09 100/1453 loss 0.0467 lr 3e-04 (19s)
[13:02:53]   [cls-r1] ep09 200/1453 loss 0.0454 lr 3e-04 (37s)
[13:03:10]   [cls-r1] ep09 300/1453 loss 0.0461 lr 3e-04 (55s)
[13:03:29]   [cls-r1] ep09 400/1453 loss 0.0460 lr 3e-04 (73s)
[13:03:48]   [cls-r1] ep09 500/1453 loss 0.0460 lr 3e-04 (92s)
[13:04:06]   [cls-r1] ep09 600/1453 loss 0.0459 lr 3e-04 (111s)
[13:04:25]   [cls-r1] ep09 700/1453 loss 0.0463 lr 3e-04 (129s)
[13:04:43]   [cls-r1] ep09 800/1453 loss 0.0464 lr 3e-04 (148s)
[13:05:02]   [cls-r1] ep09 900/1453 loss 0.0465 lr 3e-04 (166s)
[13:05:20]   [cls-r1] ep09 1000/1453 loss 0.0465 lr 3e-04 (185s)
[13:05:39]   [cls-r1] ep09 1100/1453 loss 0.0468 lr 3e-04 (204s)
[13:05:58]   [cls-r1] ep09 1200/1453 loss 0.0467 lr 3e-04 (222s)
[13:06:16]   [cls-r1] ep09 1300/1453 loss 0.0468 lr 3e-04 (240s)
[13:06:34]   [cls-r1] ep09 1400/1453 loss 0.0468 lr 3e-04 (258s)
[13:06:44]   [cls-r1] ep09 1453/1453 loss 0.0469 lr 3e-04 (268s)
[13:06:56]   [cls-r1] Epoch 09 완료 | train L1 0.0469 | val argmax-MAE 9.39 | 개선없음 1/8
[13:07:15]   [cls-r1] ep10 100/1453 loss 0.0432 lr 3e-04 (18s)
[13:07:29]   [cls-r1] ep10 200/1453 loss 0.0435 lr 3e-04 (32s)
[13:07:42]   [cls-r1] ep10 300/1453 loss 0.0430 lr 3e-04 (45s)
[13:07:57]   [cls-r1] ep10 400/1453 loss 0.0432 lr 3e-04 (60s)
[13:08:12]   [cls-r1] ep10 500/1453 loss 0.0438 lr 3e-04 (75s)
[13:08:27]   [cls-r1] ep10 600/1453 loss 0.0438 lr 3e-04 (90s)
[13:08:41]   [cls-r1] ep10 700/1453 loss 0.0440 lr 3e-04 (105s)
[13:08:57]   [cls-r1] ep10 800/1453 loss 0.0441 lr 3e-04 (120s)
[13:09:11]   [cls-r1] ep10 900/1453 loss 0.0438 lr 3e-04 (134s)
[13:09:26]   [cls-r1] ep10 1000/1453 loss 0.0439 lr 3e-04 (149s)
[13:09:41]   [cls-r1] ep10 1100/1453 loss 0.0439 lr 3e-04 (164s)
[13:09:56]   [cls-r1] ep10 1200/1453 loss 0.0440 lr 3e-04 (179s)
[13:10:11]   [cls-r1] ep10 1300/1453 loss 0.0439 lr 3e-04 (194s)
[13:10:26]   [cls-r1] ep10 1400/1453 loss 0.0439 lr 3e-04 (209s)
[13:10:34]   [cls-r1] ep10 1453/1453 loss 0.0438 lr 3e-04 (217s)
[13:10:44]   [cls-r1] Epoch 10 완료 | train L1 0.0438 | val argmax-MAE 8.85 | * best 저장 (8.85)
[13:10:59]   [cls-r1] ep11 100/1453 loss 0.0386 lr 3e-04 (15s)
[13:11:13]   [cls-r1] ep11 200/1453 loss 0.0394 lr 3e-04 (29s)
[13:11:25]   [cls-r1] ep11 300/1453 loss 0.0391 lr 3e-04 (40s)
[13:11:36]   [cls-r1] ep11 400/1453 loss 0.0394 lr 3e-04 (52s)
[13:11:47]   [cls-r1] ep11 500/1453 loss 0.0389 lr 3e-04 (63s)
[13:11:59]   [cls-r1] ep11 600/1453 loss 0.0389 lr 3e-04 (74s)
[13:12:10]   [cls-r1] ep11 700/1453 loss 0.0394 lr 3e-04 (86s)
[13:12:22]   [cls-r1] ep11 800/1453 loss 0.0398 lr 3e-04 (97s)
[13:12:33]   [cls-r1] ep11 900/1453 loss 0.0403 lr 3e-04 (109s)
[13:12:45]   [cls-r1] ep11 1000/1453 loss 0.0403 lr 3e-04 (121s)
[13:12:56]   [cls-r1] ep11 1100/1453 loss 0.0404 lr 3e-04 (132s)
[13:13:07]   [cls-r1] ep11 1200/1453 loss 0.0407 lr 3e-04 (143s)
[13:13:18]   [cls-r1] ep11 1300/1453 loss 0.0409 lr 3e-04 (154s)
[13:13:29]   [cls-r1] ep11 1400/1453 loss 0.0409 lr 3e-04 (165s)
[13:13:35]   [cls-r1] ep11 1453/1453 loss 0.0409 lr 3e-04 (171s)
[13:13:45]   [cls-r1] Epoch 11 완료 | train L1 0.0409 | val argmax-MAE 9.45 | 개선없음 1/8
[13:13:56]   [cls-r1] ep12 100/1453 loss 0.0374 lr 3e-04 (11s)
[13:14:08]   [cls-r1] ep12 200/1453 loss 0.0381 lr 3e-04 (23s)
[13:14:19]   [cls-r1] ep12 300/1453 loss 0.0385 lr 3e-04 (34s)
[13:14:30]   [cls-r1] ep12 400/1453 loss 0.0384 lr 3e-04 (45s)
[13:14:42]   [cls-r1] ep12 500/1453 loss 0.0386 lr 3e-04 (57s)
[13:14:53]   [cls-r1] ep12 600/1453 loss 0.0388 lr 3e-04 (68s)
[13:15:04]   [cls-r1] ep12 700/1453 loss 0.0386 lr 3e-04 (79s)
[13:15:15]   [cls-r1] ep12 800/1453 loss 0.0387 lr 3e-04 (90s)
[13:15:27]   [cls-r1] ep12 900/1453 loss 0.0387 lr 3e-04 (102s)
[13:15:38]   [cls-r1] ep12 1000/1453 loss 0.0386 lr 3e-04 (113s)
[13:15:50]   [cls-r1] ep12 1100/1453 loss 0.0387 lr 3e-04 (125s)
[13:16:01]   [cls-r1] ep12 1200/1453 loss 0.0388 lr 3e-04 (136s)
[13:16:13]   [cls-r1] ep12 1300/1453 loss 0.0388 lr 3e-04 (147s)
[13:16:24]   [cls-r1] ep12 1400/1453 loss 0.0388 lr 3e-04 (159s)
[13:16:30]   [cls-r1] ep12 1453/1453 loss 0.0388 lr 3e-04 (165s)
[13:16:39]   [cls-r1] Epoch 12 완료 | train L1 0.0388 | val argmax-MAE 8.94 | 개선없음 2/8
[13:16:51]   [cls-r1] ep13 100/1453 loss 0.0355 lr 3e-04 (11s)
[13:17:02]   [cls-r1] ep13 200/1453 loss 0.0361 lr 3e-04 (23s)
[13:17:14]   [cls-r1] ep13 300/1453 loss 0.0358 lr 3e-04 (34s)
[13:17:25]   [cls-r1] ep13 400/1453 loss 0.0360 lr 3e-04 (46s)
[13:17:36]   [cls-r1] ep13 500/1453 loss 0.0361 lr 3e-04 (57s)
[13:17:47]   [cls-r1] ep13 600/1453 loss 0.0366 lr 3e-04 (68s)
[13:17:59]   [cls-r1] ep13 700/1453 loss 0.0364 lr 3e-04 (79s)
[13:18:10]   [cls-r1] ep13 800/1453 loss 0.0364 lr 3e-04 (91s)
[13:18:21]   [cls-r1] ep13 900/1453 loss 0.0365 lr 3e-04 (102s)
[13:18:33]   [cls-r1] ep13 1000/1453 loss 0.0365 lr 3e-04 (114s)
[13:18:45]   [cls-r1] ep13 1100/1453 loss 0.0364 lr 3e-04 (125s)
[13:18:56]   [cls-r1] ep13 1200/1453 loss 0.0363 lr 3e-04 (137s)
[13:19:08]   [cls-r1] ep13 1300/1453 loss 0.0364 lr 3e-04 (149s)
[13:19:21]   [cls-r1] ep13 1400/1453 loss 0.0367 lr 3e-04 (162s)
[13:19:27]   [cls-r1] ep13 1453/1453 loss 0.0367 lr 3e-04 (168s)
[13:19:37]   [cls-r1] Epoch 13 완료 | train L1 0.0367 | val argmax-MAE 9.25 | 개선없음 3/8
[13:19:50]   [cls-r1] ep14 100/1453 loss 0.0352 lr 3e-04 (12s)
[13:20:01]   [cls-r1] ep14 200/1453 loss 0.0354 lr 3e-04 (23s)
[13:20:13]   [cls-r1] ep14 300/1453 loss 0.0351 lr 3e-04 (35s)
[13:20:24]   [cls-r1] ep14 400/1453 loss 0.0349 lr 3e-04 (46s)
[13:20:36]   [cls-r1] ep14 500/1453 loss 0.0347 lr 3e-04 (58s)
[13:20:46]   [cls-r1] ep14 600/1453 loss 0.0345 lr 3e-04 (68s)
[13:20:57]   [cls-r1] ep14 700/1453 loss 0.0344 lr 3e-04 (79s)
[13:21:07]   [cls-r1] ep14 800/1453 loss 0.0345 lr 3e-04 (89s)
[13:21:18]   [cls-r1] ep14 900/1453 loss 0.0346 lr 3e-04 (100s)
[13:21:28]   [cls-r1] ep14 1000/1453 loss 0.0346 lr 3e-04 (110s)
[13:21:39]   [cls-r1] ep14 1100/1453 loss 0.0346 lr 3e-04 (121s)
[13:21:49]   [cls-r1] ep14 1200/1453 loss 0.0349 lr 3e-04 (131s)
[13:22:00]   [cls-r1] ep14 1300/1453 loss 0.0349 lr 3e-04 (142s)
[13:22:10]   [cls-r1] ep14 1400/1453 loss 0.0349 lr 3e-04 (152s)
[13:22:16]   [cls-r1] ep14 1453/1453 loss 0.0350 lr 3e-04 (158s)
[13:22:25]   [cls-r1] Epoch 14 완료 | train L1 0.0350 | val argmax-MAE 9.13 | 개선없음 4/8
[13:22:36]   [cls-r1] ep15 100/1453 loss 0.0324 lr 3e-04 (11s)
[13:22:47]   [cls-r1] ep15 200/1453 loss 0.0326 lr 3e-04 (21s)
[13:22:57]   [cls-r1] ep15 300/1453 loss 0.0330 lr 3e-04 (31s)
[13:23:07]   [cls-r1] ep15 400/1453 loss 0.0330 lr 3e-04 (42s)
[13:23:18]   [cls-r1] ep15 500/1453 loss 0.0329 lr 3e-04 (52s)
[13:23:28]   [cls-r1] ep15 600/1453 loss 0.0331 lr 3e-04 (63s)
[13:23:39]   [cls-r1] ep15 700/1453 loss 0.0333 lr 3e-04 (73s)
[13:23:49]   [cls-r1] ep15 800/1453 loss 0.0331 lr 3e-04 (84s)
[13:24:00]   [cls-r1] ep15 900/1453 loss 0.0332 lr 3e-04 (94s)
[13:24:10]   [cls-r1] ep15 1000/1453 loss 0.0331 lr 3e-04 (105s)
[13:24:21]   [cls-r1] ep15 1100/1453 loss 0.0331 lr 3e-04 (115s)
[13:24:32]   [cls-r1] ep15 1200/1453 loss 0.0367 lr 3e-04 (126s)
[13:24:42]   [cls-r1] ep15 1300/1453 loss 0.0365 lr 3e-04 (137s)
[13:24:54]   [cls-r1] ep15 1400/1453 loss 0.0361 lr 3e-04 (148s)
[13:25:02]   [cls-r1] ep15 1453/1453 loss 0.0360 lr 3e-04 (156s)
[13:25:23]   [cls-r1] Epoch 15 완료 | train L1 0.0360 | val argmax-MAE 9.03 | 개선없음 5/8
[13:25:37]   [cls-r1] ep16 100/1453 loss 0.0315 lr 3e-04 (14s)
[13:25:53]   [cls-r1] ep16 200/1453 loss 0.0315 lr 3e-04 (30s)
[13:26:09]   [cls-r1] ep16 300/1453 loss 0.0315 lr 3e-04 (45s)
[13:26:43]   [cls-r1] ep16 400/1453 loss 0.0313 lr 3e-04 (79s)
[13:27:04]   [cls-r1] ep16 500/1453 loss 0.0308 lr 3e-04 (101s)
[13:27:17]   [cls-r1] ep16 600/1453 loss 0.0307 lr 3e-04 (114s)
[13:27:28]   [cls-r1] ep16 700/1453 loss 0.0306 lr 3e-04 (125s)
[13:27:38]   [cls-r1] ep16 800/1453 loss 0.0307 lr 3e-04 (135s)
[13:27:52]   [cls-r1] ep16 900/1453 loss 0.0308 lr 3e-04 (148s)
[13:28:05]   [cls-r1] ep16 1000/1453 loss 0.0308 lr 3e-04 (162s)
[13:28:20]   [cls-r1] ep16 1100/1453 loss 0.0306 lr 3e-04 (177s)
[13:28:36]   [cls-r1] ep16 1200/1453 loss 0.0306 lr 3e-04 (192s)
[13:28:50]   [cls-r1] ep16 1300/1453 loss 0.0306 lr 3e-04 (207s)
[13:29:05]   [cls-r1] ep16 1400/1453 loss 0.0307 lr 3e-04 (222s)
[13:29:12]   [cls-r1] ep16 1453/1453 loss 0.0308 lr 3e-04 (229s)
[13:29:27]   [cls-r1] Epoch 16 완료 | train L1 0.0308 | val argmax-MAE 9.04 | 개선없음 6/8
[13:29:44]   [cls-r1] ep17 100/1453 loss 0.0316 lr 3e-04 (16s)
[13:29:59]   [cls-r1] ep17 200/1453 loss 0.0317 lr 3e-04 (31s)
[13:30:13]   [cls-r1] ep17 300/1453 loss 0.0321 lr 3e-04 (45s)
[13:30:28]   [cls-r1] ep17 400/1453 loss 0.0316 lr 3e-04 (60s)
[13:30:44]   [cls-r1] ep17 500/1453 loss 0.0318 lr 3e-04 (76s)
[13:31:00]   [cls-r1] ep17 600/1453 loss 0.0317 lr 3e-04 (92s)
[13:31:15]   [cls-r1] ep17 700/1453 loss 0.0312 lr 3e-04 (107s)
[13:31:29]   [cls-r1] ep17 800/1453 loss 0.0310 lr 3e-04 (121s)
[13:31:44]   [cls-r1] ep17 900/1453 loss 0.0309 lr 3e-04 (136s)
[13:32:00]   [cls-r1] ep17 1000/1453 loss 0.0308 lr 3e-04 (152s)
[13:32:15]   [cls-r1] ep17 1100/1453 loss 0.0307 lr 3e-04 (167s)
[13:32:29]   [cls-r1] ep17 1200/1453 loss 0.0307 lr 3e-04 (181s)
[13:32:43]   [cls-r1] ep17 1300/1453 loss 0.0309 lr 3e-04 (195s)
[13:32:58]   [cls-r1] ep17 1400/1453 loss 0.0309 lr 3e-04 (211s)
[13:33:07]   [cls-r1] ep17 1453/1453 loss 0.0308 lr 3e-04 (219s)
[13:33:20]   [cls-r1] Epoch 17 완료 | train L1 0.0308 | val argmax-MAE 8.87 | 개선없음 7/8
[13:33:35]   [cls-r1] ep18 100/1453 loss 0.0298 lr 3e-04 (15s)
[13:33:50]   [cls-r1] ep18 200/1453 loss 0.0296 lr 3e-04 (29s)
[13:34:06]   [cls-r1] ep18 300/1453 loss 0.0296 lr 3e-04 (45s)
[13:34:21]   [cls-r1] ep18 400/1453 loss 0.0300 lr 3e-04 (61s)
[13:34:36]   [cls-r1] ep18 500/1453 loss 0.0301 lr 3e-04 (75s)
[13:34:50]   [cls-r1] ep18 600/1453 loss 0.0298 lr 3e-04 (89s)
[13:35:05]   [cls-r1] ep18 700/1453 loss 0.0293 lr 3e-04 (105s)
[13:35:23]   [cls-r1] ep18 800/1453 loss 0.0290 lr 3e-04 (122s)
[13:35:38]   [cls-r1] ep18 900/1453 loss 0.0288 lr 3e-04 (137s)
[13:35:52]   [cls-r1] ep18 1000/1453 loss 0.0287 lr 3e-04 (151s)
[13:36:07]   [cls-r1] ep18 1100/1453 loss 0.0288 lr 3e-04 (166s)
[13:36:21]   [cls-r1] ep18 1200/1453 loss 0.0290 lr 3e-04 (180s)
[13:36:36]   [cls-r1] ep18 1300/1453 loss 0.0293 lr 3e-04 (195s)
[13:36:50]   [cls-r1] ep18 1400/1453 loss 0.0293 lr 3e-04 (209s)
[13:36:57]   [cls-r1] ep18 1453/1453 loss 0.0293 lr 3e-04 (216s)
[13:37:09]   [cls-r1] Epoch 18 완료 | train L1 0.0293 | val argmax-MAE 8.78 | * best 저장 (8.78)
[13:37:24]   [cls-r1] ep19 100/1453 loss 0.0294 lr 3e-04 (14s)
[13:37:39]   [cls-r1] ep19 200/1453 loss 0.0289 lr 3e-04 (29s)
[13:37:53]   [cls-r1] ep19 300/1453 loss 0.0291 lr 3e-04 (43s)
[13:38:06]   [cls-r1] ep19 400/1453 loss 0.0290 lr 3e-04 (57s)
[13:38:21]   [cls-r1] ep19 500/1453 loss 0.0290 lr 3e-04 (71s)
[13:38:35]   [cls-r1] ep19 600/1453 loss 0.0288 lr 3e-04 (86s)
[13:38:49]   [cls-r1] ep19 700/1453 loss 0.0284 lr 3e-04 (100s)
[13:39:04]   [cls-r1] ep19 800/1453 loss 0.0282 lr 3e-04 (114s)
[13:39:18]   [cls-r1] ep19 900/1453 loss 0.0282 lr 3e-04 (128s)
[13:39:32]   [cls-r1] ep19 1000/1453 loss 0.0282 lr 3e-04 (143s)
[13:39:47]   [cls-r1] ep19 1100/1453 loss 0.0282 lr 3e-04 (158s)
[13:40:02]   [cls-r1] ep19 1200/1453 loss 0.0281 lr 3e-04 (172s)
[13:40:15]   [cls-r1] ep19 1300/1453 loss 0.0280 lr 3e-04 (186s)
[13:40:30]   [cls-r1] ep19 1400/1453 loss 0.0280 lr 3e-04 (201s)
[13:40:38]   [cls-r1] ep19 1453/1453 loss 0.0280 lr 3e-04 (209s)
[13:40:51]   [cls-r1] Epoch 19 완료 | train L1 0.0280 | val argmax-MAE 8.96 | 개선없음 1/8
[13:41:06]   [cls-r1] ep20 100/1453 loss 0.0296 lr 3e-04 (14s)
[13:41:22]   [cls-r1] ep20 200/1453 loss 0.0296 lr 3e-04 (30s)
[13:41:39]   [cls-r1] ep20 300/1453 loss 0.0285 lr 3e-04 (47s)
[13:41:56]   [cls-r1] ep20 400/1453 loss 0.0284 lr 3e-04 (64s)
[13:42:12]   [cls-r1] ep20 500/1453 loss 0.0281 lr 3e-04 (80s)
[13:42:28]   [cls-r1] ep20 600/1453 loss 0.0277 lr 3e-04 (96s)
[13:42:44]   [cls-r1] ep20 700/1453 loss 0.0276 lr 3e-04 (112s)
[13:43:01]   [cls-r1] ep20 800/1453 loss 0.0275 lr 3e-04 (129s)
[13:43:16]   [cls-r1] ep20 900/1453 loss 0.0275 lr 3e-04 (144s)
[13:43:32]   [cls-r1] ep20 1000/1453 loss 0.0275 lr 3e-04 (160s)
[13:43:47]   [cls-r1] ep20 1100/1453 loss 0.0274 lr 3e-04 (175s)
[13:44:05]   [cls-r1] ep20 1200/1453 loss 0.0274 lr 3e-04 (193s)
[13:44:23]   [cls-r1] ep20 1300/1453 loss 0.0273 lr 3e-04 (211s)
[13:44:39]   [cls-r1] ep20 1400/1453 loss 0.0272 lr 3e-04 (227s)
[13:44:48]   [cls-r1] ep20 1453/1453 loss 0.0272 lr 3e-04 (236s)
[13:45:03]   [cls-r1] Epoch 20 완료 | train L1 0.0272 | val argmax-MAE 8.72 | * best 저장 (8.72)
[13:45:20]   [cls-r1] ep21 100/1453 loss 0.0275 lr 3e-04 (17s)
[13:45:37]   [cls-r1] ep21 200/1453 loss 0.0270 lr 3e-04 (34s)
[13:45:54]   [cls-r1] ep21 300/1453 loss 0.0271 lr 3e-04 (51s)
[13:46:12]   [cls-r1] ep21 400/1453 loss 0.0269 lr 3e-04 (68s)
[13:46:30]   [cls-r1] ep21 500/1453 loss 0.0270 lr 3e-04 (87s)
[13:46:47]   [cls-r1] ep21 600/1453 loss 0.0271 lr 3e-04 (104s)
[13:47:07]   [cls-r1] ep21 700/1453 loss 0.0273 lr 3e-04 (124s)
[13:47:25]   [cls-r1] ep21 800/1453 loss 0.0273 lr 3e-04 (142s)
[13:47:43]   [cls-r1] ep21 900/1453 loss 0.0273 lr 3e-04 (160s)
[13:48:00]   [cls-r1] ep21 1000/1453 loss 0.0272 lr 3e-04 (177s)
[13:48:18]   [cls-r1] ep21 1100/1453 loss 0.0271 lr 3e-04 (195s)
[13:48:35]   [cls-r1] ep21 1200/1453 loss 0.0270 lr 3e-04 (212s)
[13:48:53]   [cls-r1] ep21 1300/1453 loss 0.0269 lr 3e-04 (230s)
[13:49:11]   [cls-r1] ep21 1400/1453 loss 0.0269 lr 3e-04 (248s)
[13:49:20]   [cls-r1] ep21 1453/1453 loss 0.0268 lr 3e-04 (257s)
[13:49:36]   [cls-r1] Epoch 21 완료 | train L1 0.0268 | val argmax-MAE 8.86 | 개선없음 1/8
[13:49:53]   [cls-r1] ep22 100/1453 loss 0.0269 lr 3e-04 (17s)
[13:50:10]   [cls-r1] ep22 200/1453 loss 0.0270 lr 3e-04 (33s)
[13:50:31]   [cls-r1] ep22 300/1453 loss 0.0268 lr 3e-04 (55s)
[13:50:55]   [cls-r1] ep22 400/1453 loss 0.0267 lr 3e-04 (78s)
[13:51:18]   [cls-r1] ep22 500/1453 loss 0.0264 lr 3e-04 (102s)
[13:51:42]   [cls-r1] ep22 600/1453 loss 0.0265 lr 3e-04 (126s)
[13:52:06]   [cls-r1] ep22 700/1453 loss 0.0264 lr 3e-04 (150s)
[13:52:30]   [cls-r1] ep22 800/1453 loss 0.0261 lr 3e-04 (174s)
[13:52:55]   [cls-r1] ep22 900/1453 loss 0.0259 lr 3e-04 (198s)
[13:53:29]   [cls-r1] ep22 1000/1453 loss 0.0260 lr 3e-04 (233s)
[13:54:28]   [cls-r1] ep22 1100/1453 loss 0.0261 lr 3e-04 (291s)
[13:55:22]   [cls-r1] ep22 1200/1453 loss 0.0259 lr 3e-04 (345s)
[13:56:01]   [cls-r1] ep22 1300/1453 loss 0.0258 lr 3e-04 (384s)
[13:56:32]   [cls-r1] ep22 1400/1453 loss 0.0258 lr 3e-04 (416s)
[13:56:50]   [cls-r1] ep22 1453/1453 loss 0.0259 lr 3e-04 (433s)
[13:57:33]   [cls-r1] Epoch 22 완료 | train L1 0.0259 | val argmax-MAE 8.62 | * best 저장 (8.62)
[13:58:04]   [cls-r1] ep23 100/1453 loss 0.0257 lr 3e-04 (31s)
[13:58:36]   [cls-r1] ep23 200/1453 loss 0.0266 lr 3e-04 (63s)
[13:59:07]   [cls-r1] ep23 300/1453 loss 0.0256 lr 3e-04 (93s)
[13:59:40]   [cls-r1] ep23 400/1453 loss 0.0256 lr 3e-04 (127s)
[14:00:10]   [cls-r1] ep23 500/1453 loss 0.0250 lr 3e-04 (156s)
[14:00:40]   [cls-r1] ep23 600/1453 loss 0.0251 lr 3e-04 (187s)
[14:01:09]   [cls-r1] ep23 700/1453 loss 0.0253 lr 3e-04 (216s)
[14:01:39]   [cls-r1] ep23 800/1453 loss 0.0251 lr 3e-04 (246s)
[14:02:09]   [cls-r1] ep23 900/1453 loss 0.0252 lr 3e-04 (276s)
[14:02:40]   [cls-r1] ep23 1000/1453 loss 0.0252 lr 3e-04 (307s)
[14:03:08]   [cls-r1] ep23 1100/1453 loss 0.0255 lr 3e-04 (335s)
[14:03:39]   [cls-r1] ep23 1200/1453 loss 0.0253 lr 3e-04 (365s)
[14:04:08]   [cls-r1] ep23 1300/1453 loss 0.0253 lr 3e-04 (395s)
[14:04:44]   [cls-r1] ep23 1400/1453 loss 0.0251 lr 3e-04 (431s)
[14:05:00]   [cls-r1] ep23 1453/1453 loss 0.0252 lr 3e-04 (447s)
[14:05:19]   [cls-r1] Epoch 23 완료 | train L1 0.0252 | val argmax-MAE 8.98 | 개선없음 1/8
[14:05:44]   [cls-r1] ep24 100/1453 loss 0.0235 lr 3e-04 (24s)
[14:06:07]   [cls-r1] ep24 200/1453 loss 0.0246 lr 3e-04 (47s)
[14:06:31]   [cls-r1] ep24 300/1453 loss 0.0251 lr 3e-04 (71s)
[14:06:54]   [cls-r1] ep24 400/1453 loss 0.0251 lr 3e-04 (94s)
[14:07:16]   [cls-r1] ep24 500/1453 loss 0.0251 lr 3e-04 (116s)
[14:07:40]   [cls-r1] ep24 600/1453 loss 0.0251 lr 3e-04 (140s)
[14:08:02]   [cls-r1] ep24 700/1453 loss 0.0252 lr 3e-04 (162s)
[14:08:25]   [cls-r1] ep24 800/1453 loss 0.0249 lr 3e-04 (185s)
[14:08:51]   [cls-r1] ep24 900/1453 loss 0.0250 lr 3e-04 (211s)
[14:09:13]   [cls-r1] ep24 1000/1453 loss 0.0250 lr 3e-04 (233s)
[14:09:40]   [cls-r1] ep24 1100/1453 loss 0.0251 lr 3e-04 (260s)
[14:10:04]   [cls-r1] ep24 1200/1453 loss 0.0249 lr 3e-04 (284s)
[14:10:27]   [cls-r1] ep24 1300/1453 loss 0.0249 lr 3e-04 (307s)
[14:10:52]   [cls-r1] ep24 1400/1453 loss 0.0247 lr 3e-04 (332s)
[14:11:05]   [cls-r1] ep24 1453/1453 loss 0.0247 lr 3e-04 (345s)
[14:11:23]   [cls-r1] Epoch 24 완료 | train L1 0.0247 | val argmax-MAE 8.88 | 개선없음 2/8
[14:11:47]   [cls-r1] ep25 100/1453 loss 0.0225 lr 3e-04 (23s)
[14:12:12]   [cls-r1] ep25 200/1453 loss 0.0229 lr 3e-04 (48s)
[14:12:37]   [cls-r1] ep25 300/1453 loss 0.0237 lr 3e-04 (73s)
[14:13:02]   [cls-r1] ep25 400/1453 loss 0.0236 lr 3e-04 (98s)
[14:13:27]   [cls-r1] ep25 500/1453 loss 0.0234 lr 3e-04 (124s)
[14:13:52]   [cls-r1] ep25 600/1453 loss 0.0231 lr 3e-04 (149s)
[14:14:17]   [cls-r1] ep25 700/1453 loss 0.0234 lr 3e-04 (173s)
[14:14:40]   [cls-r1] ep25 800/1453 loss 0.0234 lr 3e-04 (197s)
[14:15:05]   [cls-r1] ep25 900/1453 loss 0.0232 lr 3e-04 (221s)
[14:15:28]   [cls-r1] ep25 1000/1453 loss 0.0231 lr 3e-04 (245s)
[14:15:51]   [cls-r1] ep25 1100/1453 loss 0.0230 lr 3e-04 (268s)
[14:16:16]   [cls-r1] ep25 1200/1453 loss 0.0231 lr 3e-04 (293s)
[14:16:38]   [cls-r1] ep25 1300/1453 loss 0.0230 lr 3e-04 (315s)
[14:17:02]   [cls-r1] ep25 1400/1453 loss 0.0232 lr 3e-04 (339s)
[14:17:16]   [cls-r1] ep25 1453/1453 loss 0.0233 lr 3e-04 (352s)
[14:17:35]   [cls-r1] Epoch 25 완료 | train L1 0.0233 | val argmax-MAE 8.86 | 개선없음 3/8
[14:17:57]   [cls-r1] ep26 100/1453 loss 0.0224 lr 3e-04 (22s)
[14:18:21]   [cls-r1] ep26 200/1453 loss 0.0221 lr 3e-04 (46s)
[14:18:42]   [cls-r1] ep26 300/1453 loss 0.0217 lr 3e-04 (67s)
[14:19:06]   [cls-r1] ep26 400/1453 loss 0.0216 lr 3e-04 (91s)
[14:19:39]   [cls-r1] ep26 500/1453 loss 0.0219 lr 3e-04 (124s)
[14:20:03]   [cls-r1] ep26 600/1453 loss 0.0223 lr 3e-04 (148s)
[14:20:28]   [cls-r1] ep26 700/1453 loss 0.0225 lr 3e-04 (172s)
[14:20:52]   [cls-r1] ep26 800/1453 loss 0.0224 lr 3e-04 (197s)
[14:21:17]   [cls-r1] ep26 900/1453 loss 0.0226 lr 3e-04 (222s)
[14:21:43]   [cls-r1] ep26 1000/1453 loss 0.0228 lr 3e-04 (247s)
[14:22:08]   [cls-r1] ep26 1100/1453 loss 0.0230 lr 3e-04 (273s)
[14:22:33]   [cls-r1] ep26 1200/1453 loss 0.0229 lr 3e-04 (298s)
[14:22:59]   [cls-r1] ep26 1300/1453 loss 0.0229 lr 3e-04 (323s)
[14:23:24]   [cls-r1] ep26 1400/1453 loss 0.0229 lr 3e-04 (349s)
[14:23:37]   [cls-r1] ep26 1453/1453 loss 0.0228 lr 3e-04 (361s)
[14:23:56]   [cls-r1] Epoch 26 완료 | train L1 0.0228 | val argmax-MAE 8.77 | 개선없음 4/8
[14:24:21]   [cls-r1] ep27 100/1453 loss 0.0230 lr 3e-04 (25s)
[14:24:46]   [cls-r1] ep27 200/1453 loss 0.0227 lr 3e-04 (50s)
[14:25:11]   [cls-r1] ep27 300/1453 loss 0.0227 lr 3e-04 (75s)
[14:25:37]   [cls-r1] ep27 400/1453 loss 0.0227 lr 3e-04 (100s)
[14:26:01]   [cls-r1] ep27 500/1453 loss 0.0230 lr 3e-04 (125s)
[14:26:26]   [cls-r1] ep27 600/1453 loss 0.0230 lr 3e-04 (150s)
[14:26:51]   [cls-r1] ep27 700/1453 loss 0.0231 lr 3e-04 (175s)
[14:27:16]   [cls-r1] ep27 800/1453 loss 0.0231 lr 3e-04 (200s)
[14:27:42]   [cls-r1] ep27 900/1453 loss 0.0227 lr 3e-04 (225s)
[14:28:08]   [cls-r1] ep27 1000/1453 loss 0.0227 lr 3e-04 (251s)
[14:28:34]   [cls-r1] ep27 1100/1453 loss 0.0225 lr 3e-04 (277s)
[14:28:59]   [cls-r1] ep27 1200/1453 loss 0.0224 lr 3e-04 (302s)
[14:29:24]   [cls-r1] ep27 1300/1453 loss 0.0224 lr 3e-04 (328s)
[14:29:50]   [cls-r1] ep27 1400/1453 loss 0.0225 lr 3e-04 (354s)
[14:30:03]   [cls-r1] ep27 1453/1453 loss 0.0224 lr 3e-04 (367s)
[14:30:25]   [cls-r1] Epoch 27 완료 | train L1 0.0224 | val argmax-MAE 8.86 | 개선없음 5/8
[14:30:50]   [cls-r1] ep28 100/1453 loss 0.0217 lr 3e-04 (24s)
[14:31:15]   [cls-r1] ep28 200/1453 loss 0.0222 lr 3e-04 (49s)
[14:31:39]   [cls-r1] ep28 300/1453 loss 0.0225 lr 3e-04 (74s)
[14:32:03]   [cls-r1] ep28 400/1453 loss 0.0224 lr 3e-04 (97s)
[14:32:25]   [cls-r1] ep28 500/1453 loss 0.0223 lr 3e-04 (119s)
[14:32:47]   [cls-r1] ep28 600/1453 loss 0.0224 lr 3e-04 (141s)
[14:33:10]   [cls-r1] ep28 700/1453 loss 0.0223 lr 3e-04 (164s)
[14:33:32]   [cls-r1] ep28 800/1453 loss 0.0223 lr 3e-04 (186s)
[14:33:54]   [cls-r1] ep28 900/1453 loss 0.0222 lr 3e-04 (208s)
[14:34:18]   [cls-r1] ep28 1000/1453 loss 0.0225 lr 3e-04 (233s)
[14:34:43]   [cls-r1] ep28 1100/1453 loss 0.0226 lr 3e-04 (258s)
[14:35:10]   [cls-r1] ep28 1200/1453 loss 0.0226 lr 3e-04 (284s)
[14:35:35]   [cls-r1] ep28 1300/1453 loss 0.0226 lr 3e-04 (310s)
[14:36:00]   [cls-r1] ep28 1400/1453 loss 0.0226 lr 3e-04 (334s)
[14:36:13]   [cls-r1] ep28 1453/1453 loss 0.0226 lr 3e-04 (348s)
[14:36:29]   [cls-r1] Epoch 28 완료 | train L1 0.0226 | val argmax-MAE 8.64 | 개선없음 6/8
[14:36:52]   [cls-r1] ep29 100/1453 loss 0.0190 lr 3e-04 (22s)
[14:37:14]   [cls-r1] ep29 200/1453 loss 0.0194 lr 3e-04 (44s)
[14:37:38]   [cls-r1] ep29 300/1453 loss 0.0197 lr 3e-04 (69s)
[14:38:04]   [cls-r1] ep29 400/1453 loss 0.0204 lr 3e-04 (94s)
[14:38:30]   [cls-r1] ep29 500/1453 loss 0.0205 lr 3e-04 (120s)
[14:38:56]   [cls-r1] ep29 600/1453 loss 0.0204 lr 3e-04 (146s)
[14:39:21]   [cls-r1] ep29 700/1453 loss 0.0209 lr 3e-04 (171s)
[14:39:48]   [cls-r1] ep29 800/1453 loss 0.0209 lr 3e-04 (198s)
[14:40:14]   [cls-r1] ep29 900/1453 loss 0.0210 lr 3e-04 (224s)
[14:40:41]   [cls-r1] ep29 1000/1453 loss 0.0210 lr 3e-04 (251s)
[14:41:09]   [cls-r1] ep29 1100/1453 loss 0.0210 lr 3e-04 (279s)
[14:41:35]   [cls-r1] ep29 1200/1453 loss 0.0209 lr 3e-04 (305s)
[14:42:01]   [cls-r1] ep29 1300/1453 loss 0.0209 lr 3e-04 (331s)
[14:42:27]   [cls-r1] ep29 1400/1453 loss 0.0208 lr 3e-04 (357s)
[14:42:40]   [cls-r1] ep29 1453/1453 loss 0.0209 lr 3e-04 (370s)
[14:42:56]   [cls-r1] Epoch 29 완료 | train L1 0.0209 | val argmax-MAE 8.51 | * best 저장 (8.51)
[14:43:20]   [cls-r1] ep30 100/1453 loss 0.0204 lr 3e-04 (23s)
[14:43:44]   [cls-r1] ep30 200/1453 loss 0.0198 lr 3e-04 (47s)
[14:44:09]   [cls-r1] ep30 300/1453 loss 0.0206 lr 3e-04 (73s)
[14:44:35]   [cls-r1] ep30 400/1453 loss 0.0208 lr 3e-04 (99s)
[14:45:02]   [cls-r1] ep30 500/1453 loss 0.0206 lr 3e-04 (125s)
[14:45:26]   [cls-r1] ep30 600/1453 loss 0.0205 lr 3e-04 (149s)
[14:45:50]   [cls-r1] ep30 700/1453 loss 0.0206 lr 3e-04 (173s)
[14:46:15]   [cls-r1] ep30 800/1453 loss 0.0207 lr 3e-04 (198s)
[14:46:39]   [cls-r1] ep30 900/1453 loss 0.0208 lr 3e-04 (222s)
[14:47:05]   [cls-r1] ep30 1000/1453 loss 0.0210 lr 3e-04 (248s)
[14:47:31]   [cls-r1] ep30 1100/1453 loss 0.0210 lr 3e-04 (274s)
[14:47:58]   [cls-r1] ep30 1200/1453 loss 0.0210 lr 3e-04 (301s)
[14:48:24]   [cls-r1] ep30 1300/1453 loss 0.0209 lr 3e-04 (327s)
[14:48:48]   [cls-r1] ep30 1400/1453 loss 0.0209 lr 3e-04 (352s)
[14:49:03]   [cls-r1] ep30 1453/1453 loss 0.0209 lr 3e-04 (366s)
[14:49:22]   [cls-r1] Epoch 30 완료 | train L1 0.0209 | val argmax-MAE 9.10 | 개선없음 1/8
[14:49:45]   [cls-r1] ep31 100/1453 loss 0.0221 lr 3e-04 (22s)
[14:50:09]   [cls-r1] ep31 200/1453 loss 0.0215 lr 3e-04 (47s)
[14:50:36]   [cls-r1] ep31 300/1453 loss 0.0208 lr 3e-04 (73s)
[14:51:02]   [cls-r1] ep31 400/1453 loss 0.0210 lr 3e-04 (99s)
[14:51:30]   [cls-r1] ep31 500/1453 loss 0.0208 lr 3e-04 (127s)
[14:51:57]   [cls-r1] ep31 600/1453 loss 0.0207 lr 3e-04 (154s)
[14:52:25]   [cls-r1] ep31 700/1453 loss 0.0206 lr 3e-04 (182s)
[14:52:52]   [cls-r1] ep31 800/1453 loss 0.0205 lr 3e-04 (210s)
[14:53:19]   [cls-r1] ep31 900/1453 loss 0.0205 lr 3e-04 (237s)
[14:53:47]   [cls-r1] ep31 1000/1453 loss 0.0205 lr 3e-04 (264s)
[14:54:15]   [cls-r1] ep31 1100/1453 loss 0.0206 lr 3e-04 (293s)
[14:54:42]   [cls-r1] ep31 1200/1453 loss 0.0205 lr 3e-04 (320s)
[14:55:09]   [cls-r1] ep31 1300/1453 loss 0.0204 lr 3e-04 (347s)
[14:55:37]   [cls-r1] ep31 1400/1453 loss 0.0203 lr 3e-04 (375s)
[14:55:52]   [cls-r1] ep31 1453/1453 loss 0.0204 lr 3e-04 (390s)
[14:56:11]   [cls-r1] Epoch 31 완료 | train L1 0.0204 | val argmax-MAE 8.52 | 개선없음 2/8
[14:56:36]   [cls-r1] ep32 100/1453 loss 0.0190 lr 3e-04 (25s)
[14:57:04]   [cls-r1] ep32 200/1453 loss 0.0195 lr 3e-04 (53s)
[14:57:35]   [cls-r1] ep32 300/1453 loss 0.0204 lr 3e-04 (84s)
[14:58:02]   [cls-r1] ep32 400/1453 loss 0.0201 lr 3e-04 (111s)
[14:58:30]   [cls-r1] ep32 500/1453 loss 0.0196 lr 3e-04 (139s)
[14:58:57]   [cls-r1] ep32 600/1453 loss 0.0198 lr 3e-04 (166s)
[14:59:24]   [cls-r1] ep32 700/1453 loss 0.0199 lr 3e-04 (193s)
[14:59:52]   [cls-r1] ep32 800/1453 loss 0.0199 lr 3e-04 (221s)
[15:00:20]   [cls-r1] ep32 900/1453 loss 0.0198 lr 3e-04 (248s)
[15:00:47]   [cls-r1] ep32 1000/1453 loss 0.0200 lr 3e-04 (276s)
[15:01:15]   [cls-r1] ep32 1100/1453 loss 0.0200 lr 3e-04 (304s)
[15:01:40]   [cls-r1] ep32 1200/1453 loss 0.0199 lr 3e-04 (328s)
[15:02:05]   [cls-r1] ep32 1300/1453 loss 0.0199 lr 3e-04 (354s)
[15:02:29]   [cls-r1] ep32 1400/1453 loss 0.0201 lr 3e-04 (378s)
[15:02:42]   [cls-r1] ep32 1453/1453 loss 0.0201 lr 3e-04 (391s)
[15:03:01]   [cls-r1] Epoch 32 완료 | train L1 0.0201 | val argmax-MAE 8.82 | 개선없음 3/8
[15:03:24]   [cls-r1] ep33 100/1453 loss 0.0233 lr 3e-04 (23s)
[15:03:46]   [cls-r1] ep33 200/1453 loss 0.0221 lr 3e-04 (45s)
[15:04:10]   [cls-r1] ep33 300/1453 loss 0.0208 lr 3e-04 (69s)
[15:04:35]   [cls-r1] ep33 400/1453 loss 0.0206 lr 3e-04 (94s)
[15:05:00]   [cls-r1] ep33 500/1453 loss 0.0204 lr 3e-04 (119s)
[15:05:24]   [cls-r1] ep33 600/1453 loss 0.0201 lr 3e-04 (143s)
[15:05:48]   [cls-r1] ep33 700/1453 loss 0.0200 lr 3e-04 (167s)
[15:06:13]   [cls-r1] ep33 800/1453 loss 0.0200 lr 3e-04 (192s)
[15:06:38]   [cls-r1] ep33 900/1453 loss 0.0199 lr 3e-04 (217s)
[15:07:03]   [cls-r1] ep33 1000/1453 loss 0.0200 lr 3e-04 (242s)
[15:07:29]   [cls-r1] ep33 1100/1453 loss 0.0201 lr 3e-04 (268s)
[15:07:55]   [cls-r1] ep33 1200/1453 loss 0.0201 lr 3e-04 (294s)
[15:08:23]   [cls-r1] ep33 1300/1453 loss 0.0201 lr 3e-04 (322s)
[15:08:49]   [cls-r1] ep33 1400/1453 loss 0.0200 lr 3e-04 (348s)
[15:09:03]   [cls-r1] ep33 1453/1453 loss 0.0200 lr 3e-04 (362s)
[15:09:22]   [cls-r1] Epoch 33 완료 | train L1 0.0200 | val argmax-MAE 8.62 | 개선없음 4/8
[15:09:46]   [cls-r1] ep34 100/1453 loss 0.0189 lr 3e-04 (24s)
[15:10:10]   [cls-r1] ep34 200/1453 loss 0.0196 lr 3e-04 (48s)
[15:10:37]   [cls-r1] ep34 300/1453 loss 0.0194 lr 3e-04 (75s)
[15:11:03]   [cls-r1] ep34 400/1453 loss 0.0193 lr 3e-04 (100s)
[15:11:28]   [cls-r1] ep34 500/1453 loss 0.0195 lr 3e-04 (126s)
[15:11:53]   [cls-r1] ep34 600/1453 loss 0.0193 lr 3e-04 (151s)
[15:12:18]   [cls-r1] ep34 700/1453 loss 0.0194 lr 3e-04 (176s)
[15:12:38]   [cls-r1] ep34 800/1453 loss 0.0192 lr 3e-04 (196s)
[15:12:54]   [cls-r1] ep34 900/1453 loss 0.0192 lr 3e-04 (212s)
[15:13:12]   [cls-r1] ep34 1000/1453 loss 0.0191 lr 3e-04 (230s)
[15:13:30]   [cls-r1] ep34 1100/1453 loss 0.0192 lr 3e-04 (247s)
[15:13:47]   [cls-r1] ep34 1200/1453 loss 0.0192 lr 3e-04 (265s)
[15:14:04]   [cls-r1] ep34 1300/1453 loss 0.0191 lr 3e-04 (282s)
[15:14:21]   [cls-r1] ep34 1400/1453 loss 0.0191 lr 3e-04 (299s)
[15:14:31]   [cls-r1] ep34 1453/1453 loss 0.0191 lr 3e-04 (308s)
[15:14:43]   [cls-r1] Epoch 34 완료 | train L1 0.0191 | val argmax-MAE 8.71 | 개선없음 5/8
[15:15:03]   [cls-r1] ep35 100/1453 loss 0.0184 lr 3e-04 (19s)
[15:15:23]   [cls-r1] ep35 200/1453 loss 0.0183 lr 3e-04 (39s)
[15:15:41]   [cls-r1] ep35 300/1453 loss 0.0185 lr 3e-04 (58s)
[15:16:00]   [cls-r1] ep35 400/1453 loss 0.0187 lr 3e-04 (76s)
[15:16:19]   [cls-r1] ep35 500/1453 loss 0.0193 lr 3e-04 (96s)
[15:16:38]   [cls-r1] ep35 600/1453 loss 0.0190 lr 3e-04 (115s)
[15:16:57]   [cls-r1] ep35 700/1453 loss 0.0188 lr 3e-04 (133s)
[15:17:17]   [cls-r1] ep35 800/1453 loss 0.0190 lr 3e-04 (154s)
[15:17:37]   [cls-r1] ep35 900/1453 loss 0.0189 lr 3e-04 (174s)
[15:17:57]   [cls-r1] ep35 1000/1453 loss 0.0189 lr 3e-04 (194s)
[15:18:17]   [cls-r1] ep35 1100/1453 loss 0.0188 lr 3e-04 (214s)
[15:18:38]   [cls-r1] ep35 1200/1453 loss 0.0188 lr 3e-04 (235s)
[15:18:58]   [cls-r1] ep35 1300/1453 loss 0.0188 lr 3e-04 (255s)
[15:19:18]   [cls-r1] ep35 1400/1453 loss 0.0187 lr 3e-04 (274s)
[15:19:28]   [cls-r1] ep35 1453/1453 loss 0.0187 lr 3e-04 (284s)
[15:19:41]   [cls-r1] Epoch 35 완료 | train L1 0.0187 | val argmax-MAE 8.76 | 개선없음 6/8
[15:20:00]   [cls-r1] ep36 100/1453 loss 0.0175 lr 3e-04 (18s)
[15:20:18]   [cls-r1] ep36 200/1453 loss 0.0182 lr 3e-04 (36s)
[15:20:37]   [cls-r1] ep36 300/1453 loss 0.0182 lr 3e-04 (55s)
[15:20:56]   [cls-r1] ep36 400/1453 loss 0.0178 lr 3e-04 (74s)
[15:21:14]   [cls-r1] ep36 500/1453 loss 0.0175 lr 3e-04 (92s)
[15:21:32]   [cls-r1] ep36 600/1453 loss 0.0179 lr 3e-04 (110s)
[15:21:50]   [cls-r1] ep36 700/1453 loss 0.0178 lr 3e-04 (128s)
[15:22:09]   [cls-r1] ep36 800/1453 loss 0.0180 lr 3e-04 (147s)
[15:22:28]   [cls-r1] ep36 900/1453 loss 0.0181 lr 3e-04 (166s)
[15:22:48]   [cls-r1] ep36 1000/1453 loss 0.0184 lr 3e-04 (186s)
[15:23:07]   [cls-r1] ep36 1100/1453 loss 0.0184 lr 3e-04 (205s)
[15:23:26]   [cls-r1] ep36 1200/1453 loss 0.0184 lr 3e-04 (224s)
[15:23:46]   [cls-r1] ep36 1300/1453 loss 0.0184 lr 3e-04 (244s)
[15:24:06]   [cls-r1] ep36 1400/1453 loss 0.0182 lr 3e-04 (264s)
[15:24:17]   [cls-r1] ep36 1453/1453 loss 0.0182 lr 3e-04 (275s)
[15:24:31]   [cls-r1] Epoch 36 완료 | train L1 0.0182 | val argmax-MAE 8.99 | 개선없음 7/8
[15:24:47]   [cls-r1] ep37 100/1453 loss 0.0187 lr 3e-04 (16s)
[15:25:04]   [cls-r1] ep37 200/1453 loss 0.0179 lr 3e-04 (32s)
[15:25:21]   [cls-r1] ep37 300/1453 loss 0.0182 lr 3e-04 (50s)
[15:25:38]   [cls-r1] ep37 400/1453 loss 0.0179 lr 3e-04 (67s)
[15:25:56]   [cls-r1] ep37 500/1453 loss 0.0178 lr 3e-04 (85s)
[15:26:11]   [cls-r1] ep37 600/1453 loss 0.0177 lr 3e-04 (100s)
[15:26:28]   [cls-r1] ep37 700/1453 loss 0.0177 lr 3e-04 (117s)
[15:26:46]   [cls-r1] ep37 800/1453 loss 0.0177 lr 3e-04 (135s)
[15:27:04]   [cls-r1] ep37 900/1453 loss 0.0178 lr 3e-04 (152s)
[15:27:21]   [cls-r1] ep37 1000/1453 loss 0.0178 lr 3e-04 (170s)
[15:27:39]   [cls-r1] ep37 1100/1453 loss 0.0177 lr 3e-04 (188s)
[15:27:58]   [cls-r1] ep37 1200/1453 loss 0.0177 lr 3e-04 (207s)
[15:28:16]   [cls-r1] ep37 1300/1453 loss 0.0177 lr 3e-04 (225s)
[15:28:34]   [cls-r1] ep37 1400/1453 loss 0.0176 lr 3e-04 (243s)
[15:28:44]   [cls-r1] ep37 1453/1453 loss 0.0176 lr 3e-04 (253s)
[15:28:56]   [cls-r1] Epoch 37 완료 | train L1 0.0176 | val argmax-MAE 9.11 | 개선없음 8/8
[15:28:57]   [cls-r1] 조기종료 | best argmax-MAE 8.51 @ epoch 29
[15:34:26]   [r1] train 1000/11628
[15:38:37]   [r1] train 2000/11628
[15:43:58]   [r1] train 3000/11628
[15:49:29]   [r1] train 4000/11628
[15:54:51]   [r1] train 5000/11628
[16:00:16]   [r1] train 6000/11628
[16:06:07]   [r1] train 7000/11628
[16:11:35]   [r1] train 8000/11628
[16:17:51]   [r1] train 9000/11628
[16:23:49]   [r1] train 10000/11628
[16:28:44]   [r1] train 11000/11628
[16:32:00] [r1:train] CAM 11628 | 밴드폴백 0 | 파일없음 0
[16:36:48]   [r1] val 1000/1319
[16:38:24] [r1:val] CAM 1319 | 밴드폴백 0 | 파일없음 0
[16:39:10] [r1:test] CAM 166 | 밴드폴백 0 | 파일없음 0
[16:39:10] ### Phase I-b : R2(중수골) 국소화 - 논문 방식(erase 재학습) ###
[16:39:10]   E 이미지로 cls-r2 재학습 -> CAM tau=50 | 밴드 제약 없음 | 박스 확대 없음 | 최대연결성분 True
[16:39:10] [cls-r2] 분류 모델 학습 | pool=gmp src=erased size=560 epochs=70
[16:39:11] [backbone] timm 'inception_v3' 로드 완료 (pretrained=True)
[16:39:11] [cls-gmp] feat (2048, 16, 16) -> FC 2048->240
[16:39:39]   [cls-r2] ep01 100/1453 loss 0.2733 lr 3e-04 (27s)
[16:40:08]   [cls-r2] ep01 200/1453 loss 0.2109 lr 3e-04 (57s)
[16:40:37]   [cls-r2] ep01 300/1453 loss 0.1804 lr 3e-04 (86s)
[16:41:08]   [cls-r2] ep01 400/1453 loss 0.1637 lr 3e-04 (117s)
[16:41:39]   [cls-r2] ep01 500/1453 loss 0.1528 lr 3e-04 (148s)
[16:42:11]   [cls-r2] ep01 600/1453 loss 0.1434 lr 3e-04 (180s)
[16:42:45]   [cls-r2] ep01 700/1453 loss 0.1364 lr 3e-04 (213s)
[16:43:17]   [cls-r2] ep01 800/1453 loss 0.1315 lr 3e-04 (245s)
[16:43:47]   [cls-r2] ep01 900/1453 loss 0.1275 lr 3e-04 (276s)
[16:44:24]   [cls-r2] ep01 1000/1453 loss 0.1242 lr 3e-04 (313s)
[16:44:59]   [cls-r2] ep01 1100/1453 loss 0.1210 lr 3e-04 (348s)
[16:45:34]   [cls-r2] ep01 1200/1453 loss 0.1180 lr 3e-04 (383s)
[16:46:09]   [cls-r2] ep01 1300/1453 loss 0.1158 lr 3e-04 (418s)
[16:46:41]   [cls-r2] ep01 1400/1453 loss 0.1139 lr 3e-04 (450s)
[16:46:58]   [cls-r2] ep01 1453/1453 loss 0.1132 lr 3e-04 (467s)
[16:47:36]   [cls-r2] Epoch 01 완료 | train L1 0.1132 | val argmax-MAE 11.88 | * best 저장 (11.88)
[16:47:53]   [cls-r2] ep02 100/1453 loss 0.0813 lr 3e-04 (17s)
[16:48:09]   [cls-r2] ep02 200/1453 loss 0.0834 lr 3e-04 (33s)
[16:48:28]   [cls-r2] ep02 300/1453 loss 0.0833 lr 3e-04 (52s)
[16:48:46]   [cls-r2] ep02 400/1453 loss 0.0824 lr 3e-04 (70s)
[16:49:04]   [cls-r2] ep02 500/1453 loss 0.0828 lr 3e-04 (87s)
[16:49:23]   [cls-r2] ep02 600/1453 loss 0.0828 lr 3e-04 (107s)
[16:49:45]   [cls-r2] ep02 700/1453 loss 0.0821 lr 3e-04 (129s)
[16:50:05]   [cls-r2] ep02 800/1453 loss 0.0819 lr 3e-04 (149s)
[16:50:22]   [cls-r2] ep02 900/1453 loss 0.0821 lr 3e-04 (166s)
[16:50:42]   [cls-r2] ep02 1000/1453 loss 0.0816 lr 3e-04 (185s)
[16:51:05]   [cls-r2] ep02 1100/1453 loss 0.0813 lr 3e-04 (208s)
[16:51:32]   [cls-r2] ep02 1200/1453 loss 0.0813 lr 3e-04 (235s)
[16:51:58]   [cls-r2] ep02 1300/1453 loss 0.0809 lr 3e-04 (261s)
[16:52:22]   [cls-r2] ep02 1400/1453 loss 0.0809 lr 3e-04 (285s)
[16:52:36]   [cls-r2] ep02 1453/1453 loss 0.0810 lr 3e-04 (299s)
[16:52:51]   [cls-r2] Epoch 02 완료 | train L1 0.0810 | val argmax-MAE 14.32 | 개선없음 1/8
[16:53:12]   [cls-r2] ep03 100/1453 loss 0.0762 lr 3e-04 (20s)
[16:53:35]   [cls-r2] ep03 200/1453 loss 0.0756 lr 3e-04 (44s)
[16:53:55]   [cls-r2] ep03 300/1453 loss 0.0758 lr 3e-04 (64s)
[16:54:18]   [cls-r2] ep03 400/1453 loss 0.0742 lr 3e-04 (87s)
[16:54:43]   [cls-r2] ep03 500/1453 loss 0.0737 lr 3e-04 (112s)
[16:55:05]   [cls-r2] ep03 600/1453 loss 0.0744 lr 3e-04 (134s)
[16:55:27]   [cls-r2] ep03 700/1453 loss 0.0745 lr 3e-04 (156s)
[16:55:51]   [cls-r2] ep03 800/1453 loss 0.0747 lr 3e-04 (180s)
[16:56:13]   [cls-r2] ep03 900/1453 loss 0.0749 lr 3e-04 (202s)
[16:56:36]   [cls-r2] ep03 1000/1453 loss 0.0747 lr 3e-04 (225s)
[16:57:02]   [cls-r2] ep03 1100/1453 loss 0.0747 lr 3e-04 (250s)
[16:57:23]   [cls-r2] ep03 1200/1453 loss 0.0750 lr 3e-04 (272s)
[16:57:44]   [cls-r2] ep03 1300/1453 loss 0.0749 lr 3e-04 (292s)
[16:58:04]   [cls-r2] ep03 1400/1453 loss 0.0746 lr 3e-04 (312s)
[16:58:16]   [cls-r2] ep03 1453/1453 loss 0.0745 lr 3e-04 (325s)
[16:58:41]   [cls-r2] Epoch 03 완료 | train L1 0.0745 | val argmax-MAE 10.82 | * best 저장 (10.82)
[16:59:04]   [cls-r2] ep04 100/1453 loss 0.0684 lr 3e-04 (23s)
[16:59:28]   [cls-r2] ep04 200/1453 loss 0.0686 lr 3e-04 (47s)
[16:59:51]   [cls-r2] ep04 300/1453 loss 0.0687 lr 3e-04 (70s)
[17:00:14]   [cls-r2] ep04 400/1453 loss 0.0687 lr 3e-04 (92s)
[17:00:36]   [cls-r2] ep04 500/1453 loss 0.0691 lr 3e-04 (114s)
[17:01:00]   [cls-r2] ep04 600/1453 loss 0.0691 lr 3e-04 (139s)
[17:01:24]   [cls-r2] ep04 700/1453 loss 0.0688 lr 3e-04 (162s)
[17:01:48]   [cls-r2] ep04 800/1453 loss 0.0693 lr 3e-04 (187s)
[17:02:11]   [cls-r2] ep04 900/1453 loss 0.0693 lr 3e-04 (210s)
[17:02:26]   [cls-r2] ep04 1000/1453 loss 0.0688 lr 3e-04 (225s)
[17:02:42]   [cls-r2] ep04 1100/1453 loss 0.0684 lr 3e-04 (241s)
[17:02:57]   [cls-r2] ep04 1200/1453 loss 0.0683 lr 3e-04 (256s)
[17:03:12]   [cls-r2] ep04 1300/1453 loss 0.0683 lr 3e-04 (271s)
[17:03:26]   [cls-r2] ep04 1400/1453 loss 0.0683 lr 3e-04 (285s)
[17:03:35]   [cls-r2] ep04 1453/1453 loss 0.0683 lr 3e-04 (294s)
[17:03:47]   [cls-r2] Epoch 04 완료 | train L1 0.0683 | val argmax-MAE 11.02 | 개선없음 1/8
[17:04:04]   [cls-r2] ep05 100/1453 loss 0.0639 lr 3e-04 (17s)
[17:04:22]   [cls-r2] ep05 200/1453 loss 0.0653 lr 3e-04 (35s)
[17:04:41]   [cls-r2] ep05 300/1453 loss 0.0652 lr 3e-04 (54s)
[17:04:58]   [cls-r2] ep05 400/1453 loss 0.0644 lr 3e-04 (71s)
[17:05:16]   [cls-r2] ep05 500/1453 loss 0.0649 lr 3e-04 (89s)
[17:05:34]   [cls-r2] ep05 600/1453 loss 0.0651 lr 3e-04 (106s)
[17:05:51]   [cls-r2] ep05 700/1453 loss 0.0650 lr 3e-04 (124s)
[17:06:09]   [cls-r2] ep05 800/1453 loss 0.0652 lr 3e-04 (141s)
[17:06:28]   [cls-r2] ep05 900/1453 loss 0.0655 lr 3e-04 (160s)
[17:06:48]   [cls-r2] ep05 1000/1453 loss 0.0657 lr 3e-04 (181s)
[17:07:07]   [cls-r2] ep05 1100/1453 loss 0.0661 lr 3e-04 (200s)
[17:07:26]   [cls-r2] ep05 1200/1453 loss 0.0659 lr 3e-04 (219s)
[17:07:45]   [cls-r2] ep05 1300/1453 loss 0.0658 lr 3e-04 (237s)
[17:08:02]   [cls-r2] ep05 1400/1453 loss 0.0657 lr 3e-04 (255s)
[17:08:12]   [cls-r2] ep05 1453/1453 loss 0.0657 lr 3e-04 (265s)
[17:08:29]   [cls-r2] Epoch 05 완료 | train L1 0.0657 | val argmax-MAE 10.00 | * best 저장 (10.00)
[17:08:52]   [cls-r2] ep06 100/1453 loss 0.0618 lr 3e-04 (22s)
[17:09:12]   [cls-r2] ep06 200/1453 loss 0.0628 lr 3e-04 (42s)
[17:09:32]   [cls-r2] ep06 300/1453 loss 0.0629 lr 3e-04 (62s)
[17:09:50]   [cls-r2] ep06 400/1453 loss 0.0625 lr 3e-04 (80s)
[17:10:09]   [cls-r2] ep06 500/1453 loss 0.0628 lr 3e-04 (99s)
[17:10:28]   [cls-r2] ep06 600/1453 loss 0.0630 lr 3e-04 (118s)
[17:10:46]   [cls-r2] ep06 700/1453 loss 0.0633 lr 3e-04 (136s)
[17:11:06]   [cls-r2] ep06 800/1453 loss 0.0631 lr 3e-04 (156s)
[17:11:24]   [cls-r2] ep06 900/1453 loss 0.0630 lr 3e-04 (174s)
[17:11:40]   [cls-r2] ep06 1000/1453 loss 0.0628 lr 3e-04 (190s)
[17:11:56]   [cls-r2] ep06 1100/1453 loss 0.0634 lr 3e-04 (206s)
[17:12:12]   [cls-r2] ep06 1200/1453 loss 0.0629 lr 3e-04 (222s)
[17:12:28]   [cls-r2] ep06 1300/1453 loss 0.0629 lr 3e-04 (238s)
[17:12:44]   [cls-r2] ep06 1400/1453 loss 0.0628 lr 3e-04 (253s)
[17:12:53]   [cls-r2] ep06 1453/1453 loss 0.0628 lr 3e-04 (263s)
[17:13:04]   [cls-r2] Epoch 06 완료 | train L1 0.0628 | val argmax-MAE 10.47 | 개선없음 1/8
[17:13:20]   [cls-r2] ep07 100/1453 loss 0.0605 lr 3e-04 (16s)
[17:13:36]   [cls-r2] ep07 200/1453 loss 0.0608 lr 3e-04 (32s)
[17:13:52]   [cls-r2] ep07 300/1453 loss 0.0607 lr 3e-04 (48s)
[17:14:08]   [cls-r2] ep07 400/1453 loss 0.0598 lr 3e-04 (64s)
[17:14:23]   [cls-r2] ep07 500/1453 loss 0.0600 lr 3e-04 (79s)
[17:14:40]   [cls-r2] ep07 600/1453 loss 0.0602 lr 3e-04 (95s)
[17:14:56]   [cls-r2] ep07 700/1453 loss 0.0603 lr 3e-04 (111s)
[17:15:12]   [cls-r2] ep07 800/1453 loss 0.0601 lr 3e-04 (127s)
[17:15:27]   [cls-r2] ep07 900/1453 loss 0.0602 lr 3e-04 (143s)
[17:15:43]   [cls-r2] ep07 1000/1453 loss 0.0601 lr 3e-04 (158s)
[17:15:59]   [cls-r2] ep07 1100/1453 loss 0.0603 lr 3e-04 (175s)
[17:16:16]   [cls-r2] ep07 1200/1453 loss 0.0601 lr 3e-04 (192s)
[17:16:34]   [cls-r2] ep07 1300/1453 loss 0.0599 lr 3e-04 (210s)
[17:16:50]   [cls-r2] ep07 1400/1453 loss 0.0598 lr 3e-04 (226s)
[17:16:58]   [cls-r2] ep07 1453/1453 loss 0.0599 lr 3e-04 (234s)
[17:17:11]   [cls-r2] Epoch 07 완료 | train L1 0.0599 | val argmax-MAE 10.31 | 개선없음 2/8
[17:17:27]   [cls-r2] ep08 100/1453 loss 0.0546 lr 3e-04 (15s)
[17:17:43]   [cls-r2] ep08 200/1453 loss 0.0562 lr 3e-04 (31s)
[17:17:59]   [cls-r2] ep08 300/1453 loss 0.0578 lr 3e-04 (47s)
[17:18:15]   [cls-r2] ep08 400/1453 loss 0.0580 lr 3e-04 (63s)
[17:18:31]   [cls-r2] ep08 500/1453 loss 0.0576 lr 3e-04 (79s)
[17:18:47]   [cls-r2] ep08 600/1453 loss 0.0573 lr 3e-04 (95s)
[17:19:03]   [cls-r2] ep08 700/1453 loss 0.0575 lr 3e-04 (112s)
[17:19:19]   [cls-r2] ep08 800/1453 loss 0.0579 lr 3e-04 (128s)
[17:19:35]   [cls-r2] ep08 900/1453 loss 0.0585 lr 3e-04 (143s)
[17:19:52]   [cls-r2] ep08 1000/1453 loss 0.0586 lr 3e-04 (161s)
[17:20:12]   [cls-r2] ep08 1100/1453 loss 0.0586 lr 3e-04 (181s)
[17:20:32]   [cls-r2] ep08 1200/1453 loss 0.0583 lr 3e-04 (201s)
[17:20:52]   [cls-r2] ep08 1300/1453 loss 0.0585 lr 3e-04 (220s)
[17:21:12]   [cls-r2] ep08 1400/1453 loss 0.0584 lr 3e-04 (240s)
[17:21:22]   [cls-r2] ep08 1453/1453 loss 0.0583 lr 3e-04 (251s)
[17:21:36]   [cls-r2] Epoch 08 완료 | train L1 0.0583 | val argmax-MAE 10.26 | 개선없음 3/8
[17:21:56]   [cls-r2] ep09 100/1453 loss 0.0543 lr 3e-04 (20s)
[17:22:15]   [cls-r2] ep09 200/1453 loss 0.0541 lr 3e-04 (39s)
[17:22:35]   [cls-r2] ep09 300/1453 loss 0.0538 lr 3e-04 (58s)
[17:22:54]   [cls-r2] ep09 400/1453 loss 0.0548 lr 3e-04 (77s)
[17:23:11]   [cls-r2] ep09 500/1453 loss 0.0545 lr 3e-04 (94s)
[17:23:30]   [cls-r2] ep09 600/1453 loss 0.0543 lr 3e-04 (113s)
[17:23:50]   [cls-r2] ep09 700/1453 loss 0.0544 lr 3e-04 (133s)
[17:24:09]   [cls-r2] ep09 800/1453 loss 0.0545 lr 3e-04 (153s)
[17:24:29]   [cls-r2] ep09 900/1453 loss 0.0551 lr 3e-04 (172s)
[17:24:48]   [cls-r2] ep09 1000/1453 loss 0.0551 lr 3e-04 (192s)
[17:25:04]   [cls-r2] ep09 1100/1453 loss 0.0553 lr 3e-04 (208s)
[17:25:20]   [cls-r2] ep09 1200/1453 loss 0.0553 lr 3e-04 (224s)
[17:25:36]   [cls-r2] ep09 1300/1453 loss 0.0557 lr 3e-04 (240s)
[17:25:52]   [cls-r2] ep09 1400/1453 loss 0.0562 lr 3e-04 (256s)
[17:26:00]   [cls-r2] ep09 1453/1453 loss 0.0564 lr 3e-04 (264s)
[17:26:12]   [cls-r2] Epoch 09 완료 | train L1 0.0564 | val argmax-MAE 10.06 | 개선없음 4/8
[17:26:29]   [cls-r2] ep10 100/1453 loss 0.0589 lr 3e-04 (16s)
[17:26:44]   [cls-r2] ep10 200/1453 loss 0.0572 lr 3e-04 (32s)
[17:27:00]   [cls-r2] ep10 300/1453 loss 0.0566 lr 3e-04 (47s)
[17:27:16]   [cls-r2] ep10 400/1453 loss 0.0560 lr 3e-04 (63s)
[17:27:31]   [cls-r2] ep10 500/1453 loss 0.0557 lr 3e-04 (79s)
[17:27:47]   [cls-r2] ep10 600/1453 loss 0.0556 lr 3e-04 (94s)
[17:28:03]   [cls-r2] ep10 700/1453 loss 0.0553 lr 3e-04 (111s)
[17:28:21]   [cls-r2] ep10 800/1453 loss 0.0550 lr 3e-04 (128s)
[17:28:38]   [cls-r2] ep10 900/1453 loss 0.0546 lr 3e-04 (145s)
[17:28:56]   [cls-r2] ep10 1000/1453 loss 0.0546 lr 3e-04 (163s)
[17:29:13]   [cls-r2] ep10 1100/1453 loss 0.0546 lr 3e-04 (180s)
[17:29:29]   [cls-r2] ep10 1200/1453 loss 0.0544 lr 3e-04 (196s)
[17:29:45]   [cls-r2] ep10 1300/1453 loss 0.0544 lr 3e-04 (212s)
[17:30:01]   [cls-r2] ep10 1400/1453 loss 0.0540 lr 3e-04 (228s)
[17:30:09]   [cls-r2] ep10 1453/1453 loss 0.0539 lr 3e-04 (236s)
[17:30:21]   [cls-r2] Epoch 10 완료 | train L1 0.0539 | val argmax-MAE 10.03 | 개선없음 5/8
[17:30:37]   [cls-r2] ep11 100/1453 loss 0.0502 lr 3e-04 (16s)
[17:30:53]   [cls-r2] ep11 200/1453 loss 0.0510 lr 3e-04 (32s)
[17:31:07]   [cls-r2] ep11 300/1453 loss 0.0504 lr 3e-04 (46s)
[17:31:22]   [cls-r2] ep11 400/1453 loss 0.0499 lr 3e-04 (61s)
[17:31:38]   [cls-r2] ep11 500/1453 loss 0.0497 lr 3e-04 (76s)
[17:31:54]   [cls-r2] ep11 600/1453 loss 0.0493 lr 3e-04 (92s)
[17:32:10]   [cls-r2] ep11 700/1453 loss 0.0490 lr 3e-04 (109s)
[17:32:27]   [cls-r2] ep11 800/1453 loss 0.0491 lr 3e-04 (125s)
[17:32:45]   [cls-r2] ep11 900/1453 loss 0.0499 lr 3e-04 (144s)
[17:33:04]   [cls-r2] ep11 1000/1453 loss 0.0501 lr 3e-04 (163s)
[17:33:23]   [cls-r2] ep11 1100/1453 loss 0.0499 lr 3e-04 (181s)
[17:33:43]   [cls-r2] ep11 1200/1453 loss 0.0499 lr 3e-04 (202s)
[17:34:03]   [cls-r2] ep11 1300/1453 loss 0.0499 lr 3e-04 (222s)
[17:34:24]   [cls-r2] ep11 1400/1453 loss 0.0501 lr 3e-04 (242s)
[17:34:34]   [cls-r2] ep11 1453/1453 loss 0.0501 lr 3e-04 (253s)
[17:34:48]   [cls-r2] Epoch 11 완료 | train L1 0.0501 | val argmax-MAE 9.81 | * best 저장 (9.81)
[17:35:06]   [cls-r2] ep12 100/1453 loss 0.0476 lr 3e-04 (18s)
[17:35:27]   [cls-r2] ep12 200/1453 loss 0.0466 lr 3e-04 (38s)
[17:35:46]   [cls-r2] ep12 300/1453 loss 0.0474 lr 3e-04 (57s)
[17:36:06]   [cls-r2] ep12 400/1453 loss 0.0474 lr 3e-04 (77s)
[17:36:25]   [cls-r2] ep12 500/1453 loss 0.0475 lr 3e-04 (96s)
[17:36:44]   [cls-r2] ep12 600/1453 loss 0.0485 lr 3e-04 (115s)
[17:37:04]   [cls-r2] ep12 700/1453 loss 0.0489 lr 3e-04 (135s)
[17:37:23]   [cls-r2] ep12 800/1453 loss 0.0490 lr 3e-04 (154s)
[17:37:42]   [cls-r2] ep12 900/1453 loss 0.0489 lr 3e-04 (173s)
[17:38:00]   [cls-r2] ep12 1000/1453 loss 0.0489 lr 3e-04 (192s)
[17:38:18]   [cls-r2] ep12 1100/1453 loss 0.0488 lr 3e-04 (210s)
[17:38:37]   [cls-r2] ep12 1200/1453 loss 0.0488 lr 3e-04 (229s)
[17:38:55]   [cls-r2] ep12 1300/1453 loss 0.0487 lr 3e-04 (247s)
[17:39:14]   [cls-r2] ep12 1400/1453 loss 0.0487 lr 3e-04 (265s)
[17:39:24]   [cls-r2] ep12 1453/1453 loss 0.0486 lr 3e-04 (275s)
[17:39:42]   [cls-r2] Epoch 12 완료 | train L1 0.0486 | val argmax-MAE 10.25 | 개선없음 1/8
[17:40:00]   [cls-r2] ep13 100/1453 loss 0.0452 lr 3e-04 (17s)
[17:40:18]   [cls-r2] ep13 200/1453 loss 0.0451 lr 3e-04 (36s)
[17:40:36]   [cls-r2] ep13 300/1453 loss 0.0447 lr 3e-04 (54s)
[17:40:56]   [cls-r2] ep13 400/1453 loss 0.0449 lr 3e-04 (73s)
[17:41:14]   [cls-r2] ep13 500/1453 loss 0.0454 lr 3e-04 (91s)
[17:41:34]   [cls-r2] ep13 600/1453 loss 0.0458 lr 3e-04 (111s)
[17:41:54]   [cls-r2] ep13 700/1453 loss 0.0462 lr 3e-04 (132s)
[17:42:15]   [cls-r2] ep13 800/1453 loss 0.0463 lr 3e-04 (152s)
[17:42:35]   [cls-r2] ep13 900/1453 loss 0.0467 lr 3e-04 (173s)
[17:42:58]   [cls-r2] ep13 1000/1453 loss 0.0467 lr 3e-04 (195s)
[17:43:19]   [cls-r2] ep13 1100/1453 loss 0.0466 lr 3e-04 (217s)
[17:43:42]   [cls-r2] ep13 1200/1453 loss 0.0469 lr 3e-04 (239s)
[17:44:05]   [cls-r2] ep13 1300/1453 loss 0.0472 lr 3e-04 (263s)
[17:44:28]   [cls-r2] ep13 1400/1453 loss 0.0476 lr 3e-04 (286s)
[17:44:41]   [cls-r2] ep13 1453/1453 loss 0.0477 lr 3e-04 (298s)
[17:45:04]   [cls-r2] Epoch 13 완료 | train L1 0.0477 | val argmax-MAE 10.01 | 개선없음 2/8
[17:45:24]   [cls-r2] ep14 100/1453 loss 0.0435 lr 3e-04 (20s)
[17:45:46]   [cls-r2] ep14 200/1453 loss 0.0442 lr 3e-04 (42s)
[17:46:07]   [cls-r2] ep14 300/1453 loss 0.0446 lr 3e-04 (63s)
[17:46:27]   [cls-r2] ep14 400/1453 loss 0.0445 lr 3e-04 (83s)
[17:46:47]   [cls-r2] ep14 500/1453 loss 0.0471 lr 3e-04 (103s)
[17:47:08]   [cls-r2] ep14 600/1453 loss 0.0486 lr 3e-04 (123s)
[17:47:30]   [cls-r2] ep14 700/1453 loss 0.0490 lr 3e-04 (145s)
[17:47:50]   [cls-r2] ep14 800/1453 loss 0.0495 lr 3e-04 (166s)
[17:48:13]   [cls-r2] ep14 900/1453 loss 0.0497 lr 3e-04 (189s)
[17:48:37]   [cls-r2] ep14 1000/1453 loss 0.0497 lr 3e-04 (213s)
[17:48:57]   [cls-r2] ep14 1100/1453 loss 0.0497 lr 3e-04 (233s)
[17:49:17]   [cls-r2] ep14 1200/1453 loss 0.0499 lr 3e-04 (253s)
[17:49:44]   [cls-r2] ep14 1300/1453 loss 0.0503 lr 3e-04 (279s)
[17:50:07]   [cls-r2] ep14 1400/1453 loss 0.0503 lr 3e-04 (303s)
[17:50:20]   [cls-r2] ep14 1453/1453 loss 0.0503 lr 3e-04 (316s)
[17:50:42]   [cls-r2] Epoch 14 완료 | train L1 0.0503 | val argmax-MAE 9.75 | * best 저장 (9.75)
[17:51:11]   [cls-r2] ep15 100/1453 loss 0.0464 lr 3e-04 (29s)
[17:51:34]   [cls-r2] ep15 200/1453 loss 0.0458 lr 3e-04 (51s)
[17:51:55]   [cls-r2] ep15 300/1453 loss 0.0454 lr 3e-04 (73s)
[17:52:17]   [cls-r2] ep15 400/1453 loss 0.0452 lr 3e-04 (95s)
[17:52:41]   [cls-r2] ep15 500/1453 loss 0.0448 lr 3e-04 (118s)
[17:53:02]   [cls-r2] ep15 600/1453 loss 0.0450 lr 3e-04 (139s)
[17:53:24]   [cls-r2] ep15 700/1453 loss 0.0450 lr 3e-04 (162s)
[17:53:45]   [cls-r2] ep15 800/1453 loss 0.0449 lr 3e-04 (183s)
[17:54:04]   [cls-r2] ep15 900/1453 loss 0.0448 lr 3e-04 (202s)
[17:54:24]   [cls-r2] ep15 1000/1453 loss 0.0448 lr 3e-04 (222s)
[17:54:45]   [cls-r2] ep15 1100/1453 loss 0.0449 lr 3e-04 (242s)
[17:55:05]   [cls-r2] ep15 1200/1453 loss 0.0448 lr 3e-04 (262s)
[17:55:24]   [cls-r2] ep15 1300/1453 loss 0.0447 lr 3e-04 (282s)
[17:55:38]   [cls-r2] ep15 1400/1453 loss 0.0445 lr 3e-04 (296s)
[17:55:46]   [cls-r2] ep15 1453/1453 loss 0.0444 lr 3e-04 (303s)
[17:55:57]   [cls-r2] Epoch 15 완료 | train L1 0.0444 | val argmax-MAE 9.86 | 개선없음 1/8
[17:56:13]   [cls-r2] ep16 100/1453 loss 0.0408 lr 3e-04 (15s)
[17:56:27]   [cls-r2] ep16 200/1453 loss 0.0404 lr 3e-04 (29s)
[17:56:41]   [cls-r2] ep16 300/1453 loss 0.0410 lr 3e-04 (43s)
[17:56:55]   [cls-r2] ep16 400/1453 loss 0.0413 lr 3e-04 (57s)
[17:57:10]   [cls-r2] ep16 500/1453 loss 0.0417 lr 3e-04 (72s)
[17:57:25]   [cls-r2] ep16 600/1453 loss 0.0417 lr 3e-04 (87s)
[17:57:39]   [cls-r2] ep16 700/1453 loss 0.0417 lr 3e-04 (101s)
[17:57:51]   [cls-r2] ep16 800/1453 loss 0.0418 lr 3e-04 (114s)
[17:58:04]   [cls-r2] ep16 900/1453 loss 0.0416 lr 3e-04 (126s)
[17:58:16]   [cls-r2] ep16 1000/1453 loss 0.0416 lr 3e-04 (138s)
[17:58:29]   [cls-r2] ep16 1100/1453 loss 0.0417 lr 3e-04 (151s)
[17:58:41]   [cls-r2] ep16 1200/1453 loss 0.0417 lr 3e-04 (163s)
[17:58:53]   [cls-r2] ep16 1300/1453 loss 0.0420 lr 3e-04 (175s)
[17:59:05]   [cls-r2] ep16 1400/1453 loss 0.0421 lr 3e-04 (187s)
[17:59:12]   [cls-r2] ep16 1453/1453 loss 0.0421 lr 3e-04 (194s)
[17:59:21]   [cls-r2] Epoch 16 완료 | train L1 0.0421 | val argmax-MAE 10.10 | 개선없음 2/8
[17:59:35]   [cls-r2] ep17 100/1453 loss 0.0407 lr 3e-04 (13s)
[17:59:48]   [cls-r2] ep17 200/1453 loss 0.0408 lr 3e-04 (26s)
[18:00:01]   [cls-r2] ep17 300/1453 loss 0.0409 lr 3e-04 (39s)
[18:00:14]   [cls-r2] ep17 400/1453 loss 0.0417 lr 3e-04 (52s)
[18:00:27]   [cls-r2] ep17 500/1453 loss 0.0416 lr 3e-04 (65s)
[18:00:40]   [cls-r2] ep17 600/1453 loss 0.0413 lr 3e-04 (78s)
[18:00:53]   [cls-r2] ep17 700/1453 loss 0.0412 lr 3e-04 (92s)
[18:01:06]   [cls-r2] ep17 800/1453 loss 0.0408 lr 3e-04 (105s)
[18:01:20]   [cls-r2] ep17 900/1453 loss 0.0410 lr 3e-04 (118s)
[18:01:33]   [cls-r2] ep17 1000/1453 loss 0.0409 lr 3e-04 (131s)
[18:01:45]   [cls-r2] ep17 1100/1453 loss 0.0410 lr 3e-04 (143s)
[18:01:58]   [cls-r2] ep17 1200/1453 loss 0.0411 lr 3e-04 (156s)
[18:02:10]   [cls-r2] ep17 1300/1453 loss 0.0410 lr 3e-04 (168s)
[18:02:22]   [cls-r2] ep17 1400/1453 loss 0.0412 lr 3e-04 (180s)
[18:02:29]   [cls-r2] ep17 1453/1453 loss 0.0412 lr 3e-04 (187s)
[18:02:38]   [cls-r2] Epoch 17 완료 | train L1 0.0412 | val argmax-MAE 10.26 | 개선없음 3/8
[18:02:51]   [cls-r2] ep18 100/1453 loss 0.0387 lr 3e-04 (12s)
[18:03:04]   [cls-r2] ep18 200/1453 loss 0.0386 lr 3e-04 (25s)
[18:03:17]   [cls-r2] ep18 300/1453 loss 0.0382 lr 3e-04 (38s)
[18:03:31]   [cls-r2] ep18 400/1453 loss 0.0382 lr 3e-04 (52s)
[18:03:45]   [cls-r2] ep18 500/1453 loss 0.0381 lr 3e-04 (66s)
[18:03:59]   [cls-r2] ep18 600/1453 loss 0.0381 lr 3e-04 (80s)
[18:04:13]   [cls-r2] ep18 700/1453 loss 0.0389 lr 3e-04 (94s)
[18:04:28]   [cls-r2] ep18 800/1453 loss 0.0392 lr 3e-04 (109s)
[18:04:43]   [cls-r2] ep18 900/1453 loss 0.0399 lr 3e-04 (124s)
[18:04:55]   [cls-r2] ep18 1000/1453 loss 0.0401 lr 3e-04 (136s)
[18:05:09]   [cls-r2] ep18 1100/1453 loss 0.0400 lr 3e-04 (150s)
[18:05:23]   [cls-r2] ep18 1200/1453 loss 0.0399 lr 3e-04 (164s)
[18:05:37]   [cls-r2] ep18 1300/1453 loss 0.0399 lr 3e-04 (178s)
[18:05:51]   [cls-r2] ep18 1400/1453 loss 0.0398 lr 3e-04 (192s)
[18:05:58]   [cls-r2] ep18 1453/1453 loss 0.0400 lr 3e-04 (199s)
[18:06:09]   [cls-r2] Epoch 18 완료 | train L1 0.0400 | val argmax-MAE 9.91 | 개선없음 4/8
[18:06:23]   [cls-r2] ep19 100/1453 loss 0.0356 lr 3e-04 (13s)
[18:06:37]   [cls-r2] ep19 200/1453 loss 0.0355 lr 3e-04 (27s)
[18:06:50]   [cls-r2] ep19 300/1453 loss 0.0371 lr 3e-04 (41s)
[18:07:04]   [cls-r2] ep19 400/1453 loss 0.0367 lr 3e-04 (54s)
[18:07:19]   [cls-r2] ep19 500/1453 loss 0.0368 lr 3e-04 (69s)
[18:07:33]   [cls-r2] ep19 600/1453 loss 0.0369 lr 3e-04 (83s)
[18:07:47]   [cls-r2] ep19 700/1453 loss 0.0373 lr 3e-04 (97s)
[18:08:01]   [cls-r2] ep19 800/1453 loss 0.0371 lr 3e-04 (111s)
[18:08:15]   [cls-r2] ep19 900/1453 loss 0.0370 lr 3e-04 (125s)
[18:08:30]   [cls-r2] ep19 1000/1453 loss 0.0369 lr 3e-04 (140s)
[18:08:43]   [cls-r2] ep19 1100/1453 loss 0.0371 lr 3e-04 (154s)
[18:08:58]   [cls-r2] ep19 1200/1453 loss 0.0373 lr 3e-04 (168s)
[18:09:12]   [cls-r2] ep19 1300/1453 loss 0.0375 lr 3e-04 (182s)
[18:09:27]   [cls-r2] ep19 1400/1453 loss 0.0377 lr 3e-04 (197s)
[18:09:34]   [cls-r2] ep19 1453/1453 loss 0.0379 lr 3e-04 (205s)
[18:09:45]   [cls-r2] Epoch 19 완료 | train L1 0.0379 | val argmax-MAE 9.91 | 개선없음 5/8
[18:10:00]   [cls-r2] ep20 100/1453 loss 0.0366 lr 3e-04 (14s)
[18:10:14]   [cls-r2] ep20 200/1453 loss 0.0359 lr 3e-04 (28s)
[18:10:27]   [cls-r2] ep20 300/1453 loss 0.0365 lr 3e-04 (41s)
[18:10:39]   [cls-r2] ep20 400/1453 loss 0.0362 lr 3e-04 (53s)
[18:10:52]   [cls-r2] ep20 500/1453 loss 0.0362 lr 3e-04 (66s)
[18:11:04]   [cls-r2] ep20 600/1453 loss 0.0358 lr 3e-04 (78s)
[18:11:16]   [cls-r2] ep20 700/1453 loss 0.0359 lr 3e-04 (91s)
[18:11:28]   [cls-r2] ep20 800/1453 loss 0.0368 lr 3e-04 (102s)
[18:11:40]   [cls-r2] ep20 900/1453 loss 0.0372 lr 3e-04 (114s)
[18:11:52]   [cls-r2] ep20 1000/1453 loss 0.0372 lr 3e-04 (126s)
[18:12:05]   [cls-r2] ep20 1100/1453 loss 0.0373 lr 3e-04 (139s)
[18:12:18]   [cls-r2] ep20 1200/1453 loss 0.0374 lr 3e-04 (153s)
[18:12:32]   [cls-r2] ep20 1300/1453 loss 0.0372 lr 3e-04 (166s)
[18:12:45]   [cls-r2] ep20 1400/1453 loss 0.0373 lr 3e-04 (179s)
[18:12:52]   [cls-r2] ep20 1453/1453 loss 0.0371 lr 3e-04 (186s)
[18:13:03]   [cls-r2] Epoch 20 완료 | train L1 0.0371 | val argmax-MAE 11.09 | 개선없음 6/8
[18:13:16]   [cls-r2] ep21 100/1453 loss 0.0375 lr 3e-04 (12s)
[18:13:28]   [cls-r2] ep21 200/1453 loss 0.0361 lr 3e-04 (25s)
[18:13:41]   [cls-r2] ep21 300/1453 loss 0.0353 lr 3e-04 (37s)
[18:13:53]   [cls-r2] ep21 400/1453 loss 0.0352 lr 3e-04 (50s)
[18:14:06]   [cls-r2] ep21 500/1453 loss 0.0358 lr 3e-04 (62s)
[18:14:18]   [cls-r2] ep21 600/1453 loss 0.0359 lr 3e-04 (75s)
[18:14:31]   [cls-r2] ep21 700/1453 loss 0.0359 lr 3e-04 (87s)
[18:14:43]   [cls-r2] ep21 800/1453 loss 0.0359 lr 3e-04 (100s)
[18:14:56]   [cls-r2] ep21 900/1453 loss 0.0359 lr 3e-04 (113s)
[18:15:11]   [cls-r2] ep21 1000/1453 loss 0.0361 lr 3e-04 (128s)
[18:15:26]   [cls-r2] ep21 1100/1453 loss 0.0360 lr 3e-04 (143s)
[18:15:41]   [cls-r2] ep21 1200/1453 loss 0.0360 lr 3e-04 (158s)
[18:15:56]   [cls-r2] ep21 1300/1453 loss 0.0361 lr 3e-04 (173s)
[18:16:12]   [cls-r2] ep21 1400/1453 loss 0.0360 lr 3e-04 (188s)
[18:16:19]   [cls-r2] ep21 1453/1453 loss 0.0360 lr 3e-04 (196s)
[18:16:31]   [cls-r2] Epoch 21 완료 | train L1 0.0360 | val argmax-MAE 9.54 | * best 저장 (9.54)
[18:16:47]   [cls-r2] ep22 100/1453 loss 0.0320 lr 3e-04 (15s)
[18:17:02]   [cls-r2] ep22 200/1453 loss 0.0320 lr 3e-04 (30s)
[18:17:17]   [cls-r2] ep22 300/1453 loss 0.0324 lr 3e-04 (45s)
[18:17:31]   [cls-r2] ep22 400/1453 loss 0.0325 lr 3e-04 (60s)
[18:17:47]   [cls-r2] ep22 500/1453 loss 0.0329 lr 3e-04 (75s)
[18:17:59]   [cls-r2] ep22 600/1453 loss 0.0336 lr 3e-04 (88s)
[18:18:13]   [cls-r2] ep22 700/1453 loss 0.0336 lr 3e-04 (102s)
[18:18:28]   [cls-r2] ep22 800/1453 loss 0.0334 lr 3e-04 (117s)
[18:18:43]   [cls-r2] ep22 900/1453 loss 0.0336 lr 3e-04 (132s)
[18:18:58]   [cls-r2] ep22 1000/1453 loss 0.0337 lr 3e-04 (146s)
[18:19:12]   [cls-r2] ep22 1100/1453 loss 0.0335 lr 3e-04 (161s)
[18:19:27]   [cls-r2] ep22 1200/1453 loss 0.0338 lr 3e-04 (176s)
[18:19:39]   [cls-r2] ep22 1300/1453 loss 0.0339 lr 3e-04 (188s)
[18:19:52]   [cls-r2] ep22 1400/1453 loss 0.0337 lr 3e-04 (201s)
[18:19:59]   [cls-r2] ep22 1453/1453 loss 0.0338 lr 3e-04 (207s)
[18:20:08]   [cls-r2] Epoch 22 완료 | train L1 0.0338 | val argmax-MAE 12.92 | 개선없음 1/8
[18:20:21]   [cls-r2] ep23 100/1453 loss 0.0305 lr 3e-04 (12s)
[18:20:33]   [cls-r2] ep23 200/1453 loss 0.0319 lr 3e-04 (25s)
[18:20:46]   [cls-r2] ep23 300/1453 loss 0.0333 lr 3e-04 (37s)
[18:20:59]   [cls-r2] ep23 400/1453 loss 0.0333 lr 3e-04 (50s)
[18:21:11]   [cls-r2] ep23 500/1453 loss 0.0335 lr 3e-04 (62s)
[18:21:24]   [cls-r2] ep23 600/1453 loss 0.0336 lr 3e-04 (75s)
[18:21:37]   [cls-r2] ep23 700/1453 loss 0.0341 lr 3e-04 (89s)
[18:21:51]   [cls-r2] ep23 800/1453 loss 0.0340 lr 3e-04 (102s)
[18:22:05]   [cls-r2] ep23 900/1453 loss 0.0340 lr 3e-04 (116s)
[18:22:19]   [cls-r2] ep23 1000/1453 loss 0.0341 lr 3e-04 (130s)
[18:22:33]   [cls-r2] ep23 1100/1453 loss 0.0340 lr 3e-04 (144s)
[18:22:45]   [cls-r2] ep23 1200/1453 loss 0.0338 lr 3e-04 (157s)
[18:22:58]   [cls-r2] ep23 1300/1453 loss 0.0336 lr 3e-04 (169s)
[18:23:11]   [cls-r2] ep23 1400/1453 loss 0.0335 lr 3e-04 (182s)
[18:23:17]   [cls-r2] ep23 1453/1453 loss 0.0334 lr 3e-04 (188s)
[18:23:27]   [cls-r2] Epoch 23 완료 | train L1 0.0334 | val argmax-MAE 9.96 | 개선없음 2/8
[18:23:40]   [cls-r2] ep24 100/1453 loss 0.0327 lr 3e-04 (12s)
[18:23:52]   [cls-r2] ep24 200/1453 loss 0.0332 lr 3e-04 (25s)
[18:24:04]   [cls-r2] ep24 300/1453 loss 0.0318 lr 3e-04 (37s)
[18:24:16]   [cls-r2] ep24 400/1453 loss 0.0323 lr 3e-04 (49s)
[18:24:28]   [cls-r2] ep24 500/1453 loss 0.0321 lr 3e-04 (61s)
[18:24:43]   [cls-r2] ep24 600/1453 loss 0.0320 lr 3e-04 (76s)
[18:24:57]   [cls-r2] ep24 700/1453 loss 0.0325 lr 3e-04 (90s)
[18:25:11]   [cls-r2] ep24 800/1453 loss 0.0324 lr 3e-04 (104s)
[18:25:25]   [cls-r2] ep24 900/1453 loss 0.0325 lr 3e-04 (118s)
[18:25:40]   [cls-r2] ep24 1000/1453 loss 0.0324 lr 3e-04 (133s)
[18:25:54]   [cls-r2] ep24 1100/1453 loss 0.0324 lr 3e-04 (147s)
[18:26:09]   [cls-r2] ep24 1200/1453 loss 0.0323 lr 3e-04 (161s)
[18:26:23]   [cls-r2] ep24 1300/1453 loss 0.0321 lr 3e-04 (176s)
[18:26:38]   [cls-r2] ep24 1400/1453 loss 0.0322 lr 3e-04 (190s)
[18:26:46]   [cls-r2] ep24 1453/1453 loss 0.0322 lr 3e-04 (199s)
[18:26:57]   [cls-r2] Epoch 24 완료 | train L1 0.0322 | val argmax-MAE 9.89 | 개선없음 3/8
[18:27:12]   [cls-r2] ep25 100/1453 loss 0.0322 lr 3e-04 (14s)
[18:27:25]   [cls-r2] ep25 200/1453 loss 0.0309 lr 3e-04 (28s)
[18:27:40]   [cls-r2] ep25 300/1453 loss 0.0310 lr 3e-04 (43s)
[18:27:56]   [cls-r2] ep25 400/1453 loss 0.0309 lr 3e-04 (58s)
[18:28:10]   [cls-r2] ep25 500/1453 loss 0.0307 lr 3e-04 (73s)
[18:28:25]   [cls-r2] ep25 600/1453 loss 0.0304 lr 3e-04 (87s)
[18:28:39]   [cls-r2] ep25 700/1453 loss 0.0304 lr 3e-04 (102s)
[18:28:55]   [cls-r2] ep25 800/1453 loss 0.0305 lr 3e-04 (117s)
[18:29:10]   [cls-r2] ep25 900/1453 loss 0.0304 lr 3e-04 (132s)
[18:29:24]   [cls-r2] ep25 1000/1453 loss 0.0304 lr 3e-04 (147s)
[18:29:38]   [cls-r2] ep25 1100/1453 loss 0.0303 lr 3e-04 (161s)
[18:29:53]   [cls-r2] ep25 1200/1453 loss 0.0303 lr 3e-04 (176s)
[18:30:08]   [cls-r2] ep25 1300/1453 loss 0.0303 lr 3e-04 (190s)
[18:30:22]   [cls-r2] ep25 1400/1453 loss 0.0304 lr 3e-04 (205s)
[18:30:29]   [cls-r2] ep25 1453/1453 loss 0.0303 lr 3e-04 (212s)
[18:30:41]   [cls-r2] Epoch 25 완료 | train L1 0.0303 | val argmax-MAE 9.68 | 개선없음 4/8
[18:30:57]   [cls-r2] ep26 100/1453 loss 0.0301 lr 3e-04 (15s)
[18:31:11]   [cls-r2] ep26 200/1453 loss 0.0289 lr 3e-04 (29s)
[18:31:25]   [cls-r2] ep26 300/1453 loss 0.0292 lr 3e-04 (43s)
[18:31:40]   [cls-r2] ep26 400/1453 loss 0.0297 lr 3e-04 (58s)
[18:31:54]   [cls-r2] ep26 500/1453 loss 0.0299 lr 3e-04 (73s)
[18:32:07]   [cls-r2] ep26 600/1453 loss 0.0300 lr 3e-04 (85s)
[18:32:19]   [cls-r2] ep26 700/1453 loss 0.0302 lr 3e-04 (97s)
[18:32:32]   [cls-r2] ep26 800/1453 loss 0.0304 lr 3e-04 (110s)
[18:32:44]   [cls-r2] ep26 900/1453 loss 0.0304 lr 3e-04 (122s)
[18:32:57]   [cls-r2] ep26 1000/1453 loss 0.0304 lr 3e-04 (135s)
[18:33:09]   [cls-r2] ep26 1100/1453 loss 0.0302 lr 3e-04 (147s)
[18:33:22]   [cls-r2] ep26 1200/1453 loss 0.0304 lr 3e-04 (160s)
[18:33:34]   [cls-r2] ep26 1300/1453 loss 0.0303 lr 3e-04 (172s)
[18:33:47]   [cls-r2] ep26 1400/1453 loss 0.0303 lr 3e-04 (185s)
[18:33:54]   [cls-r2] ep26 1453/1453 loss 0.0303 lr 3e-04 (192s)
[18:34:05]   [cls-r2] Epoch 26 완료 | train L1 0.0303 | val argmax-MAE 9.90 | 개선없음 5/8
[18:34:19]   [cls-r2] ep27 100/1453 loss 0.0353 lr 3e-04 (13s)
[18:34:32]   [cls-r2] ep27 200/1453 loss 0.0351 lr 3e-04 (27s)
[18:34:46]   [cls-r2] ep27 300/1453 loss 0.0337 lr 3e-04 (40s)
[18:34:59]   [cls-r2] ep27 400/1453 loss 0.0328 lr 3e-04 (53s)
[18:35:11]   [cls-r2] ep27 500/1453 loss 0.0317 lr 3e-04 (66s)
[18:35:24]   [cls-r2] ep27 600/1453 loss 0.0313 lr 3e-04 (78s)
[18:35:36]   [cls-r2] ep27 700/1453 loss 0.0310 lr 3e-04 (91s)
[18:35:49]   [cls-r2] ep27 800/1453 loss 0.0308 lr 3e-04 (103s)
[18:36:02]   [cls-r2] ep27 900/1453 loss 0.0304 lr 3e-04 (116s)
[18:36:14]   [cls-r2] ep27 1000/1453 loss 0.0302 lr 3e-04 (128s)
[18:36:27]   [cls-r2] ep27 1100/1453 loss 0.0300 lr 3e-04 (141s)
[18:36:39]   [cls-r2] ep27 1200/1453 loss 0.0302 lr 3e-04 (153s)
[18:36:52]   [cls-r2] ep27 1300/1453 loss 0.0301 lr 3e-04 (166s)
[18:37:04]   [cls-r2] ep27 1400/1453 loss 0.0299 lr 3e-04 (179s)
[18:37:12]   [cls-r2] ep27 1453/1453 loss 0.0299 lr 3e-04 (186s)
[18:37:22]   [cls-r2] Epoch 27 완료 | train L1 0.0299 | val argmax-MAE 9.88 | 개선없음 6/8
[18:37:38]   [cls-r2] ep28 100/1453 loss 0.0274 lr 3e-04 (15s)
[18:37:53]   [cls-r2] ep28 200/1453 loss 0.0271 lr 3e-04 (30s)
[18:38:07]   [cls-r2] ep28 300/1453 loss 0.0276 lr 3e-04 (44s)
[18:38:20]   [cls-r2] ep28 400/1453 loss 0.0288 lr 3e-04 (58s)
[18:38:34]   [cls-r2] ep28 500/1453 loss 0.0291 lr 3e-04 (71s)
[18:38:48]   [cls-r2] ep28 600/1453 loss 0.0289 lr 3e-04 (86s)
[18:39:03]   [cls-r2] ep28 700/1453 loss 0.0290 lr 3e-04 (100s)
[18:39:17]   [cls-r2] ep28 800/1453 loss 0.0294 lr 3e-04 (115s)
[18:39:33]   [cls-r2] ep28 900/1453 loss 0.0294 lr 3e-04 (130s)
[18:39:48]   [cls-r2] ep28 1000/1453 loss 0.0293 lr 3e-04 (145s)
[18:40:03]   [cls-r2] ep28 1100/1453 loss 0.0292 lr 3e-04 (160s)
[18:40:18]   [cls-r2] ep28 1200/1453 loss 0.0293 lr 3e-04 (175s)
[18:40:33]   [cls-r2] ep28 1300/1453 loss 0.0294 lr 3e-04 (190s)
[18:40:48]   [cls-r2] ep28 1400/1453 loss 0.0295 lr 3e-04 (205s)
[18:40:55]   [cls-r2] ep28 1453/1453 loss 0.0296 lr 3e-04 (212s)
[18:41:07]   [cls-r2] Epoch 28 완료 | train L1 0.0296 | val argmax-MAE 10.08 | 개선없음 7/8
[18:41:23]   [cls-r2] ep29 100/1453 loss 0.0283 lr 3e-04 (15s)
[18:41:37]   [cls-r2] ep29 200/1453 loss 0.0280 lr 3e-04 (29s)
[18:41:51]   [cls-r2] ep29 300/1453 loss 0.0282 lr 3e-04 (43s)
[18:42:05]   [cls-r2] ep29 400/1453 loss 0.0280 lr 3e-04 (57s)
[18:42:20]   [cls-r2] ep29 500/1453 loss 0.0286 lr 3e-04 (72s)
[18:42:34]   [cls-r2] ep29 600/1453 loss 0.0288 lr 3e-04 (86s)
[18:42:49]   [cls-r2] ep29 700/1453 loss 0.0291 lr 3e-04 (101s)
[18:43:03]   [cls-r2] ep29 800/1453 loss 0.0293 lr 3e-04 (115s)
[18:43:16]   [cls-r2] ep29 900/1453 loss 0.0294 lr 3e-04 (128s)
[18:43:28]   [cls-r2] ep29 1000/1453 loss 0.0294 lr 3e-04 (140s)
[18:43:41]   [cls-r2] ep29 1100/1453 loss 0.0293 lr 3e-04 (153s)
[18:43:54]   [cls-r2] ep29 1200/1453 loss 0.0292 lr 3e-04 (166s)
[18:44:05]   [cls-r2] ep29 1300/1453 loss 0.0291 lr 3e-04 (177s)
[18:44:17]   [cls-r2] ep29 1400/1453 loss 0.0289 lr 3e-04 (189s)
[18:44:23]   [cls-r2] ep29 1453/1453 loss 0.0289 lr 3e-04 (195s)
[18:44:34]   [cls-r2] Epoch 29 완료 | train L1 0.0289 | val argmax-MAE 9.78 | 개선없음 8/8
[18:44:34]   [cls-r2] 조기종료 | best argmax-MAE 9.54 @ epoch 21
[18:49:15]   [r2] train 1000/11628
[18:52:41]   [r2] train 2000/11628
[18:57:53]   [r2] train 3000/11628
[19:03:19]   [r2] train 4000/11628
[19:09:23]   [r2] train 5000/11628
[19:14:57]   [r2] train 6000/11628
[19:20:30]   [r2] train 7000/11628
[19:25:59]   [r2] train 8000/11628
[19:31:41]   [r2] train 9000/11628
[19:36:52]   [r2] train 10000/11628
[19:42:06]   [r2] train 11000/11628
[19:45:24] [r2:train] CAM 11628 | 마스크실패 0 | 파일없음 0
[19:50:29]   [r2] val 1000/1319
[19:52:09] [r2:val] CAM 1319 | 마스크실패 0 | 파일없음 0
[19:52:53] [r2:test] CAM 166 | 마스크실패 0 | 파일없음 0
[19:52:54] bbox 로그 저장: G:\Project\sinra_cho\checkpoints_attention_v7\roi_bboxes.csv
[19:52:54]   [r1] 박스 폭 중앙값 269px (48%) | 높이 중앙값 191px (34%)
[19:52:54]   [r2] 박스 폭 중앙값 138px (25%) | 높이 중앙값 125px (22%)
[19:52:54] R1/R2/E 캐시 완료
[19:52:56] [backbone] timm 'inception_v3' 로드 완료 (pretrained=False)
[19:52:56] [cls-gmp] feat (2048, 16, 16) -> FC 2048->240
[19:52:57] [backbone] timm 'inception_v3' 로드 완료 (pretrained=False)
[19:52:58] [cls-gmp] feat (2048, 16, 16) -> FC 2048->240
[19:52:59] [경고] QC 시트 생성 실패: 'r2'
[19:52:59] Phase II 정규화 div255 | 증강 ON
[19:52:59] Phase II 설정: {'BACKBONE': 'xception', 'IMG_SIZE': 560, 'AGE_BINS': 240, 'GENDER_EMB_DIM': 32, 'HEAD_RELU': True, 'GENDER_RELU': True, 'LDL_DELTA': 15.0, 'LDL_LAMBDA': 0.5, 'AGG_CHANNELS': ['hand', 'r1', 'erased'], 'NORMALIZE': 'div255', 'USE_AUG': True, 'TAU_R1': 30, 'TAU_R2': 50, 'R2_METHOD': 'paper_erase', 'CLS_SIZE_REGION': 560, 'PRE': {'IMG_SIZE': 560, 'NORM_MODE': 'percentile', 'NORM_LO': 1.0, 'NORM_HI': 99.0, 'TOPHAT_MODE': 'add', 'TOPHAT_KFRAC': 0.1, 'TOPHAT_KSIZE': 0, 'TOPHAT_SHAPE': 'rect', 'TOPHAT_WEIGHT': 1.0, 'CLAHE_CLIP': 2.0, 'CLAHE_TILE': 8, 'SCALE_MODE': 'per_image', 'PAD_MODE': 'auto', 'PAD_BORDER_FRAC': 0.02, 'PAD_BORDER_PCTL': 25.0, 'PAD_ANCHOR': 'center', 'MARKER_MODE': 'bright_blob', 'MARKER_BRIGHT_PCTL': 99.2, 'MARKER_BRIGHT_MIN': 200, 'MARKER_MAX_AREA_FRAC': 0.03, 'MARKER_REQUIRE_BORDER': True, 'MARKER_BORDER_FRAC': 0.18, 'MARKER_MAX_COUNT': 4, 'ALIGN_MODE': 'pca', 'ALIGN_MAX_DEG': 35.0, 'ALIGN_FIX_FLIP': True, 'CLAHE_STAGE': 'post_resize'}, 'PRE_TAG': '560_np1-99_mkbrp99.2_alpcaF_thadd-rect-f0.1-w1_c2t8@post_img_padauto', 'HAND_SOURCE': 'G:\\Project\\sinra_cho\\crop_data', 'BOX_CFG': {'r1': {'pad_x': 0.1, 'pad_y': 0.12, 'min_w': 0.48, 'min_h': 0.34}}, 'MERGE_COMPONENTS': True, 'BANDS': {'r1': {'x0': 0.12, 'y0': 0.52, 'x1': 0.88, 'y1': 0.98}}, 'CLAMP_TO_BAND': True, 'PAD_TO_SQUARE': True}
[19:52:59] 조기종료 | Phase I patience 8 | Phase II patience 15 (최소 65에폭 이후)
[19:52:59] 배치 수 | train 1453 | val 165 | test 21
[19:53:00] [backbone] timm 'legacy_xception' 로드 완료 (pretrained=True)
[19:53:01] [reg] backbone out (2048, 18, 18) -> z 6,400 | params 27.1M
[19:53:02] [LDL] loss = l_MAE + 0.5 * D_KL(G||p) | bins 240 | delta 15.0
[19:53:02] Phase II 새로 학습 시작
[19:53:53]   Epoch 001 100/1453 train_mae 25.17 kl 1.183 lr 3e-04 (52s)
[19:54:32]   Epoch 001 200/1453 train_mae 20.14 kl 1.187 lr 3e-04 (90s)
[19:55:10]   Epoch 001 300/1453 train_mae 18.29 kl 1.100 lr 3e-04 (129s)
[19:55:47]   Epoch 001 400/1453 train_mae 16.90 kl 1.020 lr 3e-04 (165s)
[19:56:25]   Epoch 001 500/1453 train_mae 15.98 kl 0.964 lr 3e-04 (204s)
[19:57:05]   Epoch 001 600/1453 train_mae 15.24 kl 0.934 lr 3e-04 (243s)
[19:57:47]   Epoch 001 700/1453 train_mae 14.61 kl 0.905 lr 3e-04 (285s)
[19:58:27]   Epoch 001 800/1453 train_mae 14.19 kl 0.880 lr 3e-04 (326s)
[19:59:05]   Epoch 001 900/1453 train_mae 13.78 kl 0.865 lr 3e-04 (363s)
[19:59:46]   Epoch 001 1000/1453 train_mae 13.43 kl 0.850 lr 3e-04 (404s)
[20:00:26]   Epoch 001 1100/1453 train_mae 13.07 kl 0.830 lr 3e-04 (445s)
[20:01:06]   Epoch 001 1200/1453 train_mae 12.82 kl 0.814 lr 3e-04 (484s)
[20:01:45]   Epoch 001 1300/1453 train_mae 12.55 kl 0.800 lr 3e-04 (523s)
[20:02:23]   Epoch 001 1400/1453 train_mae 12.32 kl 0.786 lr 3e-04 (561s)
[20:02:46]   Epoch 001 1453/1453 train_mae 12.21 kl 0.780 lr 3e-04 (584s)
[20:03:31] [Epoch 001 완료] train MAE 12.21 | val MAE 10.29 | val RMSE 14.01 | lr 3e-04 | * best 저장 (val MAE 10.29)
[20:04:05]   Epoch 002 100/1453 train_mae 9.04 kl 0.581 lr 3e-04 (34s)
[20:04:30]   Epoch 002 200/1453 train_mae 9.17 kl 0.592 lr 3e-04 (58s)
[20:04:53]   Epoch 002 300/1453 train_mae 9.22 kl 0.597 lr 3e-04 (81s)
[20:05:16]   Epoch 002 400/1453 train_mae 9.20 kl 0.586 lr 3e-04 (105s)
[20:05:39]   Epoch 002 500/1453 train_mae 9.12 kl 0.576 lr 3e-04 (128s)
[20:06:03]   Epoch 002 600/1453 train_mae 8.98 kl 0.569 lr 3e-04 (152s)
[20:06:27]   Epoch 002 700/1453 train_mae 8.89 kl 0.564 lr 3e-04 (175s)
[20:06:51]   Epoch 002 800/1453 train_mae 8.85 kl 0.558 lr 3e-04 (200s)
[20:07:16]   Epoch 002 900/1453 train_mae 8.77 kl 0.551 lr 3e-04 (225s)
[20:07:40]   Epoch 002 1000/1453 train_mae 8.70 kl 0.547 lr 3e-04 (248s)
[20:08:02]   Epoch 002 1100/1453 train_mae 8.69 kl 0.547 lr 3e-04 (271s)
[20:08:24]   Epoch 002 1200/1453 train_mae 8.66 kl 0.544 lr 3e-04 (293s)
[20:08:47]   Epoch 002 1300/1453 train_mae 8.65 kl 0.543 lr 3e-04 (316s)
[20:09:12]   Epoch 002 1400/1453 train_mae 8.65 kl 0.541 lr 3e-04 (341s)
[20:09:25]   Epoch 002 1453/1453 train_mae 8.63 kl 0.541 lr 3e-04 (354s)
[20:09:59] [Epoch 002 완료] train MAE 8.63 | val MAE 8.76 | val RMSE 11.52 | lr 3e-04 | * best 저장 (val MAE 8.76)
[20:10:38]   Epoch 003 100/1453 train_mae 7.74 kl 0.489 lr 3e-04 (39s)
[20:11:17]   Epoch 003 200/1453 train_mae 7.91 kl 0.493 lr 3e-04 (78s)
[20:11:53]   Epoch 003 300/1453 train_mae 7.91 kl 0.489 lr 3e-04 (114s)
[20:12:33]   Epoch 003 400/1453 train_mae 7.90 kl 0.490 lr 3e-04 (153s)
[20:13:07]   Epoch 003 500/1453 train_mae 7.90 kl 0.486 lr 3e-04 (187s)
[20:13:32]   Epoch 003 600/1453 train_mae 7.99 kl 0.485 lr 3e-04 (212s)
[20:14:10]   Epoch 003 700/1453 train_mae 7.93 kl 0.485 lr 3e-04 (251s)
[20:14:48]   Epoch 003 800/1453 train_mae 7.91 kl 0.478 lr 3e-04 (289s)
[20:15:28]   Epoch 003 900/1453 train_mae 7.91 kl 0.476 lr 3e-04 (329s)
[20:16:04]   Epoch 003 1000/1453 train_mae 7.91 kl 0.473 lr 3e-04 (365s)
[20:16:43]   Epoch 003 1100/1453 train_mae 7.90 kl 0.472 lr 3e-04 (404s)
[20:17:21]   Epoch 003 1200/1453 train_mae 7.85 kl 0.473 lr 3e-04 (441s)
[20:17:59]   Epoch 003 1300/1453 train_mae 7.85 kl 0.477 lr 3e-04 (480s)
[20:18:40]   Epoch 003 1400/1453 train_mae 7.86 kl 0.475 lr 3e-04 (521s)
[20:19:00]   Epoch 003 1453/1453 train_mae 7.86 kl 0.476 lr 3e-04 (541s)
[20:19:47] [Epoch 003 완료] train MAE 7.86 | val MAE 8.86 | val RMSE 11.77 | lr 3e-04 | 개선없음 1/15
[20:20:27]   Epoch 004 100/1453 train_mae 7.59 kl 0.483 lr 3e-04 (40s)
[20:21:11]   Epoch 004 200/1453 train_mae 7.60 kl 0.470 lr 3e-04 (84s)
[20:21:54]   Epoch 004 300/1453 train_mae 7.55 kl 0.471 lr 3e-04 (127s)
[20:22:29]   Epoch 004 400/1453 train_mae 7.48 kl 0.465 lr 3e-04 (162s)
[20:23:09]   Epoch 004 500/1453 train_mae 7.45 kl 0.464 lr 3e-04 (201s)
[20:23:45]   Epoch 004 600/1453 train_mae 7.48 kl 0.465 lr 3e-04 (237s)
[20:24:24]   Epoch 004 700/1453 train_mae 7.47 kl 0.461 lr 3e-04 (277s)
[20:25:06]   Epoch 004 800/1453 train_mae 7.48 kl 0.463 lr 3e-04 (319s)
[20:25:43]   Epoch 004 900/1453 train_mae 7.48 kl 0.460 lr 3e-04 (356s)
[20:26:24]   Epoch 004 1000/1453 train_mae 7.46 kl 0.459 lr 3e-04 (397s)
[20:27:10]   Epoch 004 1100/1453 train_mae 7.47 kl 0.459 lr 3e-04 (442s)
[20:27:48]   Epoch 004 1200/1453 train_mae 7.44 kl 0.458 lr 3e-04 (480s)
[20:28:27]   Epoch 004 1300/1453 train_mae 7.39 kl 0.457 lr 3e-04 (520s)
[20:29:06]   Epoch 004 1400/1453 train_mae 7.37 kl 0.456 lr 3e-04 (559s)
[20:29:28]   Epoch 004 1453/1453 train_mae 7.39 kl 0.456 lr 3e-04 (581s)
[20:30:02] [Epoch 004 완료] train MAE 7.39 | val MAE 8.16 | val RMSE 10.71 | lr 3e-04 | * best 저장 (val MAE 8.16)
[20:30:43]   Epoch 005 100/1453 train_mae 7.23 kl 0.464 lr 3e-04 (40s)
[20:31:23]   Epoch 005 200/1453 train_mae 7.12 kl 0.449 lr 3e-04 (80s)
[20:32:00]   Epoch 005 300/1453 train_mae 7.12 kl 0.446 lr 3e-04 (118s)
[20:32:40]   Epoch 005 400/1453 train_mae 7.08 kl 0.446 lr 3e-04 (157s)
[20:33:17]   Epoch 005 500/1453 train_mae 7.02 kl 0.441 lr 3e-04 (194s)
[20:33:56]   Epoch 005 600/1453 train_mae 7.05 kl 0.441 lr 3e-04 (233s)
[20:34:38]   Epoch 005 700/1453 train_mae 7.01 kl 0.440 lr 3e-04 (275s)
[20:35:14]   Epoch 005 800/1453 train_mae 7.01 kl 0.437 lr 3e-04 (311s)
[20:35:53]   Epoch 005 900/1453 train_mae 6.99 kl 0.439 lr 3e-04 (351s)
[20:36:29]   Epoch 005 1000/1453 train_mae 7.02 kl 0.439 lr 3e-04 (386s)
[20:37:07]   Epoch 005 1100/1453 train_mae 7.04 kl 0.439 lr 3e-04 (424s)
[20:37:46]   Epoch 005 1200/1453 train_mae 7.00 kl 0.436 lr 3e-04 (464s)
[20:38:25]   Epoch 005 1300/1453 train_mae 7.00 kl 0.434 lr 3e-04 (503s)
[20:39:08]   Epoch 005 1400/1453 train_mae 7.00 kl 0.432 lr 3e-04 (545s)
[20:39:30]   Epoch 005 1453/1453 train_mae 7.00 kl 0.431 lr 3e-04 (567s)
[20:40:12] [Epoch 005 완료] train MAE 7.00 | val MAE 8.15 | val RMSE 10.99 | lr 3e-04 | 개선없음 1/15
[20:40:52]   Epoch 006 100/1453 train_mae 6.32 kl 0.423 lr 3e-04 (40s)
[20:41:31]   Epoch 006 200/1453 train_mae 6.52 kl 0.425 lr 3e-04 (78s)
[20:42:11]   Epoch 006 300/1453 train_mae 6.52 kl 0.423 lr 3e-04 (118s)
[20:42:53]   Epoch 006 400/1453 train_mae 6.54 kl 0.417 lr 3e-04 (160s)
[20:43:33]   Epoch 006 500/1453 train_mae 6.52 kl 0.411 lr 3e-04 (200s)
[20:44:12]   Epoch 006 600/1453 train_mae 6.51 kl 0.408 lr 3e-04 (239s)
[20:44:49]   Epoch 006 700/1453 train_mae 6.55 kl 0.408 lr 3e-04 (276s)
[20:45:27]   Epoch 006 800/1453 train_mae 6.55 kl 0.408 lr 3e-04 (315s)
[20:46:04]   Epoch 006 900/1453 train_mae 6.60 kl 0.407 lr 3e-04 (352s)
[20:46:44]   Epoch 006 1000/1453 train_mae 6.56 kl 0.406 lr 3e-04 (391s)
[20:47:24]   Epoch 006 1100/1453 train_mae 6.59 kl 0.406 lr 3e-04 (432s)
[20:48:02]   Epoch 006 1200/1453 train_mae 6.64 kl 0.404 lr 3e-04 (470s)
[20:48:43]   Epoch 006 1300/1453 train_mae 6.63 kl 0.404 lr 3e-04 (510s)
[20:49:26]   Epoch 006 1400/1453 train_mae 6.67 kl 0.406 lr 3e-04 (553s)
[20:49:45]   Epoch 006 1453/1453 train_mae 6.67 kl 0.405 lr 3e-04 (573s)
[20:50:28] [Epoch 006 완료] train MAE 6.67 | val MAE 7.92 | val RMSE 10.66 | lr 3e-04 | * best 저장 (val MAE 7.92)
[20:51:10]   Epoch 007 100/1453 train_mae 6.82 kl 0.415 lr 3e-04 (42s)
[20:51:50]   Epoch 007 200/1453 train_mae 6.58 kl 0.405 lr 3e-04 (82s)
[20:52:30]   Epoch 007 300/1453 train_mae 6.56 kl 0.413 lr 3e-04 (122s)
[20:53:11]   Epoch 007 400/1453 train_mae 6.54 kl 0.410 lr 3e-04 (162s)
[20:53:52]   Epoch 007 500/1453 train_mae 6.44 kl 0.403 lr 3e-04 (204s)
[20:54:34]   Epoch 007 600/1453 train_mae 6.40 kl 0.400 lr 3e-04 (245s)
[20:55:11]   Epoch 007 700/1453 train_mae 6.38 kl 0.395 lr 3e-04 (283s)
[20:55:52]   Epoch 007 800/1453 train_mae 6.39 kl 0.397 lr 3e-04 (324s)
[20:56:32]   Epoch 007 900/1453 train_mae 6.45 kl 0.400 lr 3e-04 (364s)
[20:57:12]   Epoch 007 1000/1453 train_mae 6.47 kl 0.400 lr 3e-04 (404s)
[20:57:53]   Epoch 007 1100/1453 train_mae 6.49 kl 0.399 lr 3e-04 (445s)
[20:58:33]   Epoch 007 1200/1453 train_mae 6.47 kl 0.399 lr 3e-04 (485s)
[20:59:15]   Epoch 007 1300/1453 train_mae 6.47 kl 0.397 lr 3e-04 (527s)
[20:59:55]   Epoch 007 1400/1453 train_mae 6.46 kl 0.397 lr 3e-04 (566s)
[21:00:14]   Epoch 007 1453/1453 train_mae 6.46 kl 0.396 lr 3e-04 (585s)
[21:00:53] [Epoch 007 완료] train MAE 6.46 | val MAE 7.96 | val RMSE 10.52 | lr 3e-04 | 개선없음 1/15
[21:01:30]   Epoch 008 100/1453 train_mae 6.49 kl 0.369 lr 3e-04 (37s)
[21:02:10]   Epoch 008 200/1453 train_mae 6.36 kl 0.372 lr 3e-04 (77s)
[21:02:46]   Epoch 008 300/1453 train_mae 6.29 kl 0.369 lr 3e-04 (112s)
[21:03:25]   Epoch 008 400/1453 train_mae 6.29 kl 0.370 lr 3e-04 (151s)
[21:04:05]   Epoch 008 500/1453 train_mae 6.35 kl 0.371 lr 3e-04 (192s)
[21:04:43]   Epoch 008 600/1453 train_mae 6.34 kl 0.370 lr 3e-04 (230s)
[21:05:24]   Epoch 008 700/1453 train_mae 6.31 kl 0.371 lr 3e-04 (270s)
[21:06:04]   Epoch 008 800/1453 train_mae 6.30 kl 0.368 lr 3e-04 (310s)
[21:06:43]   Epoch 008 900/1453 train_mae 6.31 kl 0.367 lr 3e-04 (349s)
[21:07:31]   Epoch 008 1000/1453 train_mae 6.32 kl 0.369 lr 3e-04 (398s)
[21:09:12]   Epoch 008 1100/1453 train_mae 6.32 kl 0.370 lr 3e-04 (498s)
[21:10:43]   Epoch 008 1200/1453 train_mae 6.32 kl 0.370 lr 3e-04 (590s)
[21:12:15]   Epoch 008 1300/1453 train_mae 6.31 kl 0.371 lr 3e-04 (681s)
[21:13:45]   Epoch 008 1400/1453 train_mae 6.30 kl 0.372 lr 3e-04 (772s)
[21:14:26]   Epoch 008 1453/1453 train_mae 6.31 kl 0.372 lr 3e-04 (813s)
[21:16:30] [Epoch 008 완료] train MAE 6.31 | val MAE 8.27 | val RMSE 10.99 | lr 3e-04 | 개선없음 2/15
[21:17:44]   Epoch 009 100/1453 train_mae 6.04 kl 0.376 lr 3e-04 (73s)
[21:18:46]   Epoch 009 200/1453 train_mae 6.03 kl 0.361 lr 3e-04 (135s)
[21:19:26]   Epoch 009 300/1453 train_mae 5.98 kl 0.356 lr 3e-04 (175s)
[21:20:05]   Epoch 009 400/1453 train_mae 5.96 kl 0.351 lr 3e-04 (214s)
[21:20:46]   Epoch 009 500/1453 train_mae 5.95 kl 0.349 lr 3e-04 (255s)
[21:21:27]   Epoch 009 600/1453 train_mae 5.97 kl 0.348 lr 3e-04 (296s)
[21:22:09]   Epoch 009 700/1453 train_mae 5.98 kl 0.347 lr 3e-04 (339s)
[21:22:51]   Epoch 009 800/1453 train_mae 5.96 kl 0.346 lr 3e-04 (380s)
[21:23:33]   Epoch 009 900/1453 train_mae 5.95 kl 0.348 lr 3e-04 (423s)
[21:24:15]   Epoch 009 1000/1453 train_mae 5.98 kl 0.350 lr 3e-04 (465s)
[21:24:56]   Epoch 009 1100/1453 train_mae 5.96 kl 0.351 lr 3e-04 (505s)
[21:25:36]   Epoch 009 1200/1453 train_mae 5.97 kl 0.352 lr 3e-04 (546s)
[21:26:16]   Epoch 009 1300/1453 train_mae 6.00 kl 0.351 lr 3e-04 (585s)
[21:26:55]   Epoch 009 1400/1453 train_mae 6.00 kl 0.351 lr 3e-04 (624s)
[21:27:16]   Epoch 009 1453/1453 train_mae 5.99 kl 0.351 lr 3e-04 (645s)
[21:27:38] [Epoch 009 완료] train MAE 5.99 | val MAE 7.99 | val RMSE 10.75 | lr 3e-04 | 개선없음 3/15
[21:28:00]   Epoch 010 100/1453 train_mae 5.62 kl 0.327 lr 3e-04 (21s)
[21:28:22]   Epoch 010 200/1453 train_mae 5.58 kl 0.336 lr 3e-04 (43s)
[21:28:46]   Epoch 010 300/1453 train_mae 5.64 kl 0.335 lr 3e-04 (68s)
[21:29:11]   Epoch 010 400/1453 train_mae 5.66 kl 0.337 lr 3e-04 (93s)
[21:29:37]   Epoch 010 500/1453 train_mae 5.68 kl 0.339 lr 3e-04 (118s)
[21:30:01]   Epoch 010 600/1453 train_mae 5.72 kl 0.342 lr 3e-04 (142s)
[21:30:25]   Epoch 010 700/1453 train_mae 5.76 kl 0.339 lr 3e-04 (167s)
[21:30:50]   Epoch 010 800/1453 train_mae 5.77 kl 0.337 lr 3e-04 (191s)
[21:31:15]   Epoch 010 900/1453 train_mae 5.77 kl 0.337 lr 3e-04 (217s)
[21:31:42]   Epoch 010 1000/1453 train_mae 5.76 kl 0.337 lr 3e-04 (243s)
[21:32:06]   Epoch 010 1100/1453 train_mae 5.77 kl 0.337 lr 3e-04 (267s)
[21:32:30]   Epoch 010 1200/1453 train_mae 5.80 kl 0.338 lr 3e-04 (292s)
[21:32:56]   Epoch 010 1300/1453 train_mae 5.80 kl 0.340 lr 3e-04 (317s)
[21:33:20]   Epoch 010 1400/1453 train_mae 5.84 kl 0.340 lr 3e-04 (341s)
[21:33:32]   Epoch 010 1453/1453 train_mae 5.85 kl 0.341 lr 3e-04 (353s)
[21:33:57] [Epoch 010 완료] train MAE 5.85 | val MAE 7.93 | val RMSE 10.65 | lr 3e-04 | 개선없음 4/15
[21:34:20]   Epoch 011 100/1453 train_mae 5.79 kl 0.343 lr 3e-04 (23s)
[21:34:45]   Epoch 011 200/1453 train_mae 5.62 kl 0.323 lr 3e-04 (47s)
[21:35:09]   Epoch 011 300/1453 train_mae 5.56 kl 0.318 lr 3e-04 (72s)
[21:35:32]   Epoch 011 400/1453 train_mae 5.62 kl 0.322 lr 3e-04 (95s)
[21:35:56]   Epoch 011 500/1453 train_mae 5.62 kl 0.325 lr 3e-04 (119s)
[21:36:21]   Epoch 011 600/1453 train_mae 5.63 kl 0.325 lr 3e-04 (144s)
[21:36:46]   Epoch 011 700/1453 train_mae 5.63 kl 0.328 lr 3e-04 (169s)
[21:37:11]   Epoch 011 800/1453 train_mae 5.66 kl 0.327 lr 3e-04 (194s)
[21:37:35]   Epoch 011 900/1453 train_mae 5.67 kl 0.329 lr 3e-04 (218s)
[21:37:59]   Epoch 011 1000/1453 train_mae 5.68 kl 0.328 lr 3e-04 (242s)
[21:38:24]   Epoch 011 1100/1453 train_mae 5.68 kl 0.326 lr 3e-04 (267s)
[21:38:48]   Epoch 011 1200/1453 train_mae 5.69 kl 0.326 lr 3e-04 (291s)
[21:39:10]   Epoch 011 1300/1453 train_mae 5.69 kl 0.326 lr 3e-04 (313s)
[21:39:35]   Epoch 011 1400/1453 train_mae 5.68 kl 0.326 lr 3e-04 (338s)
[21:39:47]   Epoch 011 1453/1453 train_mae 5.68 kl 0.326 lr 3e-04 (350s)
[21:40:10] [Epoch 011 완료] train MAE 5.68 | val MAE 7.87 | val RMSE 10.52 | lr 3e-04 | * best 저장 (val MAE 7.87)
[21:40:33]   Epoch 012 100/1453 train_mae 5.35 kl 0.310 lr 3e-04 (22s)
[21:40:56]   Epoch 012 200/1453 train_mae 5.38 kl 0.306 lr 3e-04 (45s)
[21:41:18]   Epoch 012 300/1453 train_mae 5.30 kl 0.305 lr 3e-04 (67s)
[21:41:42]   Epoch 012 400/1453 train_mae 5.24 kl 0.311 lr 3e-04 (91s)
[21:42:07]   Epoch 012 500/1453 train_mae 5.27 kl 0.315 lr 3e-04 (116s)
[21:42:29]   Epoch 012 600/1453 train_mae 5.23 kl 0.314 lr 3e-04 (138s)
[21:42:51]   Epoch 012 700/1453 train_mae 5.32 kl 0.318 lr 3e-04 (160s)
[21:43:14]   Epoch 012 800/1453 train_mae 5.32 kl 0.315 lr 3e-04 (183s)
[21:43:35]   Epoch 012 900/1453 train_mae 5.34 kl 0.314 lr 3e-04 (204s)
[21:43:57]   Epoch 012 1000/1453 train_mae 5.35 kl 0.314 lr 3e-04 (226s)
[21:44:18]   Epoch 012 1100/1453 train_mae 5.35 kl 0.314 lr 3e-04 (247s)
[21:44:39]   Epoch 012 1200/1453 train_mae 5.37 kl 0.315 lr 3e-04 (268s)
[21:45:01]   Epoch 012 1300/1453 train_mae 5.37 kl 0.315 lr 3e-04 (290s)
[21:45:24]   Epoch 012 1400/1453 train_mae 5.40 kl 0.315 lr 3e-04 (314s)
[21:45:38]   Epoch 012 1453/1453 train_mae 5.41 kl 0.315 lr 3e-04 (327s)
[21:46:02] [Epoch 012 완료] train MAE 5.41 | val MAE 8.00 | val RMSE 10.59 | lr 3e-04 | 개선없음 1/15
[21:46:26]   Epoch 013 100/1453 train_mae 5.02 kl 0.301 lr 3e-04 (24s)
[21:46:50]   Epoch 013 200/1453 train_mae 5.10 kl 0.301 lr 3e-04 (48s)
[21:47:16]   Epoch 013 300/1453 train_mae 5.15 kl 0.301 lr 3e-04 (74s)
[21:47:41]   Epoch 013 400/1453 train_mae 5.19 kl 0.302 lr 3e-04 (99s)
[21:48:07]   Epoch 013 500/1453 train_mae 5.25 kl 0.299 lr 3e-04 (124s)
[21:48:30]   Epoch 013 600/1453 train_mae 5.25 kl 0.298 lr 3e-04 (148s)
[21:48:56]   Epoch 013 700/1453 train_mae 5.27 kl 0.300 lr 3e-04 (174s)
[21:49:20]   Epoch 013 800/1453 train_mae 5.23 kl 0.298 lr 3e-04 (198s)
[21:49:43]   Epoch 013 900/1453 train_mae 5.24 kl 0.300 lr 3e-04 (221s)
[21:50:07]   Epoch 013 1000/1453 train_mae 5.22 kl 0.299 lr 3e-04 (245s)
[21:50:32]   Epoch 013 1100/1453 train_mae 5.25 kl 0.299 lr 3e-04 (270s)
[21:50:56]   Epoch 013 1200/1453 train_mae 5.26 kl 0.299 lr 3e-04 (294s)
[21:51:21]   Epoch 013 1300/1453 train_mae 5.30 kl 0.301 lr 3e-04 (319s)
[21:51:46]   Epoch 013 1400/1453 train_mae 5.26 kl 0.299 lr 3e-04 (343s)
[21:51:59]   Epoch 013 1453/1453 train_mae 5.28 kl 0.300 lr 3e-04 (357s)
[21:52:23] [Epoch 013 완료] train MAE 5.28 | val MAE 8.23 | val RMSE 11.22 | lr 3e-04 | 개선없음 2/15
[21:52:49]   Epoch 014 100/1453 train_mae 4.99 kl 0.295 lr 3e-04 (25s)
[21:53:13]   Epoch 014 200/1453 train_mae 4.86 kl 0.295 lr 3e-04 (50s)
[21:53:38]   Epoch 014 300/1453 train_mae 4.98 kl 0.294 lr 3e-04 (75s)
[21:54:03]   Epoch 014 400/1453 train_mae 5.02 kl 0.296 lr 3e-04 (99s)
[21:54:24]   Epoch 014 500/1453 train_mae 4.99 kl 0.296 lr 3e-04 (121s)
[21:54:47]   Epoch 014 600/1453 train_mae 4.98 kl 0.294 lr 3e-04 (143s)
[21:55:07]   Epoch 014 700/1453 train_mae 4.99 kl 0.292 lr 3e-04 (164s)
[21:55:30]   Epoch 014 800/1453 train_mae 5.02 kl 0.289 lr 3e-04 (186s)
[21:55:54]   Epoch 014 900/1453 train_mae 5.04 kl 0.289 lr 3e-04 (210s)
[21:56:18]   Epoch 014 1000/1453 train_mae 5.04 kl 0.289 lr 3e-04 (234s)
[21:56:42]   Epoch 014 1100/1453 train_mae 5.05 kl 0.289 lr 3e-04 (258s)
[21:57:05]   Epoch 014 1200/1453 train_mae 5.09 kl 0.290 lr 3e-04 (281s)
[21:57:28]   Epoch 014 1300/1453 train_mae 5.10 kl 0.290 lr 3e-04 (304s)
[21:57:52]   Epoch 014 1400/1453 train_mae 5.13 kl 0.290 lr 3e-04 (328s)
[21:58:06]   Epoch 014 1453/1453 train_mae 5.14 kl 0.290 lr 3e-04 (342s)
[21:58:30] [Epoch 014 완료] train MAE 5.14 | val MAE 7.92 | val RMSE 10.48 | lr 3e-04 | 개선없음 3/15
[21:58:57]   Epoch 015 100/1453 train_mae 5.16 kl 0.282 lr 3e-04 (26s)
[21:59:24]   Epoch 015 200/1453 train_mae 4.91 kl 0.281 lr 3e-04 (54s)
[21:59:49]   Epoch 015 300/1453 train_mae 4.84 kl 0.277 lr 3e-04 (78s)
[22:00:16]   Epoch 015 400/1453 train_mae 4.83 kl 0.274 lr 3e-04 (105s)
[22:00:41]   Epoch 015 500/1453 train_mae 4.82 kl 0.272 lr 3e-04 (130s)
[22:01:06]   Epoch 015 600/1453 train_mae 4.89 kl 0.271 lr 3e-04 (155s)
[22:01:33]   Epoch 015 700/1453 train_mae 4.86 kl 0.271 lr 3e-04 (182s)
[22:01:58]   Epoch 015 800/1453 train_mae 4.86 kl 0.272 lr 3e-04 (207s)
[22:02:26]   Epoch 015 900/1453 train_mae 4.90 kl 0.273 lr 3e-04 (235s)
[22:02:51]   Epoch 015 1000/1453 train_mae 4.91 kl 0.273 lr 3e-04 (260s)
[22:03:18]   Epoch 015 1100/1453 train_mae 4.91 kl 0.273 lr 3e-04 (288s)
[22:03:45]   Epoch 015 1200/1453 train_mae 4.92 kl 0.273 lr 3e-04 (314s)
[22:04:11]   Epoch 015 1300/1453 train_mae 4.94 kl 0.274 lr 3e-04 (340s)
[22:04:38]   Epoch 015 1400/1453 train_mae 4.97 kl 0.276 lr 3e-04 (367s)
[22:04:52]   Epoch 015 1453/1453 train_mae 4.98 kl 0.276 lr 3e-04 (382s)
[22:05:17] [Epoch 015 완료] train MAE 4.98 | val MAE 8.05 | val RMSE 11.02 | lr 3e-04 | 개선없음 4/15
[22:05:41]   Epoch 016 100/1453 train_mae 4.90 kl 0.272 lr 3e-04 (24s)
[22:06:09]   Epoch 016 200/1453 train_mae 4.92 kl 0.272 lr 3e-04 (52s)
[22:06:34]   Epoch 016 300/1453 train_mae 4.85 kl 0.274 lr 3e-04 (76s)
[22:07:00]   Epoch 016 400/1453 train_mae 4.80 kl 0.272 lr 3e-04 (103s)
[22:07:27]   Epoch 016 500/1453 train_mae 4.81 kl 0.269 lr 3e-04 (130s)
[22:07:52]   Epoch 016 600/1453 train_mae 4.86 kl 0.268 lr 3e-04 (155s)
[22:08:21]   Epoch 016 700/1453 train_mae 4.88 kl 0.268 lr 3e-04 (184s)
[22:08:47]   Epoch 016 800/1453 train_mae 4.89 kl 0.268 lr 3e-04 (209s)
[22:09:15]   Epoch 016 900/1453 train_mae 4.92 kl 0.268 lr 3e-04 (238s)
[22:09:42]   Epoch 016 1000/1453 train_mae 4.92 kl 0.269 lr 3e-04 (264s)
[22:10:10]   Epoch 016 1100/1453 train_mae 4.92 kl 0.269 lr 3e-04 (293s)
[22:10:35]   Epoch 016 1200/1453 train_mae 4.91 kl 0.268 lr 3e-04 (318s)
[22:11:04]   Epoch 016 1300/1453 train_mae 4.89 kl 0.268 lr 3e-04 (347s)
[22:11:28]   Epoch 016 1400/1453 train_mae 4.90 kl 0.268 lr 3e-04 (371s)
[22:11:39]   Epoch 016 1453/1453 train_mae 4.90 kl 0.268 lr 3e-04 (382s)
[22:12:01] [Epoch 016 완료] train MAE 4.90 | val MAE 7.74 | val RMSE 10.47 | lr 3e-04 | * best 저장 (val MAE 7.74)
[22:12:22]   Epoch 017 100/1453 train_mae 4.62 kl 0.262 lr 3e-04 (21s)
[22:12:47]   Epoch 017 200/1453 train_mae 4.56 kl 0.273 lr 3e-04 (46s)
[22:13:14]   Epoch 017 300/1453 train_mae 4.48 kl 0.264 lr 3e-04 (72s)
[22:13:42]   Epoch 017 400/1453 train_mae 4.52 kl 0.263 lr 3e-04 (100s)
[22:14:07]   Epoch 017 500/1453 train_mae 4.56 kl 0.259 lr 3e-04 (125s)
[22:14:34]   Epoch 017 600/1453 train_mae 4.57 kl 0.259 lr 3e-04 (152s)
[22:15:01]   Epoch 017 700/1453 train_mae 4.61 kl 0.260 lr 3e-04 (180s)
[22:15:26]   Epoch 017 800/1453 train_mae 4.62 kl 0.259 lr 3e-04 (204s)
[22:15:52]   Epoch 017 900/1453 train_mae 4.64 kl 0.259 lr 3e-04 (231s)
[22:16:20]   Epoch 017 1000/1453 train_mae 4.64 kl 0.259 lr 3e-04 (258s)
[22:16:46]   Epoch 017 1100/1453 train_mae 4.64 kl 0.258 lr 3e-04 (284s)
[22:17:12]   Epoch 017 1200/1453 train_mae 4.64 kl 0.258 lr 3e-04 (310s)
[22:17:36]   Epoch 017 1300/1453 train_mae 4.63 kl 0.258 lr 3e-04 (334s)
[22:18:04]   Epoch 017 1400/1453 train_mae 4.65 kl 0.257 lr 3e-04 (362s)
[22:18:15]   Epoch 017 1453/1453 train_mae 4.65 kl 0.257 lr 3e-04 (374s)
[22:18:39] [Epoch 017 완료] train MAE 4.65 | val MAE 7.67 | val RMSE 10.25 | lr 3e-04 | * best 저장 (val MAE 7.67)
[22:19:04]   Epoch 018 100/1453 train_mae 4.22 kl 0.246 lr 3e-04 (23s)
[22:19:31]   Epoch 018 200/1453 train_mae 4.32 kl 0.246 lr 3e-04 (51s)
[22:19:58]   Epoch 018 300/1453 train_mae 4.41 kl 0.246 lr 3e-04 (78s)
[22:20:24]   Epoch 018 400/1453 train_mae 4.48 kl 0.245 lr 3e-04 (104s)
[22:20:49]   Epoch 018 500/1453 train_mae 4.47 kl 0.241 lr 3e-04 (129s)
[22:21:18]   Epoch 018 600/1453 train_mae 4.48 kl 0.240 lr 3e-04 (158s)
[22:21:44]   Epoch 018 700/1453 train_mae 4.47 kl 0.241 lr 3e-04 (184s)
[22:22:10]   Epoch 018 800/1453 train_mae 4.50 kl 0.242 lr 3e-04 (210s)
[22:22:38]   Epoch 018 900/1453 train_mae 4.50 kl 0.243 lr 3e-04 (238s)
[22:23:05]   Epoch 018 1000/1453 train_mae 4.50 kl 0.243 lr 3e-04 (264s)
[22:23:31]   Epoch 018 1100/1453 train_mae 4.53 kl 0.243 lr 3e-04 (291s)
[22:23:58]   Epoch 018 1200/1453 train_mae 4.54 kl 0.243 lr 3e-04 (318s)
[22:24:23]   Epoch 018 1300/1453 train_mae 4.57 kl 0.244 lr 3e-04 (342s)
[22:24:50]   Epoch 018 1400/1453 train_mae 4.58 kl 0.244 lr 3e-04 (370s)
[22:25:03]   Epoch 018 1453/1453 train_mae 4.58 kl 0.245 lr 3e-04 (383s)
[22:25:28] [Epoch 018 완료] train MAE 4.58 | val MAE 7.71 | val RMSE 10.43 | lr 3e-04 | 개선없음 1/15
[22:25:54]   Epoch 019 100/1453 train_mae 4.32 kl 0.235 lr 3e-04 (26s)
[22:26:21]   Epoch 019 200/1453 train_mae 4.48 kl 0.240 lr 3e-04 (53s)
[22:26:48]   Epoch 019 300/1453 train_mae 4.41 kl 0.238 lr 3e-04 (80s)
[22:27:15]   Epoch 019 400/1453 train_mae 4.38 kl 0.236 lr 3e-04 (107s)
[22:27:41]   Epoch 019 500/1453 train_mae 4.40 kl 0.237 lr 3e-04 (132s)
[22:28:08]   Epoch 019 600/1453 train_mae 4.42 kl 0.239 lr 3e-04 (160s)
[22:28:35]   Epoch 019 700/1453 train_mae 4.42 kl 0.237 lr 3e-04 (187s)
[22:29:01]   Epoch 019 800/1453 train_mae 4.45 kl 0.238 lr 3e-04 (213s)
[22:29:29]   Epoch 019 900/1453 train_mae 4.49 kl 0.239 lr 3e-04 (240s)
[22:29:54]   Epoch 019 1000/1453 train_mae 4.47 kl 0.238 lr 3e-04 (265s)
[22:30:19]   Epoch 019 1100/1453 train_mae 4.49 kl 0.238 lr 3e-04 (291s)
[22:30:46]   Epoch 019 1200/1453 train_mae 4.49 kl 0.240 lr 3e-04 (318s)
[22:31:11]   Epoch 019 1300/1453 train_mae 4.49 kl 0.239 lr 3e-04 (342s)
[22:31:38]   Epoch 019 1400/1453 train_mae 4.46 kl 0.239 lr 3e-04 (370s)
[22:31:51]   Epoch 019 1453/1453 train_mae 4.47 kl 0.239 lr 3e-04 (382s)
[22:32:15] [Epoch 019 완료] train MAE 4.47 | val MAE 7.95 | val RMSE 10.40 | lr 3e-04 | 개선없음 2/15
[22:32:38]   Epoch 020 100/1453 train_mae 4.11 kl 0.219 lr 3e-04 (23s)
[22:33:05]   Epoch 020 200/1453 train_mae 4.22 kl 0.224 lr 3e-04 (50s)
[22:33:30]   Epoch 020 300/1453 train_mae 4.25 kl 0.224 lr 3e-04 (75s)
[22:33:56]   Epoch 020 400/1453 train_mae 4.26 kl 0.222 lr 3e-04 (101s)
[22:34:20]   Epoch 020 500/1453 train_mae 4.31 kl 0.223 lr 3e-04 (125s)
[22:34:48]   Epoch 020 600/1453 train_mae 4.35 kl 0.224 lr 3e-04 (153s)
[22:35:14]   Epoch 020 700/1453 train_mae 4.34 kl 0.223 lr 3e-04 (178s)
[22:35:41]   Epoch 020 800/1453 train_mae 4.32 kl 0.223 lr 3e-04 (206s)
[22:36:07]   Epoch 020 900/1453 train_mae 4.34 kl 0.225 lr 3e-04 (231s)
[22:36:31]   Epoch 020 1000/1453 train_mae 4.35 kl 0.226 lr 3e-04 (256s)
[22:36:59]   Epoch 020 1100/1453 train_mae 4.36 kl 0.225 lr 3e-04 (283s)
[22:37:25]   Epoch 020 1200/1453 train_mae 4.37 kl 0.225 lr 3e-04 (310s)
[22:37:51]   Epoch 020 1300/1453 train_mae 4.36 kl 0.225 lr 3e-04 (335s)
[22:38:20]   Epoch 020 1400/1453 train_mae 4.35 kl 0.224 lr 3e-04 (364s)
[22:38:33]   Epoch 020 1453/1453 train_mae 4.36 kl 0.225 lr 3e-04 (377s)
[22:38:57] [Epoch 020 완료] train MAE 4.36 | val MAE 7.51 | val RMSE 10.18 | lr 3e-04 | * best 저장 (val MAE 7.51)
[22:39:23]   Epoch 021 100/1453 train_mae 4.30 kl 0.228 lr 3e-04 (25s)
[22:39:50]   Epoch 021 200/1453 train_mae 4.11 kl 0.222 lr 3e-04 (52s)
[22:40:17]   Epoch 021 300/1453 train_mae 4.13 kl 0.225 lr 3e-04 (79s)
[22:40:42]   Epoch 021 400/1453 train_mae 4.16 kl 0.225 lr 3e-04 (104s)
[22:41:09]   Epoch 021 500/1453 train_mae 4.19 kl 0.223 lr 3e-04 (131s)
[22:41:35]   Epoch 021 600/1453 train_mae 4.17 kl 0.224 lr 3e-04 (157s)
[22:42:00]   Epoch 021 700/1453 train_mae 4.16 kl 0.224 lr 3e-04 (183s)
[22:42:28]   Epoch 021 800/1453 train_mae 4.20 kl 0.224 lr 3e-04 (210s)
[22:42:54]   Epoch 021 900/1453 train_mae 4.19 kl 0.222 lr 3e-04 (236s)
[22:43:21]   Epoch 021 1000/1453 train_mae 4.20 kl 0.221 lr 3e-04 (264s)
[22:43:46]   Epoch 021 1100/1453 train_mae 4.23 kl 0.222 lr 3e-04 (289s)
[22:44:13]   Epoch 021 1200/1453 train_mae 4.23 kl 0.221 lr 3e-04 (315s)
[22:44:40]   Epoch 021 1300/1453 train_mae 4.23 kl 0.220 lr 3e-04 (342s)
[22:45:04]   Epoch 021 1400/1453 train_mae 4.23 kl 0.219 lr 3e-04 (366s)
[22:45:18]   Epoch 021 1453/1453 train_mae 4.24 kl 0.219 lr 3e-04 (380s)
[22:45:42] [Epoch 021 완료] train MAE 4.24 | val MAE 8.09 | val RMSE 10.76 | lr 3e-04 | 개선없음 1/15
[22:46:10]   Epoch 022 100/1453 train_mae 3.96 kl 0.201 lr 3e-04 (28s)
[22:46:35]   Epoch 022 200/1453 train_mae 3.97 kl 0.203 lr 3e-04 (53s)
[22:47:04]   Epoch 022 300/1453 train_mae 4.08 kl 0.206 lr 3e-04 (82s)
[22:47:28]   Epoch 022 400/1453 train_mae 4.04 kl 0.205 lr 3e-04 (105s)
[22:47:54]   Epoch 022 500/1453 train_mae 4.08 kl 0.206 lr 3e-04 (132s)
[22:48:19]   Epoch 022 600/1453 train_mae 4.09 kl 0.205 lr 3e-04 (157s)
[22:48:47]   Epoch 022 700/1453 train_mae 4.07 kl 0.203 lr 3e-04 (184s)
[22:49:13]   Epoch 022 800/1453 train_mae 4.07 kl 0.202 lr 3e-04 (211s)
[22:49:41]   Epoch 022 900/1453 train_mae 4.05 kl 0.203 lr 3e-04 (239s)
[22:50:05]   Epoch 022 1000/1453 train_mae 4.07 kl 0.203 lr 3e-04 (263s)
[22:50:30]   Epoch 022 1100/1453 train_mae 4.08 kl 0.203 lr 3e-04 (288s)
[22:50:58]   Epoch 022 1200/1453 train_mae 4.10 kl 0.203 lr 3e-04 (316s)
[22:51:23]   Epoch 022 1300/1453 train_mae 4.09 kl 0.204 lr 3e-04 (340s)
[22:51:51]   Epoch 022 1400/1453 train_mae 4.11 kl 0.205 lr 3e-04 (369s)
[22:52:05]   Epoch 022 1453/1453 train_mae 4.10 kl 0.205 lr 3e-04 (382s)
[22:52:29] [Epoch 022 완료] train MAE 4.10 | val MAE 7.72 | val RMSE 10.34 | lr 3e-04 | 개선없음 2/15
[22:52:56]   Epoch 023 100/1453 train_mae 4.21 kl 0.212 lr 3e-04 (27s)
[22:53:20]   Epoch 023 200/1453 train_mae 3.94 kl 0.195 lr 3e-04 (51s)
[22:53:47]   Epoch 023 300/1453 train_mae 3.90 kl 0.195 lr 3e-04 (78s)
[22:54:12]   Epoch 023 400/1453 train_mae 3.85 kl 0.195 lr 3e-04 (102s)
[22:54:40]   Epoch 023 500/1453 train_mae 3.84 kl 0.194 lr 3e-04 (130s)
[22:55:05]   Epoch 023 600/1453 train_mae 3.88 kl 0.195 lr 3e-04 (156s)
[22:55:32]   Epoch 023 700/1453 train_mae 3.88 kl 0.195 lr 3e-04 (183s)
[22:55:57]   Epoch 023 800/1453 train_mae 3.92 kl 0.196 lr 3e-04 (208s)
[22:56:21]   Epoch 023 900/1453 train_mae 3.92 kl 0.197 lr 3e-04 (232s)
[22:56:49]   Epoch 023 1000/1453 train_mae 3.93 kl 0.197 lr 3e-04 (260s)
[22:57:14]   Epoch 023 1100/1453 train_mae 3.93 kl 0.197 lr 3e-04 (285s)
[22:57:43]   Epoch 023 1200/1453 train_mae 3.95 kl 0.197 lr 3e-04 (313s)
[22:58:09]   Epoch 023 1300/1453 train_mae 3.96 kl 0.197 lr 3e-04 (339s)
[22:58:38]   Epoch 023 1400/1453 train_mae 3.98 kl 0.198 lr 3e-04 (368s)
[22:58:51]   Epoch 023 1453/1453 train_mae 4.00 kl 0.198 lr 3e-04 (382s)
[22:59:15] [Epoch 023 완료] train MAE 4.00 | val MAE 7.80 | val RMSE 10.45 | lr 3e-04 | 개선없음 3/15
[22:59:42]   Epoch 024 100/1453 train_mae 3.95 kl 0.197 lr 3e-04 (27s)
[23:00:08]   Epoch 024 200/1453 train_mae 3.84 kl 0.197 lr 3e-04 (52s)
[23:00:37]   Epoch 024 300/1453 train_mae 3.79 kl 0.195 lr 3e-04 (81s)
[23:00:59]   Epoch 024 400/1453 train_mae 3.88 kl 0.199 lr 3e-04 (104s)
[23:01:27]   Epoch 024 500/1453 train_mae 3.87 kl 0.197 lr 3e-04 (132s)
[23:01:53]   Epoch 024 600/1453 train_mae 3.90 kl 0.198 lr 3e-04 (158s)
[23:02:22]   Epoch 024 700/1453 train_mae 3.91 kl 0.198 lr 3e-04 (186s)
[23:02:47]   Epoch 024 800/1453 train_mae 3.93 kl 0.198 lr 3e-04 (212s)
[23:03:14]   Epoch 024 900/1453 train_mae 3.94 kl 0.197 lr 3e-04 (239s)
[23:03:42]   Epoch 024 1000/1453 train_mae 3.94 kl 0.196 lr 3e-04 (267s)
[23:04:07]   Epoch 024 1100/1453 train_mae 3.92 kl 0.195 lr 3e-04 (292s)
[23:04:35]   Epoch 024 1200/1453 train_mae 3.93 kl 0.196 lr 3e-04 (320s)
[23:05:03]   Epoch 024 1300/1453 train_mae 3.96 kl 0.197 lr 3e-04 (347s)
[23:05:28]   Epoch 024 1400/1453 train_mae 3.95 kl 0.197 lr 3e-04 (372s)
[23:05:42]   Epoch 024 1453/1453 train_mae 3.94 kl 0.196 lr 3e-04 (387s)
[23:06:06] [Epoch 024 완료] train MAE 3.94 | val MAE 7.68 | val RMSE 10.31 | lr 3e-04 | 개선없음 4/15
[23:06:33]   Epoch 025 100/1453 train_mae 3.51 kl 0.182 lr 3e-04 (26s)
[23:07:00]   Epoch 025 200/1453 train_mae 3.75 kl 0.185 lr 3e-04 (53s)
[23:07:28]   Epoch 025 300/1453 train_mae 3.73 kl 0.183 lr 3e-04 (81s)
[23:07:54]   Epoch 025 400/1453 train_mae 3.68 kl 0.183 lr 3e-04 (107s)
[23:08:22]   Epoch 025 500/1453 train_mae 3.67 kl 0.184 lr 3e-04 (135s)
[23:08:49]   Epoch 025 600/1453 train_mae 3.71 kl 0.184 lr 3e-04 (162s)
[23:09:15]   Epoch 025 700/1453 train_mae 3.73 kl 0.185 lr 3e-04 (188s)
[23:09:43]   Epoch 025 800/1453 train_mae 3.72 kl 0.184 lr 3e-04 (216s)
[23:10:09]   Epoch 025 900/1453 train_mae 3.75 kl 0.185 lr 3e-04 (242s)
[23:10:35]   Epoch 025 1000/1453 train_mae 3.77 kl 0.186 lr 3e-04 (269s)
[23:11:03]   Epoch 025 1100/1453 train_mae 3.77 kl 0.186 lr 3e-04 (296s)
[23:11:29]   Epoch 025 1200/1453 train_mae 3.78 kl 0.186 lr 3e-04 (323s)
[23:11:53]   Epoch 025 1300/1453 train_mae 3.80 kl 0.188 lr 3e-04 (346s)
[23:12:16]   Epoch 025 1400/1453 train_mae 3.82 kl 0.189 lr 3e-04 (369s)
[23:12:28]   Epoch 025 1453/1453 train_mae 3.84 kl 0.190 lr 3e-04 (381s)
[23:12:52] [Epoch 025 완료] train MAE 3.84 | val MAE 7.73 | val RMSE 10.45 | lr 3e-04 | 개선없음 5/15
[23:13:17]   Epoch 026 100/1453 train_mae 3.83 kl 0.190 lr 3e-04 (24s)
[23:13:45]   Epoch 026 200/1453 train_mae 3.69 kl 0.189 lr 3e-04 (52s)
[23:14:09]   Epoch 026 300/1453 train_mae 3.70 kl 0.188 lr 3e-04 (76s)
[23:14:36]   Epoch 026 400/1453 train_mae 3.63 kl 0.185 lr 3e-04 (103s)
[23:15:03]   Epoch 026 500/1453 train_mae 3.65 kl 0.185 lr 3e-04 (130s)
[23:15:28]   Epoch 026 600/1453 train_mae 3.67 kl 0.186 lr 3e-04 (155s)
[23:15:56]   Epoch 026 700/1453 train_mae 3.70 kl 0.188 lr 3e-04 (183s)
[23:16:20]   Epoch 026 800/1453 train_mae 3.72 kl 0.187 lr 3e-04 (207s)
[23:16:48]   Epoch 026 900/1453 train_mae 3.70 kl 0.186 lr 3e-04 (234s)
[23:17:15]   Epoch 026 1000/1453 train_mae 3.70 kl 0.186 lr 3e-04 (262s)
[23:17:38]   Epoch 026 1100/1453 train_mae 3.69 kl 0.186 lr 3e-04 (285s)
[23:18:06]   Epoch 026 1200/1453 train_mae 3.68 kl 0.185 lr 3e-04 (313s)
[23:18:34]   Epoch 026 1300/1453 train_mae 3.69 kl 0.185 lr 3e-04 (341s)
[23:19:00]   Epoch 026 1400/1453 train_mae 3.72 kl 0.186 lr 3e-04 (367s)
[23:19:16]   Epoch 026 1453/1453 train_mae 3.73 kl 0.186 lr 3e-04 (383s)
[23:19:39] [Epoch 026 완료] train MAE 3.73 | val MAE 7.67 | val RMSE 10.39 | lr 3e-04 | 개선없음 6/15
[23:20:07]   Epoch 027 100/1453 train_mae 3.88 kl 0.196 lr 3e-04 (27s)
[23:20:33]   Epoch 027 200/1453 train_mae 3.84 kl 0.200 lr 3e-04 (53s)
[23:20:59]   Epoch 027 300/1453 train_mae 3.74 kl 0.193 lr 3e-04 (79s)
[23:21:27]   Epoch 027 400/1453 train_mae 3.75 kl 0.191 lr 3e-04 (107s)
[23:21:53]   Epoch 027 500/1453 train_mae 3.73 kl 0.188 lr 3e-04 (133s)
[23:22:21]   Epoch 027 600/1453 train_mae 3.72 kl 0.186 lr 3e-04 (161s)
[23:22:48]   Epoch 027 700/1453 train_mae 3.70 kl 0.187 lr 3e-04 (188s)
[23:23:13]   Epoch 027 800/1453 train_mae 3.68 kl 0.187 lr 3e-04 (213s)
[23:23:40]   Epoch 027 900/1453 train_mae 3.68 kl 0.187 lr 3e-04 (240s)
[23:24:07]   Epoch 027 1000/1453 train_mae 3.67 kl 0.184 lr 3e-04 (267s)
[23:24:33]   Epoch 027 1100/1453 train_mae 3.67 kl 0.183 lr 3e-04 (294s)
[23:24:59]   Epoch 027 1200/1453 train_mae 3.70 kl 0.185 lr 3e-04 (319s)
[23:25:27]   Epoch 027 1300/1453 train_mae 3.71 kl 0.184 lr 3e-04 (347s)
[23:25:51]   Epoch 027 1400/1453 train_mae 3.72 kl 0.184 lr 3e-04 (371s)
[23:26:05]   Epoch 027 1453/1453 train_mae 3.72 kl 0.183 lr 3e-04 (385s)
[23:26:29] [Epoch 027 완료] train MAE 3.72 | val MAE 7.86 | val RMSE 10.44 | lr 3e-04 | 개선없음 7/15
[23:26:54]   Epoch 028 100/1453 train_mae 3.54 kl 0.170 lr 3e-04 (24s)
[23:27:22]   Epoch 028 200/1453 train_mae 3.53 kl 0.176 lr 3e-04 (52s)
[23:27:49]   Epoch 028 300/1453 train_mae 3.58 kl 0.181 lr 3e-04 (79s)
[23:28:14]   Epoch 028 400/1453 train_mae 3.64 kl 0.182 lr 3e-04 (104s)
[23:28:42]   Epoch 028 500/1453 train_mae 3.64 kl 0.180 lr 3e-04 (132s)
[23:29:09]   Epoch 028 600/1453 train_mae 3.64 kl 0.178 lr 3e-04 (159s)
[23:29:35]   Epoch 028 700/1453 train_mae 3.59 kl 0.175 lr 3e-04 (185s)
[23:30:04]   Epoch 028 800/1453 train_mae 3.61 kl 0.173 lr 3e-04 (214s)
[23:30:30]   Epoch 028 900/1453 train_mae 3.60 kl 0.172 lr 3e-04 (240s)
[23:30:59]   Epoch 028 1000/1453 train_mae 3.61 kl 0.173 lr 3e-04 (269s)
[23:31:25]   Epoch 028 1100/1453 train_mae 3.61 kl 0.172 lr 3e-04 (295s)
[23:31:52]   Epoch 028 1200/1453 train_mae 3.61 kl 0.172 lr 3e-04 (322s)
[23:32:19]   Epoch 028 1300/1453 train_mae 3.62 kl 0.173 lr 3e-04 (349s)
[23:32:44]   Epoch 028 1400/1453 train_mae 3.64 kl 0.173 lr 3e-04 (374s)
[23:32:58]   Epoch 028 1453/1453 train_mae 3.64 kl 0.174 lr 3e-04 (388s)
[23:33:23] [Epoch 028 완료] train MAE 3.64 | val MAE 7.62 | val RMSE 10.49 | lr 3e-04 | 개선없음 8/15
[23:33:49]   Epoch 029 100/1453 train_mae 3.56 kl 0.168 lr 3e-04 (25s)
[23:34:17]   Epoch 029 200/1453 train_mae 3.47 kl 0.167 lr 3e-04 (53s)
[23:34:42]   Epoch 029 300/1453 train_mae 3.54 kl 0.169 lr 3e-04 (79s)
[23:35:12]   Epoch 029 400/1453 train_mae 3.51 kl 0.170 lr 3e-04 (108s)
[23:35:36]   Epoch 029 500/1453 train_mae 3.51 kl 0.171 lr 3e-04 (132s)
[23:36:04]   Epoch 029 600/1453 train_mae 3.54 kl 0.171 lr 3e-04 (160s)
[23:36:32]   Epoch 029 700/1453 train_mae 3.54 kl 0.170 lr 3e-04 (188s)
[23:37:00]   Epoch 029 800/1453 train_mae 3.54 kl 0.170 lr 3e-04 (216s)
[23:37:27]   Epoch 029 900/1453 train_mae 3.52 kl 0.169 lr 3e-04 (243s)
[23:37:56]   Epoch 029 1000/1453 train_mae 3.54 kl 0.170 lr 3e-04 (272s)
[23:38:21]   Epoch 029 1100/1453 train_mae 3.53 kl 0.170 lr 3e-04 (297s)
[23:38:50]   Epoch 029 1200/1453 train_mae 3.54 kl 0.171 lr 3e-04 (326s)
[23:39:16]   Epoch 029 1300/1453 train_mae 3.54 kl 0.170 lr 3e-04 (352s)
[23:39:44]   Epoch 029 1400/1453 train_mae 3.55 kl 0.171 lr 3e-04 (380s)
[23:39:55]   Epoch 029 1453/1453 train_mae 3.55 kl 0.170 lr 3e-04 (391s)
[23:40:19] [Epoch 029 완료] train MAE 3.55 | val MAE 7.98 | val RMSE 10.61 | lr 3e-04 | 개선없음 9/15
[23:40:48]   Epoch 030 100/1453 train_mae 3.46 kl 0.165 lr 3e-04 (28s)
[23:41:13]   Epoch 030 200/1453 train_mae 3.48 kl 0.173 lr 3e-04 (53s)
[23:41:41]   Epoch 030 300/1453 train_mae 3.36 kl 0.166 lr 3e-04 (81s)
[23:42:07]   Epoch 030 400/1453 train_mae 3.36 kl 0.164 lr 3e-04 (107s)
[23:42:35]   Epoch 030 500/1453 train_mae 3.40 kl 0.163 lr 3e-04 (136s)
[23:43:04]   Epoch 030 600/1453 train_mae 3.39 kl 0.162 lr 3e-04 (164s)
[23:43:29]   Epoch 030 700/1453 train_mae 3.38 kl 0.161 lr 3e-04 (189s)
[23:44:03]   Epoch 030 800/1453 train_mae 3.40 kl 0.160 lr 3e-04 (223s)
[23:44:36]   Epoch 030 900/1453 train_mae 3.40 kl 0.160 lr 3e-04 (256s)
[23:45:06]   Epoch 030 1000/1453 train_mae 3.41 kl 0.161 lr 3e-04 (286s)
[23:45:33]   Epoch 030 1100/1453 train_mae 3.42 kl 0.161 lr 3e-04 (314s)
[23:45:59]   Epoch 030 1200/1453 train_mae 3.42 kl 0.161 lr 3e-04 (339s)
[23:46:24]   Epoch 030 1300/1453 train_mae 3.41 kl 0.160 lr 3e-04 (365s)
[23:46:52]   Epoch 030 1400/1453 train_mae 3.41 kl 0.159 lr 3e-04 (392s)
[23:47:05]   Epoch 030 1453/1453 train_mae 3.42 kl 0.160 lr 3e-04 (405s)
[23:47:29] [Epoch 030 완료] train MAE 3.42 | val MAE 7.79 | val RMSE 10.53 | lr 3e-04 | 개선없음 10/15
[23:47:55]   Epoch 031 100/1453 train_mae 3.27 kl 0.142 lr 3e-04 (25s)
[23:48:19]   Epoch 031 200/1453 train_mae 3.28 kl 0.144 lr 3e-04 (49s)
[23:48:47]   Epoch 031 300/1453 train_mae 3.35 kl 0.149 lr 3e-04 (77s)
[23:49:12]   Epoch 031 400/1453 train_mae 3.32 kl 0.153 lr 3e-04 (102s)
[23:49:40]   Epoch 031 500/1453 train_mae 3.33 kl 0.152 lr 3e-04 (130s)
[23:50:06]   Epoch 031 600/1453 train_mae 3.34 kl 0.154 lr 3e-04 (156s)
[23:50:34]   Epoch 031 700/1453 train_mae 3.35 kl 0.156 lr 3e-04 (184s)
[23:50:59]   Epoch 031 800/1453 train_mae 3.37 kl 0.157 lr 3e-04 (209s)
[23:51:26]   Epoch 031 900/1453 train_mae 3.36 kl 0.156 lr 3e-04 (236s)
[23:51:51]   Epoch 031 1000/1453 train_mae 3.36 kl 0.155 lr 3e-04 (261s)
[23:52:19]   Epoch 031 1100/1453 train_mae 3.37 kl 0.156 lr 3e-04 (289s)
[23:52:43]   Epoch 031 1200/1453 train_mae 3.41 kl 0.156 lr 3e-04 (313s)
[23:53:12]   Epoch 031 1300/1453 train_mae 3.42 kl 0.156 lr 3e-04 (342s)
[23:53:38]   Epoch 031 1400/1453 train_mae 3.42 kl 0.157 lr 3e-04 (368s)
[23:53:51]   Epoch 031 1453/1453 train_mae 3.43 kl 0.157 lr 3e-04 (381s)
[23:54:15] [Epoch 031 완료] train MAE 3.43 | val MAE 7.53 | val RMSE 10.10 | lr 3e-04 | 개선없음 11/15
[23:54:38]   Epoch 032 100/1453 train_mae 3.11 kl 0.149 lr 3e-04 (22s)
[23:55:05]   Epoch 032 200/1453 train_mae 3.27 kl 0.149 lr 3e-04 (50s)
[23:55:30]   Epoch 032 300/1453 train_mae 3.23 kl 0.145 lr 3e-04 (74s)
[23:55:57]   Epoch 032 400/1453 train_mae 3.30 kl 0.148 lr 3e-04 (101s)
[23:56:22]   Epoch 032 500/1453 train_mae 3.31 kl 0.148 lr 3e-04 (126s)
[23:56:47]   Epoch 032 600/1453 train_mae 3.30 kl 0.148 lr 3e-04 (151s)
[23:57:13]   Epoch 032 700/1453 train_mae 3.30 kl 0.149 lr 3e-04 (178s)
[23:57:38]   Epoch 032 800/1453 train_mae 3.31 kl 0.150 lr 3e-04 (203s)
[23:58:06]   Epoch 032 900/1453 train_mae 3.32 kl 0.150 lr 3e-04 (231s)
[23:58:31]   Epoch 032 1000/1453 train_mae 3.33 kl 0.151 lr 3e-04 (256s)
[23:58:58]   Epoch 032 1100/1453 train_mae 3.32 kl 0.151 lr 3e-04 (282s)
[23:59:23]   Epoch 032 1200/1453 train_mae 3.32 kl 0.151 lr 3e-04 (308s)
[23:59:49]   Epoch 032 1300/1453 train_mae 3.34 kl 0.151 lr 3e-04 (333s)
[00:00:14]   Epoch 032 1400/1453 train_mae 3.34 kl 0.151 lr 3e-04 (359s)
[00:00:30]   Epoch 032 1453/1453 train_mae 3.34 kl 0.151 lr 3e-04 (374s)
[00:00:55] [Epoch 032 완료] train MAE 3.34 | val MAE 7.91 | val RMSE 10.56 | lr 3e-04 | 개선없음 12/15
[00:01:22]   Epoch 033 100/1453 train_mae 3.21 kl 0.141 lr 3e-04 (26s)
[00:01:50]   Epoch 033 200/1453 train_mae 3.27 kl 0.145 lr 3e-04 (55s)
[00:02:16]   Epoch 033 300/1453 train_mae 3.20 kl 0.146 lr 3e-04 (80s)
[00:02:44]   Epoch 033 400/1453 train_mae 3.21 kl 0.147 lr 3e-04 (109s)
[00:03:12]   Epoch 033 500/1453 train_mae 3.22 kl 0.149 lr 3e-04 (136s)
[00:03:39]   Epoch 033 600/1453 train_mae 3.22 kl 0.151 lr 3e-04 (163s)
[00:04:07]   Epoch 033 700/1453 train_mae 3.20 kl 0.150 lr 3e-04 (191s)
[00:04:32]   Epoch 033 800/1453 train_mae 3.22 kl 0.149 lr 3e-04 (216s)
[00:05:00]   Epoch 033 900/1453 train_mae 3.21 kl 0.149 lr 3e-04 (245s)
[00:05:27]   Epoch 033 1000/1453 train_mae 3.21 kl 0.148 lr 3e-04 (271s)
[00:05:53]   Epoch 033 1100/1453 train_mae 3.22 kl 0.149 lr 3e-04 (298s)
[00:06:19]   Epoch 033 1200/1453 train_mae 3.23 kl 0.149 lr 3e-04 (323s)
[00:06:46]   Epoch 033 1300/1453 train_mae 3.23 kl 0.149 lr 3e-04 (350s)
[00:07:13]   Epoch 033 1400/1453 train_mae 3.25 kl 0.149 lr 3e-04 (378s)
[00:07:27]   Epoch 033 1453/1453 train_mae 3.26 kl 0.149 lr 3e-04 (391s)
[00:07:50] [Epoch 033 완료] train MAE 3.26 | val MAE 8.09 | val RMSE 10.80 | lr 3e-04 | 개선없음 13/15
[00:08:18]   Epoch 034 100/1453 train_mae 3.26 kl 0.143 lr 3e-04 (27s)
[00:08:44]   Epoch 034 200/1453 train_mae 3.20 kl 0.145 lr 3e-04 (53s)
[00:09:12]   Epoch 034 300/1453 train_mae 3.15 kl 0.142 lr 3e-04 (81s)
[00:09:39]   Epoch 034 400/1453 train_mae 3.13 kl 0.142 lr 3e-04 (108s)
[00:10:06]   Epoch 034 500/1453 train_mae 3.15 kl 0.142 lr 3e-04 (135s)
[00:10:34]   Epoch 034 600/1453 train_mae 3.16 kl 0.142 lr 3e-04 (163s)
[00:11:01]   Epoch 034 700/1453 train_mae 3.15 kl 0.141 lr 3e-04 (190s)
[00:11:28]   Epoch 034 800/1453 train_mae 3.17 kl 0.140 lr 3e-04 (217s)
[00:11:54]   Epoch 034 900/1453 train_mae 3.16 kl 0.141 lr 3e-04 (243s)
[00:12:22]   Epoch 034 1000/1453 train_mae 3.17 kl 0.142 lr 3e-04 (271s)
[00:12:47]   Epoch 034 1100/1453 train_mae 3.17 kl 0.142 lr 3e-04 (296s)
[00:13:15]   Epoch 034 1200/1453 train_mae 3.18 kl 0.143 lr 3e-04 (324s)
[00:13:43]   Epoch 034 1300/1453 train_mae 3.18 kl 0.143 lr 3e-04 (352s)
[00:14:11]   Epoch 034 1400/1453 train_mae 3.18 kl 0.143 lr 3e-04 (380s)
[00:14:25]   Epoch 034 1453/1453 train_mae 3.19 kl 0.144 lr 3e-04 (394s)
[00:14:50] [Epoch 034 완료] train MAE 3.19 | val MAE 7.69 | val RMSE 10.34 | lr 3e-04 | 개선없음 14/15
[00:15:17]   Epoch 035 100/1453 train_mae 3.08 kl 0.144 lr 3e-04 (27s)
[00:15:44]   Epoch 035 200/1453 train_mae 3.11 kl 0.147 lr 3e-04 (53s)
[00:16:12]   Epoch 035 300/1453 train_mae 3.14 kl 0.146 lr 3e-04 (81s)
[00:16:40]   Epoch 035 400/1453 train_mae 3.12 kl 0.143 lr 3e-04 (109s)
[00:17:06]   Epoch 035 500/1453 train_mae 3.17 kl 0.144 lr 3e-04 (135s)
[00:17:35]   Epoch 035 600/1453 train_mae 3.17 kl 0.143 lr 3e-04 (164s)
[00:17:59]   Epoch 035 700/1453 train_mae 3.14 kl 0.142 lr 3e-04 (189s)
[00:18:27]   Epoch 035 800/1453 train_mae 3.14 kl 0.142 lr 3e-04 (216s)
[00:18:54]   Epoch 035 900/1453 train_mae 3.11 kl 0.140 lr 3e-04 (243s)
[00:19:19]   Epoch 035 1000/1453 train_mae 3.10 kl 0.140 lr 3e-04 (269s)
[00:19:47]   Epoch 035 1100/1453 train_mae 3.10 kl 0.140 lr 3e-04 (296s)
[00:20:12]   Epoch 035 1200/1453 train_mae 3.12 kl 0.141 lr 3e-04 (322s)
[00:20:41]   Epoch 035 1300/1453 train_mae 3.14 kl 0.140 lr 3e-04 (350s)
[00:21:06]   Epoch 035 1400/1453 train_mae 3.16 kl 0.140 lr 3e-04 (375s)
[00:21:22]   Epoch 035 1453/1453 train_mae 3.17 kl 0.140 lr 3e-04 (391s)
[00:21:46] [Epoch 035 완료] train MAE 3.17 | val MAE 7.60 | val RMSE 10.17 | lr 3e-04 | 개선없음 15/15
[00:22:12]   Epoch 036 100/1453 train_mae 3.00 kl 0.135 lr 3e-04 (26s)
[00:22:40]   Epoch 036 200/1453 train_mae 3.01 kl 0.135 lr 3e-04 (54s)
[00:23:06]   Epoch 036 300/1453 train_mae 3.04 kl 0.136 lr 3e-04 (79s)
[00:23:34]   Epoch 036 400/1453 train_mae 3.07 kl 0.137 lr 3e-04 (107s)
[00:23:59]   Epoch 036 500/1453 train_mae 3.03 kl 0.136 lr 3e-04 (133s)
[00:24:26]   Epoch 036 600/1453 train_mae 3.04 kl 0.136 lr 3e-04 (159s)
[00:24:54]   Epoch 036 700/1453 train_mae 3.05 kl 0.135 lr 3e-04 (187s)
[00:25:20]   Epoch 036 800/1453 train_mae 3.07 kl 0.136 lr 3e-04 (213s)
[00:25:47]   Epoch 036 900/1453 train_mae 3.05 kl 0.135 lr 3e-04 (240s)
[00:26:14]   Epoch 036 1000/1453 train_mae 3.06 kl 0.136 lr 3e-04 (267s)
[00:26:40]   Epoch 036 1100/1453 train_mae 3.05 kl 0.136 lr 3e-04 (294s)
[00:27:08]   Epoch 036 1200/1453 train_mae 3.04 kl 0.136 lr 3e-04 (321s)
[00:27:34]   Epoch 036 1300/1453 train_mae 3.04 kl 0.135 lr 3e-04 (347s)
[00:28:02]   Epoch 036 1400/1453 train_mae 3.05 kl 0.136 lr 3e-04 (375s)
[00:28:15]   Epoch 036 1453/1453 train_mae 3.06 kl 0.136 lr 3e-04 (388s)
[00:28:39] [Epoch 036 완료] train MAE 3.06 | val MAE 7.68 | val RMSE 10.25 | lr 3e-04 | 개선없음 16/15
[00:29:05]   Epoch 037 100/1453 train_mae 2.90 kl 0.135 lr 3e-04 (25s)
[00:29:33]   Epoch 037 200/1453 train_mae 2.88 kl 0.132 lr 3e-04 (53s)
[00:29:59]   Epoch 037 300/1453 train_mae 2.90 kl 0.133 lr 3e-04 (79s)
[00:30:25]   Epoch 037 400/1453 train_mae 2.94 kl 0.134 lr 3e-04 (105s)
[00:30:53]   Epoch 037 500/1453 train_mae 2.96 kl 0.134 lr 3e-04 (133s)
[00:31:19]   Epoch 037 600/1453 train_mae 2.93 kl 0.132 lr 3e-04 (159s)
[00:31:46]   Epoch 037 700/1453 train_mae 2.95 kl 0.134 lr 3e-04 (186s)
[00:32:12]   Epoch 037 800/1453 train_mae 2.96 kl 0.134 lr 3e-04 (211s)
[00:32:40]   Epoch 037 900/1453 train_mae 2.98 kl 0.135 lr 3e-04 (240s)
[00:33:05]   Epoch 037 1000/1453 train_mae 2.98 kl 0.136 lr 3e-04 (265s)
[00:33:32]   Epoch 037 1100/1453 train_mae 2.99 kl 0.135 lr 3e-04 (292s)
[00:33:59]   Epoch 037 1200/1453 train_mae 3.01 kl 0.136 lr 3e-04 (318s)
[00:34:25]   Epoch 037 1300/1453 train_mae 3.02 kl 0.136 lr 3e-04 (345s)
[00:34:52]   Epoch 037 1400/1453 train_mae 3.00 kl 0.136 lr 3e-04 (372s)
[00:35:06]   Epoch 037 1453/1453 train_mae 3.01 kl 0.136 lr 3e-04 (386s)
[00:35:31] [Epoch 037 완료] train MAE 3.01 | val MAE 7.49 | val RMSE 10.08 | lr 3e-04 | * best 저장 (val MAE 7.49)
[00:35:56]   Epoch 038 100/1453 train_mae 3.01 kl 0.140 lr 3e-04 (25s)
[00:36:22]   Epoch 038 200/1453 train_mae 2.97 kl 0.141 lr 3e-04 (51s)
[00:36:47]   Epoch 038 300/1453 train_mae 2.99 kl 0.138 lr 3e-04 (76s)
[00:37:15]   Epoch 038 400/1453 train_mae 2.97 kl 0.138 lr 3e-04 (104s)
[00:37:43]   Epoch 038 500/1453 train_mae 2.94 kl 0.137 lr 3e-04 (131s)
[00:38:08]   Epoch 038 600/1453 train_mae 2.93 kl 0.136 lr 3e-04 (157s)
[00:38:35]   Epoch 038 700/1453 train_mae 2.90 kl 0.133 lr 3e-04 (184s)
[00:39:01]   Epoch 038 800/1453 train_mae 2.92 kl 0.135 lr 3e-04 (210s)
[00:39:30]   Epoch 038 900/1453 train_mae 2.91 kl 0.135 lr 3e-04 (239s)
[00:39:57]   Epoch 038 1000/1453 train_mae 2.93 kl 0.137 lr 3e-04 (266s)
[00:40:24]   Epoch 038 1100/1453 train_mae 2.95 kl 0.137 lr 3e-04 (293s)
[00:40:52]   Epoch 038 1200/1453 train_mae 2.96 kl 0.137 lr 3e-04 (321s)
[00:41:18]   Epoch 038 1300/1453 train_mae 2.96 kl 0.136 lr 3e-04 (346s)
[00:41:44]   Epoch 038 1400/1453 train_mae 2.96 kl 0.136 lr 3e-04 (373s)
[00:41:58]   Epoch 038 1453/1453 train_mae 2.96 kl 0.136 lr 3e-04 (387s)
[00:42:22] [Epoch 038 완료] train MAE 2.96 | val MAE 7.90 | val RMSE 10.42 | lr 3e-04 | 개선없음 1/15
[00:42:47]   Epoch 039 100/1453 train_mae 2.95 kl 0.135 lr 3e-04 (24s)
[00:43:15]   Epoch 039 200/1453 train_mae 2.98 kl 0.130 lr 3e-04 (52s)
[00:43:43]   Epoch 039 300/1453 train_mae 2.98 kl 0.132 lr 3e-04 (79s)
[00:44:08]   Epoch 039 400/1453 train_mae 2.97 kl 0.131 lr 3e-04 (105s)
[00:44:37]   Epoch 039 500/1453 train_mae 2.98 kl 0.132 lr 3e-04 (133s)
[00:45:03]   Epoch 039 600/1453 train_mae 2.94 kl 0.131 lr 3e-04 (160s)
[00:45:30]   Epoch 039 700/1453 train_mae 2.94 kl 0.130 lr 3e-04 (187s)
[00:45:58]   Epoch 039 800/1453 train_mae 2.93 kl 0.130 lr 3e-04 (215s)
[00:46:24]   Epoch 039 900/1453 train_mae 2.95 kl 0.130 lr 3e-04 (241s)
[00:47:09]   Epoch 039 1000/1453 train_mae 2.93 kl 0.131 lr 3e-04 (286s)
[00:47:35]   Epoch 039 1100/1453 train_mae 2.94 kl 0.130 lr 3e-04 (312s)
[00:48:01]   Epoch 039 1200/1453 train_mae 2.92 kl 0.130 lr 3e-04 (338s)
[00:48:26]   Epoch 039 1300/1453 train_mae 2.93 kl 0.131 lr 3e-04 (363s)
[00:48:56]   Epoch 039 1400/1453 train_mae 2.94 kl 0.131 lr 3e-04 (392s)
[00:49:09]   Epoch 039 1453/1453 train_mae 2.94 kl 0.131 lr 3e-04 (406s)
[00:49:37] [Epoch 039 완료] train MAE 2.94 | val MAE 7.73 | val RMSE 10.32 | lr 3e-04 | 개선없음 2/15
[00:50:10]   Epoch 040 100/1453 train_mae 2.87 kl 0.141 lr 3e-04 (32s)
[00:50:35]   Epoch 040 200/1453 train_mae 2.90 kl 0.137 lr 3e-04 (58s)
[00:51:02]   Epoch 040 300/1453 train_mae 2.97 kl 0.139 lr 3e-04 (85s)
[00:51:31]   Epoch 040 400/1453 train_mae 2.95 kl 0.137 lr 3e-04 (114s)
[00:51:59]   Epoch 040 500/1453 train_mae 2.97 kl 0.135 lr 3e-04 (142s)
[00:52:28]   Epoch 040 600/1453 train_mae 2.92 kl 0.134 lr 3e-04 (170s)
[00:52:53]   Epoch 040 700/1453 train_mae 2.91 kl 0.133 lr 3e-04 (195s)
[00:53:22]   Epoch 040 800/1453 train_mae 2.90 kl 0.134 lr 3e-04 (224s)
[00:53:50]   Epoch 040 900/1453 train_mae 2.91 kl 0.132 lr 3e-04 (253s)
[00:54:22]   Epoch 040 1000/1453 train_mae 2.91 kl 0.131 lr 3e-04 (285s)
[00:54:53]   Epoch 040 1100/1453 train_mae 2.92 kl 0.131 lr 3e-04 (315s)
[00:55:25]   Epoch 040 1200/1453 train_mae 2.92 kl 0.130 lr 3e-04 (347s)
[00:55:57]   Epoch 040 1300/1453 train_mae 2.91 kl 0.129 lr 3e-04 (379s)
[00:56:29]   Epoch 040 1400/1453 train_mae 2.91 kl 0.129 lr 3e-04 (411s)
[00:56:46]   Epoch 040 1453/1453 train_mae 2.91 kl 0.129 lr 3e-04 (428s)
[00:57:15] [Epoch 040 완료] train MAE 2.91 | val MAE 7.59 | val RMSE 10.19 | lr 3e-04 | 개선없음 3/15
[00:57:45]   Epoch 041 100/1453 train_mae 2.68 kl 0.117 lr 3e-04 (29s)
[00:58:16]   Epoch 041 200/1453 train_mae 2.82 kl 0.121 lr 3e-04 (60s)
[00:58:49]   Epoch 041 300/1453 train_mae 2.77 kl 0.123 lr 3e-04 (93s)
[00:59:20]   Epoch 041 400/1453 train_mae 2.79 kl 0.122 lr 3e-04 (124s)
[00:59:53]   Epoch 041 500/1453 train_mae 2.79 kl 0.124 lr 3e-04 (157s)
[01:00:24]   Epoch 041 600/1453 train_mae 2.77 kl 0.125 lr 3e-04 (188s)
[01:00:55]   Epoch 041 700/1453 train_mae 2.78 kl 0.126 lr 3e-04 (219s)
[01:01:23]   Epoch 041 800/1453 train_mae 2.79 kl 0.125 lr 3e-04 (247s)
[01:01:54]   Epoch 041 900/1453 train_mae 2.81 kl 0.125 lr 3e-04 (279s)
[01:02:28]   Epoch 041 1000/1453 train_mae 2.82 kl 0.125 lr 3e-04 (312s)
[01:02:58]   Epoch 041 1100/1453 train_mae 2.82 kl 0.125 lr 3e-04 (342s)
[01:03:30]   Epoch 041 1200/1453 train_mae 2.82 kl 0.125 lr 3e-04 (374s)
[01:04:01]   Epoch 041 1300/1453 train_mae 2.82 kl 0.125 lr 3e-04 (405s)
[01:04:30]   Epoch 041 1400/1453 train_mae 2.82 kl 0.126 lr 3e-04 (434s)
[01:04:47]   Epoch 041 1453/1453 train_mae 2.83 kl 0.126 lr 3e-04 (451s)
[01:05:14] [Epoch 041 완료] train MAE 2.83 | val MAE 7.75 | val RMSE 10.50 | lr 3e-04 | 개선없음 4/15
[01:05:45]   Epoch 042 100/1453 train_mae 2.74 kl 0.119 lr 3e-04 (31s)
[01:06:14]   Epoch 042 200/1453 train_mae 2.77 kl 0.124 lr 3e-04 (59s)
[01:06:43]   Epoch 042 300/1453 train_mae 2.84 kl 0.124 lr 3e-04 (88s)
[01:07:18]   Epoch 042 400/1453 train_mae 2.81 kl 0.122 lr 3e-04 (123s)
[01:07:46]   Epoch 042 500/1453 train_mae 2.81 kl 0.123 lr 3e-04 (152s)
[01:08:15]   Epoch 042 600/1453 train_mae 2.81 kl 0.124 lr 3e-04 (180s)
[01:08:48]   Epoch 042 700/1453 train_mae 2.82 kl 0.125 lr 3e-04 (214s)
[01:09:17]   Epoch 042 800/1453 train_mae 2.81 kl 0.125 lr 3e-04 (242s)
[01:09:47]   Epoch 042 900/1453 train_mae 2.82 kl 0.126 lr 3e-04 (272s)
[01:10:15]   Epoch 042 1000/1453 train_mae 2.84 kl 0.125 lr 3e-04 (300s)
[01:10:46]   Epoch 042 1100/1453 train_mae 2.84 kl 0.125 lr 3e-04 (331s)
[01:11:17]   Epoch 042 1200/1453 train_mae 2.83 kl 0.124 lr 3e-04 (362s)
[01:11:46]   Epoch 042 1300/1453 train_mae 2.84 kl 0.125 lr 3e-04 (391s)
[01:12:15]   Epoch 042 1400/1453 train_mae 2.83 kl 0.125 lr 3e-04 (420s)
[01:12:28]   Epoch 042 1453/1453 train_mae 2.83 kl 0.124 lr 3e-04 (434s)
[01:12:52] [Epoch 042 완료] train MAE 2.83 | val MAE 7.86 | val RMSE 10.47 | lr 3e-04 | 개선없음 5/15
[01:13:17]   Epoch 043 100/1453 train_mae 2.78 kl 0.120 lr 3e-04 (24s)
[01:13:42]   Epoch 043 200/1453 train_mae 2.74 kl 0.119 lr 3e-04 (49s)
[01:14:08]   Epoch 043 300/1453 train_mae 2.77 kl 0.125 lr 3e-04 (76s)
[01:14:35]   Epoch 043 400/1453 train_mae 2.75 kl 0.127 lr 3e-04 (102s)
[01:15:01]   Epoch 043 500/1453 train_mae 2.71 kl 0.124 lr 3e-04 (129s)
[01:15:28]   Epoch 043 600/1453 train_mae 2.69 kl 0.123 lr 3e-04 (156s)
[01:15:55]   Epoch 043 700/1453 train_mae 2.71 kl 0.123 lr 3e-04 (182s)
[01:16:22]   Epoch 043 800/1453 train_mae 2.71 kl 0.122 lr 3e-04 (210s)
[01:16:53]   Epoch 043 900/1453 train_mae 2.72 kl 0.123 lr 3e-04 (241s)
[01:17:23]   Epoch 043 1000/1453 train_mae 2.71 kl 0.122 lr 3e-04 (270s)
[01:17:50]   Epoch 043 1100/1453 train_mae 2.71 kl 0.122 lr 3e-04 (298s)
[01:18:17]   Epoch 043 1200/1453 train_mae 2.74 kl 0.123 lr 3e-04 (324s)
[01:18:42]   Epoch 043 1300/1453 train_mae 2.74 kl 0.123 lr 3e-04 (350s)
[01:19:11]   Epoch 043 1400/1453 train_mae 2.75 kl 0.124 lr 3e-04 (378s)
[01:19:26]   Epoch 043 1453/1453 train_mae 2.75 kl 0.125 lr 3e-04 (393s)
[01:19:48] [Epoch 043 완료] train MAE 2.75 | val MAE 7.77 | val RMSE 10.56 | lr 3e-04 | 개선없음 6/15
[01:20:12]   Epoch 044 100/1453 train_mae 2.64 kl 0.124 lr 3e-04 (23s)
[01:20:36]   Epoch 044 200/1453 train_mae 2.72 kl 0.128 lr 3e-04 (48s)
[01:21:02]   Epoch 044 300/1453 train_mae 2.69 kl 0.125 lr 3e-04 (73s)
[01:21:31]   Epoch 044 400/1453 train_mae 2.69 kl 0.124 lr 3e-04 (103s)
[01:21:59]   Epoch 044 500/1453 train_mae 2.68 kl 0.123 lr 3e-04 (130s)
[01:22:26]   Epoch 044 600/1453 train_mae 2.70 kl 0.123 lr 3e-04 (158s)
[01:22:53]   Epoch 044 700/1453 train_mae 2.71 kl 0.122 lr 3e-04 (185s)
[01:23:18]   Epoch 044 800/1453 train_mae 2.71 kl 0.123 lr 3e-04 (210s)
[01:23:45]   Epoch 044 900/1453 train_mae 2.71 kl 0.124 lr 3e-04 (237s)
[01:24:14]   Epoch 044 1000/1453 train_mae 2.72 kl 0.125 lr 3e-04 (265s)
[01:24:43]   Epoch 044 1100/1453 train_mae 2.72 kl 0.125 lr 3e-04 (295s)
[01:25:12]   Epoch 044 1200/1453 train_mae 2.72 kl 0.125 lr 3e-04 (324s)
[01:25:39]   Epoch 044 1300/1453 train_mae 2.72 kl 0.124 lr 3e-04 (351s)
[01:26:08]   Epoch 044 1400/1453 train_mae 2.73 kl 0.125 lr 3e-04 (380s)
[01:26:23]   Epoch 044 1453/1453 train_mae 2.72 kl 0.124 lr 3e-04 (395s)
[01:26:49] [Epoch 044 완료] train MAE 2.72 | val MAE 7.59 | val RMSE 10.37 | lr 3e-04 | 개선없음 7/15
[01:27:15]   Epoch 045 100/1453 train_mae 2.46 kl 0.116 lr 3e-04 (25s)
[01:27:45]   Epoch 045 200/1453 train_mae 2.51 kl 0.120 lr 3e-04 (55s)
[01:28:13]   Epoch 045 300/1453 train_mae 2.52 kl 0.120 lr 3e-04 (84s)
[01:28:37]   Epoch 045 400/1453 train_mae 2.57 kl 0.123 lr 3e-04 (108s)
[01:29:04]   Epoch 045 500/1453 train_mae 2.58 kl 0.122 lr 3e-04 (135s)
[01:29:30]   Epoch 045 600/1453 train_mae 2.58 kl 0.120 lr 3e-04 (161s)
[01:29:54]   Epoch 045 700/1453 train_mae 2.61 kl 0.121 lr 3e-04 (184s)
[01:30:17]   Epoch 045 800/1453 train_mae 2.63 kl 0.120 lr 3e-04 (207s)
[01:30:40]   Epoch 045 900/1453 train_mae 2.64 kl 0.120 lr 3e-04 (231s)
[01:31:03]   Epoch 045 1000/1453 train_mae 2.67 kl 0.121 lr 3e-04 (254s)
[01:31:26]   Epoch 045 1100/1453 train_mae 2.68 kl 0.120 lr 3e-04 (277s)
[01:31:49]   Epoch 045 1200/1453 train_mae 2.66 kl 0.121 lr 3e-04 (300s)
[01:32:14]   Epoch 045 1300/1453 train_mae 2.67 kl 0.121 lr 3e-04 (325s)
[01:32:37]   Epoch 045 1400/1453 train_mae 2.67 kl 0.121 lr 3e-04 (348s)
[01:32:51]   Epoch 045 1453/1453 train_mae 2.67 kl 0.121 lr 3e-04 (361s)
[01:33:17] [Epoch 045 완료] train MAE 2.67 | val MAE 7.80 | val RMSE 10.43 | lr 3e-04 | 개선없음 8/15
[01:33:43]   Epoch 046 100/1453 train_mae 2.60 kl 0.123 lr 3e-04 (26s)
[01:34:10]   Epoch 046 200/1453 train_mae 2.64 kl 0.121 lr 3e-04 (52s)
[01:34:37]   Epoch 046 300/1453 train_mae 2.65 kl 0.121 lr 3e-04 (79s)
[01:35:04]   Epoch 046 400/1453 train_mae 2.65 kl 0.120 lr 3e-04 (106s)
[01:35:30]   Epoch 046 500/1453 train_mae 2.64 kl 0.118 lr 3e-04 (132s)
[01:35:57]   Epoch 046 600/1453 train_mae 2.64 kl 0.118 lr 3e-04 (159s)
[01:36:23]   Epoch 046 700/1453 train_mae 2.63 kl 0.118 lr 3e-04 (185s)
[01:36:48]   Epoch 046 800/1453 train_mae 2.63 kl 0.119 lr 3e-04 (210s)
[01:37:14]   Epoch 046 900/1453 train_mae 2.62 kl 0.117 lr 3e-04 (236s)
[01:37:40]   Epoch 046 1000/1453 train_mae 2.63 kl 0.117 lr 3e-04 (262s)
[01:38:06]   Epoch 046 1100/1453 train_mae 2.63 kl 0.116 lr 3e-04 (288s)
[01:38:33]   Epoch 046 1200/1453 train_mae 2.63 kl 0.117 lr 3e-04 (315s)
[01:38:59]   Epoch 046 1300/1453 train_mae 2.64 kl 0.117 lr 3e-04 (341s)
[01:39:25]   Epoch 046 1400/1453 train_mae 2.63 kl 0.117 lr 3e-04 (367s)
[01:39:38]   Epoch 046 1453/1453 train_mae 2.64 kl 0.117 lr 3e-04 (380s)
[01:40:03] [Epoch 046 완료] train MAE 2.64 | val MAE 7.68 | val RMSE 10.40 | lr 3e-04 | 개선없음 9/15
[01:40:27]   Epoch 047 100/1453 train_mae 2.62 kl 0.120 lr 3e-04 (24s)
[01:40:53]   Epoch 047 200/1453 train_mae 2.63 kl 0.117 lr 3e-04 (50s)
[01:41:18]   Epoch 047 300/1453 train_mae 2.60 kl 0.115 lr 3e-04 (75s)
[01:41:43]   Epoch 047 400/1453 train_mae 2.63 kl 0.116 lr 3e-04 (100s)
[01:42:34]   Epoch 047 500/1453 train_mae 2.59 kl 0.116 lr 3e-04 (151s)
[01:43:33]   Epoch 047 600/1453 train_mae 2.60 kl 0.117 lr 3e-04 (209s)
[01:44:34]   Epoch 047 700/1453 train_mae 2.60 kl 0.118 lr 3e-04 (270s)
[01:45:36]   Epoch 047 800/1453 train_mae 2.60 kl 0.118 lr 3e-04 (333s)
[01:46:35]   Epoch 047 900/1453 train_mae 2.60 kl 0.117 lr 3e-04 (391s)
[01:47:25]   Epoch 047 1000/1453 train_mae 2.61 kl 0.117 lr 3e-04 (441s)
[01:47:53]   Epoch 047 1100/1453 train_mae 2.61 kl 0.117 lr 3e-04 (470s)
[01:48:20]   Epoch 047 1200/1453 train_mae 2.61 kl 0.117 lr 3e-04 (497s)
[01:48:49]   Epoch 047 1300/1453 train_mae 2.61 kl 0.117 lr 3e-04 (525s)
[01:49:21]   Epoch 047 1400/1453 train_mae 2.62 kl 0.118 lr 3e-04 (557s)
[01:49:36]   Epoch 047 1453/1453 train_mae 2.62 kl 0.118 lr 3e-04 (573s)
[01:50:04] [Epoch 047 완료] train MAE 2.62 | val MAE 7.88 | val RMSE 10.54 | lr 3e-04 | 개선없음 10/15
[01:50:32]   Epoch 048 100/1453 train_mae 2.51 kl 0.120 lr 3e-04 (28s)
[01:51:06]   Epoch 048 200/1453 train_mae 2.53 kl 0.122 lr 3e-04 (61s)
[01:51:48]   Epoch 048 300/1453 train_mae 2.55 kl 0.120 lr 3e-04 (103s)
[01:52:27]   Epoch 048 400/1453 train_mae 2.57 kl 0.119 lr 3e-04 (143s)
[01:53:08]   Epoch 048 500/1453 train_mae 2.56 kl 0.117 lr 3e-04 (184s)
[01:53:48]   Epoch 048 600/1453 train_mae 2.56 kl 0.115 lr 3e-04 (224s)
[01:54:29]   Epoch 048 700/1453 train_mae 2.57 kl 0.114 lr 3e-04 (265s)
[01:55:10]   Epoch 048 800/1453 train_mae 2.56 kl 0.113 lr 3e-04 (306s)
[01:55:50]   Epoch 048 900/1453 train_mae 2.56 kl 0.113 lr 3e-04 (346s)
[01:56:30]   Epoch 048 1000/1453 train_mae 2.55 kl 0.113 lr 3e-04 (386s)
[01:56:59]   Epoch 048 1100/1453 train_mae 2.56 kl 0.113 lr 3e-04 (414s)
[01:57:35]   Epoch 048 1200/1453 train_mae 2.55 kl 0.114 lr 3e-04 (451s)
[01:58:14]   Epoch 048 1300/1453 train_mae 2.56 kl 0.115 lr 3e-04 (490s)
[01:58:54]   Epoch 048 1400/1453 train_mae 2.57 kl 0.115 lr 3e-04 (529s)
[01:59:15]   Epoch 048 1453/1453 train_mae 2.58 kl 0.115 lr 3e-04 (551s)
[01:59:53] [Epoch 048 완료] train MAE 2.58 | val MAE 7.58 | val RMSE 10.33 | lr 3e-04 | 개선없음 11/15
[02:00:34]   Epoch 049 100/1453 train_mae 2.57 kl 0.117 lr 3e-04 (40s)
[02:01:13]   Epoch 049 200/1453 train_mae 2.60 kl 0.120 lr 3e-04 (79s)
[02:01:54]   Epoch 049 300/1453 train_mae 2.60 kl 0.122 lr 3e-04 (120s)
[02:02:32]   Epoch 049 400/1453 train_mae 2.59 kl 0.122 lr 3e-04 (158s)
[02:03:13]   Epoch 049 500/1453 train_mae 2.57 kl 0.124 lr 3e-04 (199s)
[02:03:54]   Epoch 049 600/1453 train_mae 2.57 kl 0.123 lr 3e-04 (240s)
[02:04:34]   Epoch 049 700/1453 train_mae 2.57 kl 0.123 lr 3e-04 (280s)
[02:05:19]   Epoch 049 800/1453 train_mae 2.56 kl 0.122 lr 3e-04 (325s)
[02:06:07]   Epoch 049 900/1453 train_mae 2.56 kl 0.122 lr 3e-04 (373s)
[02:06:47]   Epoch 049 1000/1453 train_mae 2.55 kl 0.121 lr 3e-04 (413s)
[02:07:28]   Epoch 049 1100/1453 train_mae 2.55 kl 0.120 lr 3e-04 (454s)
[02:08:07]   Epoch 049 1200/1453 train_mae 2.54 kl 0.119 lr 3e-04 (494s)
[02:08:50]   Epoch 049 1300/1453 train_mae 2.55 kl 0.119 lr 3e-04 (536s)
[02:09:30]   Epoch 049 1400/1453 train_mae 2.55 kl 0.119 lr 3e-04 (576s)
[02:09:51]   Epoch 049 1453/1453 train_mae 2.56 kl 0.118 lr 3e-04 (597s)
[02:10:27] [Epoch 049 완료] train MAE 2.56 | val MAE 7.82 | val RMSE 10.51 | lr 3e-04 | 개선없음 12/15
[02:11:14]   Epoch 050 100/1453 train_mae 2.44 kl 0.108 lr 3e-04 (46s)
[02:11:56]   Epoch 050 200/1453 train_mae 2.40 kl 0.112 lr 3e-04 (88s)
[02:12:49]   Epoch 050 300/1453 train_mae 2.46 kl 0.113 lr 3e-04 (141s)
[02:13:36]   Epoch 050 400/1453 train_mae 2.46 kl 0.111 lr 3e-04 (188s)
[02:14:23]   Epoch 050 500/1453 train_mae 2.45 kl 0.110 lr 3e-04 (234s)
[02:15:10]   Epoch 050 600/1453 train_mae 2.48 kl 0.111 lr 3e-04 (282s)
[02:16:02]   Epoch 050 700/1453 train_mae 2.47 kl 0.113 lr 3e-04 (334s)
[02:16:56]   Epoch 050 800/1453 train_mae 2.47 kl 0.113 lr 3e-04 (388s)
[02:17:47]   Epoch 050 900/1453 train_mae 2.46 kl 0.113 lr 3e-04 (439s)
[02:18:43]   Epoch 050 1000/1453 train_mae 2.46 kl 0.113 lr 3e-04 (494s)
[02:19:36]   Epoch 050 1100/1453 train_mae 2.48 kl 0.113 lr 3e-04 (548s)
[02:20:29]   Epoch 050 1200/1453 train_mae 2.48 kl 0.113 lr 3e-04 (601s)
[02:21:19]   Epoch 050 1300/1453 train_mae 2.47 kl 0.113 lr 3e-04 (650s)
[02:22:11]   Epoch 050 1400/1453 train_mae 2.48 kl 0.114 lr 3e-04 (703s)
[02:22:37]   Epoch 050 1453/1453 train_mae 2.48 kl 0.114 lr 3e-04 (729s)
[02:23:21] [Epoch 050 완료] train MAE 2.48 | val MAE 7.75 | val RMSE 10.44 | lr 3e-04 | 개선없음 13/15
[02:24:14]   Epoch 051 100/1453 train_mae 2.30 kl 0.122 lr 3e-04 (53s)
[02:25:09]   Epoch 051 200/1453 train_mae 2.41 kl 0.126 lr 3e-04 (107s)
[02:26:02]   Epoch 051 300/1453 train_mae 2.46 kl 0.122 lr 3e-04 (161s)
[02:26:54]   Epoch 051 400/1453 train_mae 2.43 kl 0.120 lr 3e-04 (212s)
[02:27:44]   Epoch 051 500/1453 train_mae 2.44 kl 0.120 lr 3e-04 (262s)
[02:28:44]   Epoch 051 600/1453 train_mae 2.42 kl 0.118 lr 3e-04 (322s)
[02:29:41]   Epoch 051 700/1453 train_mae 2.44 kl 0.118 lr 3e-04 (379s)
[02:30:32]   Epoch 051 800/1453 train_mae 2.44 kl 0.118 lr 3e-04 (430s)
[02:31:25]   Epoch 051 900/1453 train_mae 2.42 kl 0.117 lr 3e-04 (483s)
[02:32:24]   Epoch 051 1000/1453 train_mae 2.42 kl 0.117 lr 3e-04 (542s)
[02:33:21]   Epoch 051 1100/1453 train_mae 2.43 kl 0.116 lr 3e-04 (599s)
[02:34:18]   Epoch 051 1200/1453 train_mae 2.44 kl 0.116 lr 3e-04 (657s)
[02:35:17]   Epoch 051 1300/1453 train_mae 2.45 kl 0.117 lr 3e-04 (715s)
[02:36:14]   Epoch 051 1400/1453 train_mae 2.44 kl 0.117 lr 3e-04 (772s)
[02:36:43]   Epoch 051 1453/1453 train_mae 2.44 kl 0.117 lr 3e-04 (801s)
[02:37:44] [Epoch 051 완료] train MAE 2.44 | val MAE 7.75 | val RMSE 10.37 | lr 3e-04 | 개선없음 14/15
[02:38:44]   Epoch 052 100/1453 train_mae 2.37 kl 0.109 lr 3e-04 (59s)
[02:39:42]   Epoch 052 200/1453 train_mae 2.40 kl 0.114 lr 3e-04 (117s)
[02:40:39]   Epoch 052 300/1453 train_mae 2.38 kl 0.114 lr 3e-04 (174s)
[02:41:36]   Epoch 052 400/1453 train_mae 2.37 kl 0.113 lr 3e-04 (230s)
[02:42:32]   Epoch 052 500/1453 train_mae 2.38 kl 0.113 lr 3e-04 (287s)
[02:43:27]   Epoch 052 600/1453 train_mae 2.38 kl 0.111 lr 3e-04 (342s)
[02:44:25]   Epoch 052 700/1453 train_mae 2.39 kl 0.112 lr 3e-04 (400s)
[02:45:19]   Epoch 052 800/1453 train_mae 2.40 kl 0.112 lr 3e-04 (454s)
[02:46:14]   Epoch 052 900/1453 train_mae 2.41 kl 0.112 lr 3e-04 (509s)
[02:47:13]   Epoch 052 1000/1453 train_mae 2.40 kl 0.113 lr 3e-04 (568s)
[02:48:11]   Epoch 052 1100/1453 train_mae 2.40 kl 0.113 lr 3e-04 (626s)
[02:49:07]   Epoch 052 1200/1453 train_mae 2.40 kl 0.112 lr 3e-04 (682s)
[02:50:02]   Epoch 052 1300/1453 train_mae 2.39 kl 0.112 lr 3e-04 (737s)
[02:50:57]   Epoch 052 1400/1453 train_mae 2.40 kl 0.112 lr 3e-04 (792s)
[02:51:28]   Epoch 052 1453/1453 train_mae 2.40 kl 0.112 lr 3e-04 (823s)
[02:52:37] [Epoch 052 완료] train MAE 2.40 | val MAE 7.75 | val RMSE 10.37 | lr 3e-04 | 개선없음 15/15
[02:53:36]   Epoch 053 100/1453 train_mae 2.43 kl 0.107 lr 3e-04 (58s)
[02:54:32]   Epoch 053 200/1453 train_mae 2.40 kl 0.112 lr 3e-04 (115s)
[02:55:29]   Epoch 053 300/1453 train_mae 2.35 kl 0.114 lr 3e-04 (171s)
[02:56:24]   Epoch 053 400/1453 train_mae 2.35 kl 0.116 lr 3e-04 (226s)
[02:57:19]   Epoch 053 500/1453 train_mae 2.36 kl 0.115 lr 3e-04 (281s)
[02:58:16]   Epoch 053 600/1453 train_mae 2.40 kl 0.119 lr 3e-04 (339s)
[02:59:15]   Epoch 053 700/1453 train_mae 2.42 kl 0.119 lr 3e-04 (397s)
[03:00:11]   Epoch 053 800/1453 train_mae 2.41 kl 0.119 lr 3e-04 (453s)
[03:01:08]   Epoch 053 900/1453 train_mae 2.42 kl 0.119 lr 3e-04 (511s)
[03:02:05]   Epoch 053 1000/1453 train_mae 2.42 kl 0.118 lr 3e-04 (567s)
[03:03:00]   Epoch 053 1100/1453 train_mae 2.43 kl 0.117 lr 3e-04 (623s)
[03:04:04]   Epoch 053 1200/1453 train_mae 2.42 kl 0.116 lr 3e-04 (686s)
[03:05:00]   Epoch 053 1300/1453 train_mae 2.42 kl 0.116 lr 3e-04 (743s)
[03:05:57]   Epoch 053 1400/1453 train_mae 2.41 kl 0.115 lr 3e-04 (799s)
[03:06:29]   Epoch 053 1453/1453 train_mae 2.41 kl 0.115 lr 3e-04 (832s)
[03:07:35] [Epoch 053 완료] train MAE 2.41 | val MAE 7.66 | val RMSE 10.38 | lr 3e-04 | 개선없음 16/15
[03:08:33]   Epoch 054 100/1453 train_mae 2.39 kl 0.117 lr 3e-04 (57s)
[03:09:31]   Epoch 054 200/1453 train_mae 2.32 kl 0.114 lr 3e-04 (115s)
[03:10:30]   Epoch 054 300/1453 train_mae 2.28 kl 0.111 lr 3e-04 (174s)
[03:11:26]   Epoch 054 400/1453 train_mae 2.29 kl 0.110 lr 3e-04 (230s)
[03:12:21]   Epoch 054 500/1453 train_mae 2.29 kl 0.110 lr 3e-04 (286s)
[03:13:17]   Epoch 054 600/1453 train_mae 2.28 kl 0.111 lr 3e-04 (341s)
[03:14:13]   Epoch 054 700/1453 train_mae 2.29 kl 0.110 lr 3e-04 (398s)
[03:15:09]   Epoch 054 800/1453 train_mae 2.30 kl 0.110 lr 3e-04 (454s)
[03:16:08]   Epoch 054 900/1453 train_mae 2.31 kl 0.111 lr 3e-04 (512s)
[03:17:05]   Epoch 054 1000/1453 train_mae 2.31 kl 0.111 lr 3e-04 (570s)
[03:18:00]   Epoch 054 1100/1453 train_mae 2.32 kl 0.111 lr 3e-04 (624s)
[03:18:57]   Epoch 054 1200/1453 train_mae 2.33 kl 0.111 lr 3e-04 (681s)
[03:19:54]   Epoch 054 1300/1453 train_mae 2.35 kl 0.111 lr 3e-04 (738s)
[03:20:51]   Epoch 054 1400/1453 train_mae 2.35 kl 0.111 lr 3e-04 (795s)
[03:21:21]   Epoch 054 1453/1453 train_mae 2.35 kl 0.111 lr 3e-04 (826s)
[03:22:25] [Epoch 054 완료] train MAE 2.35 | val MAE 7.93 | val RMSE 10.63 | lr 3e-04 | 개선없음 17/15
[03:23:25]   Epoch 055 100/1453 train_mae 2.32 kl 0.111 lr 3e-04 (59s)
[03:24:24]   Epoch 055 200/1453 train_mae 2.32 kl 0.108 lr 3e-04 (118s)
[03:25:19]   Epoch 055 300/1453 train_mae 2.31 kl 0.109 lr 3e-04 (173s)
[03:26:14]   Epoch 055 400/1453 train_mae 2.32 kl 0.110 lr 3e-04 (228s)
[03:27:12]   Epoch 055 500/1453 train_mae 2.35 kl 0.110 lr 3e-04 (286s)
[03:28:12]   Epoch 055 600/1453 train_mae 2.35 kl 0.110 lr 3e-04 (346s)
[03:29:08]   Epoch 055 700/1453 train_mae 2.36 kl 0.110 lr 3e-04 (402s)
[03:30:04]   Epoch 055 800/1453 train_mae 2.35 kl 0.112 lr 3e-04 (458s)
[03:31:02]   Epoch 055 900/1453 train_mae 2.35 kl 0.112 lr 3e-04 (516s)
[03:32:03]   Epoch 055 1000/1453 train_mae 2.34 kl 0.112 lr 3e-04 (577s)
[03:33:03]   Epoch 055 1100/1453 train_mae 2.35 kl 0.112 lr 3e-04 (637s)
[03:34:02]   Epoch 055 1200/1453 train_mae 2.35 kl 0.113 lr 3e-04 (696s)
[03:34:57]   Epoch 055 1300/1453 train_mae 2.36 kl 0.113 lr 3e-04 (751s)
[03:35:54]   Epoch 055 1400/1453 train_mae 2.36 kl 0.113 lr 3e-04 (808s)
[03:36:24]   Epoch 055 1453/1453 train_mae 2.36 kl 0.113 lr 3e-04 (838s)
[03:37:17] [Epoch 055 완료] train MAE 2.36 | val MAE 7.71 | val RMSE 10.44 | lr 3e-04 | 개선없음 18/15
[03:38:17]   Epoch 056 100/1453 train_mae 2.45 kl 0.122 lr 3e-04 (59s)
[03:39:20]   Epoch 056 200/1453 train_mae 2.37 kl 0.119 lr 3e-04 (122s)
[03:40:18]   Epoch 056 300/1453 train_mae 2.33 kl 0.118 lr 3e-04 (181s)
[03:41:15]   Epoch 056 400/1453 train_mae 2.29 kl 0.114 lr 3e-04 (238s)
[03:42:17]   Epoch 056 500/1453 train_mae 2.29 kl 0.112 lr 3e-04 (299s)
[03:43:14]   Epoch 056 600/1453 train_mae 2.30 kl 0.113 lr 3e-04 (356s)
[03:44:09]   Epoch 056 700/1453 train_mae 2.31 kl 0.112 lr 3e-04 (411s)
[03:45:05]   Epoch 056 800/1453 train_mae 2.31 kl 0.112 lr 3e-04 (467s)
[03:46:04]   Epoch 056 900/1453 train_mae 2.32 kl 0.113 lr 3e-04 (526s)
[03:47:00]   Epoch 056 1000/1453 train_mae 2.31 kl 0.112 lr 3e-04 (583s)
[03:47:56]   Epoch 056 1100/1453 train_mae 2.30 kl 0.112 lr 3e-04 (638s)
[03:48:53]   Epoch 056 1200/1453 train_mae 2.29 kl 0.112 lr 3e-04 (696s)
[03:49:54]   Epoch 056 1300/1453 train_mae 2.29 kl 0.111 lr 3e-04 (756s)
[03:50:49]   Epoch 056 1400/1453 train_mae 2.29 kl 0.111 lr 3e-04 (812s)
[03:51:27]   Epoch 056 1453/1453 train_mae 2.30 kl 0.112 lr 3e-04 (849s)
[03:52:30] [Epoch 056 완료] train MAE 2.30 | val MAE 7.62 | val RMSE 10.29 | lr 3e-04 | 개선없음 19/15
[03:53:33]   Epoch 057 100/1453 train_mae 2.45 kl 0.109 lr 3e-04 (63s)
[03:54:29]   Epoch 057 200/1453 train_mae 2.38 kl 0.111 lr 3e-04 (119s)
[03:55:24]   Epoch 057 300/1453 train_mae 2.34 kl 0.120 lr 3e-04 (174s)
[03:56:21]   Epoch 057 400/1453 train_mae 2.32 kl 0.120 lr 3e-04 (231s)
[03:57:20]   Epoch 057 500/1453 train_mae 2.32 kl 0.119 lr 3e-04 (290s)
[03:58:16]   Epoch 057 600/1453 train_mae 2.30 kl 0.117 lr 3e-04 (346s)
[03:59:16]   Epoch 057 700/1453 train_mae 2.29 kl 0.115 lr 3e-04 (406s)
[04:00:14]   Epoch 057 800/1453 train_mae 2.28 kl 0.115 lr 3e-04 (463s)
[04:01:10]   Epoch 057 900/1453 train_mae 2.28 kl 0.114 lr 3e-04 (520s)
[04:02:09]   Epoch 057 1000/1453 train_mae 2.30 kl 0.114 lr 3e-04 (579s)
[04:03:08]   Epoch 057 1100/1453 train_mae 2.30 kl 0.114 lr 3e-04 (638s)
[04:04:06]   Epoch 057 1200/1453 train_mae 2.31 kl 0.113 lr 3e-04 (695s)
[04:05:04]   Epoch 057 1300/1453 train_mae 2.31 kl 0.113 lr 3e-04 (753s)
[04:06:02]   Epoch 057 1400/1453 train_mae 2.31 kl 0.113 lr 3e-04 (812s)
[04:06:33]   Epoch 057 1453/1453 train_mae 2.30 kl 0.114 lr 3e-04 (843s)
[04:07:33] [Epoch 057 완료] train MAE 2.30 | val MAE 7.61 | val RMSE 10.27 | lr 3e-04 | 개선없음 20/15
[04:08:34]   Epoch 058 100/1453 train_mae 2.22 kl 0.106 lr 3e-04 (61s)
[04:09:34]   Epoch 058 200/1453 train_mae 2.34 kl 0.106 lr 3e-04 (121s)
[04:10:33]   Epoch 058 300/1453 train_mae 2.29 kl 0.107 lr 3e-04 (180s)
[04:11:30]   Epoch 058 400/1453 train_mae 2.29 kl 0.106 lr 3e-04 (237s)
[04:12:26]   Epoch 058 500/1453 train_mae 2.30 kl 0.106 lr 3e-04 (293s)
[04:13:25]   Epoch 058 600/1453 train_mae 2.31 kl 0.106 lr 3e-04 (352s)
[04:14:25]   Epoch 058 700/1453 train_mae 2.30 kl 0.107 lr 3e-04 (412s)
[04:15:28]   Epoch 058 800/1453 train_mae 2.27 kl 0.107 lr 3e-04 (474s)
[04:16:27]   Epoch 058 900/1453 train_mae 2.27 kl 0.108 lr 3e-04 (534s)
[04:17:25]   Epoch 058 1000/1453 train_mae 2.27 kl 0.108 lr 3e-04 (591s)
[04:18:21]   Epoch 058 1100/1453 train_mae 2.27 kl 0.108 lr 3e-04 (648s)
[04:19:20]   Epoch 058 1200/1453 train_mae 2.27 kl 0.108 lr 3e-04 (706s)
[04:20:18]   Epoch 058 1300/1453 train_mae 2.27 kl 0.109 lr 3e-04 (765s)
[04:21:17]   Epoch 058 1400/1453 train_mae 2.26 kl 0.108 lr 3e-04 (824s)
[04:21:49]   Epoch 058 1453/1453 train_mae 2.26 kl 0.108 lr 3e-04 (856s)
[04:23:14] [Epoch 058 완료] train MAE 2.26 | val MAE 7.82 | val RMSE 10.58 | lr 3e-04 | 개선없음 21/15
[04:24:10]   Epoch 059 100/1453 train_mae 2.22 kl 0.102 lr 3e-04 (56s)
[04:25:14]   Epoch 059 200/1453 train_mae 2.12 kl 0.102 lr 3e-04 (119s)
[04:26:11]   Epoch 059 300/1453 train_mae 2.11 kl 0.105 lr 3e-04 (176s)
[04:27:11]   Epoch 059 400/1453 train_mae 2.15 kl 0.106 lr 3e-04 (237s)
[04:28:09]   Epoch 059 500/1453 train_mae 2.15 kl 0.109 lr 3e-04 (294s)
[04:29:06]   Epoch 059 600/1453 train_mae 2.18 kl 0.108 lr 3e-04 (351s)
[04:30:03]   Epoch 059 700/1453 train_mae 2.18 kl 0.108 lr 3e-04 (408s)
[04:31:00]   Epoch 059 800/1453 train_mae 2.18 kl 0.109 lr 3e-04 (466s)
[04:31:58]   Epoch 059 900/1453 train_mae 2.19 kl 0.111 lr 3e-04 (523s)
[04:33:03]   Epoch 059 1000/1453 train_mae 2.20 kl 0.112 lr 3e-04 (589s)
[04:34:11]   Epoch 059 1100/1453 train_mae 2.20 kl 0.113 lr 3e-04 (657s)
[04:35:37]   Epoch 059 1200/1453 train_mae 2.20 kl 0.114 lr 3e-04 (742s)
[04:37:13]   Epoch 059 1300/1453 train_mae 2.19 kl 0.114 lr 3e-04 (839s)
[04:38:44]   Epoch 059 1400/1453 train_mae 2.20 kl 0.114 lr 3e-04 (930s)
[04:39:32]   Epoch 059 1453/1453 train_mae 2.20 kl 0.113 lr 3e-04 (977s)
[04:43:29] [Epoch 059 완료] train MAE 2.20 | val MAE 7.49 | val RMSE 10.15 | lr 3e-04 | 개선없음 22/15
[04:45:23]   Epoch 060 100/1453 train_mae 2.13 kl 0.121 lr 3e-04 (112s)
[04:47:21]   Epoch 060 200/1453 train_mae 2.12 kl 0.121 lr 3e-04 (230s)
[04:48:05]   Epoch 060 300/1453 train_mae 2.16 kl 0.118 lr 3e-04 (275s)
[04:48:48]   Epoch 060 400/1453 train_mae 2.14 kl 0.115 lr 3e-04 (318s)
[04:49:33]   Epoch 060 500/1453 train_mae 2.14 kl 0.114 lr 3e-04 (363s)
[04:50:19]   Epoch 060 600/1453 train_mae 2.13 kl 0.113 lr 3e-04 (409s)
[04:51:02]   Epoch 060 700/1453 train_mae 2.12 kl 0.114 lr 3e-04 (452s)
[04:51:46]   Epoch 060 800/1453 train_mae 2.15 kl 0.114 lr 3e-04 (496s)
[04:52:29]   Epoch 060 900/1453 train_mae 2.16 kl 0.113 lr 3e-04 (538s)
[04:53:12]   Epoch 060 1000/1453 train_mae 2.15 kl 0.113 lr 3e-04 (581s)
[04:54:06]   Epoch 060 1100/1453 train_mae 2.17 kl 0.114 lr 3e-04 (635s)
[04:55:04]   Epoch 060 1200/1453 train_mae 2.18 kl 0.113 lr 3e-04 (694s)
[04:55:55]   Epoch 060 1300/1453 train_mae 2.19 kl 0.113 lr 3e-04 (745s)
[04:56:45]   Epoch 060 1400/1453 train_mae 2.19 kl 0.112 lr 3e-04 (795s)
[04:57:16]   Epoch 060 1453/1453 train_mae 2.19 kl 0.112 lr 3e-04 (826s)
[04:58:09] [Epoch 060 완료] train MAE 2.19 | val MAE 7.62 | val RMSE 10.31 | lr 3e-04 | 개선없음 23/15
[04:58:56]   Epoch 061 100/1453 train_mae 2.05 kl 0.108 lr 1e-04 (46s)
[04:59:40]   Epoch 061 200/1453 train_mae 2.00 kl 0.104 lr 1e-04 (91s)
[05:00:27]   Epoch 061 300/1453 train_mae 1.98 kl 0.106 lr 1e-04 (138s)
[05:01:16]   Epoch 061 400/1453 train_mae 1.94 kl 0.105 lr 1e-04 (186s)
[05:02:01]   Epoch 061 500/1453 train_mae 1.92 kl 0.103 lr 1e-04 (231s)
[05:02:45]   Epoch 061 600/1453 train_mae 1.89 kl 0.103 lr 1e-04 (276s)
[05:03:30]   Epoch 061 700/1453 train_mae 1.86 kl 0.102 lr 1e-04 (321s)
[05:04:14]   Epoch 061 800/1453 train_mae 1.87 kl 0.102 lr 1e-04 (365s)
[05:05:03]   Epoch 061 900/1453 train_mae 1.87 kl 0.102 lr 1e-04 (414s)
[05:05:55]   Epoch 061 1000/1453 train_mae 1.87 kl 0.102 lr 1e-04 (465s)
[05:06:45]   Epoch 061 1100/1453 train_mae 1.86 kl 0.102 lr 1e-04 (516s)
[05:07:33]   Epoch 061 1200/1453 train_mae 1.84 kl 0.102 lr 1e-04 (564s)
[05:08:24]   Epoch 061 1300/1453 train_mae 1.84 kl 0.101 lr 1e-04 (615s)
[05:09:15]   Epoch 061 1400/1453 train_mae 1.84 kl 0.102 lr 1e-04 (665s)
[05:09:41]   Epoch 061 1453/1453 train_mae 1.84 kl 0.102 lr 1e-04 (691s)
[05:10:38] [Epoch 061 완료] train MAE 1.84 | val MAE 7.64 | val RMSE 10.32 | lr 1e-04 | 개선없음 24/15
[05:11:27]   Epoch 062 100/1453 train_mae 1.64 kl 0.097 lr 1e-04 (48s)
[05:12:09]   Epoch 062 200/1453 train_mae 1.63 kl 0.099 lr 1e-04 (90s)
[05:12:53]   Epoch 062 300/1453 train_mae 1.64 kl 0.102 lr 1e-04 (134s)
[05:13:38]   Epoch 062 400/1453 train_mae 1.65 kl 0.103 lr 1e-04 (179s)
[05:14:23]   Epoch 062 500/1453 train_mae 1.65 kl 0.102 lr 1e-04 (224s)
[05:15:06]   Epoch 062 600/1453 train_mae 1.65 kl 0.100 lr 1e-04 (267s)
[05:15:49]   Epoch 062 700/1453 train_mae 1.65 kl 0.100 lr 1e-04 (310s)
[05:16:33]   Epoch 062 800/1453 train_mae 1.64 kl 0.100 lr 1e-04 (354s)
[05:17:15]   Epoch 062 900/1453 train_mae 1.63 kl 0.100 lr 1e-04 (396s)
[05:17:59]   Epoch 062 1000/1453 train_mae 1.63 kl 0.099 lr 1e-04 (440s)
[05:18:47]   Epoch 062 1100/1453 train_mae 1.63 kl 0.099 lr 1e-04 (488s)
[05:19:33]   Epoch 062 1200/1453 train_mae 1.62 kl 0.098 lr 1e-04 (534s)
[05:20:16]   Epoch 062 1300/1453 train_mae 1.61 kl 0.099 lr 1e-04 (577s)
[05:21:02]   Epoch 062 1400/1453 train_mae 1.62 kl 0.098 lr 1e-04 (623s)
[05:21:28]   Epoch 062 1453/1453 train_mae 1.62 kl 0.098 lr 1e-04 (649s)
[05:22:15] [Epoch 062 완료] train MAE 1.62 | val MAE 7.59 | val RMSE 10.28 | lr 1e-04 | 개선없음 25/15
[05:23:13]   Epoch 063 100/1453 train_mae 1.54 kl 0.098 lr 1e-04 (58s)
[05:24:09]   Epoch 063 200/1453 train_mae 1.51 kl 0.097 lr 1e-04 (114s)
[05:25:07]   Epoch 063 300/1453 train_mae 1.52 kl 0.098 lr 1e-04 (171s)
[05:26:05]   Epoch 063 400/1453 train_mae 1.52 kl 0.098 lr 1e-04 (230s)
[05:27:01]   Epoch 063 500/1453 train_mae 1.53 kl 0.098 lr 1e-04 (286s)
[05:27:57]   Epoch 063 600/1453 train_mae 1.53 kl 0.097 lr 1e-04 (342s)
[05:28:57]   Epoch 063 700/1453 train_mae 1.53 kl 0.096 lr 1e-04 (402s)
[05:29:54]   Epoch 063 800/1453 train_mae 1.53 kl 0.096 lr 1e-04 (458s)
[05:30:54]   Epoch 063 900/1453 train_mae 1.53 kl 0.096 lr 1e-04 (519s)
[05:31:54]   Epoch 063 1000/1453 train_mae 1.54 kl 0.096 lr 1e-04 (578s)
[05:32:53]   Epoch 063 1100/1453 train_mae 1.54 kl 0.096 lr 1e-04 (637s)
[05:33:53]   Epoch 063 1200/1453 train_mae 1.52 kl 0.096 lr 1e-04 (698s)
[05:34:49]   Epoch 063 1300/1453 train_mae 1.53 kl 0.096 lr 1e-04 (754s)
[05:35:52]   Epoch 063 1400/1453 train_mae 1.52 kl 0.096 lr 1e-04 (817s)
[05:36:24]   Epoch 063 1453/1453 train_mae 1.52 kl 0.096 lr 1e-04 (849s)
[05:37:34] [Epoch 063 완료] train MAE 1.52 | val MAE 7.64 | val RMSE 10.35 | lr 1e-04 | 개선없음 26/15
[05:38:35]   Epoch 064 100/1453 train_mae 1.51 kl 0.093 lr 1e-04 (61s)
[05:39:36]   Epoch 064 200/1453 train_mae 1.48 kl 0.094 lr 1e-04 (122s)
[05:40:38]   Epoch 064 300/1453 train_mae 1.45 kl 0.093 lr 1e-04 (184s)
[05:41:38]   Epoch 064 400/1453 train_mae 1.45 kl 0.093 lr 1e-04 (244s)
[05:42:35]   Epoch 064 500/1453 train_mae 1.46 kl 0.093 lr 1e-04 (301s)
[05:43:31]   Epoch 064 600/1453 train_mae 1.46 kl 0.093 lr 1e-04 (357s)
[05:44:28]   Epoch 064 700/1453 train_mae 1.46 kl 0.093 lr 1e-04 (414s)
[05:45:25]   Epoch 064 800/1453 train_mae 1.47 kl 0.093 lr 1e-04 (471s)
[05:46:23]   Epoch 064 900/1453 train_mae 1.47 kl 0.093 lr 1e-04 (529s)
[05:47:20]   Epoch 064 1000/1453 train_mae 1.47 kl 0.093 lr 1e-04 (586s)
[05:48:19]   Epoch 064 1100/1453 train_mae 1.48 kl 0.093 lr 1e-04 (645s)
[05:49:10]   Epoch 064 1200/1453 train_mae 1.48 kl 0.093 lr 1e-04 (696s)
[05:50:00]   Epoch 064 1300/1453 train_mae 1.47 kl 0.093 lr 1e-04 (745s)
[05:50:51]   Epoch 064 1400/1453 train_mae 1.47 kl 0.093 lr 1e-04 (796s)
[05:51:18]   Epoch 064 1453/1453 train_mae 1.47 kl 0.093 lr 1e-04 (823s)
[05:52:03] [Epoch 064 완료] train MAE 1.47 | val MAE 7.55 | val RMSE 10.21 | lr 1e-04 | 개선없음 27/15
[05:52:55]   Epoch 065 100/1453 train_mae 1.33 kl 0.091 lr 1e-04 (51s)
[05:53:44]   Epoch 065 200/1453 train_mae 1.36 kl 0.092 lr 1e-04 (100s)
[05:54:37]   Epoch 065 300/1453 train_mae 1.36 kl 0.092 lr 1e-04 (153s)
[05:55:29]   Epoch 065 400/1453 train_mae 1.35 kl 0.092 lr 1e-04 (206s)
[05:56:18]   Epoch 065 500/1453 train_mae 1.37 kl 0.091 lr 1e-04 (254s)
[05:57:15]   Epoch 065 600/1453 train_mae 1.38 kl 0.090 lr 1e-04 (311s)
[05:58:09]   Epoch 065 700/1453 train_mae 1.37 kl 0.091 lr 1e-04 (365s)
[05:59:00]   Epoch 065 800/1453 train_mae 1.39 kl 0.091 lr 1e-04 (416s)
[05:59:50]   Epoch 065 900/1453 train_mae 1.39 kl 0.092 lr 1e-04 (467s)
[06:00:44]   Epoch 065 1000/1453 train_mae 1.39 kl 0.092 lr 1e-04 (520s)
[06:01:35]   Epoch 065 1100/1453 train_mae 1.39 kl 0.092 lr 1e-04 (571s)
[06:02:24]   Epoch 065 1200/1453 train_mae 1.39 kl 0.092 lr 1e-04 (620s)
[06:03:14]   Epoch 065 1300/1453 train_mae 1.40 kl 0.092 lr 1e-04 (670s)
[06:04:04]   Epoch 065 1400/1453 train_mae 1.40 kl 0.092 lr 1e-04 (720s)
[06:04:32]   Epoch 065 1453/1453 train_mae 1.41 kl 0.092 lr 1e-04 (748s)
[06:05:33] [Epoch 065 완료] train MAE 1.41 | val MAE 7.49 | val RMSE 10.18 | lr 1e-04 | 개선없음 28/15
[06:05:34] 조기종료: 15에폭 연속 개선 없음 | 최고 val MAE 7.49 @ epoch 37
================================================================
[06:05:34] 최종 평가 (best.pt 로드)
[06:05:35] [backbone] timm 'legacy_xception' 로드 완료 (pretrained=False)
[06:05:36] [reg] backbone out (2048, 18, 18) -> z 6,400 | params 27.1M
[06:05:37] best.pt 로드 | 채널 ['hand', 'r1', 'erased'] | lambda 0.5 | delta 15.0
[06:05:37]  split |      N |  MAE(mo) |  RMSE(mo) |    bias
[06:11:02]  train | 11,628 |     2.55 |      3.64 |   +0.19
[06:11:39]    val |  1,319 |     7.49 |     10.08 |   -0.13
[06:11:51]   test |    166 |     6.87 |      9.34 |   +0.52
[06:12:01] 나이 분포 저장: G:\Project\sinra_cho\checkpoints_attention_v7\age_distribution.png
==========================================================
Attention + LDL 골연령 | 채널 hand+r1+erased
2026-08-07 06:05
==========================================================
 split |      N |  MAE(mo) |  RMSE(mo) |    bias
 train | 11,628 |     2.55 |      3.64 |   +0.19
   val |  1,319 |     7.49 |     10.08 |   -0.13
  test |    166 |     6.87 |      9.34 |   +0.52
----------------------------------------------------------
[test 연령대별]
  group |     N |    MAE |   RMSE |   bias
   0-4y |     5 |   7.95 |  10.12 |  +3.19
   4-8y |    25 |   8.50 |  10.65 |  +5.85
  8-12y |    60 |   8.09 |  11.24 |  +1.36
 12-16y |    67 |   4.93 |   6.29 |  -1.79
   >16y |     9 |   8.06 |   9.99 |  -4.14
==========================================================
[06:12:02] 결과 저장: G:\Project\sinra_cho\checkpoints_attention_v7\results.txt
[06:12:02] 추론 함수 준비 완료 · best.pt: G:\Project\sinra_cho\checkpoints_attention_v7\best.pt
[06:12:02] === 전체 완료 ===
